word_idx,start_char,word,paragraph_idx,chapter_idx
0,0,THE,0,15
1,4,COMPLETE,0,15
2,13,SCREENPLAY,0,15
3,27,THE,1,15
4,31,ODYSSEY,1,15
5,42,CHRISTOPHER,2,15
6,54,NOLAN,2,15
7,63,THE,3,15
8,67,ODYSSEY,3,15
9,78,THE,4,15
10,82,ODYSSEY,4,15
11,93,screenplay,5,15
12,104,by,5,15
13,108,CHRISTOPHER,6,15
14,120,NOLAN,6,15
15,129,Based,7,15
16,135,on,7,15
17,139,Homer,8,15
18,145,s,8,15
19,147,Odyssey,8,15
20,158,faber,9,15
21,167,Contents,10,15
22,179,Cast,11,15
23,184,and,11,15
24,188,Credits,11,15
25,199,THE,12,15
26,203,ODYSSEY,12,15
27,214,The,13,15
28,218,Screenplay,13,15
29,232,Cast,14,15
30,237,and,14,15
31,241,Credits,14,15
32,252,MATT,15,15
33,257,DAMON,15,15
34,264,TOM,16,15
35,268,HOLLAND,16,15
36,277,ANNE,17,15
37,282,HATHAWAY,17,15
38,292,ROBERT,18,15
39,299,PATTINSON,18,15
40,310,LUPITA,19,15
41,317,NYONG,19,15
42,323,O,19,15
43,326,SAMANTHA,20,15
44,335,MORTON,20,15
45,343,JOHN,21,15
46,348,LEGUIZAMO,21,15
47,361,with,22,15
48,367,ZENDAYA,23,15
49,378,and,24,15
50,385,CHARLIZE,25,15
51,394,THERON,25,15
52,404,JON,26,15
53,408,BERNTHAL,26,15
54,418,HIMESH,27,15
55,425,PATEL,27,15
56,434,BILL,28,15
57,439,IRWIN,28,15
58,446,ELLIOT,29,15
59,453,PAGE,29,15
60,459,BENNY,30,15
61,465,SAFDIE,30,15
62,475,A,31,15
63,477,Universal,31,15
64,487,Pictures,31,15
65,497,Presentation,32,15
66,513,A,33,15
67,515,Syncopy,33,15
68,524,Production,34,15
69,538,A,35,15
70,540,Film,35,15
71,545,by,35,15
72,549,CHRISTOPHER,36,15
73,561,NOLAN,36,15
74,570,THE,37,15
75,574,ODYSSEY,37,15
76,585,Based,38,15
77,591,on,38,15
78,594,Homer,38,15
79,600,s,38,15
80,602,Odyssey,38,15
81,613,CHRISTOPHER,39,15
82,625,NOLAN,39,15
83,633,Written,39,15
84,641,for,39,15
85,645,the,39,15
86,649,Screen,39,15
87,656,and,39,15
88,660,Directed,39,15
89,669,by,39,15
90,675,EMMA,40,15
91,680,THOMAS,40,15
92,687,Produced,40,15
93,696,by,40,15
94,700,CHRISTOPHER,41,15
95,712,NOLAN,41,15
96,718,Produced,41,15
97,727,by,41,15
98,731,THOMAS,42,15
99,738,HAYSLIP,42,15
100,746,Executive,42,15
101,756,Producer,42,15
102,766,HOYTE,43,15
103,772,VAN,43,15
104,776,HOYTEMA,43,15
105,785,ASC,43,15
106,790,FSF,43,15
107,795,NS,43,15
108,798,irector,43,15
109,806,of,43,15
110,809,Photography,43,15
111,822,RUTH,44,15
112,827,DE,44,15
113,830,JONG,44,15
114,835,Production,44,15
115,846,Designer,44,15
116,856,JENNIFER,45,15
117,865,LAME,45,15
118,871,ACE,45,15
119,875,Edited,45,15
120,882,by,45,15
121,886,LUDWIG,46,15
122,893,GORANSSON,46,15
123,903,Music,46,15
124,909,by,46,15
125,913,ANDREW,47,15
126,920,JACKSON,47,15
127,928,Visual,47,15
128,935,Effects,47,15
129,943,Supervisor,47,15
130,955,SCOTT,48,15
131,961,R,48,15
132,964,FISHER,48,15
133,971,Special,48,15
134,979,Effects,48,15
135,987,Supervisor,48,15
136,999,ELLEN,49,15
137,1005,MIROJNICK,49,15
138,1015,Costumes,49,15
139,1024,Designed,49,15
140,1033,by,49,15
141,1037,ANDY,50,15
142,1042,THOMPSON,50,15
143,1051,HELEN,50,15
144,1057,MEDRANO,50,15
145,1065,Co,50,15
146,1068,Producers,50,15
147,1081,JOHN,51,15
148,1086,PAPSIDERA,51,15
149,1097,CSA,51,15
150,1101,Casting,51,15
151,1109,by,51,15
152,1115,THE,52,15
153,1119,ODYSSEY,52,15
154,1130,THE,53,15
155,1134,SCREENPLAY,53,15
156,1148,BLACK,54,15
157,1154,SCREEN,54,15
158,1164,Silence,55,15
159,1173,Words,55,15
160,1179,appear,55,15
161,1190,A,56,15
162,1192,TIME,56,15
163,1197,OF,56,15
164,1200,APPARENT,56,15
165,1209,MAGIC,56,15
166,1221,Title,57,15
167,1227,slowly,57,15
168,1234,FADES,57,15
169,1240,as,57,15
170,1243,the,57,15
171,1247,sound,57,15
172,1253,of,57,15
173,1256,SURF,57,15
174,1261,rises,57,15
175,1275,BANG,58,15
176,1281,A,58,15
177,1283,LOUD,58,15
178,1288,wooden,58,15
179,1295,BEAT,58,15
180,1305,MALE,59,15
181,1310,VOICE,59,15
182,1318,O,60,15
183,1320,S,60,15
184,1325,A,61,15
185,1327,face,61,15
186,1334,BANG,62,15
187,1341,MALE,63,15
188,1346,VOICE,63,15
189,1354,O,64,15
190,1356,S,64,15
191,1361,A,65,15
192,1363,fleet,65,15
193,1371,BANG,66,15
194,1380,DAY,67,15
195,1385,WAVES,67,15
196,1391,CRASH,67,15
197,1398,foam,67,15
198,1403,and,67,15
199,1407,sand,67,15
200,1412,SPRAYS,67,15
201,1419,off,67,15
202,1423,a,67,15
203,1425,FOREIGN,67,15
204,1434,SHORE,68,15
205,1446,MALE,69,15
206,1451,VOICE,69,15
207,1459,O,70,15
208,1461,S,70,15
209,1466,A,71,15
210,1468,war,71,15
211,1480,some,72,15
212,1485,of,72,15
213,1488,the,72,15
214,1492,foam,72,15
215,1497,is,72,15
216,1500,RED,72,15
217,1506,BANG,73,15
218,1515,NIGHT,74,15
219,1522,a,74,15
220,1524,BARD,74,15
221,1529,stands,74,15
222,1536,atop,74,15
223,1541,a,74,15
224,1543,long,74,15
225,1548,table,74,15
226,1556,TORCHLIGHT,74,15
227,1567,hot,74,15
228,1571,on,74,15
229,1575,UPTURNED,75,15
230,1584,FACES,75,15
231,1593,he,75,15
232,1596,BEATS,75,15
233,1602,the,75,15
234,1606,rhythm,75,15
235,1613,with,75,15
236,1618,his,75,15
237,1622,STAFF,75,15
238,1634,MALE,76,15
239,1639,VOICE,76,15
240,1646,BARD,76,15
241,1655,A,77,15
242,1657,man,77,15
243,1663,BANG,78,15
244,1672,DAY,79,15
245,1677,a,79,15
246,1679,FIGURE,79,15
247,1686,on,79,15
248,1689,the,79,15
249,1693,shore,79,15
250,1700,head,79,15
251,1705,down,79,15
252,1710,in,79,15
253,1713,contemplation,79,15
254,1736,BARD,80,15
255,1743,O,81,15
256,1745,S,81,15
257,1750,A,82,15
258,1752,thought,82,15
259,1764,BANG,83,15
260,1773,NIGHT,84,15
261,1780,the,84,15
262,1784,Bard,84,15
263,1789,LEANS,84,15
264,1795,down,84,15
265,1800,to,84,15
266,1803,his,84,15
267,1807,ENRAPTURED,84,15
268,1818,AUDIENCE,84,15
269,1832,BARD,85,15
270,1838,A,86,15
271,1840,trick,86,15
272,1850,BANG,87,15
273,1859,DAY,88,15
274,1864,a,88,15
275,1866,GIANT,88,15
276,1872,WOODEN,88,15
277,1879,STATUE,88,15
278,1886,OF,88,15
279,1889,A,88,15
280,1891,REARING,88,15
281,1899,HORSE,88,15
282,1907,massive,89,15
283,1916,half,89,15
284,1921,buried,89,15
285,1929,listing,89,15
286,1937,sickly,89,15
287,1944,in,89,15
288,1947,wet,89,15
289,1951,sand,89,15
290,1956,at,89,15
291,1959,rising,89,15
292,1966,tide,89,15
293,1979,BARD,90,15
294,1986,O,91,15
295,1988,S,91,15
296,1993,A,92,15
297,1995,trick,92,15
298,2001,to,92,15
299,2004,break,92,15
300,2010,the,92,15
301,2014,walls,92,15
302,2020,of,92,15
303,2023,Troy,92,15
304,2032,BANG,93,15
305,2041,NIGHT,94,15
306,2048,the,94,15
307,2052,Bard,94,15
308,2057,raises,94,15
309,2064,his,94,15
310,2068,arms,94,15
311,2079,BARD,95,15
312,2085,And,96,15
313,2089,burn,96,15
314,2094,it,96,15
315,2097,screaming,96,15
316,2107,to,96,15
317,2110,the,96,15
318,2114,ground,96,15
319,2125,All,97,15
320,2129,eyes,97,15
321,2134,on,97,15
322,2137,his,97,15
323,2141,staff,97,15
324,2147,as,97,15
325,2150,he,97,15
326,2153,brings,97,15
327,2160,it,97,15
328,2163,down,97,15
329,2171,BANG,98,15
330,2180,DAY,99,15
331,2185,a,99,15
332,2187,wave,99,15
333,2192,CRASHES,99,15
334,2200,against,99,15
335,2208,the,99,15
336,2212,Horse,99,15
337,2219,watched,99,15
338,2227,by,99,15
339,2230,a,99,15
340,2232,lone,99,15
341,2239,RAGGED,100,15
342,2246,Greek,100,15
343,2252,soldier,100,15
344,2261,This,100,15
345,2266,is,100,15
346,2269,SINON,100,15
347,2279,At,101,15
348,2282,the,101,15
349,2286,sound,101,15
350,2292,of,101,15
351,2295,HOOVES,101,15
352,2303,Sinon,101,15
353,2309,TURNS,101,15
354,2317,TROJANS,101,15
355,2325,on,101,15
356,2328,horseback,101,15
357,2341,approach,102,15
358,2350,from,102,15
359,2355,far,102,15
360,2359,down,102,15
361,2364,the,102,15
362,2368,beach,102,15
363,2375,riding,102,15
364,2382,FASTER,102,15
365,2389,and,102,15
366,2393,FASTER,102,15
367,2401,through,103,15
368,2409,the,103,15
369,2413,DETRITUS,103,15
370,2422,of,103,15
371,2425,a,103,15
372,2427,departed,103,15
373,2436,army,103,15
374,2447,THWACK,104,15
375,2457,an,104,15
376,2460,ARROW,104,15
377,2466,hits,104,15
378,2471,his,104,15
379,2475,arm,104,15
380,2481,THWACK,104,15
381,2489,THWACK,104,15
382,2498,THWACK,105,15
383,2508,arrow,105,15
384,2514,after,105,15
385,2520,arrow,105,15
386,2526,forces,105,15
387,2533,him,105,15
388,2537,back,105,15
389,2542,until,105,15
390,2548,WHUMP,105,15
391,2556,a,105,15
392,2559,SPEAR,106,15
393,2565,PINS,106,15
394,2570,him,106,15
395,2574,to,106,15
396,2577,the,106,15
397,2581,Horse,106,15
398,2593,The,107,15
399,2597,Trojans,107,15
400,2605,ENCIRCLE,107,15
401,2615,DISMOUNT,107,15
402,2625,APPROACH,107,15
403,2635,They,107,15
404,2640,stare,107,15
405,2646,up,107,15
406,2650,at,108,15
407,2653,the,108,15
408,2657,giant,108,15
409,2663,Horse,108,15
410,2670,indifferent,108,15
411,2682,to,108,15
412,2685,Sinon,108,15
413,2691,s,108,15
414,2693,suffering,108,15
415,2707,FIRST,109,15
416,2713,TROJAN,109,15
417,2721,What,110,15
418,2726,does,110,15
419,2731,it,110,15
420,2734,mean,110,15
421,2743,He,111,15
422,2746,DRAWS,111,15
423,2752,BRONZE,111,15
424,2760,puts,111,15
425,2765,it,111,15
426,2768,to,111,15
427,2771,Sinon,111,15
428,2777,s,111,15
429,2779,chin,111,15
430,2784,and,111,15
431,2788,lifts,111,15
432,2794,his,111,15
433,2798,head,111,15
434,2803,to,111,15
435,2807,look,112,15
436,2812,into,112,15
437,2817,his,112,15
438,2821,DYING,112,15
439,2827,EYES,112,15
440,2837,SINON,113,15
441,2844,A,114,15
442,2846,gift,114,15
443,2852,For,114,15
444,2856,Athena,114,15
445,2867,The,115,15
446,2871,First,115,15
447,2877,Trojan,115,15
448,2884,swings,115,15
449,2891,his,115,15
450,2895,sword,115,15
451,2903,a,115,15
452,2905,SECOND,115,15
453,2912,TROJAN,115,15
454,2919,BLOCKS,115,15
455,2931,SECOND,116,15
456,2938,TROJAN,116,15
457,2946,Common,117,15
458,2953,Gods,117,15
459,2959,Respect,117,15
460,2967,their,117,15
461,2973,offering,117,15
462,2986,He,118,15
463,2989,YANKS,118,15
464,2995,the,118,15
465,2999,spear,118,15
466,3005,free,118,15
467,3011,dropping,118,15
468,3020,Sinon,118,15
469,3026,to,118,15
470,3029,the,118,15
471,3033,sand,118,15
472,3042,SECOND,119,15
473,3049,TROJAN,119,15
474,3058,to,120,15
475,3061,soldiers,120,15
476,3072,Save,121,15
477,3077,it,121,15
478,3080,from,121,15
479,3085,the,121,15
480,3089,waves,121,15
481,3096,Take,121,15
482,3101,it,121,15
483,3104,to,121,15
484,3107,Athena,121,15
485,3114,s,121,15
486,3116,temple,121,15
487,3124,The,121,15
488,3128,war,121,15
489,3132,s,121,15
490,3135,over,122,15
491,3144,A,123,15
492,3146,CHEER,123,15
493,3152,turns,123,15
494,3158,into,123,15
495,3163,a,123,15
496,3165,CHANT,123,15
497,3171,ringing,123,15
498,3179,out,123,15
499,3183,across,123,15
500,3190,the,123,15
501,3194,water,123,15
502,3208,HUNDREDS,124,15
503,3217,of,124,15
504,3220,Trojans,124,15
505,3228,throw,124,15
506,3234,DOZENS,124,15
507,3241,of,124,15
508,3244,ROPES,124,15
509,3250,around,124,15
510,3257,the,124,15
511,3261,Horse,124,15
512,3269,DRAGGING,125,15
513,3278,it,125,15
514,3281,painfully,125,15
515,3292,inch,125,15
516,3297,by,125,15
517,3300,inch,125,15
518,3306,out,125,15
519,3310,of,125,15
520,3313,the,125,15
521,3317,rising,125,15
522,3324,tide,125,15
523,3337,We,126,15
524,3340,push,126,15
525,3345,in,126,15
526,3348,on,126,15
527,3351,the,126,15
528,3355,Horse,126,15
529,3361,as,126,15
530,3364,it,126,15
531,3367,GRINDS,126,15
532,3374,through,126,15
533,3382,wet,126,15
534,3386,sand,126,15
535,3392,CLOSER,126,15
536,3400,and,127,15
537,3404,CLOSER,127,15
538,3411,on,127,15
539,3414,the,127,15
540,3418,rough,127,15
541,3424,wooden,127,15
542,3431,PLANKING,127,15
543,3441,until,127,15
544,3452,FEMALE,128,15
545,3459,VOICE,128,15
546,3467,O,129,15
547,3469,S,129,15
548,3476,STOP,130,15
549,3485,Cut,131,15
550,3489,to,131,15
551,3496,INT,132,0
552,3501,MEGARON,132,0
553,3510,GREAT,132,0
554,3516,HALL,132,0
555,3523,PALACE,132,0
556,3530,OF,132,0
557,3533,ITHACA,132,0
558,3544,NIGHT,133,0
559,3553,The,133,0
560,3557,Bard,133,0
561,3562,shoulders,133,0
562,3572,his,133,0
563,3576,staff,133,0
564,3583,The,133,0
565,3587,ROWDY,133,0
566,3593,CROWD,133,0
567,3599,quiets,133,0
568,3607,All,133,0
569,3611,eyes,133,0
570,3617,turn,133,0
571,3622,to,133,0
572,3625,the,133,0
573,3629,source,133,0
574,3636,of,133,0
575,3639,the,133,0
576,3643,shout,133,0
577,3651,a,133,0
578,3653,FLICKERING,133,0
579,3664,SILHOUETTE,133,0
580,3676,behind,133,0
581,3683,a,133,0
582,3685,wooden,133,0
583,3692,screen,133,0
584,3699,at,133,0
585,3702,the,133,0
586,3706,top,133,0
587,3710,of,133,0
588,3713,the,133,0
589,3717,stairs,133,0
590,3725,seated,133,0
591,3732,at,133,0
592,3735,her,133,0
593,3739,work,133,0
594,3746,This,133,0
595,3751,is,133,0
596,3754,PENELOPE,133,0
597,3764,She,133,0
598,3768,rises,133,0
599,3782,PENELOPE,134,0
600,3792,Not,134,0
601,3796,this,134,0
602,3801,song,134,0
603,3810,A,134,0
604,3812,Young,134,0
605,3818,Man,134,0
606,3823,twenty,134,0
607,3831,seated,134,0
608,3838,off,134,0
609,3842,to,134,0
610,3845,one,134,0
611,3849,side,134,0
612,3854,scrambles,134,0
613,3864,to,134,0
614,3867,his,134,0
615,3871,feet,134,0
616,3878,This,134,0
617,3883,is,134,0
618,3886,TELEMACHUS,134,0
619,3901,VARIOUS,135,0
620,3910,Uh,135,0
621,3913,oh,135,0
622,3917,Mommy,135,0
623,3923,s,135,0
624,3925,mad,135,0
625,3930,Run,135,0
626,3935,run,135,0
627,3943,RAUCOUS,135,0
628,3951,LAUGHTER,135,0
629,3960,as,135,0
630,3963,Telemachus,135,0
631,3974,mounts,135,0
632,3981,the,135,0
633,3985,stairs,135,0
634,3993,sidles,135,0
635,4000,up,135,0
636,4004,to,135,0
637,4007,the,135,0
638,4011,screen,135,0
639,4018,like,135,0
640,4023,a,135,0
641,4025,confessional,135,0
642,4039,speaking,135,0
643,4048,softly,135,0
644,4060,TELEMACHUS,136,0
645,4072,I,136,0
646,4074,want,136,0
647,4079,to,136,0
648,4082,remind,136,0
649,4089,them,136,0
650,4094,whose,136,0
651,4100,wine,136,0
652,4105,they,136,0
653,4110,re,136,0
654,4113,drinking,136,0
655,4126,PENELOPE,137,0
656,4136,I,137,0
657,4138,don,137,0
658,4142,t,137,0
659,4144,want,137,0
660,4149,Odysseus,137,0
661,4158,s,137,0
662,4160,song,137,0
663,4167,I,137,0
664,4169,want,137,0
665,4174,Odysseus,137,0
666,4187,TELEMACHUS,138,0
667,4201,Then,138,0
668,4206,why,138,0
669,4210,do,138,0
670,4213,you,138,0
671,4217,entertain,138,0
672,4227,suitors,138,0
673,4235,in,138,0
674,4238,his,138,0
675,4242,house,138,0
676,4249,Night,138,0
677,4255,after,138,0
678,4262,night,138,0
679,4272,PENELOPE,139,0
680,4282,In,139,0
681,4285,this,139,0
682,4290,world,139,0
683,4296,a,139,0
684,4298,man,139,0
685,4302,does,139,0
686,4307,what,139,0
687,4312,he,139,0
688,4315,chooses,139,0
689,4324,I,139,0
690,4326,do,139,0
691,4329,what,139,0
692,4334,I,139,0
693,4336,can,139,0
694,4344,TELEMACHUS,140,0
695,4358,I,140,0
696,4360,m,140,0
697,4362,aman,140,0
698,4368,now,140,0
699,4373,Mom,140,0
700,4381,PENELOPE,141,0
701,4391,So,141,0
702,4394,throw,141,0
703,4400,them,141,0
704,4405,out,141,0
705,4410,Break,141,0
706,4416,Zeus,141,0
707,4421,s,141,0
708,4423,law,141,0
709,4428,and,141,0
710,4432,see,141,0
711,4436,what,141,0
712,4441,they,141,0
713,4446,do,141,0
714,4449,to,141,0
715,4453,you,141,0
716,4457,if,141,0
717,4460,you,141,0
718,4464,give,141,0
719,4469,them,141,0
720,4474,that,141,0
721,4479,excuse,141,0
722,4490,Telemachus,141,0
723,4501,looks,141,0
724,4507,across,141,0
725,4514,the,141,0
726,4518,raucous,141,0
727,4526,crowd,141,0
728,4532,of,141,0
729,4535,SUITORS,141,0
730,4543,feasting,141,0
731,4557,PENELOPE,142,0
732,4567,I,142,0
733,4569,ve,142,0
734,4572,already,142,0
735,4580,lost,142,0
736,4585,a,142,0
737,4587,husband,142,0
738,4596,I,142,0
739,4598,don,142,0
740,4602,t,142,0
741,4604,want,142,0
742,4609,to,142,0
743,4612,lose,142,0
744,4617,a,142,0
745,4619,son,142,0
746,4627,TELEMACHUS,143,0
747,4639,Dad,143,0
748,4643,s,143,0
749,4645,coming,143,0
750,4652,back,143,0
751,4661,PENELOPE,144,0
752,4671,Then,144,0
753,4676,where,144,0
754,4682,is,144,0
755,4685,he,144,0
756,4689,Eight,144,0
757,4695,years,144,0
758,4701,since,144,0
759,4707,Troy,144,0
760,4712,fell,144,0
761,4718,Almost,144,0
762,4725,twenty,144,0
763,4733,since,144,0
764,4739,he,144,0
765,4742,left,144,0
766,4747,us,144,0
767,4751,Where,144,0
768,4757,is,144,0
769,4760,he,144,0
770,4767,At,144,0
771,4770,the,144,0
772,4774,sound,144,0
773,4780,of,144,0
774,4783,JEERS,144,0
775,4789,and,144,0
776,4793,SHOUTS,144,0
777,4801,Telemachus,144,0
778,4812,TURNS,144,0
779,4818,to,144,0
780,4821,see,144,0
781,4825,a,144,0
782,4828,BEGGAR,144,0
783,4835,at,144,0
784,4838,the,144,0
785,4842,door,144,0
786,4847,KICKED,144,0
787,4854,by,144,0
788,4857,one,144,0
789,4861,of,144,0
790,4864,the,144,0
791,4868,Suitors,144,0
792,4882,Telemachus,144,0
793,4894,HURRIES,144,0
794,4902,down,144,0
795,4907,the,144,0
796,4911,stairs,144,0
797,4918,and,144,0
798,4922,across,144,0
799,4929,the,144,0
800,4933,hall,144,0
801,4943,TELEMACHUS,145,0
802,4955,We,145,0
803,4958,have,145,0
804,4963,to,145,0
805,4966,welcome,145,0
806,4974,him,145,0
807,4978,like,145,0
808,4983,we,145,0
809,4986,welcomed,145,0
810,4995,all,145,0
811,4999,of,145,0
812,5002,you,145,0
813,5010,One,145,0
814,5014,of,145,0
815,5017,the,145,0
816,5021,Suitors,145,0
817,5029,bullying,145,0
818,5038,the,145,0
819,5042,Beggar,145,0
820,5049,TURNS,145,0
821,5055,on,145,0
822,5058,Telemachus,145,0
823,5070,This,145,0
824,5076,is,145,0
825,5079,POLYBUS,145,0
826,5088,thirties,145,0
827,5098,large,145,0
828,5105,threatening,145,0
829,5122,POLYBUS,146,0
830,5131,Are,146,0
831,5135,you,146,0
832,5139,calling,146,0
833,5147,us,146,0
834,5150,beggars,146,0
835,5162,TELEMACHUS,147,0
836,5174,I,147,0
837,5176,m,147,0
838,5178,saying,147,0
839,5185,you,147,0
840,5190,ve,147,0
841,5193,been,147,0
842,5198,welcome,147,0
843,5206,here,147,0
844,5216,For,147,0
845,5220,three,147,0
846,5226,years,147,0
847,5236,MALE,148,0
848,5241,VOICE,148,0
849,5249,O,149,0
850,5251,S,149,0
851,5256,We,149,0
852,5260,ve,149,0
853,5263,only,149,0
854,5268,enjoyed,149,0
855,5276,your,149,0
856,5281,hospitality,149,0
857,5293,for,149,0
858,5297,so,149,0
859,5300,long,149,0
860,5311,Telemachus,149,0
861,5322,TURNS,149,0
862,5329,ANTINOUS,149,0
863,5339,thirties,149,0
864,5349,handsome,149,0
865,5359,charismatic,149,0
866,5374,RISES,149,0
867,5380,from,149,0
868,5385,his,149,0
869,5389,place,149,0
870,5399,ANTINOUS,150,0
871,5409,Because,150,0
872,5417,your,150,0
873,5422,mother,150,0
874,5429,won,150,0
875,5433,t,150,0
876,5435,choose,150,0
877,5446,TELEMACHUS,151,0
878,5458,She,151,0
879,5462,s,151,0
880,5464,already,151,0
881,5472,married,151,0
882,5484,ANTINOUS,152,0
883,5494,Odysseus,152,0
884,5503,is,152,0
885,5506,dead,152,0
886,5515,TELEMACHUS,153,0
887,5527,What,153,0
888,5532,do,153,0
889,5535,you,153,0
890,5539,know,153,0
891,5544,about,153,0
892,5550,my,153,0
893,5553,dad,153,0
894,5561,Antinous,153,0
895,5570,tosses,153,0
896,5577,back,153,0
897,5582,his,153,0
898,5586,drink,153,0
899,5592,and,153,0
900,5596,picks,153,0
901,5602,his,153,0
902,5606,teeth,153,0
903,5616,ANTINOUS,154,0
904,5626,I,154,0
905,5628,know,154,0
906,5633,he,154,0
907,5636,kept,154,0
908,5641,stringy,154,0
909,5649,cattle,154,0
910,5656,and,154,0
911,5660,bad,154,0
912,5664,wine,154,0
913,5673,TELEMACHUS,155,0
914,5685,You,155,0
915,5689,had,155,0
916,5693,the,155,0
917,5697,best,155,0
918,5702,of,155,0
919,5705,it,155,0
920,5708,the,155,0
921,5712,first,155,0
922,5718,two,155,0
923,5722,seasons,155,0
924,5734,ANTINOUS,156,0
925,5744,And,156,0
926,5748,I,156,0
927,5750,know,156,0
928,5755,he,156,0
929,5758,never,156,0
930,5764,came,156,0
931,5769,home,156,0
932,5778,TELEMACHUS,157,0
933,5790,Not,157,0
934,5794,yet,157,0
935,5802,With,157,0
936,5807,a,157,0
937,5809,glance,157,0
938,5816,at,157,0
939,5819,Penelope,157,0
940,5828,s,157,0
941,5830,listening,157,0
942,5840,silhouette,157,0
943,5852,Antinous,157,0
944,5861,leans,157,0
945,5867,in,157,0
946,5872,DISCREET,158,0
947,5888,ANTINOUS,159,0
948,5898,Pining,159,0
949,5905,for,159,0
950,5909,a,159,0
951,5911,daddy,159,0
952,5917,you,159,0
953,5921,didn,159,0
954,5926,t,159,0
955,5928,even,159,0
956,5933,know,159,0
957,5938,like,159,0
958,5943,some,159,0
959,5948,snivelling,159,0
960,5960,bastard,159,0
961,5972,Telemachus,159,0
962,5983,weighs,159,0
963,5990,the,159,0
964,5994,insult,159,0
965,6005,TELEMACHUS,160,0
966,6017,None,160,0
967,6022,of,160,0
968,6025,us,160,0
969,6028,can,160,0
970,6032,really,160,0
971,6039,know,160,0
972,6044,who,160,0
973,6048,our,160,0
974,6052,fathers,160,0
975,6060,are,160,0
976,6065,Not,160,0
977,6069,even,160,0
978,6074,you,160,0
979,6079,So,160,0
980,6083,don,160,0
981,6087,t,160,0
982,6089,claim,160,0
983,6095,to,160,0
984,6098,know,160,0
985,6103,mine,160,0
986,6112,ANTINOUS,161,0
987,6122,ButI,161,0
988,6127,did,161,0
989,6137,INSERT,161,0
990,6144,CUT,161,0
991,6149,TEENAGE,161,0
992,6157,ANTINOUS,161,0
993,6167,amongst,161,0
994,6175,other,161,0
995,6181,youngsters,161,0
996,6194,crouches,161,0
997,6203,in,161,0
998,6206,the,161,0
999,6210,bushes,161,0
1000,6218,clutching,161,0
1001,6228,an,161,0
1002,6231,arrow,161,0
1003,6238,An,161,0
1004,6241,OPEN,161,0
1005,6246,HAND,161,0
1006,6251,reaches,161,0
1007,6260,back,161,0
1008,6267,all,161,0
1009,6271,the,161,0
1010,6275,teenage,161,0
1011,6283,boys,161,0
1012,6288,rush,161,0
1013,6293,to,161,0
1014,6296,hand,161,0
1015,6301,it,161,0
1016,6304,an,161,0
1017,6307,arrow,161,0
1018,6314,The,161,0
1019,6318,hand,161,0
1020,6323,takes,161,0
1021,6329,it,161,0
1022,6333,from,161,0
1023,6338,the,161,0
1024,6342,boy,161,0
1025,6346,next,161,0
1026,6351,to,161,0
1027,6354,Antinous,161,0
1028,6372,ANTINOUS,162,0
1029,6382,As,162,0
1030,6385,boys,162,0
1031,6391,we,162,0
1032,6394,watched,162,0
1033,6402,him,162,0
1034,6406,hunt,162,0
1035,6412,I,162,0
1036,6414,tried,162,0
1037,6420,to,162,0
1038,6423,volunteer,162,0
1039,6433,for,162,0
1040,6437,his,162,0
1041,6442,expedition,162,0
1042,6453,to,162,0
1043,6456,Troy,162,0
1044,6462,but,162,0
1045,6466,he,162,0
1046,6469,told,162,0
1047,6474,me,162,0
1048,6477,to,162,0
1049,6480,stay,162,0
1050,6485,here,162,0
1051,6490,and,162,0
1052,6494,keep,162,0
1053,6499,an,162,0
1054,6502,eye,162,0
1055,6506,on,162,0
1056,6510,you,162,0
1057,6518,TELEMACHUS,163,0
1058,6530,On,163,0
1059,6533,me,163,0
1060,6536,or,163,0
1061,6539,my,163,0
1062,6542,mother,163,0
1063,6553,Antinous,163,0
1064,6562,glances,163,0
1065,6570,at,163,0
1066,6573,Penelope,163,0
1067,6582,s,163,0
1068,6584,silhouette,163,0
1069,6596,GRINS,163,0
1070,6606,ANTINOUS,164,0
1071,6616,You,164,0
1072,6620,can,164,0
1073,6624,t,164,0
1074,6626,blame,164,0
1075,6632,me,164,0
1076,6635,for,164,0
1077,6639,looking,164,0
1078,6651,TELEMACHUS,165,0
1079,6663,My,165,0
1080,6666,dad,165,0
1081,6670,s,165,0
1082,6672,coming,165,0
1083,6679,home,165,0
1084,6685,And,165,0
1085,6689,his,165,0
1086,6693,hospitality,165,0
1087,6705,won,165,0
1088,6709,t,165,0
1089,6711,be,165,0
1090,6714,as,165,0
1091,6717,generous,165,0
1092,6727,as,165,0
1093,6730,hers,165,0
1094,6737,ANTINOUS,166,0
1095,6748,amused,166,0
1096,6759,He,166,0
1097,6762,doesn,166,0
1098,6768,t,166,0
1099,6770,follow,166,0
1100,6777,Zeus,166,0
1101,6782,s,166,0
1102,6784,law,166,0
1103,6792,TELEMACHUS,167,0
1104,6804,Zeus,167,0
1105,6809,s,167,0
1106,6811,law,167,0
1107,6815,tells,167,0
1108,6821,us,167,0
1109,6824,to,167,0
1110,6827,treat,167,0
1111,6833,strangers,167,0
1112,6843,as,167,0
1113,6846,we,167,0
1114,6849,d,167,0
1115,6851,be,167,0
1116,6854,treated,167,0
1117,6862,because,167,0
1118,6871,they,167,0
1119,6876,might,167,0
1120,6882,be,167,0
1121,6885,Gods,167,0
1122,6890,in,167,0
1123,6893,disguise,167,0
1124,6903,I,167,0
1125,6905,think,167,0
1126,6911,we,167,0
1127,6915,ve,167,0
1128,6918,established,167,0
1129,6930,you,167,0
1130,6935,re,167,0
1131,6939,not,167,0
1132,6943,a,167,0
1133,6945,God,167,0
1134,6950,Antinous,167,0
1135,6963,Polybus,167,0
1136,6971,lifts,167,0
1137,6977,the,167,0
1138,6981,Beggar,167,0
1139,6988,s,167,0
1140,6990,ragged,167,0
1141,6997,robe,167,0
1142,7008,POLYBUS,168,0
1143,7017,He,168,0
1144,7020,doesn,168,0
1145,7026,t,168,0
1146,7028,smell,168,0
1147,7034,like,168,0
1148,7039,a,168,0
1149,7041,God,168,0
1150,7049,TELEMACHUS,169,0
1151,7061,It,169,0
1152,7064,wouldn,169,0
1153,7071,t,169,0
1154,7073,be,169,0
1155,7076,much,169,0
1156,7081,of,169,0
1157,7084,a,169,0
1158,7086,disguise,169,0
1159,7095,if,169,0
1160,7098,he,169,0
1161,7101,did,169,0
1162,7111,Telemachus,169,0
1163,7122,takes,169,0
1164,7128,the,169,0
1165,7132,Beggar,169,0
1166,7139,by,169,0
1167,7142,the,169,0
1168,7146,arm,169,0
1169,7154,TELEMACHUS,170,0
1170,7166,Careful,170,0
1171,7175,he,170,0
1172,7178,might,170,0
1173,7184,strike,170,0
1174,7191,you,170,0
1175,7195,down,170,0
1176,7200,right,170,0
1177,7206,now,170,0
1178,7214,THUNDER,170,0
1179,7222,echoes,170,0
1180,7229,through,170,0
1181,7237,the,170,0
1182,7241,halls,170,0
1183,7253,Polybus,170,0
1184,7261,stands,170,0
1185,7268,down,170,0
1186,7274,The,170,0
1187,7279,crowd,170,0
1188,7285,QUIETS,170,0
1189,7293,Telemachus,170,0
1190,7304,leads,170,0
1191,7310,the,170,0
1192,7314,beggar,170,0
1193,7321,to,170,0
1194,7324,his,170,0
1195,7328,own,170,0
1196,7332,table,170,0
1197,7339,off,170,0
1198,7343,to,170,0
1199,7347,the,170,0
1200,7351,side,170,0
1201,7360,BEGGAR,171,0
1202,7368,That,171,0
1203,7373,thunder,171,0
1204,7381,was,171,0
1205,7385,luck,171,0
1206,7394,Telemachus,171,0
1207,7405,peers,171,0
1208,7411,into,171,0
1209,7416,the,171,0
1210,7420,grey,171,0
1211,7425,eyes,171,0
1212,7430,of,171,0
1213,7433,the,171,0
1214,7437,stranger,171,0
1215,7454,TELEMACHUS,172,0
1216,7466,I,172,0
1217,7468,don,172,0
1218,7472,t,172,0
1219,7474,know,172,0
1220,7480,you,172,0
1221,7484,have,172,0
1222,7489,wise,172,0
1223,7494,eyes,172,0
1224,7500,Athena,172,0
1225,7507,s,172,0
1226,7509,eyes,172,0
1227,7518,The,172,0
1228,7522,Beggar,172,0
1229,7529,smiles,172,0
1230,7537,Shakes,172,0
1231,7544,his,172,0
1232,7548,head,172,0
1233,7557,TELEMACHUS,173,0
1234,7569,Sit,173,0
1235,7574,Eat,173,0
1236,7582,BEGGAR,174,0
1237,7590,Thank,174,0
1238,7596,you,174,0
1239,7604,The,174,0
1240,7608,Beggar,174,0
1241,7615,starts,174,0
1242,7622,to,174,0
1243,7625,eat,174,0
1244,7630,hungrily,174,0
1245,7643,TELEMACHUS,175,0
1246,7655,You,175,0
1247,7659,sailed,175,0
1248,7666,with,175,0
1249,7671,traders,175,0
1250,7683,BEGGAR,176,0
1251,7691,From,176,0
1252,7696,Sparta,176,0
1253,7707,TELEMACHUS,177,0
1254,7719,Has,177,0
1255,7723,Menelaus,177,0
1256,7732,come,177,0
1257,7737,home,177,0
1258,7742,from,177,0
1259,7747,the,177,0
1260,7751,war,177,0
1261,7759,BEGGAR,178,0
1262,7769,Years,178,0
1263,7775,ago,178,0
1264,7780,Odysseus,178,0
1265,7789,never,178,0
1266,7795,came,178,0
1267,7800,back,178,0
1268,7809,TELEMACHUS,179,0
1269,7821,We,179,0
1270,7824,don,179,0
1271,7828,t,179,0
1272,7830,even,179,0
1273,7835,know,179,0
1274,7840,if,179,0
1275,7843,he,179,0
1276,7846,s,179,0
1277,7848,alive,179,0
1278,7855,Have,179,0
1279,7860,you,179,0
1280,7864,heard,179,0
1281,7870,anything,179,0
1282,7883,BEGGAR,180,0
1283,7891,The,180,0
1284,7895,song,180,0
1285,7900,of,180,0
1286,7903,how,180,0
1287,7907,he,180,0
1288,7910,won,180,0
1289,7914,the,180,0
1290,7918,war,180,0
1291,7926,TELEMACHUS,181,0
1292,7938,We,181,0
1293,7942,ve,181,0
1294,7945,all,181,0
1295,7949,heard,181,0
1296,7955,that,181,0
1297,7961,Nothing,181,0
1298,7969,else,181,0
1299,7978,BEGGAR,182,0
1300,7986,No,182,0
1301,7990,but,182,0
1302,7994,Sparta,182,0
1303,8001,s,182,0
1304,8003,full,182,0
1305,8008,of,182,0
1306,8011,Trojan,182,0
1307,8018,War,182,0
1308,8022,veterans,182,0
1309,8033,someone,182,0
1310,8041,ll,182,0
1311,8044,know,182,0
1312,8050,something,182,0
1313,8064,The,182,0
1314,8068,Beggar,182,0
1315,8075,studies,182,0
1316,8083,Telemachus,182,0
1317,8094,with,182,0
1318,8099,kind,182,0
1319,8104,eyes,182,0
1320,8113,BEGGAR,183,0
1321,8121,You,183,0
1322,8125,re,183,0
1323,8128,Odysseus,183,0
1324,8137,s,183,0
1325,8139,son,183,0
1326,8144,Go,183,0
1327,8147,to,183,0
1328,8150,Sparta,183,0
1329,8158,Go,183,0
1330,8161,see,183,0
1331,8165,Menelaus,183,0
1332,8176,he,183,0
1333,8179,d,183,0
1334,8182,welcome,183,0
1335,8190,you,183,0
1336,8198,Telemachus,183,0
1337,8209,considers,183,0
1338,8219,this,183,0
1339,8225,A,183,0
1340,8227,maid,183,0
1341,8233,MELANTHO,183,0
1342,8243,approaches,183,0
1343,8258,MELANTHO,184,0
1344,8268,The,184,0
1345,8272,Queen,184,0
1346,8278,wants,184,0
1347,8284,to,184,0
1348,8287,speak,184,0
1349,8293,to,184,0
1350,8296,the,184,0
1351,8300,stranger,184,0
1352,8313,The,184,0
1353,8317,Beggar,184,0
1354,8325,surprised,184,0
1355,8336,looks,184,0
1356,8342,at,184,0
1357,8345,Telemachus,184,0
1358,8360,TELEMACHUS,185,0
1359,8372,She,185,0
1360,8376,lives,185,0
1361,8382,for,185,0
1362,8386,news,185,0
1363,8395,The,185,0
1364,8399,Beggar,185,0
1365,8406,nods,185,0
1366,8412,rises,185,0
1367,8419,Telemachus,185,0
1368,8430,grabs,185,0
1369,8436,his,185,0
1370,8440,hand,185,0
1371,8449,TELEMACHUS,186,0
1372,8461,Just,186,0
1373,8466,don,186,0
1374,8470,t,186,0
1375,8472,try,186,0
1376,8476,to,186,0
1377,8479,give,186,0
1378,8484,her,186,0
1379,8488,false,186,0
1380,8494,hope,186,0
1381,8500,She,186,0
1382,8504,has,186,0
1383,8508,some,186,0
1384,8513,way,186,0
1385,8517,of,186,0
1386,8521,knowing,186,0
1387,8529,whether,186,0
1388,8537,a,186,0
1389,8539,person,186,0
1390,8546,has,186,0
1391,8550,actually,186,0
1392,8559,seen,186,0
1393,8564,Odysseus,186,0
1394,8574,See,186,0
1395,8578,that,186,0
1396,8584,man,186,0
1397,8592,The,186,0
1398,8596,Beggar,186,0
1399,8603,looks,186,0
1400,8609,at,186,0
1401,8612,a,186,0
1402,8614,rough,186,0
1403,8620,older,186,0
1404,8626,man,186,0
1405,8630,sitting,186,0
1406,8638,at,186,0
1407,8641,the,186,0
1408,8645,side,186,0
1409,8651,listening,186,0
1410,8662,without,186,0
1411,8670,seeing,186,0
1412,8678,This,186,0
1413,8683,is,186,0
1414,8686,EUMAEUS,186,0
1415,8698,TELEMACHUS,187,0
1416,8710,My,187,0
1417,8713,dad,187,0
1418,8717,s,187,0
1419,8719,most,187,0
1420,8724,loyal,187,0
1421,8730,worker,187,0
1422,8738,He,187,0
1423,8741,can,187,0
1424,8745,t,187,0
1425,8747,see,187,0
1426,8751,much,187,0
1427,8756,any,187,0
1428,8760,more,187,0
1429,8771,By,187,0
1430,8774,feel,187,0
1431,8780,Eumaeus,187,0
1432,8788,offers,187,0
1433,8795,a,187,0
1434,8797,chop,187,0
1435,8802,to,187,0
1436,8805,an,187,0
1437,8808,elderly,187,0
1438,8816,dog,187,0
1439,8821,ARGUS,187,0
1440,8831,TELEMACHUS,188,0
1441,8843,But,188,0
1442,8847,that,188,0
1443,8852,doesn,188,0
1444,8858,t,188,0
1445,8860,stop,188,0
1446,8865,him,188,0
1447,8869,beating,188,0
1448,8877,travellers,188,0
1449,8888,to,188,0
1450,8891,death,188,0
1451,8897,in,188,0
1452,8900,exchange,188,0
1453,8910,for,188,0
1454,8914,lies,188,0
1455,8919,about,188,0
1456,8925,my,188,0
1457,8928,father,188,0
1458,8939,The,188,0
1459,8943,Beggar,188,0
1460,8951,nervous,188,0
1461,8960,is,188,0
1462,8963,led,188,0
1463,8967,to,188,0
1464,8970,sit,188,0
1465,8974,on,188,0
1466,8977,the,188,0
1467,8981,stairs,188,0
1468,8988,in,188,0
1469,8991,front,188,0
1470,8997,of,188,0
1471,9000,the,188,0
1472,9004,screen,188,0
1473,9011,by,188,0
1474,9015,Penelope,188,0
1475,9024,s,188,0
1476,9026,silhouette,188,0
1477,9037,at,188,0
1478,9040,her,188,0
1479,9044,loom,188,0
1480,9053,EXT,189,0
1481,9058,CLIFFS,189,0
1482,9065,OF,189,0
1483,9068,ITHACA,189,0
1484,9077,DAY,189,0
1485,9084,Bronze,190,0
1486,9091,CLASHES,190,0
1487,9099,BRIGHTLY,190,0
1488,9108,as,190,0
1489,9111,Telemachus,190,0
1490,9122,TRAINS,190,0
1491,9129,with,190,0
1492,9134,an,190,0
1493,9137,older,190,0
1494,9144,man,190,0
1495,9149,MENTOR,190,0
1496,9157,forties,190,0
1497,9167,Eumaeus,190,0
1498,9175,supervises,190,0
1499,9187,elderly,190,0
1500,9195,Argus,190,0
1501,9201,limp,190,0
1502,9206,at,190,0
1503,9210,his,190,0
1504,9214,feet,190,0
1505,9223,EUMAEUS,191,0
1506,9232,Too,191,0
1507,9236,fast,191,0
1508,9245,Telemachus,191,0
1509,9256,turns,191,0
1510,9263,breathless,191,0
1511,9275,Mentor,191,0
1512,9282,lowers,191,0
1513,9289,his,191,0
1514,9293,sword,191,0
1515,9303,TELEMACHUS,192,0
1516,9315,How,192,0
1517,9319,can,192,0
1518,9323,you,192,0
1519,9327,know,192,0
1520,9336,EUMAEUS,193,0
1521,9345,You,193,0
1522,9349,don,193,0
1523,9353,t,193,0
1524,9355,need,193,0
1525,9360,eyes,193,0
1526,9365,to,193,0
1527,9368,hear,193,0
1528,9373,a,193,0
1529,9375,hasty,193,0
1530,9381,combination,193,0
1531,9394,Mentor,193,0
1532,9402,push,193,0
1533,9408,him,193,0
1534,9416,Mentor,193,0
1535,9423,LASHES,193,0
1536,9430,out,193,0
1537,9436,Telemachus,193,0
1538,9447,MEETS,193,0
1539,9453,each,193,0
1540,9458,blow,193,0
1541,9468,EUMAEUS,194,0
1542,9477,Too,194,0
1543,9481,fast,194,0
1544,9490,Telemachus,194,0
1545,9501,stops,194,0
1546,9508,frustrated,194,0
1547,9520,slumps,194,0
1548,9527,down,194,0
1549,9532,next,194,0
1550,9537,to,194,0
1551,9540,Eumaeus,194,0
1552,9549,He,194,0
1553,9553,reaches,194,0
1554,9561,out,194,0
1555,9565,to,194,0
1556,9568,pet,194,0
1557,9572,Argus,194,0
1558,9578,who,194,0
1559,9582,GROWLS,194,0
1560,9596,TELEMACHUS,195,0
1561,9610,He,195,0
1562,9613,s,195,0
1563,9615,as,195,0
1564,9618,friendly,195,0
1565,9627,as,195,0
1566,9630,you,195,0
1567,9638,EUMAEUS,196,0
1568,9647,He,196,0
1569,9650,only,196,0
1570,9655,answered,196,0
1571,9664,to,196,0
1572,9667,your,196,0
1573,9672,father,196,0
1574,9683,Telemachus,196,0
1575,9694,gently,196,0
1576,9701,rubs,196,0
1577,9706,the,196,0
1578,9710,dog,196,0
1579,9714,s,196,0
1580,9716,thinning,196,0
1581,9725,fur,196,0
1582,9733,TELEMACHUS,197,0
1583,9745,Where,197,0
1584,9751,did,197,0
1585,9755,he,197,0
1586,9758,get,197,0
1587,9762,him,197,0
1588,9766,from,197,0
1589,9775,EUMAEUS,198,0
1590,9784,They,198,0
1591,9789,met,198,0
1592,9793,right,198,0
1593,9799,here,198,0
1594,9810,EXT,199,0
1595,9815,SAME,199,0
1596,9822,DAY,199,0
1597,9827,FLASHBACK,199,0
1598,9841,Eumaeus,200,0
1599,9850,younger,200,0
1600,9859,sighted,200,0
1601,9868,sorts,200,0
1602,9874,a,200,0
1603,9876,litter,200,0
1604,9883,of,200,0
1605,9886,PUPPIES,200,0
1606,9894,by,200,0
1607,9897,TOSSING,200,0
1608,9906,the,200,0
1609,9910,runts,200,0
1610,9916,off,200,0
1611,9920,the,200,0
1612,9924,cliff,200,0
1613,9931,He,200,0
1614,9934,lifts,200,0
1615,9940,one,200,0
1616,9944,up,200,0
1617,9947,to,200,0
1618,9950,look,200,0
1619,9955,at,200,0
1620,9958,its,200,0
1621,9962,half,200,0
1622,9967,closed,200,0
1623,9974,eyes,200,0
1624,9981,Frowns,200,0
1625,9989,starts,200,0
1626,9996,to,200,0
1627,9999,TOSS,200,0
1628,10004,when,200,0
1629,10009,his,200,0
1630,10013,arm,200,0
1631,10017,is,200,0
1632,10020,GRABBED,200,0
1633,10030,Eumaeus,200,0
1634,10038,turns,200,0
1635,10045,to,200,0
1636,10053,ODYSSEUS,200,0
1637,10063,thirties,200,0
1638,10073,short,200,0
1639,10079,dark,200,0
1640,10084,beard,200,0
1641,10091,handsome,200,0
1642,10101,rugged,200,0
1643,10110,looking,200,0
1644,10118,at,200,0
1645,10122,the,200,0
1646,10126,runt,200,0
1647,10132,a,200,0
1648,10134,smile,200,0
1649,10140,playing,200,0
1650,10148,about,200,0
1651,10154,his,200,0
1652,10158,lips,200,0
1653,10171,ODYSSEUS,201,0
1654,10181,Pll,201,0
1655,10185,take,201,0
1656,10190,him,201,0
1657,10196,EUMAEUS,202,0
1658,10205,For,202,0
1659,10209,your,202,0
1660,10214,boy,202,0
1661,10220,ODYSSEUS,203,0
1662,10230,For,203,0
1663,10234,a,203,0
1664,10236,hunting,203,0
1665,10244,dog,203,0
1666,10250,Eumaeus,203,0
1667,10258,SNORTS,203,0
1668,10269,EXT,204,0
1669,10274,SAME,204,0
1670,10281,DAY,204,0
1671,10286,PRESENT,204,0
1672,10298,Eumaeus,205,0
1673,10306,feels,205,0
1674,10312,for,205,0
1675,10316,Argus,205,0
1676,10322,s,205,0
1677,10324,stiff,205,0
1678,10331,mangey,205,0
1679,10338,fur,205,0
1680,10346,EUMAEUS,206,0
1681,10355,Damned,206,0
1682,10362,if,206,0
1683,10365,he,206,0
1684,10368,wasn,206,0
1685,10373,t,206,0
1686,10375,right,206,0
1687,10385,Telemachus,206,0
1688,10396,watches,206,0
1689,10404,Eumaeus,206,0
1690,10412,remember,206,0
1691,10429,EXT,207,0
1692,10434,WILDS,207,0
1693,10440,OF,207,0
1694,10443,ITHACA,207,0
1695,10452,DAY,207,0
1696,10457,FLASHBACK,207,0
1697,10471,Argus,208,0
1698,10478,young,208,0
1699,10484,but,208,0
1700,10488,fully,208,0
1701,10494,grown,208,0
1702,10501,has,208,0
1703,10505,eyes,208,0
1704,10510,fixed,208,0
1705,10516,on,208,0
1706,10519,a,208,0
1707,10521,WILD,208,0
1708,10526,BOAR,208,0
1709,10532,feeding,208,0
1710,10540,yards,208,0
1711,10546,away,208,0
1712,10552,At,208,0
1713,10555,his,208,0
1714,10559,side,208,0
1715,10565,ODYSSEUS,208,0
1716,10574,carefully,208,0
1717,10584,STRINGS,208,0
1718,10592,his,208,0
1719,10597,massive,208,0
1720,10605,hunting,208,0
1721,10613,bow,208,0
1722,10618,Behind,208,0
1723,10625,him,208,0
1724,10629,several,208,0
1725,10637,TEENAGE,208,0
1726,10645,BOYS,208,0
1727,10650,watch,208,0
1728,10657,him,208,0
1729,10662,wide,208,0
1730,10667,eyed,208,0
1731,10673,Odysseus,208,0
1732,10682,reaches,208,0
1733,10690,back,208,0
1734,10695,for,208,0
1735,10699,an,208,0
1736,10702,arrow,208,0
1737,10710,all,208,0
1738,10714,the,208,0
1739,10718,teenage,208,0
1740,10727,boys,208,0
1741,10732,rush,208,0
1742,10737,to,208,0
1743,10740,hand,208,0
1744,10745,him,208,0
1745,10749,one,208,0
1746,10754,He,208,0
1747,10757,takes,208,0
1748,10763,it,208,0
1749,10766,from,208,0
1750,10771,the,208,0
1751,10775,SMALLEST,208,0
1752,10785,the,208,0
1753,10790,TEENAGE,209,0
1754,10798,SINON,209,0
1755,10808,Eumaeus,209,0
1756,10816,watches,209,0
1757,10824,as,209,0
1758,10827,Odysseus,209,0
1759,10836,PLUCKS,209,0
1760,10843,the,209,0
1761,10847,string,209,0
1762,10854,with,209,0
1763,10859,a,209,0
1764,10861,MIGHTY,209,0
1765,10869,TWANG,209,0
1766,10877,the,209,0
1767,10881,Boar,209,0
1768,10886,LOOKS,209,0
1769,10892,up,209,0
1770,10897,CHARGES,209,0
1771,10911,Odysseus,209,0
1772,10920,fixes,209,0
1773,10926,arrow,209,0
1774,10932,to,209,0
1775,10935,bow,209,0
1776,10940,horizontal,209,0
1777,10952,aiming,209,0
1778,10961,TEENAGE,209,0
1779,10970,ANTINOUS,209,0
1780,10979,BOLTS,209,0
1781,10986,TERRIFIED,209,0
1782,10998,the,209,0
1783,11002,other,209,0
1784,11008,boys,209,0
1785,11014,except,209,0
1786,11021,Sinon,209,0
1787,11029,FOLLOW,209,0
1788,11038,Odysseus,209,0
1789,11047,FIRES,209,0
1790,11055,hits,209,0
1791,11060,the,209,0
1792,11064,Boar,209,0
1793,11069,in,209,0
1794,11072,the,209,0
1795,11076,chest,209,0
1796,11084,it,209,0
1797,11087,KEEPS,209,0
1798,11094,COMING,209,0
1799,11102,COMING,209,0
1800,11112,GORES,209,0
1801,11118,his,209,0
1802,11122,leg,209,0
1803,11130,Argus,209,0
1804,11136,throws,209,0
1805,11143,himself,209,0
1806,11151,at,209,0
1807,11155,the,209,0
1808,11159,Boar,209,0
1809,11164,s,209,0
1810,11166,neck,209,0
1811,11171,with,209,0
1812,11176,LOYAL,209,0
1813,11182,SAVAGERY,209,0
1814,11197,EXT,210,0
1815,11202,COURTYARD,210,0
1816,11213,PALACE,210,0
1817,11220,OF,210,0
1818,11223,ITHACA,210,0
1819,11232,DAY,210,0
1820,11238,FLASHBACK,211,0
1821,11252,Eumaeus,211,0
1822,11260,watches,211,0
1823,11268,an,211,0
1824,11271,OLD,211,0
1825,11275,NURSEMAID,211,0
1826,11285,stitch,211,0
1827,11292,the,211,0
1828,11296,wound,211,0
1829,11302,in,211,0
1830,11306,Odysseus,211,0
1831,11315,s,211,0
1832,11317,leg,211,0
1833,11325,EUMAEUS,212,0
1834,11334,Why,212,0
1835,11338,do,212,0
1836,11341,you,212,0
1837,11345,always,212,0
1838,11352,pluck,212,0
1839,11358,your,212,0
1840,11363,bow,212,0
1841,11371,ODYSSEUS,213,0
1842,11381,To,213,0
1843,11384,test,213,0
1844,11389,the,213,0
1845,11393,tension,213,0
1846,11405,Eumaeus,213,0
1847,11413,looks,213,0
1848,11419,at,213,0
1849,11422,him,213,0
1850,11427,Not,213,0
1851,11431,buying,213,0
1852,11438,it,213,0
1853,11445,ODYSSEUS,214,0
1854,11457,Ouch,214,0
1855,11466,The,214,0
1856,11470,Old,214,0
1857,11474,Nursemaid,214,0
1858,11484,looks,214,0
1859,11490,at,214,0
1860,11493,him,214,0
1861,11498,annoyed,214,0
1862,11510,OLD,215,0
1863,11514,NURSEMAID,215,0
1864,11525,Hold,215,0
1865,11530,still,215,0
1866,11537,How,215,0
1867,11541,bad,215,0
1868,11545,a,215,0
1869,11547,scar,215,0
1870,11552,do,215,0
1871,11555,you,215,0
1872,11559,want,215,0
1873,11568,ODYSSEUS,216,0
1874,11579,to,216,0
1875,11582,Eumaeus,216,0
1876,11592,It,216,0
1877,11595,s,216,0
1878,11597,only,216,0
1879,11602,fair,216,0
1880,11611,EUMAEUS,217,0
1881,11620,To,217,0
1882,11623,warn,217,0
1883,11628,your,217,0
1884,11633,prey,217,0
1885,11641,ODYSSEUS,218,0
1886,11651,To,218,0
1887,11654,fight,218,0
1888,11660,with,218,0
1889,11665,honour,218,0
1890,11675,EUMAEUS,219,0
1891,11686,You,219,0
1892,11690,weren,219,0
1893,11696,t,219,0
1894,11698,fighting,219,0
1895,11709,you,219,0
1896,11713,were,219,0
1897,11718,hunting,219,0
1898,11730,ODYSSEUS,220,0
1899,11740,Hunting,220,0
1900,11748,s,220,0
1901,11750,just,220,0
1902,11755,fighting,220,0
1903,11764,by,220,0
1904,11767,stealth,220,0
1905,11779,EUMAEUS,221,0
1906,11788,Clever,221,0
1907,11796,But,221,0
1908,11800,your,221,0
1909,11805,cleverness,221,0
1910,11816,will,221,0
1911,11821,get,221,0
1912,11825,you,221,0
1913,11829,in,221,0
1914,11832,trouble,221,0
1915,11844,EXT,222,0
1916,11849,CLIFFS,222,0
1917,11856,OF,222,0
1918,11859,ITHACA,222,0
1919,11868,DAY,222,0
1920,11873,PRESENT,222,0
1921,11885,Eumaeus,223,0
1922,11893,puts,223,0
1923,11898,his,223,0
1924,11902,hand,223,0
1925,11907,on,223,0
1926,11910,Telemachus,223,0
1927,11921,s,223,0
1928,11923,shoulder,223,0
1929,11936,EUMAEUS,224,0
1930,11945,Try,224,0
1931,11949,again,224,0
1932,11956,This,224,0
1933,11961,time,224,0
1934,11966,not,224,0
1935,11970,as,224,0
1936,11973,fast,224,0
1937,11979,Or,224,0
1938,11982,precise,224,0
1939,11994,Telemachus,224,0
1940,12005,gets,224,0
1941,12010,to,224,0
1942,12013,his,224,0
1943,12017,feet,224,0
1944,12023,Mentor,224,0
1945,12030,raises,224,0
1946,12037,his,224,0
1947,12041,guard,224,0
1948,12048,Eumaeus,224,0
1949,12056,pulls,224,0
1950,12063,Telemachus,224,0
1951,12074,down,224,0
1952,12079,to,224,0
1953,12082,WHISPER,224,0
1954,12090,in,224,0
1955,12093,his,224,0
1956,12097,ear,224,0
1957,12105,EUMAEUS,225,0
1958,12115,whisper,225,0
1959,12127,You,225,0
1960,12131,can,225,0
1961,12135,t,225,0
1962,12137,win,225,0
1963,12141,with,225,0
1964,12146,a,225,0
1965,12148,perfect,225,0
1966,12156,defence,225,0
1967,12165,Draw,225,0
1968,12170,the,225,0
1969,12174,attack,225,0
1970,12185,TELEMACHUS,226,0
1971,12197,How,226,0
1972,12205,EUMAEUS,227,0
1973,12215,whisper,227,0
1974,12225,Hesitation,227,0
1975,12237,Open,227,0
1976,12242,your,227,0
1977,12247,belly,227,0
1978,12253,to,227,0
1979,12256,your,227,0
1980,12261,opponent,227,0
1981,12270,s,227,0
1982,12272,blade,227,0
1983,12280,their,227,0
1984,12287,attack,227,0
1985,12294,becomes,227,0
1986,12302,your,227,0
1987,12307,chance,227,0
1988,12320,Telemachus,227,0
1989,12331,straightens,227,0
1990,12343,up,227,0
1991,12347,He,227,0
1992,12350,and,227,0
1993,12354,Mentor,227,0
1994,12361,SPAR,227,0
1995,12372,Telemachus,227,0
1996,12384,opens,227,0
1997,12390,his,227,0
1998,12394,defence,227,0
1999,12404,Mentor,227,0
2000,12411,overextends,227,0
2001,12425,Telemachus,227,0
2002,12436,moves,227,0
2003,12442,outside,227,0
2004,12451,the,227,0
2005,12455,thrust,227,0
2006,12464,finishes,227,0
2007,12473,with,227,0
2008,12478,his,227,0
2009,12482,sword,227,0
2010,12488,at,227,0
2011,12491,Mentor,227,0
2012,12498,s,227,0
2013,12500,throat,227,0
2014,12508,He,227,0
2015,12511,nods,227,0
2016,12518,satisfied,227,0
2017,12532,TELEMACHUS,228,0
2018,12544,Did,228,0
2019,12548,you,228,0
2020,12552,teach,228,0
2021,12558,my,228,0
2022,12561,father,228,0
2023,12568,that,228,0
2024,12577,EUMAEUS,229,0
2025,12586,No,229,0
2026,12590,he,229,0
2027,12593,taught,229,0
2028,12600,me,229,0
2029,12604,He,229,0
2030,12607,said,229,0
2031,12612,you,229,0
2032,12616,re,229,0
2033,12619,not,229,0
2034,12623,always,229,0
2035,12630,going,229,0
2036,12636,to,229,0
2037,12639,be,229,0
2038,12642,the,229,0
2039,12647,strongest,229,0
2040,12657,or,229,0
2041,12660,the,229,0
2042,12664,fastest,229,0
2043,12673,So,229,0
2044,12676,be,229,0
2045,12679,the,229,0
2046,12683,smartest,229,0
2047,12696,TELEMACHUS,230,0
2048,12708,What,230,0
2049,12713,would,230,0
2050,12719,he,230,0
2051,12722,do,230,0
2052,12725,if,230,0
2053,12728,he,230,0
2054,12731,came,230,0
2055,12736,back,230,0
2056,12741,here,230,0
2057,12746,to,230,0
2058,12749,find,230,0
2059,12754,these,230,0
2060,12760,suitors,230,0
2061,12768,in,230,0
2062,12771,his,230,0
2063,12776,house,230,0
2064,12786,Eumaeus,230,0
2065,12794,shakes,230,0
2066,12801,his,230,0
2067,12805,head,230,0
2068,12810,with,230,0
2069,12815,LONGING,230,0
2070,12829,EUMAEUS,231,0
2071,12838,Don,231,0
2072,12842,t,231,0
2073,12845,I,231,0
2074,12847,can,231,0
2075,12851,t,231,0
2076,12853,even,231,0
2077,12858,let,231,0
2078,12862,myself,231,0
2079,12869,imagine,231,0
2080,12877,what,231,0
2081,12882,he,231,0
2082,12885,d,231,0
2083,12887,do,231,0
2084,12890,to,231,0
2085,12893,them,231,0
2086,12902,TELEMACHUS,232,0
2087,12914,There,232,0
2088,12920,s,232,0
2089,12922,so,232,0
2090,12925,many,232,0
2091,12934,EUMAEUS,233,0
2092,12943,Cut,233,0
2093,12947,a,233,0
2094,12949,couple,233,0
2095,12956,down,233,0
2096,12962,the,233,0
2097,12966,others,233,0
2098,12973,cave,233,0
2099,12979,Bullies,233,0
2100,12987,and,233,0
2101,12991,cowards,233,0
2102,13000,Most,233,0
2103,13005,of,233,0
2104,13009,them,233,0
2105,13014,were,233,0
2106,13019,old,233,0
2107,13023,enough,233,0
2108,13030,to,233,0
2109,13033,go,233,0
2110,13036,to,233,0
2111,13039,Troy,233,0
2112,13045,But,233,0
2113,13049,when,233,0
2114,13054,they,233,0
2115,13059,saw,233,0
2116,13064,Agamemnon,233,0
2117,13074,s,233,0
2118,13076,sail,233,0
2119,13087,EXT,234,0
2120,13092,SAME,234,0
2121,13099,DAY,234,0
2122,13104,FLASHBACK,234,0
2123,13118,Odysseus,235,0
2124,13127,and,235,0
2125,13131,Eumaeus,235,0
2126,13139,watch,235,0
2127,13145,SHIPS,235,0
2128,13151,approach,235,0
2129,13161,The,235,0
2130,13165,lead,235,0
2131,13170,ship,235,0
2132,13175,has,235,0
2133,13179,a,235,0
2134,13182,BLACK,236,0
2135,13188,SAIL,236,0
2136,13199,EUMAEUS,237,0
2137,13209,V,238,0
2138,13211,O,238,0
2139,13216,Their,238,0
2140,13222,fathers,238,0
2141,13230,hid,238,0
2142,13234,them,238,0
2143,13240,Odysseus,238,0
2144,13249,didn,238,0
2145,13254,t,238,0
2146,13256,judge,238,0
2147,13263,You,238,0
2148,13267,and,238,0
2149,13271,your,238,0
2150,13277,mother,238,0
2151,13284,meant,238,0
2152,13290,more,238,0
2153,13295,to,238,0
2154,13298,him,238,0
2155,13302,than,238,0
2156,13307,promises,238,0
2157,13316,of,238,0
2158,13319,glory,238,0
2159,13331,Odysseus,238,0
2160,13340,looks,238,0
2161,13346,at,238,0
2162,13349,Eumaeus,238,0
2163,13358,Concerned,238,0
2164,13372,INSERT,238,0
2165,13379,CUT,238,0
2166,13384,ODYSSEUS,238,0
2167,13393,AND,238,0
2168,13397,PENELOPE,238,0
2169,13406,PLAY,238,0
2170,13411,WITH,238,0
2171,13416,THE,238,0
2172,13421,INFANT,239,0
2173,13428,TELEMACHUS,239,0
2174,13446,An,239,0
2175,13449,imposing,239,0
2176,13458,figure,239,0
2177,13465,in,239,0
2178,13468,extraordinary,239,0
2179,13482,BLACKENED,239,0
2180,13492,BRONZE,239,0
2181,13500,ARMOUR,239,0
2182,13507,approaches,239,0
2183,13518,Odysseus,239,0
2184,13528,This,239,0
2185,13533,is,239,0
2186,13536,AGAMEMNON,239,0
2187,13547,Odysseus,239,0
2188,13557,KNEELS,239,0
2189,13564,before,239,0
2190,13571,him,239,0
2191,13576,Agamemnon,239,0
2192,13586,pulls,239,0
2193,13592,Odysseus,239,0
2194,13601,to,239,0
2195,13604,his,239,0
2196,13608,feet,239,0
2197,13613,in,239,0
2198,13617,brotherly,239,0
2199,13627,embrace,239,0
2200,13641,EUMAEUS,240,0
2201,13651,V,241,0
2202,13653,O,241,0
2203,13658,And,241,0
2204,13662,he,241,0
2205,13665,knew,241,0
2206,13670,Agamemnon,241,0
2207,13680,s,241,0
2208,13682,war,241,0
2209,13686,would,241,0
2210,13692,take,241,0
2211,13697,many,241,0
2212,13702,lives,241,0
2213,13708,and,241,0
2214,13713,many,241,0
2215,13718,years,241,0
2216,13728,Odysseus,241,0
2217,13738,TEARS,241,0
2218,13744,down,241,0
2219,13749,his,241,0
2220,13753,cheeks,241,0
2221,13761,looks,241,0
2222,13767,at,241,0
2223,13770,Agamemnon,241,0
2224,13781,Nods,241,0
2225,13790,EUMAEUS,242,0
2226,13800,V,243,0
2227,13802,O,243,0
2228,13807,So,243,0
2229,13810,he,243,0
2230,13813,raised,243,0
2231,13820,his,243,0
2232,13824,army,243,0
2233,13829,by,243,0
2234,13832,lottery,243,0
2235,13844,INSERT,243,0
2236,13851,CUT,243,0
2237,13856,a,243,0
2238,13858,LINE,243,0
2239,13863,of,243,0
2240,13866,YOUNG,243,0
2241,13872,MEN,243,0
2242,13876,snakes,243,0
2243,13883,up,243,0
2244,13886,the,243,0
2245,13890,hillside,243,0
2246,13899,to,243,0
2247,13903,where,243,0
2248,13909,Eumaeus,243,0
2249,13917,is,243,0
2250,13920,taking,243,0
2251,13927,their,243,0
2252,13933,lots,243,0
2253,13944,Teenage,243,0
2254,13952,Sinon,243,0
2255,13958,and,243,0
2256,13962,Teenage,243,0
2257,13971,Antinous,243,0
2258,13980,reach,243,0
2259,13986,the,243,0
2260,13990,front,243,0
2261,13996,of,243,0
2262,13999,the,243,0
2263,14003,line,243,0
2264,14008,together,243,0
2265,14023,TELEMACHUS,244,0
2266,14035,By,244,0
2267,14038,lots,244,0
2268,14044,Antinous,244,0
2269,14053,told,244,0
2270,14058,me,244,0
2271,14061,he,244,0
2272,14064,volunteered,244,0
2273,14085,Eumaeus,244,0
2274,14093,shifts,244,0
2275,14101,uncomfortable,244,0
2276,14119,EUMAEUS,245,0
2277,14128,That,245,0
2278,14133,s,245,0
2279,14135,how,245,0
2280,14139,your,245,0
2281,14144,father,245,0
2282,14151,talked,245,0
2283,14158,about,245,0
2284,14164,it,245,0
2285,14171,INSERT,245,0
2286,14178,CUT,245,0
2287,14183,Eumaeus,245,0
2288,14191,waves,245,0
2289,14197,Odysseus,245,0
2290,14206,over,245,0
2291,14211,to,245,0
2292,14214,talk,245,0
2293,14219,to,245,0
2294,14222,Teenage,245,0
2295,14230,Sinon,245,0
2296,14237,and,245,0
2297,14241,Teenage,245,0
2298,14249,Antinous,245,0
2299,14259,Teenage,245,0
2300,14267,Antinous,245,0
2301,14276,is,245,0
2302,14279,holding,245,0
2303,14287,a,245,0
2304,14289,WOODEN,245,0
2305,14296,LOT,245,0
2306,14301,with,245,0
2307,14306,NOTCHES,245,0
2308,14314,in,245,0
2309,14317,its,245,0
2310,14321,side,245,0
2311,14332,Odysseus,245,0
2312,14341,listens,245,0
2313,14349,to,245,0
2314,14352,their,245,0
2315,14358,pleas,245,0
2316,14365,He,245,0
2317,14368,takes,245,0
2318,14375,the,245,0
2319,14379,lot,245,0
2320,14383,from,245,0
2321,14388,Teenage,245,0
2322,14396,Antinous,245,0
2323,14405,and,245,0
2324,14409,hands,245,0
2325,14415,it,245,0
2326,14418,to,245,0
2327,14421,Teenage,245,0
2328,14429,Sinon,245,0
2329,14436,He,245,0
2330,14440,waves,245,0
2331,14446,ANTINOUS,245,0
2332,14455,S,245,0
2333,14457,FATHER,245,0
2334,14464,over,245,0
2335,14475,ODYSSEUS,246,0
2336,14485,Your,246,0
2337,14490,boy,246,0
2338,14494,tried,246,0
2339,14500,to,246,0
2340,14503,take,246,0
2341,14508,Sinon,246,0
2342,14514,s,246,0
2343,14516,place,246,0
2344,14523,I,246,0
2345,14525,m,246,0
2346,14527,not,246,0
2347,14531,letting,246,0
2348,14539,him,246,0
2349,14544,He,246,0
2350,14548,needs,246,0
2351,14554,to,246,0
2352,14557,stay,246,0
2353,14562,here,246,0
2354,14567,and,246,0
2355,14571,look,246,0
2356,14576,after,246,0
2357,14582,his,246,0
2358,14586,family,246,0
2359,14597,ANTINOUS,246,0
2360,14606,S,246,0
2361,14608,FATHER,246,0
2362,14615,looks,246,0
2363,14621,at,246,0
2364,14624,Odysseus,246,0
2365,14634,tearfully,246,0
2366,14644,grateful,246,0
2367,14661,ANTINOUS,247,0
2368,14670,S,247,0
2369,14672,FATHER,247,0
2370,14680,He,247,0
2371,14683,can,247,0
2372,14687,watch,247,0
2373,14693,over,247,0
2374,14698,your,247,0
2375,14703,boy,247,0
2376,14708,too,247,0
2377,14716,ODYSSEUS,248,0
2378,14726,Of,248,0
2379,14729,course,248,0
2380,14740,EXT,249,0
2381,14745,CLIFFS,249,0
2382,14752,OF,249,0
2383,14755,ITHACA,249,0
2384,14764,DAY,249,0
2385,14769,PRESENT,249,0
2386,14781,Telemachus,250,0
2387,14792,looks,250,0
2388,14798,at,250,0
2389,14801,Eumaeus,250,0
2390,14810,incredulous,250,0
2391,14826,TELEMACHUS,251,0
2392,14838,He,251,0
2393,14841,wanted,251,0
2394,14848,Antinous,251,0
2395,14857,to,251,0
2396,14860,look,251,0
2397,14865,after,251,0
2398,14871,me,251,0
2399,14878,Eumaeus,251,0
2400,14886,SPITS,251,0
2401,14892,into,251,0
2402,14897,the,251,0
2403,14901,dust,251,0
2404,14910,EUMAEUS,252,0
2405,14919,No,252,0
2406,14923,But,252,0
2407,14927,Odysseus,252,0
2408,14936,was,252,0
2409,14940,sensitive,252,0
2410,14950,to,252,0
2411,14953,a,252,0
2412,14955,father,252,0
2413,14962,s,252,0
2414,14964,shame,252,0
2415,14971,He,252,0
2416,14974,felt,252,0
2417,14979,for,252,0
2418,14984,these,252,0
2419,14990,fathers,252,0
2420,15003,he,252,0
2421,15006,knew,252,0
2422,15011,it,252,0
2423,15014,was,252,0
2424,15018,an,252,0
2425,15021,unwinnable,252,0
2426,15032,war,252,0
2427,15042,Telemachus,252,0
2428,15053,listens,252,0
2429,15061,to,252,0
2430,15064,the,252,0
2431,15068,story,252,0
2432,15078,EUMAEUS,253,0
2433,15087,Then,253,0
2434,15093,somehow,253,0
2435,15102,he,253,0
2436,15105,won,253,0
2437,15109,it,253,0
2438,15116,Telemachus,253,0
2439,15127,nods,253,0
2440,15132,with,253,0
2441,15137,pride,253,0
2442,15147,TELEMACHUS,254,0
2443,15159,So,254,0
2444,15162,he,254,0
2445,15165,knew,254,0
2446,15170,it,254,0
2447,15173,would,254,0
2448,15179,be,254,0
2449,15182,years,254,0
2450,15189,Did,254,0
2451,15193,he,254,0
2452,15196,tell,254,0
2453,15201,my,254,0
2454,15204,mother,254,0
2455,15215,Eumaeus,254,0
2456,15223,shifts,254,0
2457,15231,uncomfortable,254,0
2458,15253,EUMAEUS,255,0
2459,15262,That,255,0
2460,15267,s,255,0
2461,15269,a,255,0
2462,15271,question,255,0
2463,15280,for,255,0
2464,15284,her,255,0
2465,15292,He,255,0
2466,15295,gets,255,0
2467,15300,to,255,0
2468,15303,his,255,0
2469,15307,feet,255,0
2470,15316,TELEMACHUS,256,0
2471,15328,Eumaeus,256,0
2472,15337,Is,256,0
2473,15340,he,256,0
2474,15343,ever,256,0
2475,15348,coming,256,0
2476,15355,back,256,0
2477,15364,Eumaeus,256,0
2478,15372,frowns,256,0
2479,15383,EUMAEUS,257,0
2480,15392,Argus,257,0
2481,15398,thinks,257,0
2482,15405,so,257,0
2483,15409,I,257,0
2484,15411,ve,257,0
2485,15414,never,257,0
2486,15420,known,257,0
2487,15426,a,257,0
2488,15428,dog,257,0
2489,15432,reach,257,0
2490,15438,twenty,257,0
2491,15451,Eumaeus,257,0
2492,15459,wipes,257,0
2493,15465,a,257,0
2494,15467,quiet,257,0
2495,15473,tear,257,0
2496,15484,EUMAEUS,258,0
2497,15493,But,258,0
2498,15497,he,258,0
2499,15500,s,258,0
2500,15502,long,258,0
2501,15507,outlived,258,0
2502,15516,his,258,0
2503,15520,master,258,0
2504,15531,INT,259,0
2505,15536,MEGARON,259,0
2506,15545,PALACE,259,0
2507,15552,OF,259,0
2508,15555,ITHACA,259,0
2509,15564,DAY,259,0
2510,15571,Telemachus,260,0
2511,15582,mounts,260,0
2512,15589,the,260,0
2513,15593,stairs,260,0
2514,15601,approaches,260,0
2515,15612,the,260,0
2516,15616,screen,260,0
2517,15623,and,260,0
2518,15627,SLIDES,260,0
2519,15634,it,260,0
2520,15638,back,260,0
2521,15643,to,260,0
2522,15646,reveal,260,0
2523,15660,INT,261,0
2524,15665,THE,261,0
2525,15669,QUEEN,261,0
2526,15675,S,261,0
2527,15677,CHAMBER,261,0
2528,15687,DAY,261,0
2529,15694,Penelope,262,0
2530,15703,at,262,0
2531,15706,her,262,0
2532,15710,loom,262,0
2533,15716,She,262,0
2534,15720,is,262,0
2535,15723,BEAUTIFUL,262,0
2536,15734,ELEGANT,262,0
2537,15743,forties,262,0
2538,15753,She,262,0
2539,15758,pauses,262,0
2540,15765,in,262,0
2541,15768,her,262,0
2542,15772,weaving,262,0
2543,15781,Melantho,262,0
2544,15790,and,262,0
2545,15794,the,262,0
2546,15798,Old,262,0
2547,15802,Nursemaid,262,0
2548,15812,are,262,0
2549,15816,seated,262,0
2550,15824,nearby,262,0
2551,15835,TELEMACHUS,263,0
2552,15847,I,263,0
2553,15849,didn,263,0
2554,15854,t,263,0
2555,15856,mean,263,0
2556,15861,to,263,0
2557,15864,stop,263,0
2558,15869,you,263,0
2559,15877,Penelope,263,0
2560,15886,nods,263,0
2561,15891,at,263,0
2562,15894,Melantho,263,0
2563,15903,who,263,0
2564,15907,checks,263,0
2565,15914,there,263,0
2566,15920,is,263,0
2567,15923,no,263,0
2568,15926,one,263,0
2569,15930,beyond,263,0
2570,15937,the,263,0
2571,15942,screen,263,0
2572,15949,as,263,0
2573,15952,she,263,0
2574,15956,draws,263,0
2575,15962,it,263,0
2576,15965,closed,263,0
2577,15972,behind,263,0
2578,15979,Telemachus,263,0
2579,15991,She,263,0
2580,15995,gives,263,0
2581,16001,Penelope,263,0
2582,16011,the,263,0
2583,16015,okay,263,0
2584,16024,PENELOPE,264,0
2585,16034,I,264,0
2586,16036,m,264,0
2587,16038,in,264,0
2588,16041,no,264,0
2589,16044,hurry,264,0
2590,16051,The,264,0
2591,16055,Elders,264,0
2592,16062,decreed,264,0
2593,16070,that,264,0
2594,16075,when,264,0
2595,16080,I,264,0
2596,16082,finish,264,0
2597,16089,your,264,0
2598,16095,grandfather,264,0
2599,16107,s,264,0
2600,16109,burial,264,0
2601,16116,shroud,264,0
2602,16123,it,264,0
2603,16126,1l,264,0
2604,16129,be,264,0
2605,16132,time,264,0
2606,16137,to,264,0
2607,16140,remarry,264,0
2608,16152,Penelope,264,0
2609,16161,rises,264,0
2610,16167,from,264,0
2611,16172,her,264,0
2612,16176,loom,264,0
2613,16185,TELEMACHUS,265,0
2614,16197,Why,265,0
2615,16205,She,265,0
2616,16209,leads,265,0
2617,16215,him,265,0
2618,16219,out,265,0
2619,16223,onto,265,0
2620,16228,the,265,0
2621,16232,terrace,265,0
2622,16244,EXT,266,0
2623,16249,PENELOPE,266,0
2624,16258,S,266,0
2625,16260,TERRACE,266,0
2626,16269,PALACE,266,0
2627,16276,OF,266,0
2628,16279,ITHACA,266,0
2629,16289,CONTINUOUS,267,0
2630,16303,They,267,0
2631,16308,walk,267,0
2632,16313,out,267,0
2633,16317,onto,267,0
2634,16322,the,267,0
2635,16326,terrace,267,0
2636,16338,PENELOPE,268,0
2637,16348,Ithaca,268,0
2638,16355,s,268,0
2639,16357,been,268,0
2640,16362,without,268,0
2641,16370,a,268,0
2642,16372,king,268,0
2643,16377,for,268,0
2644,16381,too,268,0
2645,16385,long,268,0
2646,16391,They,268,0
2647,16396,want,268,0
2648,16401,security,268,0
2649,16414,TELEMACHUS,269,0
2650,16426,From,269,0
2651,16431,what,269,0
2652,16440,PENELOPE,270,0
2653,16450,The,270,0
2654,16454,people,270,0
2655,16461,from,270,0
2656,16466,the,270,0
2657,16470,sea,270,0
2658,16478,Telemachus,270,0
2659,16489,SCOFFS,270,0
2660,16496,at,270,0
2661,16499,this,270,0
2662,16508,TELEMACHUS,271,0
2663,16520,Travellers,271,0
2664,16532,tales,271,0
2665,16542,PENELOPE,272,0
2666,16552,All,272,0
2667,16556,we,272,0
2668,16559,know,272,0
2669,16564,of,272,0
2670,16567,the,272,0
2671,16571,world,272,0
2672,16577,is,272,0
2673,16580,travellers,272,0
2674,16592,tales,272,0
2675,16599,That,272,0
2676,16604,s,272,0
2677,16606,how,272,0
2678,16610,we,272,0
2679,16614,heard,272,0
2680,16620,Troy,272,0
2681,16625,had,272,0
2682,16629,fallen,272,0
2683,16637,Now,272,0
2684,16641,they,272,0
2685,16646,all,272,0
2686,16650,tell,272,0
2687,16655,stories,272,0
2688,16663,of,272,0
2689,16666,attacks,272,0
2690,16674,by,272,0
2691,16678,people,272,0
2692,16685,from,272,0
2693,16690,the,272,0
2694,16694,sea,272,0
2695,16702,TELEMACHUS,273,0
2696,16714,Who,273,0
2697,16718,are,273,0
2698,16726,PENELOPE,274,0
2699,16736,Nobody,274,0
2700,16743,knows,274,0
2701,16750,But,274,0
2702,16754,the,274,0
2703,16758,Elders,274,0
2704,16765,want,274,0
2705,16770,Ithaca,274,0
2706,16777,to,274,0
2707,16780,be,274,0
2708,16783,prepared,274,0
2709,16796,TELEMACHUS,275,0
2710,16808,Prepared,275,0
2711,16818,We,275,0
2712,16821,re,275,0
2713,16824,part,275,0
2714,16829,of,275,0
2715,16832,the,275,0
2716,16836,greatest,275,0
2717,16845,civilization,275,0
2718,16858,ever,275,0
2719,16863,known,275,0
2720,16873,PENELOPE,276,0
2721,16883,Look,276,0
2722,16888,at,276,0
2723,16891,this,276,0
2724,16896,great,276,0
2725,16902,house,276,0
2726,16913,Penelope,276,0
2727,16922,places,276,0
2728,16929,a,276,0
2729,16931,gentle,276,0
2730,16938,hand,276,0
2731,16943,on,276,0
2732,16946,the,276,0
2733,16950,stone,276,0
2734,16956,of,276,0
2735,16959,the,276,0
2736,16963,battlements,276,0
2737,16979,PENELOPE,277,0
2738,16989,Stones,277,0
2739,16996,as,277,0
2740,16999,old,277,0
2741,17003,as,277,0
2742,17006,knowledge,277,0
2743,17017,At,277,0
2744,17020,the,277,0
2745,17024,mercy,277,0
2746,17030,of,277,0
2747,17033,some,277,0
2748,17038,greedy,277,0
2749,17046,unwanted,277,0
2750,17055,guests,277,0
2751,17063,Half,277,0
2752,17068,the,277,0
2753,17072,servants,277,0
2754,17081,answer,277,0
2755,17088,to,277,0
2756,17091,them,277,0
2757,17096,now,277,0
2758,17101,The,277,0
2759,17106,structure,277,0
2760,17116,s,277,0
2761,17118,nothing,277,0
2762,17126,without,277,0
2763,17134,people,277,0
2764,17141,s,277,0
2765,17143,respect,277,0
2766,17151,for,277,0
2767,17155,its,277,0
2768,17159,meaning,277,0
2769,17171,TELEMACHUS,278,0
2770,17183,Zeus,278,0
2771,17188,s,278,0
2772,17190,law,278,0
2773,17198,PENELOPE,279,0
2774,17208,Treat,279,0
2775,17214,others,279,0
2776,17221,as,279,0
2777,17224,you,279,0
2778,17228,d,279,0
2779,17230,be,279,0
2780,17233,treated,279,0
2781,17242,When,279,0
2782,17247,they,279,0
2783,17252,abuse,279,0
2784,17258,it,279,0
2785,17262,they,279,0
2786,17267,destroy,279,0
2787,17276,everything,279,0
2788,17291,TELEMACHUS,280,0
2789,17303,So,280,0
2790,17306,how,280,0
2791,17310,could,280,0
2792,17316,you,280,0
2793,17320,think,280,0
2794,17326,of,280,0
2795,17329,marrying,280,0
2796,17338,one,280,0
2797,17342,of,280,0
2798,17345,them,280,0
2799,17354,Penelope,280,0
2800,17363,considers,280,0
2801,17373,how,280,0
2802,17377,to,280,0
2803,17380,answer,280,0
2804,17391,PENELOPE,281,0
2805,17401,Because,281,0
2806,17410,a,281,0
2807,17412,long,281,0
2808,17417,time,281,0
2809,17422,ago,281,0
2810,17427,your,281,0
2811,17432,father,281,0
2812,17439,asked,281,0
2813,17445,me,281,0
2814,17448,to,281,0
2815,17457,INT,282,1
2816,17462,BEDCHAMBER,282,1
2817,17475,NIGHT,282,1
2818,17482,FLASHBACK,282,1
2819,17496,Penelope,283,1
2820,17505,and,283,1
2821,17509,Odysseus,283,1
2822,17518,lie,283,1
2823,17522,on,283,1
2824,17525,the,283,1
2825,17529,bed,283,1
2826,17534,The,283,1
2827,17538,INFANT,283,1
2828,17545,Telemachus,283,1
2829,17556,plays,283,1
2830,17563,on,283,1
2831,17566,cushions,283,1
2832,17575,and,283,1
2833,17579,furs,283,1
2834,17584,laid,283,1
2835,17589,out,283,1
2836,17593,on,283,1
2837,17596,the,283,1
2838,17600,floor,283,1
2839,17610,ODYSSEUS,284,1
2840,17620,Agamemnon,284,1
2841,17630,is,284,1
2842,17633,our,284,1
2843,17637,king,284,1
2844,17643,The,284,1
2845,17647,Trojans,284,1
2846,17655,took,284,1
2847,17660,his,284,1
2848,17664,brother,284,1
2849,17672,s,284,1
2850,17674,wife,284,1
2851,17683,PENELOPE,285,1
2852,17693,Or,285,1
2853,17696,she,285,1
2854,17700,ran,285,1
2855,17704,away,285,1
2856,17709,with,285,1
2857,17714,them,285,1
2858,17723,ODYSSEUS,286,1
2859,17733,Either,286,1
2860,17740,way,286,1
2861,17745,the,286,1
2862,17749,Trojans,286,1
2863,17757,will,286,1
2864,17762,never,286,1
2865,17768,give,286,1
2866,17773,Helen,286,1
2867,17779,up,286,1
2868,17783,And,286,1
2869,17787,the,286,1
2870,17791,walls,286,1
2871,17797,of,286,1
2872,17801,Troy,286,1
2873,17806,are,286,1
2874,17810,said,286,1
2875,17815,to,286,1
2876,17818,be,286,1
2877,17821,impregnable,286,1
2878,17834,We,286,1
2879,17838,ll,286,1
2880,17841,sit,286,1
2881,17845,outside,286,1
2882,17853,that,286,1
2883,17858,great,286,1
2884,17864,city,286,1
2885,17870,trying,286,1
2886,17877,to,286,1
2887,17880,draw,286,1
2888,17885,them,286,1
2889,17890,into,286,1
2890,17895,battle,286,1
2891,17903,As,286,1
2892,17906,years,286,1
2893,17912,go,286,1
2894,17915,by,286,1
2895,17919,and,286,1
2896,17923,Telemachus,286,1
2897,17935,grows,286,1
2898,17942,and,286,1
2899,17946,you,286,1
2900,17950,learn,286,1
2901,17956,life,286,1
2902,17961,without,286,1
2903,17969,me,286,1
2904,17976,PENELOPE,287,1
2905,17986,Don,287,1
2906,17990,t,287,1
2907,17993,I'll,287,1
2908,17998,raise,287,1
2909,18004,our,287,1
2910,18008,boy,287,1
2911,18012,and,287,1
2912,18016,manage,287,1
2913,18023,our,287,1
2914,18027,kingdom,287,1
2915,18035,until,287,1
2916,18041,you,287,1
2917,18046,return,287,1
2918,18054,Menelaus,287,1
2919,18063,will,287,1
2920,18068,give,287,1
2921,18073,up,287,1
2922,18076,on,287,1
2923,18079,Helen,287,1
2924,18089,Odysseus,287,1
2925,18098,shakes,287,1
2926,18105,his,287,1
2927,18109,head,287,1
2928,18115,resigned,287,1
2929,18128,ODYSSEUS,288,1
2930,18138,This,288,1
2931,18143,is,288,1
2932,18146,Agamemnon,288,1
2933,18156,s,288,1
2934,18158,excuse,288,1
2935,18165,to,288,1
2936,18168,break,288,1
2937,18174,Troy,288,1
2938,18179,s,288,1
2939,18181,control,288,1
2940,18189,of,288,1
2941,18192,the,288,1
2942,18197,trading,288,1
2943,18205,routes,288,1
2944,18213,He,288,1
2945,18216,won,288,1
2946,18220,t,288,1
2947,18222,let,288,1
2948,18226,it,288,1
2949,18229,pass,288,1
2950,18235,Ever,288,1
2951,18244,PENELOPE,289,1
2952,18254,What,289,1
2953,18259,if,289,1
2954,18262,you,289,1
2955,18266,refuse,289,1
2956,18278,Odysseus,289,1
2957,18287,looks,289,1
2958,18293,at,289,1
2959,18296,the,289,1
2960,18300,infant,289,1
2961,18307,Telemachus,289,1
2962,18319,now,289,1
2963,18323,FAST,289,1
2964,18328,ASLEEP,289,1
2965,18336,then,289,1
2966,18342,back,289,1
2967,18347,to,289,1
2968,18350,Penelope,289,1
2969,18360,He,289,1
2970,18363,does,289,1
2971,18368,not,289,1
2972,18372,want,289,1
2973,18377,to,289,1
2974,18380,answer,289,1
2975,18391,ODYSSEUS,290,1
2976,18401,He,290,1
2977,18404,ll,290,1
2978,18407,take,290,1
2979,18412,our,290,1
2980,18416,son,290,1
2981,18423,PENELOPE,291,1
2982,18433,He,291,1
2983,18436,would,291,1
2984,18442,never,291,1
2985,18454,ODYSSEUS,292,1
2986,18466,He,292,1
2987,18469,sacrificed,292,1
2988,18480,his,292,1
2989,18484,own,292,1
2990,18488,daughter,292,1
2991,18497,for,292,1
2992,18501,favourable,292,1
2993,18512,winds,292,1
2994,18522,INSERT,292,1
2995,18529,CUT,292,1
2996,18534,WE,292,1
2997,18537,FOLLOW,292,1
2998,18544,AGAMEMNON,292,1
2999,18555,IN,292,1
3000,18558,HIS,292,1
3001,18562,ARMOUR,292,1
3002,18571,CARRYING,292,1
3003,18580,AN,292,1
3004,18583,ADOLESCENT,292,1
3005,18594,GIRL,292,1
3006,18599,TOWARDS,292,1
3007,18607,A,292,1
3008,18609,STORMY,292,1
3009,18616,SEA,292,1
3010,18626,Penelope,292,1
3011,18635,takes,292,1
3012,18641,this,292,1
3013,18646,in,292,1
3014,18650,Appalled,292,1
3015,18663,PENELOPE,293,1
3016,18673,Why,293,1
3017,18677,would,293,1
3018,18683,the,293,1
3019,18687,Gods,293,1
3020,18692,want,293,1
3021,18697,his,293,1
3022,18701,daughter,293,1
3023,18710,s,293,1
3024,18712,life,293,1
3025,18721,ODYSSEUS,294,1
3026,18731,The,294,1
3027,18735,power,294,1
3028,18741,of,294,1
3029,18744,a,294,1
3030,18746,sacrifice,294,1
3031,18756,is,294,1
3032,18759,in,294,1
3033,18762,the,294,1
3034,18766,cost,294,1
3035,18771,to,294,1
3036,18774,the,294,1
3037,18778,person,294,1
3038,18785,making,294,1
3039,18792,it,294,1
3040,18799,PENELOPE,295,1
3041,18811,That,295,1
3042,18816,s,295,1
3043,18818,monstrous,295,1
3044,18832,ODYSSEUS,296,1
3045,18842,And,296,1
3046,18846,committed,296,1
3047,18857,I,296,1
3048,18859,won,296,1
3049,18863,t,296,1
3050,18865,return,296,1
3051,18872,soon,296,1
3052,18878,If,296,1
3053,18881,at,296,1
3054,18884,all,296,1
3055,18892,Penelope,296,1
3056,18901,considers,296,1
3057,18911,this,296,1
3058,18917,Suddenly,296,1
3059,18931,PENELOPE,297,1
3060,18941,What,297,1
3061,18946,if,297,1
3062,18949,we,297,1
3063,18952,ran,297,1
3064,18960,She,297,1
3065,18964,lifts,297,1
3066,18970,up,297,1
3067,18973,on,297,1
3068,18976,the,297,1
3069,18980,bed,297,1
3070,18985,excited,297,1
3071,18999,PENELOPE,298,1
3072,19009,Took,298,1
3073,19014,your,298,1
3074,19019,fastest,298,1
3075,19027,ship,298,1
3076,19032,and,298,1
3077,19036,brightest,298,1
3078,19046,crew,298,1
3079,19051,and,298,1
3080,19055,headed,298,1
3081,19062,for,298,1
3082,19066,the,298,1
3083,19071,horizon,298,1
3084,19083,INSERT,298,1
3085,19090,CUT,298,1
3086,19095,Penelope,298,1
3087,19105,BABY,298,1
3088,19110,TELEMACHUS,298,1
3089,19121,in,298,1
3090,19124,her,298,1
3091,19128,arms,298,1
3092,19134,and,298,1
3093,19139,Odysseus,298,1
3094,19148,stand,298,1
3095,19154,on,298,1
3096,19157,the,298,1
3097,19161,prow,298,1
3098,19166,of,298,1
3099,19169,a,298,1
3100,19171,ship,298,1
3101,19177,rowing,298,1
3102,19184,westward,298,1
3103,19193,at,298,1
3104,19196,dusk,298,1
3105,19209,PENELOPE,299,1
3106,19220,V,300,1
3107,19222,O,300,1
3108,19227,Held,300,1
3109,19232,hands,300,1
3110,19238,on,300,1
3111,19241,deck,300,1
3112,19246,as,300,1
3113,19249,we,300,1
3114,19252,sailed,300,1
3115,19259,into,300,1
3116,19264,the,300,1
3117,19268,unknown,300,1
3118,19276,west,300,1
3119,19290,Penelope,300,1
3120,19299,s,300,1
3121,19301,eyes,300,1
3122,19306,glitter,300,1
3123,19314,with,300,1
3124,19319,excitement,300,1
3125,19336,PENELOPE,301,1
3126,19346,Chasing,301,1
3127,19354,the,301,1
3128,19358,escaping,301,1
3129,19367,sun,301,1
3130,19377,Penelope,301,1
3131,19386,looks,301,1
3132,19392,into,301,1
3133,19397,Odysseus,301,1
3134,19406,s,301,1
3135,19408,eyes,301,1
3136,19414,Sees,301,1
3137,19419,his,301,1
3138,19423,longing,301,1
3139,19439,PENELOPE,302,1
3140,19451,There,302,1
3141,19457,s,302,1
3142,19459,a,302,1
3143,19461,world,302,1
3144,19467,beyond,302,1
3145,19474,these,302,1
3146,19480,walls,302,1
3147,19490,Odysseus,302,1
3148,19499,shakes,302,1
3149,19506,off,302,1
3150,19510,her,302,1
3151,19514,vision,302,1
3152,19525,ODYSSEUS,303,1
3153,19535,Agamemnon,303,1
3154,19545,s,303,1
3155,19547,vengeance,303,1
3156,19557,would,303,1
3157,19563,fall,303,1
3158,19568,on,303,1
3159,19571,all,303,1
3160,19575,of,303,1
3161,19578,Ithaca,303,1
3162,19589,Odysseus,303,1
3163,19598,looks,303,1
3164,19604,at,303,1
3165,19607,Penelope,303,1
3166,19620,ODYSSEUS,304,1
3167,19630,Promise,304,1
3168,19638,me,304,1
3169,19642,If,304,1
3170,19647,m,304,1
3171,19649,not,304,1
3172,19653,back,304,1
3173,19658,by,304,1
3174,19661,the,304,1
3175,19665,time,304,1
3176,19670,Telemachus,304,1
3177,19681,comes,304,1
3178,19687,of,304,1
3179,19690,age,304,1
3180,19697,promise,304,1
3181,19705,you'll,304,1
3182,19712,take,304,1
3183,19717,another,304,1
3184,19725,husband,304,1
3185,19738,Penelope,304,1
3186,19747,SMACKS,304,1
3187,19754,his,304,1
3188,19758,face,304,1
3189,19767,ODYSSEUS,305,1
3190,19777,Enough,305,1
3191,19784,sacrifices,305,1
3192,19796,Promise,305,1
3193,19804,me,305,1
3194,19811,PENELOPE,306,1
3195,19823,Love,306,1
3196,19828,isn,306,1
3197,19832,t,306,1
3198,19834,a,306,1
3199,19836,sacrifice,306,1
3200,19850,ODYSSEUS,307,1
3201,19860,Of,307,1
3202,19863,course,307,1
3203,19870,it,307,1
3204,19873,is,307,1
3205,19877,And,307,1
3206,19881,I,307,1
3207,19883,don,307,1
3208,19887,t,307,1
3209,19889,want,307,1
3210,19894,you,307,1
3211,19898,to,307,1
3212,19901,make,307,1
3213,19906,it,307,1
3214,19913,PENELOPE,308,1
3215,19923,That,308,1
3216,19928,s,308,1
3217,19930,not,308,1
3218,19934,up,308,1
3219,19937,to,308,1
3220,19940,you,308,1
3221,19948,ODYSSEUS,309,1
3222,19960,Promise,309,1
3223,19968,me,309,1
3224,19975,She,309,1
3225,19979,looks,309,1
3226,19985,into,309,1
3227,19990,his,309,1
3228,19994,eyes,309,1
3229,20000,Sees,309,1
3230,20005,love,309,1
3231,20010,asking,309,1
3232,20021,PENELOPE,310,1
3233,20033,No,310,1
3234,20037,Promise,310,1
3235,20045,me,310,1
3236,20048,you,310,1
3237,20052,ll,310,1
3238,20055,come,310,1
3239,20060,back,310,1
3240,20069,Odysseus,310,1
3241,20078,looks,310,1
3242,20084,at,310,1
3243,20087,this,310,1
3244,20092,woman,310,1
3245,20099,Wanting,310,1
3246,20107,to,310,1
3247,20110,be,310,1
3248,20113,everything,310,1
3249,20124,for,310,1
3250,20128,her,310,1
3251,20136,ODYSSEUS,311,1
3252,20146,What,311,1
3253,20151,if,311,1
3254,20154,I,311,1
3255,20156,can,311,1
3256,20160,t,311,1
3257,20166,PENELOPE,312,1
3258,20178,Then,312,1
3259,20183,your,312,1
3260,20188,memory,312,1
3261,20195,won,312,1
3262,20199,t,312,1
3263,20201,be,312,1
3264,20204,making,312,1
3265,20211,my,312,1
3266,20214,decisions,312,1
3267,20228,She,312,1
3268,20232,lies,312,1
3269,20237,back,312,1
3270,20243,showing,312,1
3271,20251,him,312,1
3272,20255,a,312,1
3273,20257,decorative,312,1
3274,20268,pin,312,1
3275,20272,of,312,1
3276,20275,Athena,312,1
3277,20282,on,312,1
3278,20285,her,312,1
3279,20289,breast,312,1
3280,20300,PENELOPE,313,1
3281,20310,Take,313,1
3282,20315,my,313,1
3283,20318,pin,313,1
3284,20323,Wear,313,1
3285,20328,it,313,1
3286,20332,Always,313,1
3287,20340,Athena,313,1
3288,20347,will,313,1
3289,20352,bring,313,1
3290,20358,you,313,1
3291,20362,back,313,1
3292,20371,Odysseus,313,1
3293,20380,looks,313,1
3294,20386,at,313,1
3295,20389,the,313,1
3296,20393,pin,313,1
3297,20398,smiling,313,1
3298,20410,ODYSSEUS,314,1
3299,20422,I,314,1
3300,20424,m,314,1
3301,20426,not,314,1
3302,20430,sure,314,1
3303,20435,it,314,1
3304,20438,suits,314,1
3305,20444,me,314,1
3306,20451,PENELOPE,315,1
3307,20461,When,315,1
3308,20466,travellers,315,1
3309,20477,claim,315,1
3310,20483,to,315,1
3311,20486,have,315,1
3312,20491,seen,315,1
3313,20496,you,315,1
3314,20501,I'll,315,1
3315,20506,ask,315,1
3316,20510,them,315,1
3317,20515,what,315,1
3318,20520,you,315,1
3319,20525,were,315,1
3320,20530,wearing,315,1
3321,20544,Odysseus,315,1
3322,20553,removes,315,1
3323,20561,the,315,1
3324,20565,pin,315,1
3325,20569,from,315,1
3326,20574,her,315,1
3327,20578,dress,315,1
3328,20585,opening,315,1
3329,20593,it,315,1
3330,20602,PENELOPE,316,1
3331,20612,And,316,1
3332,20616,Ill,316,1
3333,20620,know,316,1
3334,20625,if,316,1
3335,20628,they,316,1
3336,20633,re,316,1
3337,20636,lying,316,1
3338,20646,Odysseus,316,1
3339,20655,and,316,1
3340,20659,Penelope,316,1
3341,20668,embrace,316,1
3342,20677,losing,316,1
3343,20684,themselves,316,1
3344,20695,in,316,1
3345,20698,each,316,1
3346,20703,other,316,1
3347,20713,EXT,317,1
3348,20718,PENELOPE,317,1
3349,20727,S,317,1
3350,20729,TERRACE,317,1
3351,20738,PALACE,317,1
3352,20745,OF,317,1
3353,20748,ITHACA,317,1
3354,20759,DAY,318,1
3355,20764,PRESENT,318,1
3356,20776,Penelope,318,1
3357,20785,heads,318,1
3358,20791,back,318,1
3359,20796,inside,318,1
3360,20811,PENELOPE,319,1
3361,20821,If,319,1
3362,20824,the,319,1
3363,20828,Sea,319,1
3364,20832,People,319,1
3365,20839,are,319,1
3366,20843,real,319,1
3367,20854,right,319,1
3368,20860,now,319,1
3369,20864,Ithaca,319,1
3370,20871,has,319,1
3371,20875,no,319,1
3372,20878,king,319,1
3373,20883,to,319,1
3374,20886,raise,319,1
3375,20893,an,319,1
3376,20896,army,319,1
3377,20905,INT,320,1
3378,20910,PENELOPE,320,1
3379,20919,S,320,1
3380,20921,CHAMBER,320,1
3381,20930,PALACE,320,1
3382,20937,OF,320,1
3383,20940,ITHACA,320,1
3384,20950,CONTINUOUS,321,1
3385,20964,Telemachus,321,1
3386,20975,follows,321,1
3387,20983,Penelope,321,1
3388,20992,back,321,1
3389,20997,to,321,1
3390,21000,her,321,1
3391,21004,loom,321,1
3392,21017,TELEMACHUS,322,1
3393,21029,I,322,1
3394,21031,could,322,1
3395,21037,take,322,1
3396,21042,the,322,1
3397,21046,throne,322,1
3398,21057,Penelope,322,1
3399,21066,looks,322,1
3400,21072,at,322,1
3401,21075,her,322,1
3402,21079,son,322,1
3403,21083,with,322,1
3404,21088,the,322,1
3405,21092,faintest,322,1
3406,21101,edge,322,1
3407,21106,of,322,1
3408,21109,scorn,322,1
3409,21119,She,322,1
3410,21123,goes,322,1
3411,21128,to,322,1
3412,21131,the,322,1
3413,21135,wall,322,1
3414,21141,where,322,1
3415,21147,Odysseus,322,1
3416,21156,s,322,1
3417,21158,HUNTING,322,1
3418,21166,BOW,322,1
3419,21170,is,322,1
3420,21173,displayed,322,1
3421,21185,its,322,1
3422,21189,string,322,1
3423,21196,wound,322,1
3424,21202,around,322,1
3425,21209,it,322,1
3426,21213,She,322,1
3427,21217,pulls,322,1
3428,21223,it,322,1
3429,21226,down,322,1
3430,21232,THRUSTS,322,1
3431,21240,it,322,1
3432,21243,at,322,1
3433,21247,Telemachus,322,1
3434,21262,PENELOPE,323,1
3435,21272,String,323,1
3436,21279,it,323,1
3437,21284,Telemachus,323,1
3438,21295,takes,323,1
3439,21301,it,323,1
3440,21306,TELEMACHUS,324,1
3441,21318,That,324,1
3442,21323,s,324,1
3443,21325,not,324,1
3444,21332,PENELOPE,325,1
3445,21342,String,325,1
3446,21349,it,325,1
3447,21356,Telemachus,325,1
3448,21367,unwinds,325,1
3449,21375,the,325,1
3450,21379,string,325,1
3451,21387,puts,325,1
3452,21392,one,325,1
3453,21396,end,325,1
3454,21400,of,325,1
3455,21403,the,325,1
3456,21407,bow,325,1
3457,21411,to,325,1
3458,21414,the,325,1
3459,21418,floor,325,1
3460,21425,and,325,1
3461,21429,tries,325,1
3462,21435,to,325,1
3463,21438,bend,325,1
3464,21443,the,325,1
3465,21447,bow,325,1
3466,21451,to,325,1
3467,21454,hook,325,1
3468,21459,the,325,1
3469,21463,string,325,1
3470,21470,on,325,1
3471,21473,the,325,1
3472,21477,top,325,1
3473,21482,With,325,1
3474,21487,ALL,325,1
3475,21491,HIS,325,1
3476,21496,STRENGTH,325,1
3477,21506,he,325,1
3478,21509,cannot,325,1
3479,21516,bend,325,1
3480,21521,the,325,1
3481,21525,bow,325,1
3482,21529,enough,325,1
3483,21537,Penelope,325,1
3484,21546,takes,325,1
3485,21552,the,325,1
3486,21556,bow,325,1
3487,21561,back,325,1
3488,21572,TELEMACHUS,326,1
3489,21584,That,326,1
3490,21589,s,326,1
3491,21591,not,326,1
3492,21595,fair,326,1
3493,21601,You,326,1
3494,21605,said,326,1
3495,21610,only,326,1
3496,21615,he,326,1
3497,21618,could,326,1
3498,21624,string,326,1
3499,21631,that,326,1
3500,21636,bow,326,1
3501,21644,PENELOPE,327,1
3502,21654,He,327,1
3503,21657,was,327,1
3504,21661,happy,327,1
3505,21667,to,327,1
3506,21670,let,327,1
3507,21674,others,327,1
3508,21681,try,327,1
3509,21691,INT,328,1
3510,21696,MEGARON,328,1
3511,21705,PALACE,328,1
3512,21712,OF,328,1
3513,21715,ITHACA,328,1
3514,21724,NIGHT,328,1
3515,21732,FLASHBACK,329,1
3516,21746,Servants,329,1
3517,21755,move,329,1
3518,21760,the,329,1
3519,21764,table,329,1
3520,21771,lever,329,1
3521,21777,up,329,1
3522,21780,the,329,1
3523,21784,flagstones,329,1
3524,21796,drive,329,1
3525,21802,the,329,1
3526,21806,axes,329,1
3527,21811,into,329,1
3528,21816,the,329,1
3529,21821,dirt,329,1
3530,21826,in,329,1
3531,21829,a,329,1
3532,21831,line,329,1
3533,21836,of,329,1
3534,21839,SIX,329,1
3535,21844,X,329,1
3536,21847,SHAPES,329,1
3537,21860,PENELOPE,330,1
3538,21871,V,331,1
3539,21873,O,331,1
3540,21880,He,331,1
3541,21883,d,331,1
3542,21885,line,331,1
3543,21890,up,331,1
3544,21893,the,331,1
3545,21897,axes,331,1
3546,21908,Odysseus,331,1
3547,21917,laughs,331,1
3548,21924,as,331,1
3549,21927,one,331,1
3550,21931,of,331,1
3551,21934,his,331,1
3552,21938,men,331,1
3553,21942,fails,331,1
3554,21948,to,331,1
3555,21951,string,331,1
3556,21958,the,331,1
3557,21962,bow,331,1
3558,21967,He,331,1
3559,21970,takes,331,1
3560,21976,it,331,1
3561,21980,and,331,1
3562,21984,calmly,331,1
3563,21991,bends,331,1
3564,21997,the,331,1
3565,22001,bow,331,1
3566,22005,to,331,1
3567,22008,string,331,1
3568,22015,it,331,1
3569,22019,Sits,331,1
3570,22024,at,331,1
3571,22027,the,331,1
3572,22031,end,331,1
3573,22035,of,331,1
3574,22038,the,331,1
3575,22042,hall,331,1
3576,22048,He,331,1
3577,22052,PLUCKS,331,1
3578,22059,the,331,1
3579,22063,bow,331,1
3580,22068,sounding,331,1
3581,22077,a,331,1
3582,22079,resonant,331,1
3583,22088,note,331,1
3584,22094,raises,331,1
3585,22101,the,331,1
3586,22105,bow,331,1
3587,22110,horizontally,331,1
3588,22124,fixes,331,1
3589,22130,an,331,1
3590,22133,ARROW,331,1
3591,22140,DRAWS,331,1
3592,22146,and,331,1
3593,22150,FIRES,331,1
3594,22162,As,331,1
3595,22165,the,331,1
3596,22169,arrow,331,1
3597,22175,flies,331,1
3598,22181,through,331,1
3599,22189,the,331,1
3600,22193,crosses,331,1
3601,22201,of,331,1
3602,22204,axes,331,1
3603,22209,and,331,1
3604,22213,STICKS,331,1
3605,22220,into,331,1
3606,22225,an,331,1
3607,22229,upturned,331,1
3608,22238,table,331,1
3609,22245,the,331,1
3610,22249,hall,331,1
3611,22254,erupts,331,1
3612,22261,ina,331,1
3613,22265,CHEER,331,1
3614,22276,INT,332,1
3615,22281,PENELOPE,332,1
3616,22290,S,332,1
3617,22292,CHAMBER,332,1
3618,22301,PALACE,332,1
3619,22308,OF,332,1
3620,22311,ITHACA,332,1
3621,22322,DAY,333,1
3622,22327,PRESENT,333,1
3623,22339,Penelope,333,1
3624,22348,looks,333,1
3625,22354,down,333,1
3626,22359,on,333,1
3627,22362,the,333,1
3628,22366,bow,333,1
3629,22370,with,333,1
3630,22375,great,333,1
3631,22381,pride,333,1
3632,22393,PENELOPE,334,1
3633,22403,No,334,1
3634,22406,one,334,1
3635,22410,else,334,1
3636,22415,ever,334,1
3637,22420,did,334,1
3638,22424,it,334,1
3639,22431,TELEMACHUS,335,1
3640,22443,Mom,335,1
3641,22448,they,335,1
3642,22453,re,335,1
3643,22456,bleeding,335,1
3644,22465,us,335,1
3645,22468,dry,335,1
3646,22472,so,335,1
3647,22475,you,335,1
3648,22479,ll,335,1
3649,22482,be,335,1
3650,22485,forced,335,1
3651,22492,to,335,1
3652,22495,choose,335,1
3653,22502,one,335,1
3654,22507,of,335,1
3655,22510,them,335,1
3656,22515,before,335,1
3657,22522,I,335,1
3658,22524,can,335,1
3659,22528,claim,335,1
3660,22534,the,335,1
3661,22538,throne,335,1
3662,22545,myself,335,1
3663,22553,The,335,1
3664,22557,traveller,335,1
3665,22567,told,335,1
3666,22573,me,335,1
3667,22576,Menelaus,335,1
3668,22585,returned,335,1
3669,22594,years,335,1
3670,22600,ago,335,1
3671,22605,They,335,1
3672,22611,ve,335,1
3673,22614,all,335,1
3674,22618,returned,335,1
3675,22632,PENELOPE,336,1
3676,22642,All,336,1
3677,22646,who,336,1
3678,22650,survived,336,1
3679,22660,Maybe,336,1
3680,22666,he,336,1
3681,22669,is,336,1
3682,22672,dead,336,1
3683,22681,TELEMACHUS,337,1
3684,22693,And,337,1
3685,22697,if,337,1
3686,22700,he,337,1
3687,22703,is,337,1
3688,22707,this,337,1
3689,22712,is,337,1
3690,22715,my,337,1
3691,22718,palace,337,1
3692,22726,We,337,1
3693,22729,need,337,1
3694,22734,to,337,1
3695,22737,know,337,1
3696,22743,I,337,1
3697,22745,need,337,1
3698,22750,to,337,1
3699,22753,go,337,1
3700,22756,to,337,1
3701,22760,Menelaus,337,1
3702,22769,and,337,1
3703,22773,find,337,1
3704,22778,out,337,1
3705,22782,the,337,1
3706,22786,truth,337,1
3707,22796,Penelope,337,1
3708,22805,looks,337,1
3709,22811,at,337,1
3710,22814,him,337,1
3711,22819,surprised,337,1
3712,22833,PENELOPE,338,1
3713,22843,Telemachus,338,1
3714,22855,these,338,1
3715,22861,suitors,338,1
3716,22869,mean,338,1
3717,22874,you,338,1
3718,22878,harm,338,1
3719,22887,TELEMACHUS,339,1
3720,22899,You,339,1
3721,22903,think,339,1
3722,22909,I,339,1
3723,22911,don,339,1
3724,22915,t,339,1
3725,22917,know,339,1
3726,22922,that,339,1
3727,22928,Every,339,1
3728,22934,night,339,1
3729,22940,they,339,1
3730,22945,push,339,1
3731,22950,me,339,1
3732,22953,to,339,1
3733,22956,give,339,1
3734,22962,them,339,1
3735,22967,the,339,1
3736,22971,excuse,339,1
3737,22978,they,339,1
3738,22983,need,339,1
3739,22992,PENELOPE,340,1
3740,23002,Out,340,1
3741,23006,there,340,1
3742,23012,on,340,1
3743,23015,the,340,1
3744,23019,sea,340,1
3745,23024,on,340,1
3746,23027,the,340,1
3747,23031,road,340,1
3748,23041,they,340,1
3749,23046,won,340,1
3750,23050,t,340,1
3751,23052,need,340,1
3752,23057,an,340,1
3753,23060,excuse,340,1
3754,23070,you,340,1
3755,23074,just,340,1
3756,23079,won,340,1
3757,23083,t,340,1
3758,23085,come,340,1
3759,23090,back,340,1
3760,23099,Telemachus,340,1
3761,23110,looks,340,1
3762,23116,at,340,1
3763,23119,her,340,1
3764,23124,Suspicious,340,1
3765,23139,TELEMACHUS,341,1
3766,23151,You,341,1
3767,23155,don,341,1
3768,23159,t,341,1
3769,23161,want,341,1
3770,23166,me,341,1
3771,23169,to,341,1
3772,23172,claim,341,1
3773,23178,the,341,1
3774,23182,throne,341,1
3775,23189,myself,341,1
3776,23197,You,341,1
3777,23201,want,341,1
3778,23206,to,341,1
3779,23209,keep,341,1
3780,23215,me,341,1
3781,23218,in,341,1
3782,23221,my,341,1
3783,23224,place,341,1
3784,23231,So,341,1
3785,23234,you,341,1
3786,23238,can,341,1
3787,23242,stay,341,1
3788,23247,Queen,341,1
3789,23253,of,341,1
3790,23256,Ithaca,341,1
3791,23267,PENELOPE,342,1
3792,23278,frustrated,342,1
3793,23291,I,342,1
3794,23293,ve,342,1
3795,23296,had,342,1
3796,23300,enough,342,1
3797,23307,of,342,1
3798,23310,being,342,1
3799,23316,Queen,342,1
3800,23322,of,342,1
3801,23325,Ithaca,342,1
3802,23332,without,342,1
3803,23340,my,342,1
3804,23343,King,342,1
3805,23352,TELEMACHUS,343,1
3806,23364,Without,343,1
3807,23372,your,343,1
3808,23377,king,343,1
3809,23388,or,343,1
3810,23391,without,343,1
3811,23399,a,343,1
3812,23401,king,343,1
3813,23410,Penelope,343,1
3814,23419,shakes,343,1
3815,23426,her,343,1
3816,23430,head,343,1
3817,23436,frustrated,343,1
3818,23451,PENELOPE,344,1
3819,23461,And,344,1
3820,23465,you,344,1
3821,23469,think,344,1
3822,23475,you,344,1
3823,23479,re,344,1
3824,23482,ready,344,1
3825,23488,to,344,1
3826,23491,take,344,1
3827,23496,your,344,1
3828,23501,father,344,1
3829,23508,s,344,1
3830,23510,place,344,1
3831,23517,You,344,1
3832,23521,re,344,1
3833,23524,a,344,1
3834,23527,child,344,1
3835,23537,She,344,1
3836,23541,goes,344,1
3837,23546,back,344,1
3838,23551,to,344,1
3839,23554,her,344,1
3840,23558,work,344,1
3841,23567,INT,345,1
3842,23572,MEGARON,345,1
3843,23581,PALACE,345,1
3844,23588,OF,345,1
3845,23591,ITHACA,345,1
3846,23601,NIGHT,345,1
3847,23608,Telemachus,346,1
3848,23620,fuming,346,1
3849,23628,watches,346,1
3850,23636,the,346,1
3851,23640,Suitors,346,1
3852,23648,FEAST,346,1
3853,23658,Eumaeus,346,1
3854,23667,sitting,346,1
3855,23675,at,346,1
3856,23678,the,346,1
3857,23682,side,346,1
3858,23688,hears,346,1
3859,23694,a,346,1
3860,23696,male,346,1
3861,23701,servant,346,1
3862,23709,come,346,1
3863,23714,rushing,346,1
3864,23724,SPURS,346,1
3865,23730,JANGLING,346,1
3866,23741,he,346,1
3867,23744,STICKS,346,1
3868,23751,out,346,1
3869,23755,a,346,1
3870,23757,restraining,346,1
3871,23769,hand,346,1
3872,23776,his,346,1
3873,23780,palm,346,1
3874,23786,hitting,346,1
3875,23794,the,346,1
3876,23798,middle,346,1
3877,23805,of,346,1
3878,23808,the,346,1
3879,23812,servant,346,1
3880,23820,s,346,1
3881,23822,chest,346,1
3882,23832,EUMAEUS,347,1
3883,23841,Too,347,1
3884,23845,loud,347,1
3885,23851,Melanthius,347,1
3886,23863,Don,347,1
3887,23867,t,347,1
3888,23869,wear,347,1
3889,23874,your,347,1
3890,23879,spurs,347,1
3891,23885,in,347,1
3892,23888,the,347,1
3893,23892,palace,347,1
3894,23901,You,347,1
3895,23905,re,347,1
3896,23908,a,347,1
3897,23910,cowherd,347,1
3898,23918,not,347,1
3899,23922,a,347,1
3900,23924,horseman,347,1
3901,23937,The,347,1
3902,23941,Servant,347,1
3903,23950,MELANTHIUS,347,1
3904,23962,turns,347,1
3905,23968,on,347,1
3906,23971,Eumaeus,347,1
3907,23983,MELANTHIUS,348,1
3908,23995,And,348,1
3909,23999,you,348,1
3910,24003,re,348,1
3911,24006,a,348,1
3912,24008,pig,348,1
3913,24012,farmer,348,1
3914,24020,Who,348,1
3915,24024,re,348,1
3916,24027,you,348,1
3917,24031,to,348,1
3918,24034,talk,348,1
3919,24039,to,348,1
3920,24042,me,348,1
3921,24045,like,348,1
3922,24050,that,348,1
3923,24059,EUMAEUS,349,1
3924,24068,The,349,1
3925,24072,servant,349,1
3926,24080,our,349,1
3927,24084,master,349,1
3928,24091,left,349,1
3929,24096,in,349,1
3930,24099,charge,349,1
3931,24106,of,349,1
3932,24109,his,349,1
3933,24113,herdsmen,349,1
3934,24126,MELANTHIUS,350,1
3935,24138,That,350,1
3936,24143,master,350,1
3937,24150,s,350,1
3938,24152,long,350,1
3939,24157,gone,350,1
3940,24163,you,350,1
3941,24167,blind,350,1
3942,24173,old,350,1
3943,24177,fool,350,1
3944,24183,You,350,1
3945,24187,re,350,1
3946,24190,as,350,1
3947,24193,welcome,350,1
3948,24202,here,350,1
3949,24207,as,350,1
3950,24210,that,350,1
3951,24215,old,350,1
3952,24219,dog,350,1
3953,24223,bothering,350,1
3954,24233,the,350,1
3955,24237,suitors,350,1
3956,24254,EUMAEUS,351,1
3957,24263,Argus,351,1
3958,24273,Eumaeus,351,1
3959,24281,shuffles,351,1
3960,24290,over,351,1
3961,24295,to,351,1
3962,24298,the,351,1
3963,24302,table,351,1
3964,24309,trying,351,1
3965,24316,to,351,1
3966,24319,find,351,1
3967,24324,Argus,351,1
3968,24334,EUMAEUS,352,1
3969,24343,Argus,352,1
3970,24351,Polybus,352,1
3971,24359,notices,352,1
3972,24367,the,352,1
3973,24371,old,352,1
3974,24375,dog,352,1
3975,24379,at,352,1
3976,24382,his,352,1
3977,24386,feet,352,1
3978,24392,He,352,1
3979,24395,KICKS,352,1
3980,24401,it,352,1
3981,24404,away,352,1
3982,24409,in,352,1
3983,24412,disgust,352,1
3984,24423,Argus,352,1
3985,24429,WHIMPERS,352,1
3986,24442,EUMAEUS,353,1
3987,24451,Hey,353,1
3988,24456,He,353,1
3989,24459,didn,353,1
3990,24464,t,353,1
3991,24466,do,353,1
3992,24469,anything,353,1
3993,24482,POLYBUS,354,1
3994,24491,So,354,1
3995,24494,that,354,1
3996,24499,stink,354,1
3997,24505,is,354,1
3998,24508,you,354,1
3999,24516,Laughter,354,1
4000,24526,Telemachus,354,1
4001,24538,blood,354,1
4002,24544,up,354,1
4003,24548,comes,354,1
4004,24554,over,354,1
4005,24560,Antinous,354,1
4006,24569,watches,354,1
4007,24579,interested,354,1
4008,24594,TELEMACHUS,355,1
4009,24606,Leave,355,1
4010,24612,the,355,1
4011,24616,old,355,1
4012,24620,dog,355,1
4013,24624,alone,355,1
4014,24634,POLYBUS,356,1
4015,24643,Which,356,1
4016,24649,one,356,1
4017,24657,EUMAEUS,357,1
4018,24666,Both,357,1
4019,24671,of,357,1
4020,24674,us,357,1
4021,24681,POLYBUS,358,1
4022,24690,What,358,1
4023,24695,did,358,1
4024,24699,you,358,1
4025,24703,say,358,1
4026,24707,to,358,1
4027,24710,me,358,1
4028,24714,slave,358,1
4029,24724,TELEMACHUS,359,1
4030,24736,He,359,1
4031,24739,got,359,1
4032,24743,carried,359,1
4033,24751,away,359,1
4034,24757,Argus,359,1
4035,24763,is,359,1
4036,24766,my,359,1
4037,24769,father,359,1
4038,24776,s,359,1
4039,24778,hunting,359,1
4040,24786,dog,359,1
4041,24794,Polybus,359,1
4042,24802,LAUGHS,359,1
4043,24813,POLYBUS,360,1
4044,24822,Hunting,360,1
4045,24830,dog,360,1
4046,24835,Look,360,1
4047,24840,at,360,1
4048,24843,that,360,1
4049,24848,thing,360,1
4050,24855,Get,360,1
4051,24859,it,360,1
4052,24862,out,360,1
4053,24866,of,360,1
4054,24869,here,360,1
4055,24875,we,360,1
4056,24878,re,360,1
4057,24881,trying,360,1
4058,24889,to,360,1
4059,24892,eat,360,1
4060,24901,Polybus,360,1
4061,24909,KICKS,360,1
4062,24915,Argus,360,1
4063,24921,again,360,1
4064,24931,TELEMACHUS,361,1
4065,24943,Don,361,1
4066,24947,t,361,1
4067,24950,Can,361,1
4068,24954,t,361,1
4069,24956,you,361,1
4070,24960,hear,361,1
4071,24965,it,361,1
4072,24968,s,361,1
4073,24970,in,361,1
4074,24973,pain,361,1
4075,24982,POLYBUS,362,1
4076,24991,Okay,362,1
4077,25002,Polybus,362,1
4078,25010,GRABS,362,1
4079,25016,Argus,362,1
4080,25028,POLYBUS,363,1
4081,25037,Pll,363,1
4082,25041,put,363,1
4083,25045,it,363,1
4084,25048,out,363,1
4085,25052,of,363,1
4086,25055,its,363,1
4087,25059,misery,363,1
4088,25070,EUMAEUS,364,1
4089,25079,Leave,364,1
4090,25085,him,364,1
4091,25089,alone,364,1
4092,25099,Eumaeus,364,1
4093,25107,GRABS,364,1
4094,25113,Polybus,364,1
4095,25121,s,364,1
4096,25123,arm,364,1
4097,25129,Polybus,364,1
4098,25137,KICKS,364,1
4099,25143,him,364,1
4100,25147,away,364,1
4101,25157,Telemachus,364,1
4102,25169,enraged,364,1
4103,25178,rushes,364,1
4104,25185,to,364,1
4105,25188,the,364,1
4106,25192,wall,364,1
4107,25198,pulling,364,1
4108,25206,a,364,1
4109,25208,SWORD,364,1
4110,25214,from,364,1
4111,25219,its,364,1
4112,25224,place,364,1
4113,25230,and,364,1
4114,25234,rushing,364,1
4115,25242,towards,364,1
4116,25250,Polybus,364,1
4117,25260,SWINGING,364,1
4118,25274,Polybus,364,1
4119,25282,DROPS,364,1
4120,25288,the,364,1
4121,25292,dog,364,1
4122,25297,DODGES,364,1
4123,25304,the,364,1
4124,25308,reckless,364,1
4125,25317,attack,364,1
4126,25325,SMASHING,364,1
4127,25335,Telemachus,364,1
4128,25346,to,364,1
4129,25349,the,364,1
4130,25353,floor,364,1
4131,25360,disarming,364,1
4132,25370,him,364,1
4133,25374,and,364,1
4134,25378,raising,364,1
4135,25386,the,364,1
4136,25390,sword,364,1
4137,25401,ANTINOUS,365,1
4138,25411,Easy,365,1
4139,25417,Polybus,365,1
4140,25429,Antinous,365,1
4141,25438,steps,365,1
4142,25444,up,365,1
4143,25447,beside,365,1
4144,25454,Polybus,365,1
4145,25471,POLYBUS,366,1
4146,25480,You,366,1
4147,25484,saw,366,1
4148,25489,You,366,1
4149,25493,all,366,1
4150,25497,saw,366,1
4151,25502,He,366,1
4152,25505,attacked,366,1
4153,25514,me,366,1
4154,25518,I,366,1
4155,25520,have,366,1
4156,25525,the,366,1
4157,25529,right,366,1
4158,25539,PENELOPE,367,1
4159,25550,O,368,1
4160,25552,S,368,1
4161,25557,Please,368,1
4162,25568,Penelope,368,1
4163,25577,slides,368,1
4164,25584,back,368,1
4165,25589,the,368,1
4166,25593,screen,368,1
4167,25601,SHOWING,368,1
4168,25609,HERSELF,368,1
4169,25617,to,368,1
4170,25620,the,368,1
4171,25624,Suitors,368,1
4172,25634,The,368,1
4173,25638,hall,368,1
4174,25643,falls,368,1
4175,25649,quiet,368,1
4176,25659,PENELOPE,369,1
4177,25669,Please,369,1
4178,25676,don,369,1
4179,25680,t,369,1
4180,25682,hurt,369,1
4181,25687,my,369,1
4182,25690,son,369,1
4183,25700,Antinous,369,1
4184,25709,looks,369,1
4185,25715,at,369,1
4186,25718,Penelope,369,1
4187,25728,then,369,1
4188,25733,turns,369,1
4189,25739,back,369,1
4190,25744,to,369,1
4191,25747,Polybus,369,1
4192,25760,ANTINOUS,370,1
4193,25770,The,370,1
4194,25774,young,370,1
4195,25780,pup,370,1
4196,25784,lost,370,1
4197,25789,his,370,1
4198,25793,head,370,1
4199,25799,Show,370,1
4200,25804,some,370,1
4201,25809,mercy,370,1
4202,25824,Antinous,370,1
4203,25833,gently,370,1
4204,25840,takes,370,1
4205,25846,the,370,1
4206,25850,sword,370,1
4207,25856,from,370,1
4208,25861,Polybus,370,1
4209,25878,ANTINOUS,371,1
4210,25888,Drink,371,1
4211,25894,some,371,1
4212,25899,more,371,1
4213,25904,of,371,1
4214,25907,his,371,1
4215,25911,wine,371,1
4216,25917,I'll,371,1
4217,25922,take,371,1
4218,25927,care,371,1
4219,25932,of,371,1
4220,25935,this,371,1
4221,25944,Antinous,371,1
4222,25953,scoops,371,1
4223,25960,up,371,1
4224,25963,the,371,1
4225,25967,limp,371,1
4226,25972,Argus,371,1
4227,25979,Telemachus,371,1
4228,25990,gets,371,1
4229,25995,up,371,1
4230,26003,TELEMACHUS,372,1
4231,26015,That,372,1
4232,26020,s,372,1
4233,26022,my,372,1
4234,26025,father,372,1
4235,26032,s,372,1
4236,26034,dog,372,1
4237,26039,He,372,1
4238,26042,s,372,1
4239,26044,only,372,1
4240,26049,living,372,1
4241,26056,to,372,1
4242,26059,see,372,1
4243,26063,Odysseus,372,1
4244,26072,return,372,1
4245,26083,ANTINOUS,373,1
4246,26093,Fine,373,1
4247,26099,ll,373,1
4248,26102,put,373,1
4249,26106,him,373,1
4250,26110,on,373,1
4251,26113,the,373,1
4252,26117,dung,373,1
4253,26122,heap,373,1
4254,26127,out,373,1
4255,26131,front,373,1
4256,26137,so,373,1
4257,26140,he,373,1
4258,26143,can,373,1
4259,26147,greet,373,1
4260,26153,his,373,1
4261,26158,master,373,1
4262,26165,a,373,1
4263,26167,little,373,1
4264,26174,sooner,373,1
4265,26185,As,373,1
4266,26188,cruel,373,1
4267,26194,LAUGHTER,373,1
4268,26203,erupts,373,1
4269,26211,Antinous,373,1
4270,26220,steps,373,1
4271,26226,across,373,1
4272,26233,the,373,1
4273,26237,threshold,373,1
4274,26247,and,373,1
4275,26252,DROPS,373,1
4276,26258,him,373,1
4277,26262,onto,373,1
4278,26267,the,373,1
4279,26271,dung,373,1
4280,26276,pile,373,1
4281,26281,in,373,1
4282,26284,the,373,1
4283,26288,courtyard,373,1
4284,26299,He,373,1
4285,26302,comes,373,1
4286,26308,back,373,1
4287,26313,in,373,1
4288,26318,maintaining,373,1
4289,26330,eye,373,1
4290,26334,contact,373,1
4291,26342,with,373,1
4292,26347,Telemachus,373,1
4293,26359,Eumaeus,373,1
4294,26367,places,373,1
4295,26374,a,373,1
4296,26377,restraining,373,1
4297,26389,hand,373,1
4298,26394,on,373,1
4299,26397,Telemachus,373,1
4300,26408,s,373,1
4301,26410,arm,373,1
4302,26415,Antinous,373,1
4303,26424,comes,373,1
4304,26430,close,373,1
4305,26442,ANTINOUS,374,1
4306,26452,The,374,1
4307,26456,dog,374,1
4308,26460,stays,374,1
4309,26466,out,374,1
4310,26470,there,374,1
4311,26479,indicates,374,1
4312,26489,Eumaeus,374,1
4313,26501,Maybe,374,1
4314,26507,think,374,1
4315,26513,twice,374,1
4316,26519,before,374,1
4317,26526,you,374,1
4318,26530,offer,374,1
4319,26536,up,374,1
4320,26539,your,374,1
4321,26544,life,374,1
4322,26549,for,374,1
4323,26553,an,374,1
4324,26556,animal,374,1
4325,26567,Telemachus,374,1
4326,26578,GLARES,374,1
4327,26585,at,374,1
4328,26588,Antinous,374,1
4329,26600,then,374,1
4330,26605,TURNS,374,1
4331,26611,and,374,1
4332,26615,leaves,374,1
4333,26627,INT,375,1
4334,26632,CORRIDOR,375,1
4335,26642,PALACE,375,1
4336,26649,OF,375,1
4337,26652,ITHACA,375,1
4338,26661,MOMENTS,375,1
4339,26670,LATER,376,1
4340,26679,Telemachus,376,1
4341,26690,stalks,376,1
4342,26697,down,376,1
4343,26702,the,376,1
4344,26706,corridor,376,1
4345,26716,He,376,1
4346,26719,grabs,376,1
4347,26725,the,376,1
4348,26729,Old,376,1
4349,26733,Nursemaid,376,1
4350,26747,TELEMACHUS,377,1
4351,26759,Prepare,377,1
4352,26767,supplies,377,1
4353,26777,get,377,1
4354,26781,them,377,1
4355,26786,down,377,1
4356,26791,to,377,1
4357,26794,the,377,1
4358,26798,ships,377,1
4359,26805,Tell,377,1
4360,26810,no,377,1
4361,26813,one,377,1
4362,26818,Use,377,1
4363,26823,only,377,1
4364,26828,the,377,1
4365,26832,people,377,1
4366,26839,you,377,1
4367,26843,trust,377,1
4368,26853,OLD,378,1
4369,26857,NURSEMAID,378,1
4370,26868,You'll,378,1
4371,26875,break,378,1
4372,26881,your,378,1
4373,26886,mother,378,1
4374,26893,s,378,1
4375,26895,heart,378,1
4376,26905,TELEMACHUS,379,1
4377,26917,If,379,1
4378,26920,I,379,1
4379,26922,stay,379,1
4380,26928,they'll,379,1
4381,26936,force,379,1
4382,26942,me,379,1
4383,26945,to,379,1
4384,26948,fight,379,1
4385,26955,No,379,1
4386,26958,one,379,1
4387,26962,will,379,1
4388,26967,back,379,1
4389,26972,me,379,1
4390,26977,I,379,1
4391,26979,have,379,1
4392,26984,to,379,1
4393,26987,find,379,1
4394,26992,out,379,1
4395,26996,what,379,1
4396,27001,happened,379,1
4397,27010,to,379,1
4398,27013,my,379,1
4399,27016,father,379,1
4400,27024,Ithaca,379,1
4401,27031,will,379,1
4402,27036,be,379,1
4403,27040,behind,379,1
4404,27047,me,379,1
4405,27050,if,379,1
4406,27053,they,379,1
4407,27058,know,379,1
4408,27063,Odysseus,379,1
4409,27072,is,379,1
4410,27075,dead,379,1
4411,27084,OLD,380,1
4412,27088,NURSEMAID,380,1
4413,27099,The,380,1
4414,27103,suitors,380,1
4415,27111,aren,380,1
4416,27116,t,380,1
4417,27118,going,380,1
4418,27124,to,380,1
4419,27127,let,380,1
4420,27131,that,380,1
4421,27136,happen,380,1
4422,27144,You,380,1
4423,27148,ll,380,1
4424,27151,never,380,1
4425,27157,make,380,1
4426,27162,it,380,1
4427,27166,back,380,1
4428,27171,alive,380,1
4429,27179,TELEMACHUS,381,1
4430,27193,Tell,381,1
4431,27198,Mentor,381,1
4432,27205,to,381,1
4433,27208,meet,381,1
4434,27213,me,381,1
4435,27216,at,381,1
4436,27219,the,381,1
4437,27223,ships,381,1
4438,27229,just,381,1
4439,27234,before,381,1
4440,27241,dawn,381,1
4441,27250,OLD,382,1
4442,27254,NURSEMAID,382,1
4443,27265,What,382,1
4444,27270,should,382,1
4445,27277,I,382,1
4446,27279,tell,382,1
4447,27284,your,382,1
4448,27289,mother,382,1
4449,27300,TELEMACHUS,383,1
4450,27312,Nothing,383,1
4451,27321,till,383,1
4452,27326,we,383,1
4453,27329,re,383,1
4454,27332,out,383,1
4455,27336,of,383,1
4456,27339,sight,383,1
4457,27345,of,383,1
4458,27348,land,383,1
4459,27354,Then,383,1
4460,27359,tell,383,1
4461,27364,her,383,1
4462,27368,to,383,1
4463,27371,hold,383,1
4464,27376,out,383,1
4465,27381,as,383,1
4466,27384,long,383,1
4467,27389,as,383,1
4468,27392,she,383,1
4469,27396,can,383,1
4470,27404,EXT,384,1
4471,27409,DOCKS,384,1
4472,27416,ITHACA,384,1
4473,27425,FIRST,384,1
4474,27431,LIGHT,384,1
4475,27440,Telemachus,385,1
4476,27451,makes,385,1
4477,27457,his,385,1
4478,27461,way,385,1
4479,27465,to,385,1
4480,27468,a,385,1
4481,27470,ship,385,1
4482,27476,Mentor,385,1
4483,27483,falls,385,1
4484,27489,in,385,1
4485,27492,beside,385,1
4486,27499,him,385,1
4487,27507,MENTOR,386,1
4488,27515,Ship,386,1
4489,27520,s,386,1
4490,27522,ready,386,1
4491,27529,Tide,386,1
4492,27534,s,386,1
4493,27536,right,386,1
4494,27546,They,386,1
4495,27551,step,386,1
4496,27556,onto,386,1
4497,27561,the,386,1
4498,27565,ship,386,1
4499,27574,EXT,387,1
4500,27579,SHIP,387,1
4501,27586,MOMENTS,387,1
4502,27594,LATER,387,1
4503,27603,As,388,1
4504,27606,the,388,1
4505,27610,ship,388,1
4506,27615,casts,388,1
4507,27621,off,388,1
4508,27626,Telemachus,388,1
4509,27637,and,388,1
4510,27641,Mentor,388,1
4511,27648,look,388,1
4512,27653,out,388,1
4513,27657,to,388,1
4514,27660,the,388,1
4515,27665,brightening,388,1
4516,27677,horizon,388,1
4517,27689,TELEMACHUS,389,1
4518,27701,You,389,1
4519,27705,haven,389,1
4520,27711,t,389,1
4521,27713,even,389,1
4522,27718,asked,389,1
4523,27724,where,389,1
4524,27730,we,389,1
4525,27733,re,389,1
4526,27736,going,389,1
4527,27746,Mentor,389,1
4528,27753,smiles,389,1
4529,27764,TELEMACHUS,390,1
4530,27776,I,390,1
4531,27778,never,390,1
4532,27784,noticed,390,1
4533,27792,before,390,1
4534,27800,You,390,1
4535,27804,have,390,1
4536,27809,wise,390,1
4537,27814,eyes,390,1
4538,27820,Athena,390,1
4539,27827,s,390,1
4540,27829,eyes,390,1
4541,27838,MENTOR,391,1
4542,27846,Where,391,1
4543,27852,are,391,1
4544,27856,we,391,1
4545,27859,going,391,1
4546,27869,TELEMACHUS,392,1
4547,27881,To,392,1
4548,27884,find,392,1
4549,27889,my,392,1
4550,27892,dad,392,1
4551,27897,He,392,1
4552,27900,s,392,1
4553,27902,alive,392,1
4554,27909,I,392,1
4555,27911,feel,392,1
4556,27916,it,392,1
4557,27919,in,392,1
4558,27922,the,392,1
4559,27926,wind,392,1
4560,27932,in,392,1
4561,27935,the,392,1
4562,27939,waves,392,1
4563,27949,he,392,1
4564,27952,s,392,1
4565,27954,out,392,1
4566,27958,there,392,1
4567,27964,somewhere,392,1
4568,27975,Wandering,392,1
4569,27986,Injured,392,1
4570,27995,Imprisoned,392,1
4571,28007,I,392,1
4572,28010,don,392,1
4573,28014,t,392,1
4574,28016,know,392,1
4575,28024,but,392,1
4576,28028,alive,392,1
4577,28040,And,392,1
4578,28044,we,392,1
4579,28047,CUT,392,1
4580,28051,TO,392,1
4581,28058,EXT,393,1
4582,28063,ROCKY,393,1
4583,28069,BEACH,393,1
4584,28077,DAY,393,1
4585,28084,We,394,1
4586,28087,approach,394,1
4587,28096,a,394,1
4588,28098,figure,394,1
4589,28105,staring,394,1
4590,28113,out,394,1
4591,28117,at,394,1
4592,28120,the,394,1
4593,28124,ocean,394,1
4594,28131,ODYSSEUS,394,1
4595,28141,now,394,1
4596,28145,fifty,394,1
4597,28153,grizzled,394,1
4598,28163,HEAVY,394,1
4599,28169,GREY,394,1
4600,28174,BEARD,394,1
4601,28180,and,394,1
4602,28184,eyes,394,1
4603,28189,that,394,1
4604,28194,have,394,1
4605,28199,seen,394,1
4606,28204,too,394,1
4607,28208,much,394,1
4608,28215,trying,394,1
4609,28222,to,394,1
4610,28225,solve,394,1
4611,28231,an,394,1
4612,28234,impossible,394,1
4613,28245,riddle,394,1
4614,28257,INSERT,394,1
4615,28264,CUT,394,1
4616,28269,in,394,1
4617,28272,CLAUSTROPHOBIC,394,1
4618,28287,DARKNESS,394,1
4619,28296,packed,394,1
4620,28303,with,394,1
4621,28308,MEN,394,1
4622,28314,Odysseus,394,1
4623,28323,pulls,394,1
4624,28329,himself,394,1
4625,28337,up,394,1
4626,28340,out,394,1
4627,28344,of,394,1
4628,28347,RISING,394,1
4629,28354,WATER,394,1
4630,28361,A,394,1
4631,28363,warrior,394,1
4632,28371,below,394,1
4633,28380,him,394,1
4634,28384,is,394,1
4635,28387,submerged,394,1
4636,28399,Odysseus,394,1
4637,28408,hands,394,1
4638,28414,him,394,1
4639,28418,a,394,1
4640,28420,REED,394,1
4641,28425,to,394,1
4642,28428,breathe,394,1
4643,28436,through,394,1
4644,28449,Odysseus,394,1
4645,28458,PUZZLES,394,1
4646,28466,over,394,1
4647,28471,the,394,1
4648,28475,image,394,1
4649,28482,walks,394,1
4650,28488,through,394,1
4651,28496,the,394,1
4652,28500,shallows,394,1
4653,28509,to,394,1
4654,28513,where,394,1
4655,28519,a,394,1
4656,28521,piece,394,1
4657,28527,of,394,1
4658,28530,WEATHERED,394,1
4659,28540,WOOD,394,1
4660,28545,protrudes,394,1
4661,28563,FEMALE,395,1
4662,28570,VOICE,395,1
4663,28578,O,396,1
4664,28580,S,396,1
4665,28585,More,396,1
4666,28590,dreams,396,1
4667,28601,A,396,1
4668,28603,dark,396,1
4669,28608,haired,396,1
4670,28615,WOMAN,396,1
4671,28621,in,396,1
4672,28624,her,396,1
4673,28628,twenties,396,1
4674,28637,with,396,1
4675,28642,GREY,396,1
4676,28647,EYES,396,1
4677,28652,is,396,1
4678,28655,next,396,1
4679,28660,to,396,1
4680,28664,him,396,1
4681,28669,THIS,396,1
4682,28674,IS,396,1
4683,28677,ATHENA,396,1
4684,28688,ODYSSEUS,397,1
4685,28699,puzzled,397,1
4686,28709,Men,397,1
4687,28713,drowning,397,1
4688,28723,Inside,397,1
4689,28734,some,397,1
4690,28742,dark,397,1
4691,28747,space,397,1
4692,28759,INSERT,397,1
4693,28766,CUT,397,1
4694,28771,a,397,1
4695,28773,STONE,397,1
4696,28779,HEAD,397,1
4697,28784,from,397,1
4698,28789,a,397,1
4699,28791,STATUE,397,1
4700,28798,of,397,1
4701,28801,Athena,397,1
4702,28808,settles,397,1
4703,28816,on,397,1
4704,28820,dirty,397,1
4705,28826,marble,397,1
4706,28834,ROCKING,397,1
4707,28842,from,397,1
4708,28847,side,397,1
4709,28852,to,397,1
4710,28855,side,397,1
4711,28860,in,397,1
4712,28863,FLICKERING,397,1
4713,28875,FIRELIGHT,398,1
4714,28891,ODYSSEUS,399,1
4715,28903,Firelight,399,1
4716,28913,on,399,1
4717,28916,stone,399,1
4718,28927,I,399,1
4719,28929,don,399,1
4720,28933,t,399,1
4721,28935,know,399,1
4722,28944,He,399,1
4723,28947,shakes,399,1
4724,28954,off,399,1
4725,28958,the,399,1
4726,28962,image,399,1
4727,28969,pulls,399,1
4728,28975,the,399,1
4729,28979,plank,399,1
4730,28985,from,399,1
4731,28990,the,399,1
4732,28994,water,399,1
4733,29001,brushing,399,1
4734,29010,his,399,1
4735,29015,rough,399,1
4736,29021,hands,399,1
4737,29027,across,399,1
4738,29034,the,399,1
4739,29038,bleached,399,1
4740,29047,smooth,399,1
4741,29054,surface,399,1
4742,29062,of,399,1
4743,29065,the,399,1
4744,29069,plank,399,1
4745,29083,ATHENA,400,1
4746,29091,Don,400,1
4747,29095,t,400,1
4748,29097,you,400,1
4749,29101,want,400,1
4750,29106,to,400,1
4751,29109,remember,400,1
4752,29122,He,400,1
4753,29125,turns,400,1
4754,29131,to,400,1
4755,29134,her,400,1
4756,29139,frustrated,400,1
4757,29155,ODYSSEUS,401,1
4758,29165,Why,401,1
4759,29169,can,401,1
4760,29173,t,401,1
4761,29175,Gods,401,1
4762,29180,speak,401,1
4763,29186,in,401,1
4764,29189,ways,401,1
4765,29194,we,401,1
4766,29197,understand,401,1
4767,29212,She,401,1
4768,29216,shakes,401,1
4769,29223,her,401,1
4770,29227,head,401,1
4771,29232,at,401,1
4772,29235,him,401,1
4773,29243,ATHENA,402,1
4774,29251,Who,402,1
4775,29255,doesn,402,1
4776,29261,t,402,1
4777,29263,understand,402,1
4778,29274,thunder,402,1
4779,29283,Or,402,1
4780,29286,fire,402,1
4781,29292,A,402,1
4782,29294,child,402,1
4783,29300,s,402,1
4784,29302,smile,402,1
4785,29309,Or,402,1
4786,29312,a,402,1
4787,29315,good,402,1
4788,29320,harvest,402,1
4789,29332,ODYSSEUS,403,1
4790,29344,But,403,1
4791,29348,you,403,1
4792,29352,hide,403,1
4793,29357,yourselves,403,1
4794,29368,from,403,1
4795,29373,us,403,1
4796,29380,She,403,1
4797,29384,points,403,1
4798,29391,at,403,1
4799,29394,the,403,1
4800,29398,sky,403,1
4801,29408,ATHENA,404,1
4802,29416,Just,404,1
4803,29421,look,404,1
4804,29428,who,404,1
4805,29432,s,404,1
4806,29434,moving,404,1
4807,29441,that,404,1
4808,29446,cloud,404,1
4809,29452,or,404,1
4810,29455,massing,404,1
4811,29463,those,404,1
4812,29469,birds,404,1
4813,29476,Or,404,1
4814,29480,darkening,404,1
4815,29490,the,404,1
4816,29494,sky,404,1
4817,29502,Odysseus,404,1
4818,29511,looks,404,1
4819,29517,at,404,1
4820,29520,the,404,1
4821,29524,sky,404,1
4822,29529,When,404,1
4823,29534,he,404,1
4824,29537,turns,404,1
4825,29543,back,404,1
4826,29549,Athena,404,1
4827,29556,is,404,1
4828,29559,GONE,404,1
4829,29570,From,404,1
4830,29575,farther,404,1
4831,29583,out,404,1
4832,29587,in,404,1
4833,29590,the,404,1
4834,29594,shallows,404,1
4835,29604,a,404,1
4836,29606,BEAUTIFUL,404,1
4837,29616,BLONDE,404,1
4838,29623,WOMAN,404,1
4839,29630,approaches,404,1
4840,29641,carrying,404,1
4841,29650,a,404,1
4842,29652,short,404,1
4843,29658,spear,404,1
4844,29664,and,404,1
4845,29668,fish,404,1
4846,29678,This,404,1
4847,29683,is,404,1
4848,29686,CALYPSO,404,1
4849,29698,CALYPSO,405,1
4850,29707,Who,405,1
4851,29711,were,405,1
4852,29716,you,405,1
4853,29720,talking,405,1
4854,29728,to,405,1
4855,29735,She,405,1
4856,29739,drops,405,1
4857,29745,her,405,1
4858,29749,spear,405,1
4859,29755,and,405,1
4860,29759,fish,405,1
4861,29764,and,405,1
4862,29768,crouches,405,1
4863,29777,next,405,1
4864,29782,to,405,1
4865,29785,him,405,1
4866,29793,Odysseus,405,1
4867,29802,looks,405,1
4868,29808,down,405,1
4869,29813,at,405,1
4870,29816,the,405,1
4871,29820,wood,405,1
4872,29825,in,405,1
4873,29828,his,405,1
4874,29832,hands,405,1
4875,29839,tosses,405,1
4876,29846,it,405,1
4877,29849,further,405,1
4878,29857,up,405,1
4879,29861,onto,405,1
4880,29866,the,405,1
4881,29870,sand,405,1
4882,29876,where,405,1
4883,29882,there,405,1
4884,29888,are,405,1
4885,29892,other,405,1
4886,29899,similar,405,1
4887,29907,planks,405,1
4888,29923,ODYSSEUS,406,1
4889,29935,Athena,406,1
4890,29942,came,406,1
4891,29947,to,406,1
4892,29950,me,406,1
4893,29953,again,406,1
4894,29961,Odysseus,406,1
4895,29970,looks,406,1
4896,29976,at,406,1
4897,29979,the,406,1
4898,29983,setting,406,1
4899,29991,sun,406,1
4900,30001,INSERT,406,1
4901,30008,CUT,406,1
4902,30013,a,406,1
4903,30015,STATUE,406,1
4904,30022,of,406,1
4905,30025,Athena,406,1
4906,30032,is,406,1
4907,30035,STRUCK,406,1
4908,30042,with,406,1
4909,30047,a,406,1
4910,30049,BRONZE,406,1
4911,30057,SWORD,406,1
4912,30064,SPARKING,406,1
4913,30074,BEHEADING,406,1
4914,30085,TUMBLING,406,1
4915,30094,amid,406,1
4916,30099,FIRELIGHT,406,1
4917,30110,on,406,1
4918,30113,STONE,406,1
4919,30125,ODYSSEUS,407,1
4920,30137,She,407,1
4921,30141,s,407,1
4922,30143,telling,407,1
4923,30151,me,407,1
4924,30154,to,407,1
4925,30157,remember,407,1
4926,30174,He,407,1
4927,30177,turns,407,1
4928,30183,to,407,1
4929,30186,Calypso,407,1
4930,30198,ODYSSEUS,408,1
4931,30210,To,408,1
4932,30213,leave,408,1
4933,30223,CALYPSO,409,1
4934,30232,Why,409,1
4935,30236,would,409,1
4936,30242,you,409,1
4937,30246,leave,409,1
4938,30253,We,409,1
4939,30256,have,409,1
4940,30261,everything,409,1
4941,30272,we,409,1
4942,30275,need,409,1
4943,30284,ODYSSEUS,410,1
4944,30294,How,410,1
4945,30298,long,410,1
4946,30303,have,410,1
4947,30308,I,410,1
4948,30310,been,410,1
4949,30315,here,410,1
4950,30324,Calypso,410,1
4951,30332,says,410,1
4952,30337,nothing,410,1
4953,30346,Odysseus,410,1
4954,30355,turns,410,1
4955,30361,to,410,1
4956,30364,her,410,1
4957,30372,ODYSSEUS,411,1
4958,30382,Ihave,411,1
4959,30388,a,411,1
4960,30390,home,411,1
4961,30395,somewhere,411,1
4962,30411,there,411,1
4963,30417,s,411,1
4964,30419,someone,411,1
4965,30430,out,411,1
4966,30434,there,411,1
4967,30446,CALYPSO,412,1
4968,30455,How,412,1
4969,30459,do,412,1
4970,30462,you,412,1
4971,30466,know,412,1
4972,30475,ODYSSEUS,413,1
4973,30485,I,413,1
4974,30487,don,413,1
4975,30491,t,413,1
4976,30493,know,413,1
4977,30499,I,413,1
4978,30501,feel,413,1
4979,30510,Calypso,413,1
4980,30518,puts,413,1
4981,30523,her,413,1
4982,30527,hand,413,1
4983,30532,on,413,1
4984,30535,his,413,1
4985,30539,face,413,1
4986,30545,Intimate,413,1
4987,30555,Sympathetic,413,1
4988,30568,Dry,413,1
4989,30572,thunder,413,1
4990,30581,rumbles,413,1
4991,30591,she,413,1
4992,30595,glances,413,1
4993,30603,up,413,1
4994,30606,at,413,1
4995,30609,the,413,1
4996,30613,sky,413,1
4997,30623,INT,414,1
4998,30628,CALYPSO,414,1
4999,30636,S,414,1
5000,30638,CAVE,414,1
5001,30645,NIGHT,414,1
5002,30654,Odysseus,415,1
5003,30663,and,415,1
5004,30667,Calypso,415,1
5005,30675,sit,415,1
5006,30679,eating,415,1
5007,30686,the,415,1
5008,30690,fish,415,1
5009,30695,she,415,1
5010,30699,caught,415,1
5011,30710,CALYPSO,416,1
5012,30719,What,416,1
5013,30724,we,416,1
5014,30727,have,416,1
5015,30732,here,416,1
5016,30737,can,416,1
5017,30741,last,416,1
5018,30746,forever,416,1
5019,30758,ODYSSEUS,417,1
5020,30768,Forever,417,1
5021,30776,is,417,1
5022,30779,for,417,1
5023,30783,Gods,417,1
5024,30789,Are,417,1
5025,30793,you,417,1
5026,30797,a,417,1
5027,30799,God,417,1
5028,30807,CALYPSO,418,1
5029,30816,Would,418,1
5030,30822,you,418,1
5031,30826,stay,418,1
5032,30831,if,418,1
5033,30834,I,418,1
5034,30836,were,418,1
5035,30845,ODYSSEUS,419,1
5036,30855,No,419,1
5037,30862,Calypso,419,1
5038,30870,takes,419,1
5039,30876,his,419,1
5040,30880,hands,419,1
5041,30886,in,419,1
5042,30889,hers,419,1
5043,30898,CALYPSO,420,1
5044,30907,You,420,1
5045,30911,want,420,1
5046,30916,to,420,1
5047,30919,remember,420,1
5048,30929,But,420,1
5049,30933,what,420,1
5050,30938,if,420,1
5051,30941,remembering,420,1
5052,30953,destroys,420,1
5053,30962,your,420,1
5054,30968,happiness,420,1
5055,30982,ODYSSEUS,421,1
5056,30994,Then,421,1
5057,30999,it,421,1
5058,31002,wasn,421,1
5059,31007,t,421,1
5060,31009,real,421,1
5061,31015,Or,421,1
5062,31018,earned,421,1
5063,31029,Calypso,421,1
5064,31037,stares,421,1
5065,31044,back,421,1
5066,31049,at,421,1
5067,31052,him,421,1
5068,31057,A,421,1
5069,31059,peal,421,1
5070,31064,of,421,1
5071,31067,dry,421,1
5072,31071,THUNDER,421,1
5073,31080,Letting,421,1
5074,31088,go,421,1
5075,31091,of,421,1
5076,31095,his,421,1
5077,31099,hands,421,1
5078,31106,she,421,1
5079,31110,glances,421,1
5080,31118,at,421,1
5081,31121,the,421,1
5082,31125,sky,421,1
5083,31130,Odysseus,421,1
5084,31139,reaches,421,1
5085,31147,for,421,1
5086,31151,more,421,1
5087,31156,food,421,1
5088,31163,pulling,421,1
5089,31171,a,421,1
5090,31173,bowl,421,1
5091,31178,of,421,1
5092,31181,MEATY,421,1
5093,31187,LEAVES,421,1
5094,31194,towards,421,1
5095,31202,him,421,1
5096,31211,CALYPSO,422,1
5097,31220,No,422,1
5098,31223,more,422,1
5099,31232,ODYSSEUS,423,1
5100,31242,But,423,1
5101,31246,I,423,1
5102,31248,love,423,1
5103,31253,it,423,1
5104,31260,She,423,1
5105,31264,pulls,423,1
5106,31270,his,423,1
5107,31274,plate,423,1
5108,31280,away,423,1
5109,31285,from,423,1
5110,31290,him,423,1
5111,31298,CALYPSO,424,1
5112,31307,Stop,424,1
5113,31312,eating,424,1
5114,31319,the,424,1
5115,31323,lotus,424,1
5116,31330,and,424,1
5117,31334,tell,424,1
5118,31339,me,424,1
5119,31342,what,424,1
5120,31347,you,424,1
5121,31351,remember,424,1
5122,31361,After,424,1
5123,31367,Troy,424,1
5124,31376,Odysseus,424,1
5125,31385,sparks,424,1
5126,31392,to,424,1
5127,31395,the,424,1
5128,31399,word,424,1
5129,31409,ODYSSEUS,425,1
5130,31419,Troy,425,1
5131,31425,Years,425,1
5132,31431,at,425,1
5133,31434,Troy,425,1
5134,31443,INSERT,425,1
5135,31450,CUT,425,1
5136,31455,in,425,1
5137,31458,CLAUSTROPHOBIC,425,1
5138,31473,darkness,425,1
5139,31483,the,425,1
5140,31487,WATER,425,1
5141,31493,keeps,425,1
5142,31500,RISING,425,1
5143,31509,the,425,1
5144,31513,man,425,1
5145,31517,next,425,1
5146,31522,to,425,1
5147,31525,Odysseus,425,1
5148,31534,starts,425,1
5149,31541,to,425,1
5150,31544,PANIC,425,1
5151,31552,Odysseus,425,1
5152,31562,covers,425,1
5153,31569,the,425,1
5154,31573,man,425,1
5155,31577,s,425,1
5156,31579,mouth,425,1
5157,31586,holding,425,1
5158,31594,him,425,1
5159,31598,dangerously,425,1
5160,31610,TIGHT,425,1
5161,31622,ODYSSEUS,426,1
5162,31634,We,426,1
5163,31637,won,426,1
5164,31641,the,426,1
5165,31645,war,426,1
5166,31655,CALYPSO,427,1
5167,31664,And,427,1
5168,31668,then,427,1
5169,31677,As,427,1
5170,31680,Odysseus,427,1
5171,31689,concentrates,427,1
5172,31703,remembering,427,1
5173,31716,we,427,1
5174,31719,CUT,427,1
5175,31723,TO,427,1
5176,31730,EXT,428,1
5177,31735,BEACH,428,1
5178,31741,AT,428,1
5179,31744,TROY,428,1
5180,31751,DAY,428,1
5181,31758,Odysseus,429,1
5182,31768,forties,429,1
5183,31777,weary,429,1
5184,31783,but,429,1
5185,31787,younger,429,1
5186,31796,darker,429,1
5187,31804,shorter,429,1
5188,31812,beard,429,1
5189,31819,stands,429,1
5190,31826,in,429,1
5191,31830,the,429,1
5192,31834,DUNES,429,1
5193,31840,looking,429,1
5194,31848,down,429,1
5195,31853,at,429,1
5196,31856,ONE,429,1
5197,31860,FRESH,429,1
5198,31866,GRAVE,429,1
5199,31872,amidst,429,1
5200,31879,ROWS,429,1
5201,31887,and,429,1
5202,31891,ROWS,429,1
5203,31896,of,429,1
5204,31899,them,429,1
5205,31905,He,429,1
5206,31908,looks,429,1
5207,31914,at,429,1
5208,31917,something,429,1
5209,31927,in,429,1
5210,31930,his,429,1
5211,31934,hand,429,1
5212,31940,a,429,1
5213,31942,WOODEN,429,1
5214,31950,LOT,429,1
5215,31954,with,429,1
5216,31959,NOTCHES,429,1
5217,31967,on,429,1
5218,31970,its,429,1
5219,31974,side,429,1
5220,31980,He,429,1
5221,31983,puts,429,1
5222,31988,the,429,1
5223,31992,lot,429,1
5224,31996,deep,429,1
5225,32001,in,429,1
5226,32004,his,429,1
5227,32008,belt,429,1
5228,32017,Odysseus,429,1
5229,32026,follows,429,1
5230,32034,Agamemnon,429,1
5231,32044,to,429,1
5232,32047,his,429,1
5233,32051,ship,429,1
5234,32057,Behind,429,1
5235,32064,them,429,1
5236,32070,above,429,1
5237,32076,the,429,1
5238,32081,dunes,429,1
5239,32088,smoke,429,1
5240,32094,rises,429,1
5241,32100,over,429,1
5242,32105,the,429,1
5243,32109,smouldering,429,1
5244,32121,ruins,429,1
5245,32127,of,429,1
5246,32130,the,429,1
5247,32134,greatest,429,1
5248,32143,city,429,1
5249,32148,ever,429,1
5250,32154,known,429,1
5251,32161,Odysseus,429,1
5252,32170,kisses,429,1
5253,32177,Agamemnon,429,1
5254,32191,Agamemnon,429,1
5255,32201,s,429,1
5256,32203,ships,429,1
5257,32209,pull,429,1
5258,32214,away,429,1
5259,32220,Odysseus,429,1
5260,32229,approaches,429,1
5261,32240,his,429,1
5262,32244,men,429,1
5263,32250,scattered,429,1
5264,32260,amongst,429,1
5265,32268,the,429,1
5266,32272,dunes,429,1
5267,32282,ODYSSEUS,430,1
5268,32294,Ten,430,1
5269,32298,years,430,1
5270,32304,on,430,1
5271,32307,this,430,1
5272,32312,fucking,430,1
5273,32320,beach,430,1
5274,32330,He,430,1
5275,32333,looks,430,1
5276,32339,around,430,1
5277,32346,for,430,1
5278,32350,better,430,1
5279,32357,words,430,1
5280,32364,There,430,1
5281,32370,aren,430,1
5282,32375,t,430,1
5283,32377,any,430,1
5284,32385,ODYSSEUS,431,1
5285,32397,Let,431,1
5286,32401,s,431,1
5287,32403,go,431,1
5288,32406,home,431,1
5289,32412,Remember,431,1
5290,32421,those,431,1
5291,32427,we,431,1
5292,32430,leave,431,1
5293,32436,here,431,1
5294,32445,His,431,1
5295,32449,men,431,1
5296,32454,three,431,1
5297,32460,ships,431,1
5298,32467,worth,431,1
5299,32474,hardened,431,1
5300,32484,exhausted,431,1
5301,32495,filthy,431,1
5302,32503,nod,431,1
5303,32508,reverently,431,1
5304,32520,Several,431,1
5305,32528,in,431,1
5306,32531,tears,431,1
5307,32538,A,431,1
5308,32540,Soldier,431,1
5309,32549,EURYLOCHUS,431,1
5310,32561,comes,431,1
5311,32567,close,431,1
5312,32578,EURYLOCHUS,432,1
5313,32590,Do,432,1
5314,32593,we,432,1
5315,32596,have,432,1
5316,32601,enough,432,1
5317,32608,provisions,432,1
5318,32623,ODYSSEUS,433,1
5319,32633,We,433,1
5320,32637,ve,433,1
5321,32640,taken,433,1
5322,32646,enough,433,1
5323,32653,from,433,1
5324,32658,Troy,433,1
5325,32664,An,433,1
5326,32667,extra,433,1
5327,32673,stop,433,1
5328,32678,or,433,1
5329,32681,two,433,1
5330,32685,won,433,1
5331,32689,t,433,1
5332,32691,slow,433,1
5333,32697,us,433,1
5334,32700,down,433,1
5335,32709,EXT,434,2
5336,32714,ODYSSEUS,434,2
5337,32723,S,434,2
5338,32725,SHIP,434,2
5339,32733,DAY,434,2
5340,32740,Odysseus,435,2
5341,32749,watches,435,2
5342,32757,the,435,2
5343,32761,Helmsman,435,2
5344,32771,ANTIPHATES,435,2
5345,32783,Checks,435,2
5346,32790,the,435,2
5347,32794,sail,435,2
5348,32803,ODYSSEUS,436,2
5349,32815,Stow,436,2
5350,32820,the,436,2
5351,32824,oars,436,2
5352,32833,A,436,2
5353,32835,cheer,436,2
5354,32841,from,436,2
5355,32846,the,436,2
5356,32850,men,436,2
5357,32855,Odysseus,436,2
5358,32864,smiles,436,2
5359,32871,to,436,2
5360,32874,himself,436,2
5361,32883,Looks,436,2
5362,32889,left,436,2
5363,32894,and,436,2
5364,32899,right,436,2
5365,32905,to,436,2
5366,32908,his,436,2
5367,32912,other,436,2
5368,32918,two,436,2
5369,32922,ships,436,2
5370,32932,ODYSSEUS,437,2
5371,32944,Follow,437,2
5372,32951,the,437,2
5373,32955,southerly,437,2
5374,32965,winds,437,2
5375,32975,ANTIPHATES,438,2
5376,32987,Yes,438,2
5377,32992,sir,438,2
5378,33000,EURYLOCHUS,439,2
5379,33012,Agamemnon,439,2
5380,33022,s,439,2
5381,33024,rowing,439,2
5382,33031,west,439,2
5383,33037,along,439,2
5384,33043,the,439,2
5385,33047,known,439,2
5386,33053,provisions,439,2
5387,33064,route,439,2
5388,33074,ODYSSEUS,440,2
5389,33084,He,440,2
5390,33087,s,440,2
5391,33089,got,440,2
5392,33093,more,440,2
5393,33098,mouths,440,2
5394,33105,to,440,2
5395,33108,feed,440,2
5396,33114,We,440,2
5397,33118,ll,440,2
5398,33121,find,440,2
5399,33126,places,440,2
5400,33133,to,440,2
5401,33136,land,440,2
5402,33145,EURYLOCHUS,441,2
5403,33157,Are,441,2
5404,33161,you,441,2
5405,33165,sure,441,2
5406,33171,It,441,2
5407,33174,s,441,2
5408,33176,a,441,2
5409,33178,risk,441,2
5410,33187,ODYSSEUS,442,2
5411,33199,I,442,2
5412,33201,ve,442,2
5413,33204,followed,442,2
5414,33213,Agamemnon,442,2
5415,33223,long,442,2
5416,33228,enough,442,2
5417,33239,As,442,2
5418,33242,the,442,2
5419,33246,Helmsman,442,2
5420,33255,brings,442,2
5421,33262,the,442,2
5422,33266,ship,442,2
5423,33271,around,442,2
5424,33279,Odysseus,442,2
5425,33288,looks,442,2
5426,33294,at,442,2
5427,33297,the,442,2
5428,33301,tiny,442,2
5429,33307,dots,442,2
5430,33312,of,442,2
5431,33315,Agamemnon,442,2
5432,33325,s,442,2
5433,33327,sails,442,2
5434,33333,heading,442,2
5435,33341,west,442,2
5436,33350,ODYSSEUS,443,2
5437,33360,With,443,2
5438,33365,a,443,2
5439,33367,little,443,2
5440,33374,luck,443,2
5441,33379,and,443,2
5442,33383,the,443,2
5443,33387,right,443,2
5444,33393,winds,443,2
5445,33400,we,443,2
5446,33403,ll,443,2
5447,33406,see,443,2
5448,33410,some,443,2
5449,33415,of,443,2
5450,33418,the,443,2
5451,33423,world,443,2
5452,33430,and,443,2
5453,33434,still,443,2
5454,33440,be,443,2
5455,33443,home,443,2
5456,33448,before,443,2
5457,33455,Agamemnon,443,2
5458,33469,ODYSSEUS,444,2
5459,33480,O,445,2
5460,33482,S,445,2
5461,33487,We,445,2
5462,33490,set,445,2
5463,33494,off,445,2
5464,33498,for,445,2
5465,33502,home,445,2
5466,33513,EXT,446,2
5467,33518,ODYSSEUS,446,2
5468,33527,S,446,2
5469,33529,SHIP,446,2
5470,33537,DAY,446,2
5471,33544,Odysseus,447,2
5472,33553,and,447,2
5473,33557,Eurylochus,447,2
5474,33568,watch,447,2
5475,33574,a,447,2
5476,33576,lush,447,2
5477,33581,shore,447,2
5478,33587,come,447,2
5479,33592,into,447,2
5480,33597,view,447,2
5481,33606,ODYSSEUS,448,2
5482,33616,See,448,2
5483,33624,EURYLOCHUS,449,2
5484,33636,Lucky,449,2
5485,33642,bastard,449,2
5486,33651,We,449,2
5487,33654,re,449,2
5488,33657,down,449,2
5489,33662,to,449,2
5490,33665,our,449,2
5491,33669,last,449,2
5492,33674,supplies,449,2
5493,33687,Odysseus,449,2
5494,33696,turns,449,2
5495,33702,to,449,2
5496,33705,another,449,2
5497,33713,one,449,2
5498,33717,of,449,2
5499,33720,his,449,2
5500,33724,men,449,2
5501,33729,POLITES,449,2
5502,33742,ODYSSEUS,450,2
5503,33752,Assemble,450,2
5504,33761,a,450,2
5505,33763,landing,450,2
5506,33771,party,450,2
5507,33778,Food,450,2
5508,33783,and,450,2
5509,33787,water,450,2
5510,33794,Enough,450,2
5511,33801,for,450,2
5512,33805,three,450,2
5513,33812,weeks,450,2
5514,33822,POLITES,451,2
5515,33831,What,451,2
5516,33836,if,451,2
5517,33839,they,451,2
5518,33844,won,451,2
5519,33848,t,451,2
5520,33850,give,451,2
5521,33855,it,451,2
5522,33862,EURYLOCHUS,452,2
5523,33874,How,452,2
5524,33878,badly,452,2
5525,33884,do,452,2
5526,33887,you,452,2
5527,33891,want,452,2
5528,33896,to,452,2
5529,33899,go,452,2
5530,33902,home,452,2
5531,33911,ODYSSEUS,453,2
5532,33922,V,454,2
5533,33924,O,454,2
5534,33929,Begging,454,2
5535,33938,trading,454,2
5536,33946,or,454,2
5537,33949,plundering,454,2
5538,33968,EXT,455,2
5539,33973,COASTAL,455,2
5540,33981,VILLAGE,455,2
5541,33991,TWILIGHT,455,2
5542,34003,Eurylochus,456,2
5543,34014,interrogates,456,2
5544,34027,a,456,2
5545,34029,kneeling,456,2
5546,34038,OLD,456,2
5547,34042,MAN,456,2
5548,34047,Men,456,2
5549,34051,carry,456,2
5550,34057,SACKS,456,2
5551,34064,and,456,2
5552,34068,JARS,456,2
5553,34073,down,456,2
5554,34078,to,456,2
5555,34081,the,456,2
5556,34085,sea,456,2
5557,34090,A,456,2
5558,34092,soldier,456,2
5559,34101,ELPENOR,456,2
5560,34110,translates,456,2
5561,34125,ODYSSEUS,457,2
5562,34136,V,458,2
5563,34138,O,458,2
5564,34145,Depending,458,2
5565,34155,on,458,2
5566,34158,our,458,2
5567,34162,needs,458,2
5568,34172,EURYLOCHUS,459,2
5569,34184,Ask,459,2
5570,34188,him,459,2
5571,34192,why,459,2
5572,34196,they,459,2
5573,34201,abandoned,459,2
5574,34211,their,459,2
5575,34217,village,459,2
5576,34225,instead,459,2
5577,34233,of,459,2
5578,34236,welcoming,459,2
5579,34247,us,459,2
5580,34254,ELPENOR,460,2
5581,34263,He,460,2
5582,34266,says,460,2
5583,34271,they,460,2
5584,34276,thought,460,2
5585,34284,we,460,2
5586,34287,were,460,2
5587,34292,the,460,2
5588,34296,Sea,460,2
5589,34300,People,460,2
5590,34311,Eurylochus,460,2
5591,34322,crouches,460,2
5592,34331,to,460,2
5593,34334,look,460,2
5594,34339,the,460,2
5595,34343,old,460,2
5596,34347,man,460,2
5597,34351,in,460,2
5598,34354,the,460,2
5599,34358,eye,460,2
5600,34366,EURYLOCHUS,461,2
5601,34378,No,461,2
5602,34382,we,461,2
5603,34385,re,461,2
5604,34388,Greeks,461,2
5605,34396,From,461,2
5606,34401,Ithaca,461,2
5607,34409,Maybe,461,2
5608,34415,you,461,2
5609,34419,heard,461,2
5610,34425,of,461,2
5611,34428,our,461,2
5612,34432,victory,461,2
5613,34441,at,461,2
5614,34444,Troy,461,2
5615,34452,Nothing,461,2
5616,34466,We,461,2
5617,34470,re,461,2
5618,34473,heading,461,2
5619,34481,west,461,2
5620,34486,on,461,2
5621,34489,the,461,2
5622,34493,southerly,461,2
5623,34503,winds,461,2
5624,34513,Nothing,461,2
5625,34522,Eurylochus,461,2
5626,34533,rises,461,2
5627,34540,The,461,2
5628,34544,Old,461,2
5629,34548,Man,461,2
5630,34552,starts,461,2
5631,34559,talking,461,2
5632,34571,ELPENOR,462,2
5633,34580,He,462,2
5634,34583,says,462,2
5635,34588,if,462,2
5636,34591,we,462,2
5637,34594,go,462,2
5638,34597,that,462,2
5639,34602,way,462,2
5640,34611,we,462,2
5641,34614,won,462,2
5642,34618,t,462,2
5643,34620,like,462,2
5644,34625,the,462,2
5645,34629,things,462,2
5646,34636,we,462,2
5647,34640,Il,462,2
5648,34643,find,462,2
5649,34652,Eurylochus,462,2
5650,34663,nods,462,2
5651,34668,at,462,2
5652,34671,Polites,462,2
5653,34679,who,462,2
5654,34683,puts,462,2
5655,34688,a,462,2
5656,34690,torch,462,2
5657,34696,to,462,2
5658,34699,a,462,2
5659,34701,thatched,462,2
5660,34710,roof,462,2
5661,34721,ODYSSEUS,463,2
5662,34732,V,464,2
5663,34734,O,464,2
5664,34739,After,464,2
5665,34745,years,464,2
5666,34751,of,464,2
5667,34754,war,464,2
5668,34764,Eurylochus,464,2
5669,34775,heads,464,2
5670,34781,back,464,2
5671,34786,to,464,2
5672,34789,shore,464,2
5673,34795,amongst,464,2
5674,34803,his,464,2
5675,34807,plundering,464,2
5676,34818,men,464,2
5677,34828,ODYSSEUS,465,2
5678,34839,V,466,2
5679,34841,O,466,2
5680,34850,no,466,2
5681,34853,one,466,2
5682,34857,could,466,2
5683,34863,stand,466,2
5684,34869,between,466,2
5685,34877,my,466,2
5686,34880,men,466,2
5687,34884,and,466,2
5688,34888,home,466,2
5689,34897,INT,467,2
5690,34902,CALYPSO,467,2
5691,34910,S,467,2
5692,34912,CAVE,467,2
5693,34919,NIGHT,467,2
5694,34928,ODYSSEUS,468,2
5695,34940,Notevenme,468,2
5696,34956,CALYPSO,469,2
5697,34965,But,469,2
5698,34969,something,469,2
5699,34979,happened,469,2
5700,34992,Odysseus,469,2
5701,35001,puzzles,469,2
5702,35009,it,469,2
5703,35012,out,469,2
5704,35017,his,469,2
5705,35021,mind,469,2
5706,35026,unclouding,469,2
5707,35046,EXT,470,2
5708,35051,ODYSSEUS,470,2
5709,35060,S,470,2
5710,35062,SHIP,470,2
5711,35070,DAY,470,2
5712,35077,Odysseus,471,2
5713,35086,is,471,2
5714,35089,slumped,471,2
5715,35097,on,471,2
5716,35100,the,471,2
5717,35104,deck,471,2
5718,35110,tying,471,2
5719,35116,knots,471,2
5720,35126,SAILOR,472,2
5721,35134,Land,472,2
5722,35143,Odysseus,472,2
5723,35152,jumps,472,2
5724,35158,to,472,2
5725,35161,his,472,2
5726,35165,feet,472,2
5727,35170,with,472,2
5728,35175,the,472,2
5729,35179,other,472,2
5730,35185,men,472,2
5731,35190,crowding,472,2
5732,35199,the,472,2
5733,35203,rail,472,2
5734,35209,In,472,2
5735,35213,the,472,2
5736,35217,distance,472,2
5737,35227,an,472,2
5738,35230,ISLAND,472,2
5739,35238,Odysseus,472,2
5740,35247,turns,472,2
5741,35253,to,472,2
5742,35256,Eurylochus,472,2
5743,35268,grinning,472,2
5744,35281,ODYSSEUS,473,2
5745,35291,There,473,2
5746,35297,you,473,2
5747,35301,go,473,2
5748,35308,EURYLOCHUS,474,2
5749,35320,Lucky,474,2
5750,35326,bastard,474,2
5751,35338,EXT,475,2
5752,35343,BAY,475,2
5753,35347,OF,475,2
5754,35350,ISLAND,475,2
5755,35360,DAY,475,2
5756,35367,The,476,2
5757,35371,three,476,2
5758,35377,ships,476,2
5759,35383,glide,476,2
5760,35389,into,476,2
5761,35394,the,476,2
5762,35398,bay,476,2
5763,35402,of,476,2
5764,35405,the,476,2
5765,35409,lush,476,2
5766,35414,island,476,2
5767,35425,ODYSSEUS,477,2
5768,35435,Signal,477,2
5769,35442,the,477,2
5770,35446,others,477,2
5771,35453,to,477,2
5772,35456,anchor,477,2
5773,35463,here,477,2
5774,35468,for,477,2
5775,35472,tonight,477,2
5776,35481,We,477,2
5777,35485,Il,477,2
5778,35488,head,477,2
5779,35493,in,477,2
5780,35500,EXT,478,2
5781,35505,ISLAND,478,2
5782,35512,SHORE,478,2
5783,35521,EVENING,478,2
5784,35532,The,479,2
5785,35536,lone,479,2
5786,35541,ship,479,2
5787,35546,beaches,479,2
5788,35555,Odysseus,479,2
5789,35564,and,479,2
5790,35568,his,479,2
5791,35572,men,479,2
5792,35576,get,479,2
5793,35580,off,479,2
5794,35584,and,479,2
5795,35588,look,479,2
5796,35594,cautiously,479,2
5797,35605,at,479,2
5798,35608,the,479,2
5799,35612,thick,479,2
5800,35618,forest,479,2
5801,35629,EURYLOCHUS,480,2
5802,35641,It,480,2
5803,35644,s,480,2
5804,35646,late,480,2
5805,35652,We,480,2
5806,35655,should,480,2
5807,35662,camp,480,2
5808,35667,till,480,2
5809,35672,dawn,480,2
5810,35681,ODYSSEUS,481,2
5811,35691,There,481,2
5812,35697,s,481,2
5813,35699,time,481,2
5814,35705,Leave,481,2
5815,35711,a,481,2
5816,35713,watch,481,2
5817,35720,Come,481,2
5818,35725,on,481,2
5819,35734,Odysseus,481,2
5820,35743,heads,481,2
5821,35749,into,481,2
5822,35754,the,481,2
5823,35758,forest,481,2
5824,35766,excited,481,2
5825,35775,His,481,2
5826,35779,men,481,2
5827,35783,follow,481,2
5828,35791,Some,481,2
5829,35796,are,481,2
5830,35801,uneasy,481,2
5831,35809,but,481,2
5832,35813,all,481,2
5833,35817,are,481,2
5834,35821,happy,481,2
5835,35827,to,481,2
5836,35830,touch,481,2
5837,35836,dry,481,2
5838,35840,land,481,2
5839,35849,EXT,482,2
5840,35854,FOREST,482,2
5841,35864,LATER,482,2
5842,35873,Odysseus,483,2
5843,35882,spots,483,2
5844,35888,a,483,2
5845,35890,SHEEP,483,2
5846,35897,Eurylochus,483,2
5847,35908,raises,483,2
5848,35915,his,483,2
5849,35919,bow,483,2
5850,35924,but,483,2
5851,35928,Odysseus,483,2
5852,35938,puts,483,2
5853,35943,a,483,2
5854,35945,restraining,483,2
5855,35957,hand,483,2
5856,35962,on,483,2
5857,35965,his,483,2
5858,35969,arm,483,2
5859,35977,ODYSSEUS,484,2
5860,35987,Sheep,484,2
5861,35993,come,484,2
5862,35998,in,484,2
5863,36001,flocks,484,2
5864,36009,Let,484,2
5865,36013,s,484,2
5866,36015,follow,484,2
5867,36026,They,484,2
5868,36031,quietly,484,2
5869,36039,follow,484,2
5870,36046,the,484,2
5871,36050,sheep,484,2
5872,36056,in,484,2
5873,36059,the,484,2
5874,36063,darkening,484,2
5875,36073,forest,484,2
5876,36089,They,484,2
5877,36094,emerge,484,2
5878,36101,into,484,2
5879,36106,a,484,2
5880,36108,clearing,484,2
5881,36117,overlooked,484,2
5882,36128,by,484,2
5883,36131,a,484,2
5884,36133,LARGE,484,2
5885,36139,CAVE,484,2
5886,36144,MOUTH,484,2
5887,36153,The,484,2
5888,36157,sheep,484,2
5889,36163,wanders,484,2
5890,36171,into,484,2
5891,36176,the,484,2
5892,36180,dark,484,2
5893,36185,of,484,2
5894,36188,the,484,2
5895,36192,cave,484,2
5896,36198,Odysseus,484,2
5897,36207,follows,484,2
5898,36223,INT,485,2
5899,36228,CAVE,485,2
5900,36234,ISLAND,485,2
5901,36243,CONTINUOUS,485,2
5902,36257,Odysseus,486,2
5903,36266,and,486,2
5904,36270,his,486,2
5905,36274,men,486,2
5906,36278,make,486,2
5907,36283,their,486,2
5908,36289,way,486,2
5909,36293,into,486,2
5910,36298,the,486,2
5911,36302,VAST,486,2
5912,36307,CAVE,486,2
5913,36315,a,486,2
5914,36318,MASSIVE,486,2
5915,36326,ROCK,486,2
5916,36331,by,486,2
5917,36334,the,486,2
5918,36338,entrance,486,2
5919,36353,darker,486,2
5920,36360,and,486,2
5921,36364,darker,486,2
5922,36374,a,486,2
5923,36377,smouldering,486,2
5924,36389,fire,486,2
5925,36395,Stacks,486,2
5926,36402,of,486,2
5927,36405,large,486,2
5928,36411,CHEESES,486,2
5929,36423,the,486,2
5930,36427,sheep,486,2
5931,36434,lying,486,2
5932,36440,deep,486,2
5933,36446,in,486,2
5934,36449,the,486,2
5935,36453,cave,486,2
5936,36459,watches,486,2
5937,36468,disinterested,486,2
5938,36490,EURYLOCHUS,487,2
5939,36502,Someone,487,2
5940,36510,lives,487,2
5941,36516,here,487,2
5942,36525,Odysseus,487,2
5943,36534,samples,487,2
5944,36542,one,487,2
5945,36546,of,487,2
5946,36549,the,487,2
5947,36553,cheeses,487,2
5948,36565,ODYSSEUS,488,2
5949,36575,They,488,2
5950,36580,make,488,2
5951,36585,pretty,488,2
5952,36592,good,488,2
5953,36597,cheese,488,2
5954,36608,EURYLOCHUS,489,2
5955,36620,We,489,2
5956,36623,should,489,2
5957,36630,leave,489,2
5958,36637,We,489,2
5959,36640,ve,489,2
5960,36643,brought,489,2
5961,36651,nothing,489,2
5962,36659,to,489,2
5963,36662,trade,489,2
5964,36668,with,489,2
5965,36677,ODYSSEUS,490,2
5966,36689,Zeus,490,2
5967,36694,s,490,2
5968,36696,law,490,2
5969,36704,Eurylochus,490,2
5970,36715,looks,490,2
5971,36721,around,490,2
5972,36728,the,490,2
5973,36732,cave,490,2
5974,36738,trying,490,2
5975,36745,to,490,2
5976,36748,fathom,490,2
5977,36755,who,490,2
5978,36759,might,490,2
5979,36765,live,490,2
5980,36771,such,490,2
5981,36776,a,490,2
5982,36778,place,490,2
5983,36790,EURYLOCHUS,491,2
5984,36802,I,491,2
5985,36804,don,491,2
5986,36808,t,491,2
5987,36810,know,491,2
5988,36815,if,491,2
5989,36818,whoever,491,2
5990,36826,lives,491,2
5991,36832,here,491,2
5992,36837,s,491,2
5993,36839,heard,491,2
5994,36845,of,491,2
5995,36848,Zeus,491,2
5996,36853,s,491,2
5997,36855,law,491,2
5998,36860,Or,491,2
5999,36864,Zeus,491,2
6000,36870,for,491,2
6001,36874,that,491,2
6002,36879,matter,491,2
6003,36890,ODYSSEUS,492,2
6004,36900,Everyone,492,2
6005,36909,knows,492,2
6006,36915,Zeus,492,2
6007,36920,s,492,2
6008,36922,law,492,2
6009,36927,Get,492,2
6010,36931,the,492,2
6011,36935,fire,492,2
6012,36940,going,492,2
6013,36947,We'll,492,2
6014,36953,welcome,492,2
6015,36962,the,492,2
6016,36966,owner,492,2
6017,36972,back,492,2
6018,36981,Odysseus,492,2
6019,36990,is,492,2
6020,36993,examining,492,2
6021,37003,several,492,2
6022,37011,tree,492,2
6023,37016,trunks,492,2
6024,37023,lying,492,2
6025,37029,around,492,2
6026,37037,CARVED,492,2
6027,37045,into,492,2
6028,37050,tapering,492,2
6029,37059,shapes,492,2
6030,37070,A,492,2
6031,37072,SUDDEN,492,2
6032,37079,RUSH,492,2
6033,37084,OF,492,2
6034,37087,HOOFBEATS,492,2
6035,37098,they,492,2
6036,37103,all,492,2
6037,37107,turn,492,2
6038,37112,to,492,2
6039,37115,the,492,2
6040,37119,bright,492,2
6041,37126,end,492,2
6042,37131,of,492,2
6043,37134,the,492,2
6044,37138,cave,492,2
6045,37144,a,492,2
6046,37146,hundred,492,2
6047,37154,yards,492,2
6048,37160,away,492,2
6049,37166,as,492,2
6050,37169,a,492,2
6051,37171,FLOCK,492,2
6052,37177,of,492,2
6053,37180,SHEEP,492,2
6054,37187,RAMS,492,2
6055,37194,and,492,2
6056,37198,GOATS,492,2
6057,37204,comes,492,2
6058,37210,running,492,2
6059,37218,in,492,2
6060,37221,from,492,2
6061,37226,the,492,2
6062,37230,light,492,2
6063,37244,The,492,2
6064,37248,animals,492,2
6065,37256,surround,492,2
6066,37265,the,492,2
6067,37269,men,492,2
6068,37274,bleating,492,2
6069,37284,A,492,2
6070,37286,DULL,492,2
6071,37291,THUDDING,492,2
6072,37300,shakes,492,2
6073,37308,the,492,2
6074,37312,earth,492,2
6075,37324,all,492,2
6076,37328,eyes,492,2
6077,37333,turn,492,2
6078,37338,to,492,2
6079,37341,the,492,2
6080,37345,bright,492,2
6081,37352,mouth,492,2
6082,37358,of,492,2
6083,37361,the,492,2
6084,37365,cave,492,2
6085,37370,as,492,2
6086,37379,A,492,2
6087,37381,MONSTROUS,492,2
6088,37391,SILHOUETTE,492,2
6089,37402,lowers,492,2
6090,37409,its,492,2
6091,37413,head,492,2
6092,37418,to,492,2
6093,37421,enter,492,2
6094,37428,Odysseus,492,2
6095,37438,and,492,2
6096,37442,his,492,2
6097,37446,men,492,2
6098,37450,stand,492,2
6099,37457,frozen,492,2
6100,37465,as,492,2
6101,37468,the,492,2
6102,37472,GIANT,492,2
6103,37478,SHAPE,492,2
6104,37484,DRAGS,492,2
6105,37490,the,492,2
6106,37494,massive,492,2
6107,37503,rock,492,2
6108,37508,across,492,2
6109,37515,the,492,2
6110,37519,cave,492,2
6111,37524,entrance,492,2
6112,37539,TOTAL,492,2
6113,37545,DARKNESS,492,2
6114,37555,The,492,2
6115,37559,gentle,492,2
6116,37566,movement,492,2
6117,37575,and,492,2
6118,37579,bleating,492,2
6119,37588,of,492,2
6120,37591,the,492,2
6121,37596,settling,492,2
6122,37605,flock,492,2
6123,37615,WHISPERS,492,2
6124,37624,amongst,492,2
6125,37632,Odysseus,492,2
6126,37641,s,492,2
6127,37643,men,492,2
6128,37653,EURYLOCHUS,493,2
6129,37666,whisper,493,2
6130,37676,What,493,2
6131,37681,is,493,2
6132,37684,that,493,2
6133,37693,ODYSSEUS,494,2
6134,37703,Shhh,494,2
6135,37714,The,494,2
6136,37718,men,494,2
6137,37722,instinctively,494,2
6138,37736,GATHER,494,2
6139,37743,around,494,2
6140,37750,the,494,2
6141,37754,BRIGHTENING,494,2
6142,37766,FIRE,494,2
6143,37778,NOISES,494,2
6144,37785,OF,494,2
6145,37788,SCALE,494,2
6146,37796,movement,494,2
6147,37806,scratching,494,2
6148,37818,OCEAN,494,2
6149,37824,DEEP,494,2
6150,37830,BREATHS,494,2
6151,37844,Odysseus,494,2
6152,37853,sees,494,2
6153,37858,his,494,2
6154,37862,men,494,2
6155,37866,gathered,494,2
6156,37875,at,494,2
6157,37878,the,494,2
6158,37882,fire,494,2
6159,37889,gestures,494,2
6160,37903,ODYSSEUS,495,2
6161,37914,low,495,2
6162,37920,Get,495,2
6163,37924,away,495,2
6164,37929,from,495,2
6165,37934,the,495,2
6166,37938,fire,495,2
6167,37947,His,495,2
6168,37951,men,495,2
6169,37955,look,495,2
6170,37960,at,495,2
6171,37963,him,495,2
6172,37968,uncomprehending,495,2
6173,37985,A,495,2
6174,37987,Soldier,495,2
6175,37995,on,495,2
6176,37998,the,495,2
6177,38002,far,495,2
6178,38006,side,495,2
6179,38012,looks,495,2
6180,38018,at,495,2
6181,38021,Odysseus,495,2
6182,38031,terrified,495,2
6183,38046,WHOOOOSH,495,2
6184,38057,a,495,2
6185,38059,fleeting,495,2
6186,38068,impression,495,2
6187,38079,of,495,2
6188,38082,a,495,2
6189,38084,GIANT,495,2
6190,38090,HAND,495,2
6191,38095,and,495,2
6192,38099,he,495,2
6193,38102,s,495,2
6194,38105,YANKED,495,2
6195,38113,SCREAMING,495,2
6196,38124,into,495,2
6197,38129,darkness,495,2
6198,38146,The,495,2
6199,38150,Soldiers,495,2
6200,38159,SCAMPER,495,2
6201,38167,into,495,2
6202,38172,the,495,2
6203,38176,darkness,495,2
6204,38191,The,495,2
6205,38195,SCREAM,495,2
6206,38202,is,495,2
6207,38205,CUT,495,2
6208,38209,OFF,495,2
6209,38214,The,495,2
6210,38218,sound,495,2
6211,38224,of,495,2
6212,38227,QUIET,495,2
6213,38234,MASSIVE,495,2
6214,38243,CHEWING,496,2
6215,38257,CLANG,496,2
6216,38264,BLOODY,496,2
6217,38271,ARMOUR,496,2
6218,38278,hits,496,2
6219,38283,the,496,2
6220,38287,ground,496,2
6221,38294,near,496,2
6222,38299,the,496,2
6223,38303,fire,496,2
6224,38312,ODYSSEUS,497,2
6225,38322,Spread,497,2
6226,38329,out,497,2
6227,38337,Odysseus,497,2
6228,38346,moves,497,2
6229,38352,away,497,2
6230,38357,from,497,2
6231,38362,where,497,2
6232,38368,he,497,2
6233,38371,shouted,497,2
6234,38380,FEELS,497,2
6235,38386,the,497,2
6236,38390,WHOOSH,497,2
6237,38398,of,497,2
6238,38401,a,497,2
6239,38403,giant,497,2
6240,38409,hand,497,2
6241,38414,blowing,497,2
6242,38422,past,497,2
6243,38427,him,497,2
6244,38431,in,497,2
6245,38434,the,497,2
6246,38438,dark,497,2
6247,38449,he,497,2
6248,38452,stops,497,2
6249,38459,crouched,497,2
6250,38469,low,497,2
6251,38474,ready,497,2
6252,38480,to,497,2
6253,38483,run,497,2
6254,38488,peering,497,2
6255,38496,into,497,2
6256,38501,the,497,2
6257,38505,dark,497,2
6258,38516,by,497,2
6259,38519,the,497,2
6260,38523,fire,497,2
6261,38529,a,497,2
6262,38531,massive,497,2
6263,38540,FOOT,497,2
6264,38545,and,497,2
6265,38549,KNEE,497,2
6266,38554,COME,497,2
6267,38559,down,497,2
6268,38565,dimly,497,2
6269,38571,lit,497,2
6270,38581,suddenly,497,2
6271,38590,a,497,2
6272,38592,COLOSSAL,497,2
6273,38602,FACE,497,2
6274,38607,moves,497,2
6275,38613,into,497,2
6276,38618,the,497,2
6277,38622,light,497,2
6278,38629,low,497,2
6279,38633,above,497,2
6280,38639,the,497,2
6281,38643,fire,497,2
6282,38649,PEERING,497,2
6283,38657,with,497,2
6284,38662,a,497,2
6285,38665,SINGLE,497,2
6286,38672,GIANT,497,2
6287,38678,EYE,497,2
6288,38682,into,497,2
6289,38687,the,497,2
6290,38691,flames,497,2
6291,38702,a,497,2
6292,38704,CYCLOPS,497,2
6293,38716,The,497,2
6294,38720,Cyclops,497,2
6295,38728,reaches,497,2
6296,38736,into,497,2
6297,38741,the,497,2
6298,38745,fire,497,2
6299,38750,and,497,2
6300,38754,pulls,497,2
6301,38760,out,497,2
6302,38764,a,497,2
6303,38766,flaming,497,2
6304,38774,log,497,2
6305,38779,RISES,497,2
6306,38787,holding,497,2
6307,38795,the,497,2
6308,38799,log,497,2
6309,38803,like,497,2
6310,38808,a,497,2
6311,38810,large,497,2
6312,38816,match,497,2
6313,38823,PEERING,497,2
6314,38831,around,497,2
6315,38838,with,497,2
6316,38843,its,497,2
6317,38848,GROTESQUE,497,2
6318,38858,WATERY,497,2
6319,38865,EYE,497,2
6320,38870,rolling,497,2
6321,38878,in,497,2
6322,38881,its,497,2
6323,38885,socket,497,2
6324,38893,LIP,497,2
6325,38897,LIKE,497,2
6326,38902,LIDS,497,2
6327,38908,slow,497,2
6328,38913,blinking,497,2
6329,38922,moisture,497,2
6330,38931,onto,497,2
6331,38936,its,497,2
6332,38940,glassy,497,2
6333,38947,membrane,497,2
6334,38962,peering,497,2
6335,38970,into,497,2
6336,38976,darkness,497,2
6337,38988,until,497,2
6338,39000,A,497,2
6339,39002,Soldier,497,2
6340,39010,SCREAMS,497,2
6341,39018,as,497,2
6342,39021,he,497,2
6343,39024,is,497,2
6344,39027,grabbed,497,2
6345,39035,and,497,2
6346,39039,shoved,497,2
6347,39046,SQUIRMING,497,2
6348,39056,into,497,2
6349,39062,the,497,2
6350,39066,Cyclops,497,2
6351,39074,s,497,2
6352,39076,mouth,497,2
6353,39088,the,497,2
6354,39092,Cyclops,497,2
6355,39100,DROPS,497,2
6356,39106,the,497,2
6357,39110,burning,497,2
6358,39118,log,497,2
6359,39122,to,497,2
6360,39125,use,497,2
6361,39130,both,497,2
6362,39135,hands,497,2
6363,39141,to,497,2
6364,39144,remove,497,2
6365,39151,the,497,2
6366,39155,indigestible,497,2
6367,39168,sword,497,2
6368,39174,and,497,2
6369,39178,armour,497,2
6370,39185,of,497,2
6371,39188,the,497,2
6372,39192,soldier,497,2
6373,39201,like,497,2
6374,39206,a,497,2
6375,39208,child,497,2
6376,39214,eating,497,2
6377,39221,a,497,2
6378,39223,shrimp,497,2
6379,39236,CYCLOPS,498,2
6380,39247,Odysseus,498,2
6381,39257,in,498,2
6382,39260,the,498,2
6383,39264,dark,498,2
6384,39270,makes,498,2
6385,39276,out,498,2
6386,39280,a,498,2
6387,39282,Soldier,498,2
6388,39290,near,498,2
6389,39295,him,498,2
6390,39300,shivering,498,2
6391,39312,Odysseus,498,2
6392,39321,nods,498,2
6393,39327,trying,498,2
6394,39334,to,498,2
6395,39337,reassure,498,2
6396,39350,By,498,2
6397,39353,the,498,2
6398,39357,fire,498,2
6399,39363,the,498,2
6400,39367,Cyclops,498,2
6401,39375,lowers,498,2
6402,39382,itself,498,2
6403,39389,to,498,2
6404,39392,the,498,2
6405,39396,ground,498,2
6406,39404,lying,498,2
6407,39410,near,498,2
6408,39415,the,498,2
6409,39419,fire,498,2
6410,39425,and,498,2
6411,39429,closing,498,2
6412,39437,its,498,2
6413,39441,eye,498,2
6414,39446,blood,498,2
6415,39452,dribbling,498,2
6416,39462,from,498,2
6417,39467,the,498,2
6418,39471,corner,498,2
6419,39478,of,498,2
6420,39481,its,498,2
6421,39485,mouth,498,2
6422,39495,INT,499,2
6423,39500,SAME,499,2
6424,39508,LATER,499,2
6425,39517,Odysseus,500,2
6426,39526,nudges,500,2
6427,39533,the,500,2
6428,39537,soldier,500,2
6429,39549,ODYSSEUS,501,2
6430,39560,whispers,501,2
6431,39571,I,501,2
6432,39573,think,501,2
6433,39579,it,501,2
6434,39582,s,501,2
6435,39584,asleep,501,2
6436,39595,Odysseus,501,2
6437,39604,makes,501,2
6438,39610,his,501,2
6439,39614,way,501,2
6440,39618,over,501,2
6441,39623,to,501,2
6442,39626,the,501,2
6443,39630,SLEEPING,501,2
6444,39639,MAMMOTH,501,2
6445,39648,The,501,2
6446,39653,other,501,2
6447,39659,Soldiers,501,2
6448,39668,emerge,501,2
6449,39675,to,501,2
6450,39678,assemble,501,2
6451,39687,by,501,2
6452,39690,the,501,2
6453,39694,monstrous,501,2
6454,39704,head,501,2
6455,39710,Eurylochus,501,2
6456,39722,draws,501,2
6457,39728,his,501,2
6458,39732,sword,501,2
6459,39739,and,501,2
6460,39743,considers,501,2
6461,39753,how,501,2
6462,39757,to,501,2
6463,39760,kill,501,2
6464,39765,the,501,2
6465,39769,Cyclops,501,2
6466,39778,His,501,2
6467,39782,men,501,2
6468,39787,MIME,501,2
6469,39792,different,501,2
6470,39802,killing,501,2
6471,39810,zones,501,2
6472,39817,bringing,501,2
6473,39826,fingers,501,2
6474,39834,across,501,2
6475,39841,necks,501,2
6476,39848,wrists,501,2
6477,39857,behind,501,2
6478,39864,the,501,2
6479,39868,ear,501,2
6480,39880,Eurylochus,501,2
6481,39891,chooses,501,2
6482,39899,a,501,2
6483,39901,spot,501,2
6484,39907,lines,501,2
6485,39913,up,501,2
6486,39916,his,501,2
6487,39920,sword,501,2
6488,39927,when,501,2
6489,39932,Odysseus,501,2
6490,39941,stops,501,2
6491,39948,him,501,2
6492,39953,pointing,501,2
6493,39962,into,501,2
6494,39967,the,501,2
6495,39971,dark,501,2
6496,39976,away,501,2
6497,39981,from,501,2
6498,39986,the,501,2
6499,39990,fire,501,2
6500,39996,Eurylochus,501,2
6501,40007,does,501,2
6502,40012,not,501,2
6503,40017,understand,501,2
6504,40035,ODYSSEUS,502,2
6505,40046,whispers,502,2
6506,40057,The,502,2
6507,40061,rock,502,2
6508,40070,Eurylochus,502,2
6509,40081,gets,502,2
6510,40086,it,502,2
6511,40090,moves,502,2
6512,40096,away,502,2
6513,40101,from,502,2
6514,40106,the,502,2
6515,40110,Cyclops,502,2
6516,40118,to,502,2
6517,40121,talk,502,2
6518,40130,EURYLOCHUS,503,2
6519,40142,We,503,2
6520,40145,can,503,2
6521,40149,t,503,2
6522,40151,move,503,2
6523,40156,the,503,2
6524,40160,rock,503,2
6525,40169,ODYSSEUS,504,2
6526,40179,We'd,504,2
6527,40184,be,504,2
6528,40187,trapped,504,2
6529,40195,in,504,2
6530,40198,here,504,2
6531,40207,Odysseus,504,2
6532,40216,thinks,504,2
6533,40227,ODYSSEUS,505,2
6534,40237,Spread,505,2
6535,40244,the,505,2
6536,40248,word,505,2
6537,40254,Rest,505,2
6538,40259,up,505,2
6539,40263,In,505,2
6540,40266,the,505,2
6541,40270,morning,505,2
6542,40279,when,505,2
6543,40284,it,505,2
6544,40287,lets,505,2
6545,40292,out,505,2
6546,40296,its,505,2
6547,40301,flock,505,2
6548,40307,we,505,2
6549,40310,ll,505,2
6550,40313,rush,505,2
6551,40318,the,505,2
6552,40322,entrance,505,2
6553,40332,It,505,2
6554,40335,can,505,2
6555,40339,t,505,2
6556,40341,grab,505,2
6557,40346,all,505,2
6558,40350,of,505,2
6559,40353,us,505,2
6560,40360,Eurylochus,505,2
6561,40371,nods,505,2
6562,40377,They,505,2
6563,40382,settle,505,2
6564,40389,down,505,2
6565,40394,for,505,2
6566,40398,the,505,2
6567,40402,night,505,2
6568,40412,Odysseus,505,2
6569,40421,watches,505,2
6570,40429,as,505,2
6571,40432,the,505,2
6572,40436,fire,505,2
6573,40441,dies,505,2
6574,40454,INT,506,2
6575,40459,SAME,506,2
6576,40466,MORNING,506,2
6577,40477,Odysseus,507,2
6578,40486,is,507,2
6579,40489,woken,507,2
6580,40495,by,507,2
6581,40498,a,507,2
6582,40500,GRINDING,507,2
6583,40509,NOISE,507,2
6584,40515,as,507,2
6585,40518,LIGHT,507,2
6586,40524,floods,507,2
6587,40531,into,507,2
6588,40536,the,507,2
6589,40541,cave,507,2
6590,40547,The,507,2
6591,40551,silhouette,507,2
6592,40562,of,507,2
6593,40565,the,507,2
6594,40569,Cyclops,507,2
6595,40577,has,507,2
6596,40581,rolled,507,2
6597,40588,back,507,2
6598,40593,the,507,2
6599,40597,giant,507,2
6600,40603,boulder,507,2
6601,40613,The,507,2
6602,40617,sheep,507,2
6603,40623,BLEAT,507,2
6604,40629,as,507,2
6605,40632,they,507,2
6606,40637,start,507,2
6607,40643,gathering,507,2
6608,40653,near,507,2
6609,40658,the,507,2
6610,40662,entrance,507,2
6611,40677,Odysseus,507,2
6612,40686,looks,507,2
6613,40692,around,507,2
6614,40699,at,507,2
6615,40702,his,507,2
6616,40706,men,507,2
6617,40711,all,507,2
6618,40715,around,507,2
6619,40722,the,507,2
6620,40726,cave,507,2
6621,40732,preparing,507,2
6622,40742,to,507,2
6623,40746,rush,507,2
6624,40751,the,507,2
6625,40755,door,507,2
6626,40766,The,507,2
6627,40770,Cyclops,507,2
6628,40778,steps,507,2
6629,40784,into,507,2
6630,40789,the,507,2
6631,40793,cave,507,2
6632,40798,towards,507,2
6633,40806,them,507,2
6634,40811,to,507,2
6635,40814,pick,507,2
6636,40819,up,507,2
6637,40822,its,507,2
6638,40826,tree,507,2
6639,40831,trunk,507,2
6640,40838,club,507,2
6641,40849,Odysseus,507,2
6642,40858,starts,507,2
6643,40865,to,507,2
6644,40868,run,507,2
6645,40877,his,507,2
6646,40881,men,507,2
6647,40885,do,507,2
6648,40888,the,507,2
6649,40892,same,507,2
6650,40898,racing,507,2
6651,40905,towards,507,2
6652,40913,the,507,2
6653,40918,DAZZLING,507,2
6654,40927,light,507,2
6655,40933,of,507,2
6656,40936,the,507,2
6657,40940,cave,507,2
6658,40945,entrance,507,2
6659,40959,BOOM,507,2
6660,40965,A,507,2
6661,40967,GIANT,507,2
6662,40973,FOOT,507,2
6663,40978,comes,507,2
6664,40984,down,507,2
6665,40989,as,507,2
6666,40992,the,507,2
6667,40996,Cyclops,507,2
6668,41004,steps,507,2
6669,41010,over,507,2
6670,41015,them,507,2
6671,41021,once,507,2
6672,41030,BOOM,507,2
6673,41036,The,507,2
6674,41040,other,507,2
6675,41046,foot,507,2
6676,41051,comes,507,2
6677,41057,down,507,2
6678,41062,on,507,2
6679,41065,a,507,2
6680,41067,Soldier,507,2
6681,41076,crushing,507,2
6682,41086,him,507,2
6683,41096,as,507,2
6684,41099,fast,507,2
6685,41104,as,507,2
6686,41107,they,507,2
6687,41112,sprint,507,2
6688,41120,the,507,2
6689,41124,Cyclops,507,2
6690,41132,is,507,2
6691,41135,already,507,2
6692,41143,back,507,2
6693,41148,in,507,2
6694,41151,front,507,2
6695,41157,of,507,2
6696,41161,them,507,2
6697,41167,crouching,507,2
6698,41178,feeling,507,2
6699,41186,the,507,2
6700,41190,tops,507,2
6701,41195,of,507,2
6702,41198,the,507,2
6703,41202,sheep,507,2
6704,41208,as,507,2
6705,41211,they,507,2
6706,41216,pass,507,2
6707,41221,by,507,2
6708,41229,it,507,2
6709,41233,GRABS,507,2
6710,41239,the,507,2
6711,41243,Soldier,507,2
6712,41251,next,507,2
6713,41256,to,507,2
6714,41259,Odysseus,507,2
6715,41269,giving,507,2
6716,41276,Odysseus,507,2
6717,41285,a,507,2
6718,41287,chance,507,2
6719,41294,to,507,2
6720,41298,race,507,2
6721,41303,beneath,507,2
6722,41311,it,507,2
6723,41320,he,507,2
6724,41323,is,507,2
6725,41326,in,507,2
6726,41329,the,507,2
6727,41333,light,507,2
6728,41339,now,507,2
6729,41344,home,507,2
6730,41349,free,507,2
6731,41355,but,507,2
6732,41359,he,507,2
6733,41362,turns,507,2
6734,41368,and,507,2
6735,41373,sees,507,2
6736,41378,the,507,2
6737,41382,Cyclops,507,2
6738,41390,tossing,507,2
6739,41398,and,507,2
6740,41402,pushing,507,2
6741,41410,half,507,2
6742,41415,his,507,2
6743,41419,men,507,2
6744,41423,back,507,2
6745,41428,into,507,2
6746,41433,the,507,2
6747,41437,dark,507,2
6748,41449,Eurylochus,507,2
6749,41460,is,507,2
6750,41463,beside,507,2
6751,41470,him,507,2
6752,41480,the,507,2
6753,41484,Cyclops,507,2
6754,41492,grabs,507,2
6755,41498,the,507,2
6756,41502,boulder,507,2
6757,41511,starting,507,2
6758,41521,to,507,2
6759,41524,close,507,2
6760,41530,up,507,2
6761,41533,the,507,2
6762,41537,cave,507,2
6763,41548,ODYSSEUS,508,2
6764,41558,It,508,2
6765,41561,s,508,2
6766,41563,shutting,508,2
6767,41572,them,508,2
6768,41577,in,508,2
6769,41581,Go,508,2
6770,41585,Get,508,2
6771,41589,them,508,2
6772,41594,down,508,2
6773,41599,to,508,2
6774,41602,the,508,2
6775,41606,ships,508,2
6776,41616,Odysseus,508,2
6777,41625,races,508,2
6778,41631,back,508,2
6779,41637,past,508,2
6780,41642,the,508,2
6781,41646,Cyclops,508,2
6782,41654,s,508,2
6783,41656,foot,508,2
6784,41662,into,508,2
6785,41667,the,508,2
6786,41671,dark,508,2
6787,41676,just,508,2
6788,41681,as,508,2
6789,41684,the,508,2
6790,41689,Cyclops,508,2
6791,41697,SHUTS,508,2
6792,41703,them,508,2
6793,41708,in,508,2
6794,41715,INT,509,2
6795,41720,CAVE,509,2
6796,41726,ISLAND,509,2
6797,41736,LATER,509,2
6798,41745,Odysseus,510,2
6799,41754,and,510,2
6800,41758,his,510,2
6801,41762,men,510,2
6802,41766,are,510,2
6803,41770,gathered,510,2
6804,41779,by,510,2
6805,41782,the,510,2
6806,41786,fire,510,2
6807,41795,POLITES,511,2
6808,41804,Could,511,2
6809,41810,we,511,2
6810,41813,jam,511,2
6811,41817,something,511,2
6812,41827,in,511,2
6813,41830,the,511,2
6814,41834,cave,511,2
6815,41839,mouth,511,2
6816,41845,to,511,2
6817,41848,leave,511,2
6818,41854,a,511,2
6819,41856,gap,511,2
6820,41864,ODYSSEUS,512,2
6821,41874,Maybe,512,2
6822,41881,But,512,2
6823,41885,what,512,2
6824,41892,Elpenor,512,2
6825,41900,speaks,512,2
6826,41907,up,512,2
6827,41913,ELPENOR,513,2
6828,41922,This,513,2
6829,41927,log,513,2
6830,41935,Odysseus,513,2
6831,41944,looks,513,2
6832,41950,at,513,2
6833,41953,the,513,2
6834,41957,large,513,2
6835,41963,log,513,2
6836,41971,ODYSSEUS,514,2
6837,41983,It'll,514,2
6838,41989,notice,514,2
6839,42000,Odysseus,514,2
6840,42009,gets,514,2
6841,42014,up,514,2
6842,42017,and,514,2
6843,42021,looks,514,2
6844,42027,closer,514,2
6845,42034,as,514,2
6846,42037,the,514,2
6847,42041,log,514,2
6848,42046,It,514,2
6849,42049,tapers,514,2
6850,42060,ODYSSEUS,515,2
6851,42070,Grab,515,2
6852,42075,the,515,2
6853,42079,thin,515,2
6854,42084,end,515,2
6855,42089,Put,515,2
6856,42093,it,515,2
6857,42096,in,515,2
6858,42099,the,515,2
6859,42103,fire,515,2
6860,42112,His,515,2
6861,42116,men,515,2
6862,42120,start,515,2
6863,42126,to,515,2
6864,42129,work,515,2
6865,42138,ODYSSEUS,516,2
6866,42148,How,516,2
6867,42152,much,516,2
6868,42157,rope,516,2
6869,42162,do,516,2
6870,42165,we,516,2
6871,42168,have,516,2
6872,42175,Soldiers,516,2
6873,42184,start,516,2
6874,42190,unwinding,516,2
6875,42200,rope,516,2
6876,42205,from,516,2
6877,42210,their,516,2
6878,42216,waists,516,2
6879,42229,Odysseus,516,2
6880,42238,counts,516,2
6881,42246,his,516,2
6882,42250,men,516,2
6883,42258,ODYSSEUS,517,2
6884,42268,How,517,2
6885,42272,big,517,2
6886,42276,s,517,2
6887,42278,the,517,2
6888,42282,flock,517,2
6889,42290,ANTIPHATES,518,2
6890,42302,Two,518,2
6891,42306,dozen,518,2
6892,42313,maybe,518,2
6893,42321,ODYSSEUS,519,2
6894,42331,Not,519,2
6895,42335,enough,519,2
6896,42342,for,519,2
6897,42346,all,519,2
6898,42350,of,519,2
6899,42353,us,519,2
6900,42357,When,519,2
6901,42362,he,519,2
6902,42365,comes,519,2
6903,42371,back,519,2
6904,42377,two,519,2
6905,42381,of,519,2
6906,42384,us,519,2
6907,42387,have,519,2
6908,42392,to,519,2
6909,42396,get,519,2
6910,42400,out,519,2
6911,42406,LAODAMAS,520,2
6912,42416,Or,520,2
6913,42419,at,520,2
6914,42422,least,520,2
6915,42428,get,520,2
6916,42432,killed,520,2
6917,42443,Two,520,2
6918,42447,soldiers,520,2
6919,42456,step,520,2
6920,42461,forward,520,2
6921,42470,CEPHEUS,520,2
6922,42478,and,520,2
6923,42482,one,520,2
6924,42486,other,520,2
6925,42496,ODYSSEUS,521,2
6926,42506,Run,521,2
6927,42510,low,521,2
6928,42514,through,521,2
6929,42522,the,521,2
6930,42526,flock,521,2
6931,42532,towards,521,2
6932,42540,the,521,2
6933,42544,entrance,521,2
6934,42554,then,521,2
6935,42559,split,521,2
6936,42565,wide,521,2
6937,42575,POLITES,522,2
6938,42584,So,522,2
6939,42587,he,522,2
6940,42590,can,522,2
6941,42594,only,522,2
6942,42599,grab,522,2
6943,42604,one,522,2
6944,42608,of,522,2
6945,42611,them,522,2
6946,42620,Two,522,2
6947,42624,more,522,2
6948,42629,Soldiers,522,2
6949,42639,Elpenor,522,2
6950,42647,and,522,2
6951,42651,one,522,2
6952,42655,other,522,2
6953,42662,step,522,2
6954,42667,forward,522,2
6955,42679,ELPENOR,523,2
6956,42690,Four,523,2
6957,42695,of,523,2
6958,42698,us,523,2
6959,42701,should,523,2
6960,42708,make,523,2
6961,42713,the,523,2
6962,42717,run,523,2
6963,42722,Two,523,2
6964,42726,and,523,2
6965,42730,two,523,2
6966,42738,POLITES,524,2
6967,42747,Why,524,2
6968,42751,risk,524,2
6969,42756,more,524,2
6970,42761,men,524,2
6971,42769,ELPENOR,525,2
6972,42778,He,525,2
6973,42781,ate,525,2
6974,42785,two,525,2
6975,42789,of,525,2
6976,42792,us,525,2
6977,42795,last,525,2
6978,42800,night,525,2
6979,42814,MENETUS,526,2
6980,42823,He,526,2
6981,42826,ll,526,2
6982,42829,want,526,2
6983,42834,another,526,2
6984,42842,two,526,2
6985,42846,before,526,2
6986,42853,he,526,2
6987,42856,sleeps,526,2
6988,42871,ODYSSEUS,527,2
6989,42881,And,527,2
6990,42885,we,527,2
6991,42888,need,527,2
6992,42893,him,527,2
6993,42897,to,527,2
6994,42900,sleep,527,2
6995,42912,INT,528,3
6996,42917,SAME,528,3
6997,42925,LATER,528,3
6998,42934,A,529,3
6999,42936,GRINDING,529,3
7000,42945,noise,529,3
7001,42951,as,529,3
7002,42954,the,529,3
7003,42958,stone,529,3
7004,42964,is,529,3
7005,42967,pulled,529,3
7006,42974,back,529,3
7007,42980,letting,529,3
7008,42988,daylight,529,3
7009,42997,in,529,3
7010,43002,Odysseus,529,3
7011,43011,BLINKS,529,3
7012,43018,in,529,3
7013,43021,the,529,3
7014,43025,daylight,529,3
7015,43034,as,529,3
7016,43037,the,529,3
7017,43041,FLOCK,529,3
7018,43047,comes,529,3
7019,43054,bleating,529,3
7020,43064,into,529,3
7021,43070,the,529,3
7022,43074,cave,529,3
7023,43080,The,529,3
7024,43084,silhouette,529,3
7025,43095,of,529,3
7026,43098,the,529,3
7027,43102,Cyclops,529,3
7028,43110,hangs,529,3
7029,43117,bent,529,3
7030,43122,over,529,3
7031,43127,in,529,3
7032,43130,the,529,3
7033,43135,entrance,529,3
7034,43145,looking,529,3
7035,43153,into,529,3
7036,43158,the,529,3
7037,43162,cave,529,3
7038,43173,The,529,3
7039,43177,four,529,3
7040,43182,Soldiers,529,3
7041,43191,RUN,529,3
7042,43196,CROUCHING,529,3
7043,43207,against,529,3
7044,43215,the,529,3
7045,43219,flock,529,3
7046,43231,the,529,3
7047,43236,Cyclops,529,3
7048,43244,spots,529,3
7049,43250,them,529,3
7050,43256,bends,529,3
7051,43262,lower,529,3
7052,43269,reaching,529,3
7053,43278,out,529,3
7054,43288,the,529,3
7055,43292,men,529,3
7056,43296,split,529,3
7057,43302,left,529,3
7058,43308,and,529,3
7059,43312,right,529,3
7060,43319,RACING,529,3
7061,43326,full,529,3
7062,43331,bore,529,3
7063,43336,around,529,3
7064,43343,the,529,3
7065,43347,Cyclops,529,3
7066,43355,s,529,3
7067,43357,feet,529,3
7068,43364,the,529,3
7069,43368,Cyclops,529,3
7070,43377,GRABS,529,3
7071,43383,the,529,3
7072,43387,two,529,3
7073,43391,to,529,3
7074,43394,the,529,3
7075,43398,right,529,3
7076,43404,in,529,3
7077,43407,one,529,3
7078,43411,messy,529,3
7079,43417,grip,529,3
7080,43423,grinding,529,3
7081,43432,them,529,3
7082,43437,against,529,3
7083,43446,the,529,3
7084,43450,ground,529,3
7085,43459,at,529,3
7086,43462,the,529,3
7087,43466,same,529,3
7088,43471,time,529,3
7089,43476,he,529,3
7090,43479,KICKS,529,3
7091,43485,Elpenor,529,3
7092,43493,on,529,3
7093,43496,the,529,3
7094,43500,left,529,3
7095,43506,sending,529,3
7096,43515,him,529,3
7097,43519,SKIDDING,529,3
7098,43528,back,529,3
7099,43533,along,529,3
7100,43539,the,529,3
7101,43543,cave,529,3
7102,43548,floor,529,3
7103,43557,Cepheus,529,3
7104,43565,ESCAPES,529,3
7105,43579,Elpenor,529,3
7106,43587,SMASHES,529,3
7107,43595,into,529,3
7108,43600,the,529,3
7109,43604,wall,529,3
7110,43609,near,529,3
7111,43614,Odysseus,529,3
7112,43629,who,529,3
7113,43633,runs,529,3
7114,43638,to,529,3
7115,43641,him,529,3
7116,43646,as,529,3
7117,43649,the,529,3
7118,43653,Cyclops,529,3
7119,43661,SMASHES,529,3
7120,43669,the,529,3
7121,43673,two,529,3
7122,43677,soldiers,529,3
7123,43686,against,529,3
7124,43694,the,529,3
7125,43698,ground,529,3
7126,43706,leaving,529,3
7127,43715,them,529,3
7128,43720,lying,529,3
7129,43726,there,529,3
7130,43733,dead,529,3
7131,43739,as,529,3
7132,43742,he,529,3
7133,43745,pulls,529,3
7134,43751,the,529,3
7135,43755,stone,529,3
7136,43761,across,529,3
7137,43768,the,529,3
7138,43772,door,529,3
7139,43778,bringing,529,3
7140,43788,darkness,529,3
7141,43801,Odysseus,529,3
7142,43810,cradles,529,3
7143,43818,Elpenor,529,3
7144,43826,as,529,3
7145,43829,he,529,3
7146,43832,dies,529,3
7147,43838,trying,529,3
7148,43845,hard,529,3
7149,43850,to,529,3
7150,43853,block,529,3
7151,43859,out,529,3
7152,43863,the,529,3
7153,43868,sound,529,3
7154,43874,of,529,3
7155,43877,the,529,3
7156,43881,Cyclops,529,3
7157,43889,FEASTING,529,3
7158,43898,on,529,3
7159,43901,the,529,3
7160,43905,other,529,3
7161,43911,two,529,3
7162,43915,soldiers,529,3
7163,43925,The,529,3
7164,43929,other,529,3
7165,43936,Soldiers,529,3
7166,43945,sit,529,3
7167,43949,scattered,529,3
7168,43959,in,529,3
7169,43962,the,529,3
7170,43966,dark,529,3
7171,43972,listening,529,3
7172,43982,to,529,3
7173,43985,the,529,3
7174,43989,grim,529,3
7175,43994,sounds,529,3
7176,44009,INT,530,3
7177,44014,SAME,530,3
7178,44022,LATER,530,3
7179,44031,As,531,3
7180,44034,the,531,3
7181,44038,Cyclops,531,3
7182,44046,sleeps,531,3
7183,44054,the,531,3
7184,44058,soldiers,531,3
7185,44067,silently,531,3
7186,44076,gather,531,3
7187,44083,around,531,3
7188,44090,him,531,3
7189,44095,They,531,3
7190,44101,pull,531,3
7191,44106,the,531,3
7192,44110,log,531,3
7193,44114,from,531,3
7194,44119,the,531,3
7195,44123,fire,531,3
7196,44129,its,531,3
7197,44133,narrow,531,3
7198,44140,end,531,3
7199,44144,now,531,3
7200,44148,charred,531,3
7201,44156,to,531,3
7202,44159,a,531,3
7203,44161,fine,531,3
7204,44167,glowing,531,3
7205,44176,point,531,3
7206,44183,Odysseus,531,3
7207,44192,gestures,531,3
7208,44201,to,531,3
7209,44204,them,531,3
7210,44209,to,531,3
7211,44212,line,531,3
7212,44217,up,531,3
7213,44220,opposite,531,3
7214,44229,the,531,3
7215,44233,massive,531,3
7216,44241,single,531,3
7217,44249,eye,531,3
7218,44254,then,531,3
7219,44259,draws,531,3
7220,44265,his,531,3
7221,44269,sword,531,3
7222,44275,and,531,3
7223,44279,stands,531,3
7224,44286,right,531,3
7225,44292,by,531,3
7226,44295,the,531,3
7227,44299,closed,531,3
7228,44306,eye,531,3
7229,44310,with,531,3
7230,44315,its,531,3
7231,44320,WEEPING,531,3
7232,44328,LIP,531,3
7233,44332,LIKE,531,3
7234,44337,LIDS,531,3
7235,44343,Odysseus,531,3
7236,44352,raises,531,3
7237,44359,his,531,3
7238,44363,sword,531,3
7239,44370,checks,531,3
7240,44377,the,531,3
7241,44382,line,531,3
7242,44387,up,531,3
7243,44391,then,531,3
7244,44396,SMACKS,531,3
7245,44403,the,531,3
7246,44407,Cyclops,531,3
7247,44415,s,531,3
7248,44417,cheek,531,3
7249,44423,with,531,3
7250,44428,the,531,3
7251,44432,flat,531,3
7252,44437,of,531,3
7253,44440,his,531,3
7254,44444,sword,531,3
7255,44453,the,531,3
7256,44457,Cyclops,531,3
7257,44465,OPENS,531,3
7258,44471,its,531,3
7259,44475,EYE,531,3
7260,44479,just,531,3
7261,44484,in,531,3
7262,44487,time,531,3
7263,44492,to,531,3
7264,44495,see,531,3
7265,44501,the,531,3
7266,44505,red,531,3
7267,44509,hot,531,3
7268,44513,log,531,3
7269,44518,PUNCTURES,531,3
7270,44528,the,531,3
7271,44532,eyeball,531,3
7272,44540,with,531,3
7273,44545,an,531,3
7274,44548,awful,531,3
7275,44554,SIZZLE,531,3
7276,44566,The,531,3
7277,44570,Cyclops,531,3
7278,44578,ROARS,531,3
7279,44584,and,531,3
7280,44588,YANKS,531,3
7281,44594,his,531,3
7282,44598,head,531,3
7283,44603,up,531,3
7284,44607,sending,531,3
7285,44615,some,531,3
7286,44620,of,531,3
7287,44623,the,531,3
7288,44628,soldiers,531,3
7289,44637,flying,531,3
7290,44644,into,531,3
7291,44649,the,531,3
7292,44653,air,531,3
7293,44663,CYCLOPS,532,3
7294,44672,AHHHHRRRRAAAPPPOSSEYEEEEE,533,3
7295,44709,Odysseus,533,3
7296,44718,RUNS,533,3
7297,44723,for,533,3
7298,44727,his,533,3
7299,44731,life,533,3
7300,44736,as,533,3
7301,44739,the,533,3
7302,44743,Cyclops,533,3
7303,44751,RAGES,533,3
7304,44758,SCREAMING,533,3
7305,44770,STAMPING,533,3
7306,44780,WHIRLING,533,3
7307,44789,about,533,3
7308,44796,BLIND,533,3
7309,44802,and,533,3
7310,44806,in,533,3
7311,44809,AGONY,533,3
7312,44819,men,533,3
7313,44823,and,533,3
7314,44828,sheep,533,3
7315,44834,are,533,3
7316,44838,CRUSHED,533,3
7317,44846,and,533,3
7318,44850,KICKED,533,3
7319,44857,at,533,3
7320,44860,random,533,3
7321,44871,INT,534,3
7322,44876,SAME,534,3
7323,44884,LATER,534,3
7324,44893,Odysseus,535,3
7325,44902,watches,535,3
7326,44910,his,535,3
7327,44914,men,535,3
7328,44918,TIE,535,3
7329,44922,sheaves,535,3
7330,44930,of,535,3
7331,44933,STRAW,535,3
7332,44939,to,535,3
7333,44942,their,535,3
7334,44948,bodies,535,3
7335,44956,He,535,3
7336,44960,glances,535,3
7337,44968,at,535,3
7338,44971,the,535,3
7339,44975,HUGE,535,3
7340,44980,MOUND,535,3
7341,44986,of,535,3
7342,44989,the,535,3
7343,44993,Cyclops,535,3
7344,45002,sitting,535,3
7345,45010,with,535,3
7346,45015,its,535,3
7347,45019,back,535,3
7348,45024,to,535,3
7349,45028,the,535,3
7350,45032,fire,535,3
7351,45038,SOBBING,535,3
7352,45052,Odysseus,535,3
7353,45061,moves,535,3
7354,45067,to,535,3
7355,45070,Elpenor,535,3
7356,45078,s,535,3
7357,45080,body,535,3
7358,45086,Says,535,3
7359,45091,goodbye,535,3
7360,45108,ANCHIALUS,536,3
7361,45119,What,536,3
7362,45124,about,536,3
7363,45130,his,536,3
7364,45134,body,536,3
7365,45143,ODYSSEUS,537,3
7366,45153,What,537,3
7367,45158,about,537,3
7368,45164,it,537,3
7369,45171,ANCHIALUS,538,3
7370,45182,We,538,3
7371,45185,just,538,3
7372,45190,leave,538,3
7373,45196,him,538,3
7374,45200,here,538,3
7375,45205,to,538,3
7376,45208,rot,538,3
7377,45213,As,538,3
7378,45216,food,538,3
7379,45221,for,538,3
7380,45225,that,538,3
7381,45230,thing,538,3
7382,45240,PHEMIUS,539,3
7383,45249,We,539,3
7384,45252,honour,539,3
7385,45259,our,539,3
7386,45263,dead,539,3
7387,45269,Odysseus,539,3
7388,45282,ODYSSEUS,540,3
7389,45294,He,540,3
7390,45297,died,540,3
7391,45302,helping,540,3
7392,45310,us,540,3
7393,45313,escape,540,3
7394,45321,Honour,540,3
7395,45328,him,540,3
7396,45332,by,540,3
7397,45335,escaping,540,3
7398,45346,Odysseus,540,3
7399,45355,takes,540,3
7400,45361,Elpenor,540,3
7401,45369,s,540,3
7402,45371,RING,540,3
7403,45380,Odysseus,540,3
7404,45390,hearing,540,3
7405,45398,something,540,3
7406,45409,looks,540,3
7407,45415,at,540,3
7408,45418,the,540,3
7409,45422,Cyclops,540,3
7410,45431,Whose,540,3
7411,45437,SOBS,540,3
7412,45443,resemble,540,3
7413,45452,WORDS,540,3
7414,45466,CYCLOPS,541,3
7415,45475,MMMMPOSEIDON,541,3
7416,45489,FFFATHER,541,3
7417,45499,THEY,541,3
7418,45504,BBBBBBBBLINDED,541,3
7419,45520,ME,541,3
7420,45524,VVVENGEANCE,541,3
7421,45537,FFATHER,541,3
7422,45546,VVVVVENGEANCE,541,3
7423,45565,FOR,542,3
7424,45569,PPPPPPPAIN,542,3
7425,45587,One,542,3
7426,45591,of,542,3
7427,45594,Odysseus,542,3
7428,45603,s,542,3
7429,45605,men,542,3
7430,45609,is,542,3
7431,45612,at,542,3
7432,45615,his,542,3
7433,45619,side,542,3
7434,45629,POLITES,543,3
7435,45638,It,543,3
7436,45641,can,543,3
7437,45645,talk,543,3
7438,45651,Why,543,3
7439,45655,didn,543,3
7440,45660,t,543,3
7441,45662,it,543,3
7442,45665,talk,543,3
7443,45670,before,543,3
7444,45681,ODYSSEUS,544,3
7445,45691,Do,544,3
7446,45694,you,544,3
7447,45698,talk,544,3
7448,45703,to,544,3
7449,45706,ants,544,3
7450,45715,POLITES,545,3
7451,45724,Should,545,3
7452,45731,we,545,3
7453,45734,reason,545,3
7454,45741,with,545,3
7455,45746,it,545,3
7456,45753,ODYSSEUS,546,3
7457,45763,I,546,3
7458,45765,think,546,3
7459,45771,that,546,3
7460,45776,time,546,3
7461,45781,has,546,3
7462,45785,passed,546,3
7463,45796,INT,547,3
7464,45801,SAME,547,3
7465,45808,MORNING,547,3
7466,45819,Odysseus,548,3
7467,45828,and,548,3
7468,45832,his,548,3
7469,45836,soldiers,548,3
7470,45845,hold,548,3
7471,45850,three,548,3
7472,45856,sheep,548,3
7473,45862,each,548,3
7474,45868,tied,548,3
7475,45873,together,548,3
7476,45883,waiting,548,3
7477,45892,silently,548,3
7478,45901,for,548,3
7479,45905,the,548,3
7480,45909,Cyclops,548,3
7481,45917,to,548,3
7482,45920,stir,548,3
7483,45926,The,548,3
7484,45930,Cyclops,548,3
7485,45938,RISES,548,3
7486,45945,feeling,548,3
7487,45953,for,548,3
7488,45957,the,548,3
7489,45962,rock,548,3
7490,45968,Pulls,548,3
7491,45974,it,548,3
7492,45977,back,548,3
7493,45983,dazzling,548,3
7494,45992,sheep,548,3
7495,45998,and,548,3
7496,46002,Soldiers,548,3
7497,46011,with,548,3
7498,46016,BRIGHT,548,3
7499,46023,morning,548,3
7500,46032,light,548,3
7501,46043,the,548,3
7502,46047,goats,548,3
7503,46054,rams,548,3
7504,46059,and,548,3
7505,46063,sheep,548,3
7506,46069,head,548,3
7507,46075,BLEATING,548,3
7508,46085,for,548,3
7509,46089,the,548,3
7510,46093,entrance,548,3
7511,46108,the,548,3
7512,46112,Cyclops,548,3
7513,46120,puts,548,3
7514,46125,his,548,3
7515,46129,hands,548,3
7516,46135,down,548,3
7517,46140,beside,548,3
7518,46147,his,548,3
7519,46151,body,548,3
7520,46156,to,548,3
7521,46159,feel,548,3
7522,46164,the,548,3
7523,46168,backs,548,3
7524,46175,of,548,3
7525,46178,the,548,3
7526,46182,flock,548,3
7527,46188,as,548,3
7528,46191,they,548,3
7529,46196,exit,548,3
7530,46202,The,548,3
7531,46206,Soldiers,548,3
7532,46215,climb,548,3
7533,46221,below,548,3
7534,46227,the,548,3
7535,46231,sheep,548,3
7536,46237,and,548,3
7537,46242,PULL,548,3
7538,46247,THEMSELVES,548,3
7539,46258,up,548,3
7540,46261,into,548,3
7541,46266,the,548,3
7542,46270,belly,548,3
7543,46276,of,548,3
7544,46279,the,548,3
7545,46283,middle,548,3
7546,46290,sheep,548,3
7547,46305,They,548,3
7548,46310,pass,548,3
7549,46315,below,548,3
7550,46321,the,548,3
7551,46325,GIANT,548,3
7552,46331,FINGERTIPS,548,3
7553,46342,one,548,3
7554,46346,by,548,3
7555,46349,one,548,3
7556,46359,Odysseus,548,3
7557,46371,is,548,3
7558,46374,last,548,3
7559,46380,clinging,548,3
7560,46389,to,548,3
7561,46392,a,548,3
7562,46394,ram,548,3
7563,46398,as,548,3
7564,46401,it,548,3
7565,46404,passes,548,3
7566,46411,beneath,548,3
7567,46419,the,548,3
7568,46423,Cyclops,548,3
7569,46435,EXT,549,3
7570,46440,CAVE,549,3
7571,46446,ISLAND,549,3
7572,46456,MOMENTS,549,3
7573,46464,LATER,549,3
7574,46473,Eurylochus,550,3
7575,46484,welcomes,550,3
7576,46493,the,550,3
7577,46497,Soldiers,550,3
7578,46506,as,550,3
7579,46509,they,550,3
7580,46514,quietly,550,3
7581,46522,get,550,3
7582,46526,to,550,3
7583,46529,their,550,3
7584,46535,feet,550,3
7585,46541,The,550,3
7586,46546,Cyclops,550,3
7587,46554,pulls,550,3
7588,46560,the,550,3
7589,46564,stone,550,3
7590,46570,across,550,3
7591,46577,the,550,3
7592,46581,cave,550,3
7593,46586,mouth,550,3
7594,46593,The,550,3
7595,46597,Cyclops,550,3
7596,46605,turns,550,3
7597,46612,its,550,3
7598,46617,eye,550,3
7599,46621,tight,550,3
7600,46627,shut,550,3
7601,46633,wiping,550,3
7602,46640,blood,550,3
7603,46646,from,550,3
7604,46651,its,550,3
7605,46655,mouth,550,3
7606,46662,It,550,3
7607,46665,SPITS,550,3
7608,46677,CLANG,550,3
7609,46684,A,550,3
7610,46686,wet,550,3
7611,46690,helmet,550,3
7612,46697,lands,550,3
7613,46703,near,550,3
7614,46708,Odysseus,550,3
7615,46717,s,550,3
7616,46719,feet,550,3
7617,46730,FURIOUS,550,3
7618,46739,he,550,3
7619,46743,GRABS,550,3
7620,46749,a,550,3
7621,46751,bow,550,3
7622,46755,from,550,3
7623,46760,a,550,3
7624,46762,Soldier,550,3
7625,46779,EURYLOCHUS,551,3
7626,46791,No,551,3
7627,46798,Odysseus,551,3
7628,46807,LOOSES,551,3
7629,46814,an,551,3
7630,46817,arrow,551,3
7631,46823,at,551,3
7632,46826,the,551,3
7633,46830,Cyclops,551,3
7634,46838,s,551,3
7635,46840,eye,551,3
7636,46845,striking,551,3
7637,46854,near,551,3
7638,46859,the,551,3
7639,46864,damaged,551,3
7640,46872,organ,551,3
7641,46879,The,551,3
7642,46883,Cyclops,551,3
7643,46891,BELLOWS,551,3
7644,46900,heading,551,3
7645,46908,for,551,3
7646,46912,the,551,3
7647,46916,sound,551,3
7648,46922,of,551,3
7649,46925,the,551,3
7650,46930,Soldiers,551,3
7651,46939,FLEEING,551,3
7652,46951,EURYLOCHUS,552,3
7653,46963,This,552,3
7654,46968,way,552,3
7655,46976,The,552,3
7656,46980,Cyclops,552,3
7657,46988,CRASHES,552,3
7658,46996,after,552,3
7659,47002,them,552,3
7660,47007,through,552,3
7661,47015,the,552,3
7662,47019,forest,552,3
7663,47027,trees,552,3
7664,47033,slowing,552,3
7665,47042,him,552,3
7666,47046,more,552,3
7667,47051,than,552,3
7668,47056,the,552,3
7669,47060,Soldiers,552,3
7670,47069,who,552,3
7671,47073,RACE,552,3
7672,47078,down,552,3
7673,47083,the,552,3
7674,47087,path,552,3
7675,47093,TUMBLING,552,3
7676,47103,DANGEROUSLY,552,3
7677,47116,glancing,552,3
7678,47125,up,552,3
7679,47128,through,552,3
7680,47136,the,552,3
7681,47140,trees,552,3
7682,47146,at,552,3
7683,47149,the,552,3
7684,47153,pursuing,552,3
7685,47163,Cyclops,552,3
7686,47172,SCRAMBLING,552,3
7687,47183,down,552,3
7688,47188,to,552,3
7689,47191,the,552,3
7690,47195,ship,552,3
7691,47206,EXT,553,3
7692,47211,SHIP,553,3
7693,47218,CONTINUOUS,553,3
7694,47232,Some,554,3
7695,47237,Soldiers,554,3
7696,47246,LEAP,554,3
7697,47251,aboard,554,3
7698,47259,GRABBING,554,3
7699,47268,the,554,3
7700,47272,oars,554,3
7701,47278,some,554,3
7702,47283,wade,554,3
7703,47288,to,554,3
7704,47292,PUSH,554,3
7705,47297,the,554,3
7706,47301,ship,554,3
7707,47306,away,554,3
7708,47311,from,554,3
7709,47316,shore,554,3
7710,47322,then,554,3
7711,47327,cling,554,3
7712,47333,to,554,3
7713,47336,the,554,3
7714,47340,side,554,3
7715,47345,or,554,3
7716,47348,climb,554,3
7717,47354,as,554,3
7718,47357,the,554,3
7719,47362,boat,554,3
7720,47367,pulls,554,3
7721,47373,away,554,3
7722,47378,from,554,3
7723,47383,shore,554,3
7724,47395,The,554,3
7725,47399,Cyclops,554,3
7726,47407,BURSTS,554,3
7727,47414,BLINDLY,554,3
7728,47422,from,554,3
7729,47427,the,554,3
7730,47431,trees,554,3
7731,47438,STUMBLES,554,3
7732,47447,into,554,3
7733,47453,the,554,3
7734,47457,water,554,3
7735,47464,FALLING,554,3
7736,47474,the,554,3
7737,47478,crew,554,3
7738,47483,ROWS,554,3
7739,47488,for,554,3
7740,47492,their,554,3
7741,47498,lives,554,3
7742,47509,SPLASH,554,3
7743,47517,The,554,3
7744,47521,Cyclops,554,3
7745,47529,falls,554,3
7746,47535,into,554,3
7747,47540,the,554,3
7748,47544,water,554,3
7749,47550,just,554,3
7750,47555,short,554,3
7751,47561,of,554,3
7752,47564,the,554,3
7753,47568,ship,554,3
7754,47574,its,554,3
7755,47579,tremendous,554,3
7756,47590,splash,554,3
7757,47597,pushing,554,3
7758,47605,the,554,3
7759,47609,boat,554,3
7760,47614,further,554,3
7761,47622,from,554,3
7762,47627,shore,554,3
7763,47639,Odysseus,554,3
7764,47649,GRINS,554,3
7765,47657,the,554,3
7766,47661,crew,554,3
7767,47666,CHEERS,554,3
7768,47680,With,554,3
7769,47685,a,554,3
7770,47687,CRASH,554,3
7771,47693,the,554,3
7772,47697,HEAD,554,3
7773,47702,of,554,3
7774,47705,the,554,3
7775,47709,Cyclops,554,3
7776,47717,emerges,554,3
7777,47725,from,554,3
7778,47730,the,554,3
7779,47734,water,554,3
7780,47743,it,554,3
7781,47746,s,554,3
7782,47748,holding,554,3
7783,47756,a,554,3
7784,47758,BOULDER,554,3
7785,47768,it,554,3
7786,47771,HURLS,554,3
7787,47777,the,554,3
7788,47781,boulder,554,3
7789,47789,towards,554,3
7790,47797,the,554,3
7791,47801,sound,554,3
7792,47808,of,554,3
7793,47811,the,554,3
7794,47815,crew,554,3
7795,47826,The,554,3
7796,47830,BOULDER,554,3
7797,47838,LANDS,554,3
7798,47844,on,554,3
7799,47847,the,554,3
7800,47851,ship,554,3
7801,47856,s,554,3
7802,47858,OARS,554,3
7803,47865,FLIPPING,554,3
7804,47874,several,554,3
7805,47883,OARSMEN,554,3
7806,47891,off,554,3
7807,47895,the,554,3
7808,47899,boat,554,3
7809,47906,the,554,3
7810,47910,Cyclops,554,3
7811,47918,GRABS,554,3
7812,47924,at,554,3
7813,47927,them,554,3
7814,47933,BLINDLY,554,3
7815,47948,EXT,555,3
7816,47953,ODYSSEUS,555,3
7817,47962,S,555,3
7818,47964,SHIP,555,3
7819,47971,EVENING,555,3
7820,47982,Odysseus,556,3
7821,47991,and,556,3
7822,47995,Eurylochus,556,3
7823,48006,watch,556,3
7824,48012,the,556,3
7825,48016,crew,556,3
7826,48021,tend,556,3
7827,48026,their,556,3
7828,48032,wounds,556,3
7829,48043,EURYLOCHUS,557,3
7830,48055,Why,557,3
7831,48059,did,557,3
7832,48063,you,557,3
7833,48067,have,557,3
7834,48072,to,557,3
7835,48075,shoot,557,3
7836,48081,that,557,3
7837,48086,arrow,557,3
7838,48096,ODYSSEUS,558,3
7839,48106,We,558,3
7840,48109,lost,558,3
7841,48114,good,558,3
7842,48119,soldiers,558,3
7843,48128,to,558,3
7844,48131,that,558,3
7845,48136,beast,558,3
7846,48146,A,558,3
7847,48148,soldier,558,3
7848,48156,whose,558,3
7849,48162,eyes,558,3
7850,48167,are,558,3
7851,48171,fixed,558,3
7852,48177,on,558,3
7853,48180,the,558,3
7854,48184,deck,558,3
7855,48190,PERIMEDES,558,3
7856,48201,speaks,558,3
7857,48212,PERIMEDES,559,3
7858,48223,That,559,3
7859,48228,beast,559,3
7860,48234,was,559,3
7861,48238,Poseidon,559,3
7862,48247,s,559,3
7863,48249,son,559,3
7864,48257,EURYLOCHUS,560,3
7865,48269,What,560,3
7866,48278,PERIMEDES,561,3
7867,48289,When,561,3
7868,48294,we,561,3
7869,48297,put,561,3
7870,48301,its,561,3
7871,48305,eye,561,3
7872,48309,out,561,3
7873,48318,I,561,3
7874,48320,heard,561,3
7875,48326,it,561,3
7876,48329,cry,561,3
7877,48333,his,561,3
7878,48337,name,561,3
7879,48346,ODYSSEUS,562,3
7880,48358,That,562,3
7881,48363,thing,562,3
7882,48369,was,562,3
7883,48373,a,562,3
7884,48375,monster,562,3
7885,48387,POLITES,563,3
7886,48397,quiet,563,3
7887,48405,T,563,3
7888,48407,heard,563,3
7889,48413,it,563,3
7890,48417,too,563,3
7891,48425,Everyone,563,3
7892,48434,considers,563,3
7893,48444,the,563,3
7894,48448,implications,563,3
7895,48465,EURYLOCHUS,564,3
7896,48479,Now,564,3
7897,48483,the,564,3
7898,48487,sea,564,3
7899,48491,s,564,3
7900,48493,against,564,3
7901,48501,us,564,3
7902,48508,POLITES,565,3
7903,48517,And,565,3
7904,48521,the,565,3
7905,48525,wind,565,3
7906,48534,EURYLOCHUS,566,3
7907,48546,How,566,3
7908,48550,do,566,3
7909,48553,we,566,3
7910,48556,get,566,3
7911,48560,home,566,3
7912,48565,with,566,3
7913,48570,Poseidon,566,3
7914,48579,against,566,3
7915,48587,us,566,3
7916,48594,ODYSSEUS,567,3
7917,48606,You,567,3
7918,48610,can,567,3
7919,48614,t,567,3
7920,48616,live,567,3
7921,48621,by,567,3
7922,48624,omens,567,3
7923,48630,and,567,3
7924,48634,sacrifices,567,3
7925,48649,EURYLOCHUS,568,3
7926,48661,You,568,3
7927,48665,know,568,3
7928,48670,how,568,3
7929,48674,many,568,3
7930,48679,times,568,3
7931,48685,I,568,3
7932,48687,ve,568,3
7933,48690,heard,568,3
7934,48696,you,568,3
7935,48700,weep,568,3
7936,48706,praying,568,3
7937,48714,to,568,3
7938,48718,Athena,568,3
7939,48725,since,568,3
7940,48731,Troy,568,3
7941,48737,Couldn,568,3
7942,48744,t,568,3
7943,48746,you,568,3
7944,48750,have,568,3
7945,48755,shown,568,3
7946,48761,mercy,568,3
7947,48771,ODYSSEUS,569,3
7948,48783,Take,569,3
7949,48788,this,569,3
7950,48794,Wear,569,3
7951,48799,it,569,3
7952,48802,to,569,3
7953,48805,remember,569,3
7954,48814,those,569,3
7955,48820,we,569,3
7956,48823,couldn,569,3
7957,48830,t,569,3
7958,48832,bury,569,3
7959,48841,Odysseus,569,3
7960,48850,grabs,569,3
7961,48856,Eurylochus,569,3
7962,48867,s,569,3
7963,48869,hand,569,3
7964,48875,Puts,569,3
7965,48880,Elpenor,569,3
7966,48888,s,569,3
7967,48890,ring,569,3
7968,48895,in,569,3
7969,48898,it,569,3
7970,48905,ODYSSEUS,570,3
7971,48915,The,570,3
7972,48919,Gods,570,3
7973,48924,help,570,3
7974,48929,those,570,3
7975,48935,who,570,3
7976,48939,help,570,3
7977,48944,themselves,570,3
7978,48959,Odysseus,570,3
7979,48968,looks,570,3
7980,48974,at,570,3
7981,48977,the,570,3
7982,48981,OMINOUS,570,3
7983,48989,horizon,570,3
7984,49006,ODYSSEUS,571,3
7985,49017,V,572,3
7986,49019,O,572,3
7987,49024,From,572,3
7988,49029,that,572,3
7989,49034,moment,572,3
7990,49042,every,572,3
7991,49048,rough,572,3
7992,49054,sea,572,3
7993,49058,or,572,3
7994,49061,headwind,572,3
7995,49070,told,572,3
7996,49075,the,572,3
7997,49079,crew,572,3
7998,49084,we,572,3
7999,49088,were,572,3
8000,49093,cursed,572,3
8001,49106,He,572,3
8002,49109,notices,572,3
8003,49117,SUSPICION,572,3
8004,49127,on,572,3
8005,49130,the,572,3
8006,49134,faces,572,3
8007,49140,of,572,3
8008,49143,his,572,3
8009,49147,crew,572,3
8010,49153,Sees,572,3
8011,49158,GRUMBLING,572,3
8012,49169,amongst,572,3
8013,49177,them,572,3
8014,49188,EXT,573,3
8015,49193,BEACH,573,3
8016,49199,OUTSIDE,573,3
8017,49207,CALYPSO,573,3
8018,49215,S,573,3
8019,49217,CAVE,573,3
8020,49225,DAY,573,3
8021,49232,Odysseus,574,3
8022,49241,stares,574,3
8023,49248,at,574,3
8024,49251,bleached,574,3
8025,49260,wood,574,3
8026,49265,detritus,574,3
8027,49275,remembering,574,3
8028,49295,ODYSSEUS,575,3
8029,49307,But,575,3
8030,49311,where,575,3
8031,49317,is,575,3
8032,49320,my,575,3
8033,49323,crew,575,3
8034,49332,He,575,3
8035,49335,see,575,3
8036,49339,something,575,3
8037,49349,in,575,3
8038,49352,the,575,3
8039,49356,sand,575,3
8040,49362,Picks,575,3
8041,49368,it,575,3
8042,49371,up,575,3
8043,49375,It,575,3
8044,49378,is,575,3
8045,49381,an,575,3
8046,49384,old,575,3
8047,49388,wooden,575,3
8048,49395,LOT,575,3
8049,49401,NOTCHES,575,3
8050,49409,on,575,3
8051,49412,one,575,3
8052,49416,side,575,3
8053,49425,He,575,3
8054,49428,looks,575,3
8055,49434,up,575,3
8056,49437,from,575,3
8057,49442,the,575,3
8058,49446,lot,575,3
8059,49451,disoriented,575,3
8060,49464,Sees,575,3
8061,49469,his,575,3
8062,49473,collection,575,3
8063,49484,of,575,3
8064,49487,planks,575,3
8065,49494,like,575,3
8066,49500,bleached,575,3
8067,49509,whale,575,3
8068,49515,bones,575,3
8069,49529,ODYSSEUS,576,3
8070,49541,When,576,3
8071,49546,will,576,3
8072,49551,you,576,3
8073,49555,let,576,3
8074,49559,me,576,3
8075,49562,see,576,3
8076,49566,my,576,3
8077,49569,men,576,3
8078,49577,Calypso,576,3
8079,49585,says,576,3
8080,49590,nothing,576,3
8081,49599,Odysseus,576,3
8082,49608,puts,576,3
8083,49613,the,576,3
8084,49617,lot,576,3
8085,49621,into,576,3
8086,49626,his,576,3
8087,49630,belt,576,3
8088,49639,ODYSSEUS,577,3
8089,49649,If,577,3
8090,49652,I,577,3
8091,49654,could,577,3
8092,49660,just,577,3
8093,49665,talk,577,3
8094,49670,to,577,3
8095,49673,them,577,3
8096,49679,they,577,3
8097,49684,d,577,3
8098,49686,help,577,3
8099,49691,me,577,3
8100,49694,remember,577,3
8101,49704,It,577,3
8102,49707,all,577,3
8103,49711,went,577,3
8104,49717,wrong,577,3
8105,49724,We,577,3
8106,49727,were,577,3
8107,49732,just,577,3
8108,49737,trying,577,3
8109,49744,to,577,3
8110,49747,get,577,3
8111,49751,home,577,3
8112,49762,Calypso,577,3
8113,49770,nods,577,3
8114,49776,encouraging,577,3
8115,49788,him,577,3
8116,49792,to,577,3
8117,49795,remember,577,3
8118,49808,ODYSSEUS,578,3
8119,49818,But,578,3
8120,49822,where,578,3
8121,49828,s,578,3
8122,49830,home,578,3
8123,49843,I,578,3
8124,49845,still,578,3
8125,49851,don,578,3
8126,49855,t,578,3
8127,49857,remember,578,3
8128,49866,anything,578,3
8129,49875,before,578,3
8130,49883,Troy,578,3
8131,49892,Did,578,3
8132,49896,I,578,3
8133,49898,have,578,3
8134,49903,a,578,3
8135,49905,wife,578,3
8136,49915,Children,578,3
8137,49927,perhaps,578,3
8138,49935,a,578,3
8139,49937,son,578,3
8140,49945,How,578,3
8141,49949,long,578,3
8142,49954,have,578,3
8143,49959,I,578,3
8144,49961,been,578,3
8145,49966,here,578,3
8146,49975,CALYPSO,579,3
8147,49984,A,579,3
8148,49986,long,579,3
8149,49991,time,579,3
8150,50000,ODYSSEUS,580,3
8151,50010,IfIhadason,580,3
8152,50027,EXT,581,3
8153,50032,TELEMACHUS,581,3
8154,50043,S,581,3
8155,50045,SHIP,581,3
8156,50052,DAY,581,3
8157,50059,Telemachus,582,3
8158,50070,looks,582,3
8159,50076,ahead,582,3
8160,50082,ata,582,3
8161,50086,PORT,582,3
8162,50097,ODYSSEUS,583,3
8163,50108,V,584,3
8164,50110,O,584,3
8165,50115,How,584,3
8166,50119,old,584,3
8167,50123,would,584,3
8168,50129,he,584,3
8169,50132,be,584,3
8170,50136,now,584,3
8171,50144,TELEMACHUS,585,3
8172,50156,I,585,3
8173,50158,don,585,3
8174,50162,t,585,3
8175,50164,know,585,3
8176,50169,how,585,3
8177,50173,to,585,3
8178,50176,speak,585,3
8179,50182,to,585,3
8180,50185,a,585,3
8181,50187,king,585,3
8182,50196,MENTOR,586,3
8183,50206,You'll,586,3
8184,50213,do,586,3
8185,50216,fine,586,3
8186,50222,Keep,586,3
8187,50227,your,586,3
8188,50232,mouth,586,3
8189,50238,shut,586,3
8190,50244,Never,586,3
8191,50250,ask,586,3
8192,50254,unless,586,3
8193,50261,you,586,3
8194,50265,re,586,3
8195,50269,asked,586,3
8196,50275,to,586,3
8197,50278,ask,586,3
8198,50286,EXT,587,3
8199,50291,PALACE,587,3
8200,50298,OF,587,3
8201,50301,MENELAUS,587,3
8202,50313,EVENING,587,3
8203,50324,Telemachus,588,3
8204,50335,and,588,3
8205,50339,Mentor,588,3
8206,50346,approach,588,3
8207,50355,the,588,3
8208,50359,gates,588,3
8209,50365,of,588,3
8210,50368,the,588,3
8211,50372,mighty,588,3
8212,50379,palace,588,3
8213,50387,They,588,3
8214,50393,can,588,3
8215,50397,hear,588,3
8216,50402,noise,588,3
8217,50408,of,588,3
8218,50411,feasting,588,3
8219,50420,from,588,3
8220,50425,within,588,3
8221,50436,MENTOR,589,3
8222,50444,Zeus,589,3
8223,50449,s,589,3
8224,50451,law,589,3
8225,50455,means,589,3
8226,50461,they,589,3
8227,50466,ll,589,3
8228,50469,welcome,589,3
8229,50477,us,589,3
8230,50480,without,589,3
8231,50488,knowing,589,3
8232,50496,who,589,3
8233,50500,we,589,3
8234,50504,are,589,3
8235,50509,But,589,3
8236,50513,if,589,3
8237,50516,anyone,589,3
8238,50523,asks,589,3
8239,50533,Mentor,589,3
8240,50540,reaches,589,3
8241,50548,for,589,3
8242,50552,Telemachus,589,3
8243,50563,s,589,3
8244,50565,hand,589,3
8245,50572,pulls,589,3
8246,50578,off,589,3
8247,50582,a,589,3
8248,50584,DECORATIVE,589,3
8249,50596,RING,590,3
8250,50607,MENTOR,591,3
8251,50615,We,591,3
8252,50619,re,591,3
8253,50622,traders,591,3
8254,50630,from,591,3
8255,50635,Crete,591,3
8256,50645,Telemachus,591,3
8257,50656,hides,591,3
8258,50662,the,591,3
8259,50666,ring,591,3
8260,50671,in,591,3
8261,50674,his,591,3
8262,50678,belt,591,3
8263,50687,MENTOR,592,3
8264,50695,Then,592,3
8265,50700,we,592,3
8266,50703,ll,592,3
8267,50706,figure,592,3
8268,50713,out,592,3
8269,50717,how,592,3
8270,50721,to,592,3
8271,50724,approach,592,3
8272,50733,the,592,3
8273,50737,king,592,3
8274,50746,INT,593,3
8275,50751,PALACE,593,3
8276,50758,OF,593,3
8277,50761,MENELAUS,593,3
8278,50772,CONTINUOUS,593,3
8279,50786,Telemachus,594,3
8280,50797,and,594,3
8281,50801,Mentor,594,3
8282,50808,step,594,3
8283,50813,over,594,3
8284,50818,the,594,3
8285,50822,BEGGARS,594,3
8286,50830,into,594,3
8287,50835,a,594,3
8288,50838,MAGNIFICENT,594,3
8289,50851,OPULENT,594,3
8290,50859,MEGARON,594,3
8291,50870,GILDED,594,3
8292,50878,CROWDED,594,3
8293,50889,with,594,3
8294,50894,REVELLERS,594,3
8295,50905,DANCERS,594,3
8296,50914,BARDS,594,3
8297,50925,a,594,3
8298,50927,STEWARD,594,3
8299,50936,approaches,594,3
8300,50953,STEWARD,595,3
8301,50962,Welcome,595,3
8302,50972,MENTOR,596,3
8303,50980,Thank,596,3
8304,50986,you,596,3
8305,50994,He,596,3
8306,50997,looks,596,3
8307,51003,them,596,3
8308,51008,up,596,3
8309,51011,and,596,3
8310,51015,down,596,3
8311,51021,Mentor,596,3
8312,51028,looks,596,3
8313,51034,at,596,3
8314,51037,the,596,3
8315,51041,crowd,596,3
8316,51055,MENTOR,597,3
8317,51063,You,597,3
8318,51067,seem,597,3
8319,51072,to,597,3
8320,51075,be,597,3
8321,51078,having,597,3
8322,51090,STEWARD,598,3
8323,51099,This,598,3
8324,51104,way,598,3
8325,51112,The,598,3
8326,51116,Steward,598,3
8327,51124,TURNS,598,3
8328,51132,they,598,3
8329,51137,follow,598,3
8330,51144,him,598,3
8331,51148,through,598,3
8332,51156,the,598,3
8333,51160,celebration,598,3
8334,51181,MENTOR,599,3
8335,51189,Where,599,3
8336,51195,are,599,3
8337,51199,you,599,3
8338,51203,taking,599,3
8339,51210,us,599,3
8340,51217,STEWARD,600,3
8341,51226,The,600,3
8342,51230,King,600,3
8343,51235,insists,600,3
8344,51243,on,600,3
8345,51246,greeting,600,3
8346,51255,strangers,600,3
8347,51265,himself,600,3
8348,51277,Telemachus,600,3
8349,51288,looks,600,3
8350,51294,at,600,3
8351,51297,Mentor,600,3
8352,51305,nervous,600,3
8353,51314,Mentor,600,3
8354,51321,leads,600,3
8355,51327,as,600,3
8356,51330,they,600,3
8357,51335,follow,600,3
8358,51342,the,600,3
8359,51347,Steward,600,3
8360,51355,up,600,3
8361,51358,a,600,3
8362,51360,flight,600,3
8363,51367,of,600,3
8364,51370,steps,600,3
8365,51376,to,600,3
8366,51379,a,600,3
8367,51381,top,600,3
8368,51385,table,600,3
8369,51392,A,600,3
8370,51394,rugged,600,3
8371,51402,middle,600,3
8372,51409,aged,600,3
8373,51414,man,600,3
8374,51419,holds,600,3
8375,51425,court,600,3
8376,51432,This,600,3
8377,51437,is,600,3
8378,51440,MENELAUS,600,3
8379,51450,He,600,3
8380,51453,barely,600,3
8381,51460,glances,600,3
8382,51468,at,600,3
8383,51471,Mentor,600,3
8384,51478,before,600,3
8385,51486,settling,600,3
8386,51495,a,600,3
8387,51497,careful,600,3
8388,51505,eye,600,3
8389,51509,on,600,3
8390,51512,Telemachus,600,3
8391,51527,MENELAUS,601,3
8392,51537,Sit,601,3
8393,51543,Space,601,3
8394,51549,is,601,3
8395,51552,made,601,3
8396,51557,next,601,3
8397,51562,to,601,3
8398,51565,Menelaus,601,3
8399,51575,Mentor,601,3
8400,51582,tries,601,3
8401,51588,to,601,3
8402,51591,sit,601,3
8403,51595,there,601,3
8404,51606,MENELAUS,602,3
8405,51616,Not,602,3
8406,51620,you,602,3
8407,51625,You,602,3
8408,51633,Menelaus,602,3
8409,51642,stares,602,3
8410,51649,at,602,3
8411,51652,Telemachus,602,3
8412,51663,as,602,3
8413,51666,he,602,3
8414,51669,steps,602,3
8415,51675,forward,602,3
8416,51683,to,602,3
8417,51686,sit,602,3
8418,51699,MENELAUS,603,3
8419,51709,Enjoy,603,3
8420,51715,our,603,3
8421,51719,hospitality,603,3
8422,51732,as,603,3
8423,51735,Zeus,603,3
8424,51740,demands,603,3
8425,51749,Then,603,3
8426,51754,perhaps,603,3
8427,51762,you'll,603,3
8428,51769,tell,603,3
8429,51775,us,603,3
8430,51778,who,603,3
8431,51782,you,603,3
8432,51786,are,603,3
8433,51794,Telemachus,603,3
8434,51805,nods,603,3
8435,51810,thanks,603,3
8436,51818,nervous,603,3
8437,51827,Food,603,3
8438,51832,and,603,3
8439,51836,wine,603,3
8440,51841,are,603,3
8441,51845,put,603,3
8442,51849,in,603,3
8443,51852,front,603,3
8444,51858,of,603,3
8445,51862,them,603,3
8446,51871,MENELAUS,604,3
8447,51881,You,604,3
8448,51885,picked,604,3
8449,51892,the,604,3
8450,51896,right,604,3
8451,51902,day,604,3
8452,51906,to,604,3
8453,51909,arrive,604,3
8454,51917,This,604,3
8455,51922,is,604,3
8456,51925,the,604,3
8457,51929,feast,604,3
8458,51935,of,604,3
8459,51938,my,604,3
8460,51942,daughter,604,3
8461,51951,s,604,3
8462,51953,wedding,604,3
8463,51962,Tomorrow,604,3
8464,51971,she,604,3
8465,51975,leaves,604,3
8466,51982,to,604,3
8467,51985,start,604,3
8468,51991,a,604,3
8469,51993,new,604,3
8470,51997,life,604,3
8471,52006,Menelaus,604,3
8472,52015,looks,604,3
8473,52021,Telemachus,604,3
8474,52032,up,604,3
8475,52035,and,604,3
8476,52039,down,604,3
8477,52048,MENELAUS,605,3
8478,52058,I,605,3
8479,52060,m,605,3
8480,52062,Menelaus,605,3
8481,52072,brother,605,3
8482,52080,of,605,3
8483,52083,Agamemnon,605,3
8484,52094,Husband,605,3
8485,52102,of,605,3
8486,52105,Helen,605,3
8487,52113,Perhaps,605,3
8488,52121,you,605,3
8489,52125,ve,605,3
8490,52128,heard,605,3
8491,52134,of,605,3
8492,52137,Helen,605,3
8493,52147,Menelaus,605,3
8494,52156,turns,605,3
8495,52162,to,605,3
8496,52165,the,605,3
8497,52169,profile,605,3
8498,52177,of,605,3
8499,52180,the,605,3
8500,52184,beautiful,605,3
8501,52194,woman,605,3
8502,52201,forties,605,3
8503,52210,sitting,605,3
8504,52219,next,605,3
8505,52224,to,605,3
8506,52227,him,605,3
8507,52232,He,605,3
8508,52235,lifts,605,3
8509,52241,his,605,3
8510,52245,hand,605,3
8511,52250,to,605,3
8512,52253,her,605,3
8513,52257,chin,605,3
8514,52266,MENELAUS,606,3
8515,52276,The,606,3
8516,52280,face,606,3
8517,52285,that,606,3
8518,52290,launched,606,3
8519,52299,a,606,3
8520,52301,thousand,606,3
8521,52310,ships,606,3
8522,52320,He,606,3
8523,52323,gently,606,3
8524,52330,pulls,606,3
8525,52336,her,606,3
8526,52340,face,606,3
8527,52345,around,606,3
8528,52352,towards,606,3
8529,52360,Telemachus,606,3
8530,52380,MENELAUS,607,3
8531,52390,Now,607,3
8532,52394,maybe,607,3
8533,52400,just,607,3
8534,52405,five,607,3
8535,52410,hundred,607,3
8536,52422,The,607,3
8537,52426,other,607,3
8538,52432,side,607,3
8539,52437,of,607,3
8540,52440,her,607,3
8541,52444,face,607,3
8542,52449,is,607,3
8543,52452,viciously,607,3
8544,52462,SCARRED,607,3
8545,52474,MENELAUS,608,3
8546,52484,A,608,3
8547,52486,lot,608,3
8548,52490,of,608,3
8549,52493,good,608,3
8550,52498,men,608,3
8551,52502,left,608,3
8552,52507,on,608,3
8553,52510,the,608,3
8554,52514,battlefields,608,3
8555,52527,of,608,3
8556,52530,Troy,608,3
8557,52535,for,608,3
8558,52539,this,608,3
8559,52544,face,608,3
8560,52553,HELEN,609,3
8561,52560,And,609,3
8562,52564,your,609,3
8563,52569,brother,609,3
8564,52577,s,609,3
8565,52579,ambition,609,3
8566,52592,She,609,3
8567,52596,takes,609,3
8568,52602,in,609,3
8569,52605,Telemachus,609,3
8570,52616,with,609,3
8571,52621,cool,609,3
8572,52626,eyes,609,3
8573,52632,Perhaps,609,3
8574,52640,recognition,609,3
8575,52656,HELEN,610,3
8576,52663,This,610,3
8577,52668,one,610,3
8578,52672,looks,610,3
8579,52678,familiar,610,3
8580,52691,Menelaus,610,3
8581,52700,takes,610,3
8582,52706,a,610,3
8583,52708,drink,610,3
8584,52715,Studies,610,3
8585,52723,Telemachus,610,3
8586,52735,Nods,610,3
8587,52741,Telemachus,610,3
8588,52752,shifts,610,3
8589,52760,under,610,3
8590,52766,his,610,3
8591,52770,gaze,610,3
8592,52776,uncomfortable,610,3
8593,52799,MENELAUS,611,3
8594,52809,Ajax,611,3
8595,52815,Patrochlus,611,3
8596,52830,Achilles,611,3
8597,52844,all,611,3
8598,52848,left,611,3
8599,52853,under,611,3
8600,52859,Trojan,611,3
8601,52866,sand,611,3
8602,52872,But,611,3
8603,52876,I,611,3
8604,52879,don,611,3
8605,52883,t,611,3
8606,52885,miss,611,3
8607,52890,any,611,3
8608,52894,of,611,3
8609,52897,them,611,3
8610,52902,as,611,3
8611,52905,much,611,3
8612,52910,as,611,3
8613,52913,I,611,3
8614,52915,miss,611,3
8615,52920,one,611,3
8616,52924,particular,611,3
8617,52935,warrior,611,3
8618,52947,Telemachus,611,3
8619,52958,stops,611,3
8620,52964,eating,611,3
8621,52972,desperate,611,3
8622,52982,to,611,3
8623,52985,ask,611,3
8624,52995,MENELAUS,612,3
8625,53007,The,612,3
8626,53011,smartest,612,3
8627,53020,of,612,3
8628,53023,us,612,3
8629,53026,all,612,3
8630,53031,Ten,612,3
8631,53035,years,612,3
8632,53041,we,612,3
8633,53044,rotted,612,3
8634,53051,on,612,3
8635,53054,that,612,3
8636,53059,beach,612,3
8637,53069,INSERT,612,3
8638,53076,CUT,612,3
8639,53081,HUNDREDS,612,3
8640,53090,OF,612,3
8641,53093,SHIPS,612,3
8642,53100,CAMPS,612,3
8643,53107,MEN,612,3
8644,53112,LINE,612,3
8645,53117,THE,612,3
8646,53122,BEACH,613,3
8647,53134,Menelaus,613,3
8648,53143,stares,613,3
8649,53150,into,613,3
8650,53155,the,613,3
8651,53159,past,613,3
8652,53172,MENELAUS,614,3
8653,53182,Deadlocked,614,3
8654,53194,Fighting,614,3
8655,53203,amongst,614,3
8656,53211,ourselves,614,3
8657,53222,Until,614,3
8658,53228,one,614,3
8659,53232,man,614,3
8660,53236,saw,614,3
8661,53240,a,614,3
8662,53243,way,614,3
8663,53253,INSERT,614,3
8664,53260,CUT,614,3
8665,53265,a,614,3
8666,53267,FIGURE,614,3
8667,53274,on,614,3
8668,53277,the,614,3
8669,53281,shore,614,3
8670,53288,head,614,3
8671,53293,down,614,3
8672,53298,in,614,3
8673,53301,contemplation,614,3
8674,53322,Menelaus,614,3
8675,53331,fixes,614,3
8676,53337,Telemachus,614,3
8677,53348,with,614,3
8678,53353,a,614,3
8679,53355,look,614,3
8680,53365,MENELAUS,615,3
8681,53375,Odysseus,615,3
8682,53388,Telemachus,615,3
8683,53399,cannot,615,3
8684,53406,hide,615,3
8685,53411,his,615,3
8686,53415,reaction,615,3
8687,53424,completely,615,3
8688,53439,INSERT,615,3
8689,53446,CUT,615,3
8690,53451,THE,615,3
8691,53455,GREAT,615,3
8692,53461,WOODEN,615,3
8693,53468,HORSE,615,3
8694,53474,LISTS,615,3
8695,53480,IN,615,3
8696,53483,THE,615,3
8697,53488,RISING,616,3
8698,53495,TIDE,616,3
8699,53506,MENELAUS,617,3
8700,53516,You,617,3
8701,53520,ve,617,3
8702,53523,heard,617,3
8703,53529,the,617,3
8704,53533,story,617,3
8705,53539,of,617,3
8706,53542,the,617,3
8707,53546,Horse,617,3
8708,53556,Telemachus,617,3
8709,53567,nods,617,3
8710,53576,MENELAUS,618,3
8711,53586,But,618,3
8712,53590,have,618,3
8713,53595,you,618,3
8714,53599,heard,618,3
8715,53605,it,618,3
8716,53608,from,618,3
8717,53613,the,618,3
8718,53617,inside,618,3
8719,53632,EXT,619,3
8720,53637,BEACH,619,3
8721,53643,AT,619,3
8722,53646,TROY,619,3
8723,53653,DAY,619,3
8724,53658,FLASHBACK,619,3
8725,53672,A,620,3
8726,53674,WAVE,620,3
8727,53679,crashes,620,3
8728,53687,into,620,3
8729,53692,the,620,3
8730,53696,Horse,620,3
8731,53703,Sinon,620,3
8732,53709,looks,620,3
8733,53715,up,620,3
8734,53718,at,620,3
8735,53721,the,620,3
8736,53725,sound,620,3
8737,53731,of,620,3
8738,53735,HOOVES,621,3
8739,53746,Push,621,3
8740,53751,in,621,3
8741,53754,on,621,3
8742,53757,the,621,3
8743,53761,rough,621,3
8744,53767,wooden,621,3
8745,53774,chest,621,3
8746,53780,of,621,3
8747,53783,the,621,3
8748,53787,Horse,621,3
8749,53799,MENELAUS,622,3
8750,53812,V,623,3
8751,53814,O,623,3
8752,53819,We,623,3
8753,53822,were,623,3
8754,53827,in,623,3
8755,53830,there,623,3
8756,53836,for,623,3
8757,53840,days,623,3
8758,53851,INT,624,4
8759,53856,INSIDE,624,4
8760,53863,THE,624,4
8761,53867,HORSE,624,4
8762,53875,DAY,624,4
8763,53882,Menelaus,625,4
8764,53891,STRUGGLES,625,4
8765,53901,to,625,4
8766,53904,stay,625,4
8767,53909,above,625,4
8768,53915,RISING,625,4
8769,53922,WATER,625,4
8770,53928,in,625,4
8771,53932,CLAUSTROPHOBIC,625,4
8772,53947,DARKNESS,625,4
8773,53957,warriors,625,4
8774,53966,PRESSED,625,4
8775,53974,TOGETHER,625,4
8776,53984,around,625,4
8777,53991,him,625,4
8778,54001,MENELAUS,626,4
8779,54012,V,627,4
8780,54014,O,627,4
8781,54019,We,627,4
8782,54022,d,627,4
8783,54024,squeezed,627,4
8784,54033,in,627,4
8785,54036,there,627,4
8786,54042,before,627,4
8787,54049,our,627,4
8788,54053,ships,627,4
8789,54059,even,627,4
8790,54064,left,627,4
8791,54075,we,627,4
8792,54078,lay,627,4
8793,54083,silent,627,4
8794,54090,in,627,4
8795,54093,our,627,4
8796,54097,own,627,4
8797,54101,piss,627,4
8798,54106,and,627,4
8799,54110,shit,627,4
8800,54116,During,627,4
8801,54123,the,627,4
8802,54127,first,627,4
8803,54133,two,627,4
8804,54137,tides,627,4
8805,54143,some,627,4
8806,54149,drowned,627,4
8807,54163,Odysseus,627,4
8808,54172,hands,627,4
8809,54178,a,627,4
8810,54180,submerged,627,4
8811,54190,warrior,627,4
8812,54198,a,627,4
8813,54200,hollow,627,4
8814,54207,REED,627,4
8815,54212,to,627,4
8816,54215,breathe,627,4
8817,54224,through,627,4
8818,54238,MENELAUS,628,4
8819,54249,V,629,4
8820,54251,O,629,4
8821,54256,Odysseus,629,4
8822,54265,knew,629,4
8823,54270,that,629,4
8824,54275,not,629,4
8825,54279,even,629,4
8826,54284,Sinon,629,4
8827,54291,the,629,4
8828,54295,soldier,629,4
8829,54303,left,629,4
8830,54308,behind,629,4
8831,54316,could,629,4
8832,54323,know,629,4
8833,54328,we,629,4
8834,54331,were,629,4
8835,54336,inside,629,4
8836,54349,A,629,4
8837,54351,SPEAR,629,4
8838,54357,POINT,629,4
8839,54363,CRASHES,629,4
8840,54371,through,629,4
8841,54379,the,629,4
8842,54383,side,629,4
8843,54389,near,629,4
8844,54394,Odysseus,629,4
8845,54404,BLOOD,629,4
8846,54411,drips,629,4
8847,54417,from,629,4
8848,54422,it,629,4
8849,54426,Odysseus,629,4
8850,54435,leans,629,4
8851,54441,his,629,4
8852,54445,head,629,4
8853,54450,to,629,4
8854,54453,the,629,4
8855,54457,wood,629,4
8856,54462,beside,629,4
8857,54469,the,629,4
8858,54473,spear,629,4
8859,54481,WEEPING,629,4
8860,54489,softly,629,4
8861,54505,SINON,630,4
8862,54513,O,630,4
8863,54515,S,630,4
8864,54519,muffled,630,4
8865,54529,A,630,4
8866,54531,gift,630,4
8867,54537,For,630,4
8868,54541,Athena,630,4
8869,54554,Odysseus,630,4
8870,54563,mouths,630,4
8871,54570,words,630,4
8872,54576,of,630,4
8873,54579,comfort,630,4
8874,54587,through,630,4
8875,54595,the,630,4
8876,54599,wood,630,4
8877,54610,the,630,4
8878,54614,point,630,4
8879,54620,of,630,4
8880,54624,the,630,4
8881,54628,spear,630,4
8882,54634,VANISHES,630,4
8883,54644,Odysseus,630,4
8884,54653,turns,630,4
8885,54659,to,630,4
8886,54662,Menelaus,630,4
8887,54672,nodding,630,4
8888,54689,The,630,4
8889,54693,Warriors,630,4
8890,54702,are,630,4
8891,54706,JOLTED,630,4
8892,54713,as,630,4
8893,54716,the,630,4
8894,54720,Horse,630,4
8895,54726,is,630,4
8896,54729,pulled,630,4
8897,54736,onto,630,4
8898,54741,its,630,4
8899,54745,side,630,4
8900,54756,EXT,631,4
8901,54761,THE,631,4
8902,54765,PLAIN,631,4
8903,54771,OF,631,4
8904,54774,TROY,631,4
8905,54781,DAY,631,4
8906,54788,HUNDREDS,632,4
8907,54797,of,632,4
8908,54800,Trojans,632,4
8909,54808,pull,632,4
8910,54813,the,632,4
8911,54817,Horse,632,4
8912,54824,on,632,4
8913,54827,its,632,4
8914,54831,side,632,4
8915,54837,towards,632,4
8916,54845,the,632,4
8917,54849,great,632,4
8918,54856,city,632,4
8919,54861,s,632,4
8920,54863,walls,632,4
8921,54870,using,632,4
8922,54876,TREE,632,4
8923,54881,TRUNKS,632,4
8924,54888,as,632,4
8925,54891,rollers,632,4
8926,54900,foot,632,4
8927,54905,by,632,4
8928,54908,painful,632,4
8929,54916,foot,632,4
8930,54929,INT,633,4
8931,54934,INSIDE,633,4
8932,54941,THE,633,4
8933,54945,HORSE,633,4
8934,54953,CONTINUOUS,633,4
8935,54967,Odysseus,634,4
8936,54976,passes,634,4
8937,54983,a,634,4
8938,54985,goatskin,634,4
8939,54994,of,634,4
8940,54997,water,634,4
8941,55003,to,634,4
8942,55006,Menelaus,634,4
8943,55019,MENELAUS,635,4
8944,55030,V,636,4
8945,55032,O,636,4
8946,55037,Odysseus,636,4
8947,55046,kept,636,4
8948,55051,us,636,4
8949,55054,calm,636,4
8950,55060,Even,636,4
8951,55065,as,636,4
8952,55068,our,636,4
8953,55072,dead,636,4
8954,55077,began,636,4
8955,55083,to,636,4
8956,55086,smell,636,4
8957,55100,EXT,637,4
8958,55105,GATES,637,4
8959,55111,OF,637,4
8960,55114,TROY,637,4
8961,55121,DAY,637,4
8962,55128,As,638,4
8963,55131,the,638,4
8964,55135,Horse,638,4
8965,55141,is,638,4
8966,55144,dragged,638,4
8967,55152,into,638,4
8968,55157,the,638,4
8969,55161,city,638,4
8970,55166,on,638,4
8971,55169,its,638,4
8972,55173,side,638,4
8973,55179,a,638,4
8974,55181,Trojan,638,4
8975,55188,Soldier,638,4
8976,55197,jumps,638,4
8977,55203,up,638,4
8978,55206,onto,638,4
8979,55211,the,638,4
8980,55215,Horse,638,4
8981,55222,thrusting,638,4
8982,55232,his,638,4
8983,55236,SWORD,638,4
8984,55242,into,638,4
8985,55247,the,638,4
8986,55251,gaps,638,4
8987,55256,in,638,4
8988,55259,the,638,4
8989,55264,planks,638,4
8990,55276,INT,639,4
8991,55281,INSIDE,639,4
8992,55288,THE,639,4
8993,55292,HORSE,639,4
8994,55300,CONTINUOUS,639,4
8995,55314,Odysseus,640,4
8996,55323,JERKS,640,4
8997,55329,back,640,4
8998,55334,as,640,4
8999,55337,the,640,4
9000,55341,blade,640,4
9001,55347,of,640,4
9002,55350,the,640,4
9003,55354,sword,640,4
9004,55360,PROBES,640,4
9005,55367,the,640,4
9006,55371,interior,640,4
9007,55382,WITHDRAWN,640,4
9008,55393,THRUST,640,4
9009,55400,in,640,4
9010,55403,again,640,4
9011,55409,in,640,4
9012,55412,a,640,4
9013,55414,different,640,4
9014,55424,spot,640,4
9015,55431,the,640,4
9016,55435,blade,640,4
9017,55442,PENETRATES,640,4
9018,55453,the,640,4
9019,55457,shoulder,640,4
9020,55466,of,640,4
9021,55469,the,640,4
9022,55473,warrior,640,4
9023,55481,next,640,4
9024,55486,to,640,4
9025,55489,Odysseus,640,4
9026,55500,who,640,4
9027,55505,CLAPS,640,4
9028,55511,his,640,4
9029,55515,hand,640,4
9030,55520,over,640,4
9031,55525,the,640,4
9032,55529,man,640,4
9033,55533,s,640,4
9034,55535,mouth,640,4
9035,55542,and,640,4
9036,55546,wraps,640,4
9037,55552,a,640,4
9038,55554,rag,640,4
9039,55558,around,640,4
9040,55565,the,640,4
9041,55570,blade,640,4
9042,55576,which,640,4
9043,55582,WIPES,640,4
9044,55588,the,640,4
9045,55592,blade,640,4
9046,55598,clean,640,4
9047,55604,as,640,4
9048,55607,it,640,4
9049,55610,is,640,4
9050,55613,withdrawn,640,4
9051,55631,EXT,641,4
9052,55636,GATES,641,4
9053,55642,OF,641,4
9054,55645,TROY,641,4
9055,55652,CONTINUOUS,641,4
9056,55666,The,642,4
9057,55670,Trojan,642,4
9058,55677,Soldier,642,4
9059,55685,checks,642,4
9060,55692,his,642,4
9061,55696,blade,642,4
9062,55708,EXT,643,4
9063,55713,TROY,643,4
9064,55720,MOMENTS,643,4
9065,55728,LATER,643,4
9066,55737,The,644,4
9067,55741,Horse,644,4
9068,55747,is,644,4
9069,55750,DRAGGED,644,4
9070,55758,through,644,4
9071,55766,the,644,4
9072,55770,streets,644,4
9073,55778,amidst,644,4
9074,55785,a,644,4
9075,55787,cheering,644,4
9076,55796,mob,644,4
9077,55806,EXT,645,4
9078,55811,TROY,645,4
9079,55818,EVENING,645,4
9080,55829,The,646,4
9081,55833,mighty,646,4
9082,55840,Horse,646,4
9083,55846,is,646,4
9084,55849,PULLED,646,4
9085,55856,to,646,4
9086,55859,its,646,4
9087,55863,feet,646,4
9088,55868,in,646,4
9089,55871,front,646,4
9090,55877,of,646,4
9091,55880,the,646,4
9092,55884,Temple,646,4
9093,55891,of,646,4
9094,55895,Athena,646,4
9095,55903,It,646,4
9096,55906,stands,646,4
9097,55913,there,646,4
9098,55920,rearing,646,4
9099,55928,on,646,4
9100,55931,its,646,4
9101,55935,back,646,4
9102,55940,feet,646,4
9103,55946,watched,646,4
9104,55954,by,646,4
9105,55957,the,646,4
9106,55961,blank,646,4
9107,55968,stare,646,4
9108,55974,of,646,4
9109,55977,the,646,4
9110,55981,statue,646,4
9111,55988,of,646,4
9112,55991,Athena,646,4
9113,55999,as,646,4
9114,56002,the,646,4
9115,56006,people,646,4
9116,56013,SWARM,646,4
9117,56019,around,646,4
9118,56026,it,646,4
9119,56035,fascinated,646,4
9120,56049,the,646,4
9121,56053,CROWD,646,4
9122,56059,starts,646,4
9123,56066,CHANTING,646,4
9124,56082,CROWD,647,4
9125,56089,Burn,647,4
9126,56094,it,647,4
9127,56098,Burn,647,4
9128,56103,it,647,4
9129,56107,Burn,647,4
9130,56112,it,647,4
9131,56119,INT,648,4
9132,56124,INSIDE,648,4
9133,56131,THE,648,4
9134,56135,HORSE,648,4
9135,56143,CONTINUOUS,648,4
9136,56157,The,649,4
9137,56161,Warriors,649,4
9138,56170,can,649,4
9139,56174,hear,649,4
9140,56179,the,649,4
9141,56183,UNNERVING,649,4
9142,56193,chant,649,4
9143,56199,of,649,4
9144,56202,the,649,4
9145,56206,crowd,649,4
9146,56218,CROWD,650,4
9147,56226,O,651,4
9148,56228,S,651,4
9149,56233,Burn,651,4
9150,56238,it,651,4
9151,56242,Burn,651,4
9152,56247,it,651,4
9153,56251,Burn,651,4
9154,56256,it,651,4
9155,56263,Odysseus,651,4
9156,56272,looks,651,4
9157,56278,at,651,4
9158,56281,Menelaus,651,4
9159,56291,SMILES,651,4
9160,56298,and,651,4
9161,56302,shakes,651,4
9162,56309,his,651,4
9163,56313,head,651,4
9164,56322,EXT,652,4
9165,56327,TROY,652,4
9166,56334,CONTINUOUS,652,4
9167,56348,Soldiers,653,4
9168,56357,push,653,4
9169,56362,the,653,4
9170,56366,chanting,653,4
9171,56375,crowd,653,4
9172,56381,back,653,4
9173,56386,down,653,4
9174,56391,the,653,4
9175,56395,stairs,653,4
9176,56402,away,653,4
9177,56407,from,653,4
9178,56412,the,653,4
9179,56417,Horse,653,4
9180,56424,protecting,653,4
9181,56435,it,653,4
9182,56438,from,653,4
9183,56443,the,653,4
9184,56447,mob,653,4
9185,56457,TROJAN,654,4
9186,56464,SOLDIER,654,4
9187,56473,It,654,4
9188,56476,s,654,4
9189,56478,an,654,4
9190,56481,offering,654,4
9191,56490,for,654,4
9192,56494,Athena,654,4
9193,56505,EXT,655,4
9194,56510,TROY,655,4
9195,56517,NIGHT,655,4
9196,56526,The,656,4
9197,56530,Horse,656,4
9198,56536,frozen,656,4
9199,56543,in,656,4
9200,56546,rearing,656,4
9201,56554,stillness,656,4
9202,56565,stands,656,4
9203,56572,in,656,4
9204,56575,the,656,4
9205,56579,darkness,656,4
9206,56589,Lamps,656,4
9207,56596,flicker,656,4
9208,56604,in,656,4
9209,56607,the,656,4
9210,56611,Temple,656,4
9211,56618,of,656,4
9212,56621,Athena,656,4
9213,56634,INT,657,4
9214,56639,INSIDE,657,4
9215,56646,THE,657,4
9216,56650,HORSE,657,4
9217,56658,CONTINUOUS,657,4
9218,56672,Odysseus,658,4
9219,56681,PULLS,658,4
9220,56687,tar,658,4
9221,56691,stained,658,4
9222,56699,ROPE,658,4
9223,56704,from,658,4
9224,56709,lines,658,4
9225,56715,along,658,4
9226,56721,the,658,4
9227,56726,hull,658,4
9228,56732,of,658,4
9229,56735,the,658,4
9230,56742,Horse,658,4
9231,56751,he,658,4
9232,56754,turns,658,4
9233,56760,back,658,4
9234,56765,to,658,4
9235,56768,check,658,4
9236,56774,the,658,4
9237,56778,Warriors,658,4
9238,56787,are,658,4
9239,56791,prepared,658,4
9240,56800,before,658,4
9241,56807,he,658,4
9242,56811,wraps,658,4
9243,56817,a,658,4
9244,56819,tie,658,4
9245,56823,line,658,4
9246,56828,around,658,4
9247,56835,his,658,4
9248,56839,fist,658,4
9249,56844,and,658,4
9250,56848,pushes,658,4
9251,56855,down,658,4
9252,56860,on,658,4
9253,56863,a,658,4
9254,56865,panel,658,4
9255,56871,beneath,658,4
9256,56880,him,658,4
9257,56890,EXT,659,5
9258,56895,TROY,659,5
9259,56902,CONTINUOUS,659,5
9260,56916,The,660,5
9261,56920,panel,660,5
9262,56926,DROPS,660,5
9263,56932,from,660,5
9264,56937,the,660,5
9265,56941,belly,660,5
9266,56947,of,660,5
9267,56950,the,660,5
9268,56954,Horse,660,5
9269,56961,CAUGHT,660,5
9270,56968,by,660,5
9271,56971,the,660,5
9272,56975,tie,660,5
9273,56980,line,660,5
9274,56985,just,660,5
9275,56990,above,660,5
9276,56996,the,660,5
9277,57000,ground,660,5
9278,57008,Followed,660,5
9279,57017,by,660,5
9280,57020,a,660,5
9281,57022,DEAD,660,5
9282,57027,BODY,660,5
9283,57033,lowered,660,5
9284,57042,gently,660,5
9285,57053,Odysseus,660,5
9286,57062,CLIMBS,660,5
9287,57069,silently,660,5
9288,57078,from,660,5
9289,57083,the,660,5
9290,57087,Horse,660,5
9291,57094,followed,660,5
9292,57103,by,660,5
9293,57106,Menelaus,660,5
9294,57115,and,660,5
9295,57120,the,660,5
9296,57124,dozen,660,5
9297,57130,or,660,5
9298,57133,so,660,5
9299,57136,Warriors,660,5
9300,57151,Odysseus,660,5
9301,57160,and,660,5
9302,57164,Menelaus,660,5
9303,57173,come,660,5
9304,57178,behind,660,5
9305,57186,Trojan,660,5
9306,57193,Guards,660,5
9307,57200,on,660,5
9308,57203,the,660,5
9309,57207,steps,660,5
9310,57214,take,660,5
9311,57219,them,660,5
9312,57224,out,660,5
9313,57228,silently,660,5
9314,57237,with,660,5
9315,57242,daggers,660,5
9316,57256,Swords,660,5
9317,57263,drawn,660,5
9318,57269,they,660,5
9319,57274,make,660,5
9320,57279,their,660,5
9321,57285,silent,660,5
9322,57292,way,660,5
9323,57296,through,660,5
9324,57304,the,660,5
9325,57308,shadows,660,5
9326,57316,of,660,5
9327,57319,the,660,5
9328,57324,SLEEPING,661,5
9329,57333,CITY,661,5
9330,57344,EXT,662,5
9331,57349,GATES,662,5
9332,57355,OF,662,5
9333,57358,TROY,662,5
9334,57365,MOMENTS,662,5
9335,57373,LATER,662,5
9336,57382,The,663,5
9337,57386,Greek,663,5
9338,57392,Warriors,663,5
9339,57401,silently,663,5
9340,57410,approach,663,5
9341,57419,the,663,5
9342,57423,VAST,663,5
9343,57428,GATES,663,5
9344,57434,from,663,5
9345,57439,both,663,5
9346,57445,sides,663,5
9347,57452,taking,663,5
9348,57459,out,663,5
9349,57463,the,663,5
9350,57467,Night,663,5
9351,57473,Watch,663,5
9352,57479,up,663,5
9353,57482,on,663,5
9354,57485,the,663,5
9355,57489,ramparts,663,5
9356,57507,Odysseus,663,5
9357,57516,PEERS,663,5
9358,57522,into,663,5
9359,57527,the,663,5
9360,57531,darkness,663,5
9361,57544,MENELAUS,664,5
9362,57555,V,665,5
9363,57557,O,665,5
9364,57562,He,665,5
9365,57565,d,665,5
9366,57567,known,665,5
9367,57573,to,665,5
9368,57576,wait,665,5
9369,57581,for,665,5
9370,57585,a,665,5
9371,57587,moonless,665,5
9372,57596,night,665,5
9373,57602,on,665,5
9374,57605,the,665,5
9375,57609,plain,665,5
9376,57615,of,665,5
9377,57618,Troy,665,5
9378,57629,He,665,5
9379,57632,can,665,5
9380,57636,hear,665,5
9381,57641,the,665,5
9382,57645,ocean,665,5
9383,57654,On,665,5
9384,57657,Odysseus,665,5
9385,57666,s,665,5
9386,57668,silent,665,5
9387,57675,signal,665,5
9388,57683,the,665,5
9389,57687,lamps,665,5
9390,57693,on,665,5
9391,57697,the,665,5
9392,57701,ramparts,665,5
9393,57710,are,665,5
9394,57714,DROPPED,665,5
9395,57722,over,665,5
9396,57727,the,665,5
9397,57731,wall,665,5
9398,57737,illuminating,665,5
9399,57750,MOVEMENT,665,5
9400,57761,as,665,5
9401,57764,if,665,5
9402,57767,the,665,5
9403,57771,ground,665,5
9404,57778,itself,665,5
9405,57785,were,665,5
9406,57790,SHUFFLING,665,5
9407,57800,towards,665,5
9408,57808,the,665,5
9409,57812,gates,665,5
9410,57819,Odysseus,665,5
9411,57829,turns,665,5
9412,57835,to,665,5
9413,57838,the,665,5
9414,57842,Warriors,665,5
9415,57851,stationed,665,5
9416,57861,at,665,5
9417,57864,the,665,5
9418,57868,doors,665,5
9419,57874,and,665,5
9420,57878,gives,665,5
9421,57884,a,665,5
9422,57886,signal,665,5
9423,57894,Polites,665,5
9424,57903,and,665,5
9425,57907,three,665,5
9426,57913,others,665,5
9427,57920,start,665,5
9428,57926,to,665,5
9429,57929,TURN,665,5
9430,57934,the,665,5
9431,57938,HANDLES,665,5
9432,57946,that,665,5
9433,57951,wind,665,5
9434,57956,the,665,5
9435,57960,MASSIVE,665,5
9436,57969,BOLTS,665,5
9437,57975,back,665,5
9438,57981,inch,665,5
9439,57986,by,665,5
9440,57989,inch,665,5
9441,58000,EXT,666,5
9442,58005,TROY,666,5
9443,58012,CONTINUOUS,666,5
9444,58026,A,667,5
9445,58028,WATCHMAN,667,5
9446,58037,spots,667,5
9447,58043,the,667,5
9448,58047,bodies,667,5
9449,58054,of,667,5
9450,58057,the,667,5
9451,58061,guards,667,5
9452,58069,SOUNDS,667,5
9453,58076,THE,667,5
9454,58080,ALARM,667,5
9455,58089,A,667,5
9456,58091,SECOND,667,5
9457,58098,WATCHMAN,667,5
9458,58107,starts,667,5
9459,58114,FURIOUSLY,667,5
9460,58124,STRIKING,667,5
9461,58133,a,667,5
9462,58135,metal,667,5
9463,58142,Sheet,667,5
9464,58154,Across,667,5
9465,58161,the,667,5
9466,58165,city,667,5
9467,58171,other,667,5
9468,58177,Watchmen,667,5
9469,58186,take,667,5
9470,58191,up,667,5
9471,58194,the,667,5
9472,58198,alarm,667,5
9473,58210,EXT,668,5
9474,58215,GATES,668,5
9475,58221,OF,668,5
9476,58224,TROY,668,5
9477,58231,CONTINUOUS,668,5
9478,58245,Odysseus,669,5
9479,58254,hears,669,5
9480,58260,the,669,5
9481,58264,alarms,669,5
9482,58275,he,669,5
9483,58278,shouts,669,5
9484,58285,down,669,5
9485,58290,to,669,5
9486,58293,Polites,669,5
9487,58309,ODYSSEUS,670,5
9488,58319,Hurry,670,5
9489,58325,up,670,5
9490,58332,Polites,670,5
9491,58340,GRINDS,670,5
9492,58347,the,670,5
9493,58351,bolts,670,5
9494,58357,back,670,5
9495,58365,SHOUTS,670,5
9496,58372,and,670,5
9497,58376,ALARMS,670,5
9498,58391,EXT,671,5
9499,58396,TROY,671,5
9500,58403,CONTINUOUS,671,5
9501,58417,Trojan,672,5
9502,58424,Soldiers,672,5
9503,58433,put,672,5
9504,58437,on,672,5
9505,58440,helmets,672,5
9506,58449,run,672,5
9507,58453,through,672,5
9508,58461,the,672,5
9509,58465,Streets,672,5
9510,58479,EXT,673,5
9511,58484,GATES,673,5
9512,58490,OF,673,5
9513,58493,TROY,673,5
9514,58500,CONTINUOUS,673,5
9515,58514,Odysseus,674,5
9516,58523,races,674,5
9517,58529,down,674,5
9518,58534,the,674,5
9519,58538,stairs,674,5
9520,58547,Elpenor,674,5
9521,58555,hands,674,5
9522,58561,him,674,5
9523,58565,a,674,5
9524,58567,bow,674,5
9525,58571,and,674,5
9526,58575,he,674,5
9527,58579,Starts,674,5
9528,58586,shooting,674,5
9529,58595,arrows,674,5
9530,58602,through,674,5
9531,58610,the,674,5
9532,58614,olive,674,5
9533,58620,trees,674,5
9534,58626,at,674,5
9535,58629,the,674,5
9536,58633,approaching,674,5
9537,58646,Trojan,674,5
9538,58653,Soldiers,674,5
9539,58668,ODYSSEUS,675,5
9540,58678,Come,675,5
9541,58683,on,675,5
9542,58688,Menelaus,675,5
9543,58697,GRABS,675,5
9544,58703,the,675,5
9545,58707,winch,675,5
9546,58716,MENELAUS,676,5
9547,58726,PULL,677,5
9548,58732,PULL,677,5
9549,58741,Polites,677,5
9550,58749,and,677,5
9551,58753,his,677,5
9552,58757,men,677,5
9553,58761,STRAIN,677,5
9554,58768,against,677,5
9555,58776,the,677,5
9556,58780,handle,677,5
9557,58788,finally,677,5
9558,58796,clearing,677,5
9559,58805,the,677,5
9560,58810,door,677,5
9561,58816,they,677,5
9562,58821,YANK,677,5
9563,58826,on,677,5
9564,58829,the,677,5
9565,58833,handles,677,5
9566,58849,THE,677,5
9567,58853,GATES,677,5
9568,58859,OF,677,5
9569,58862,TROY,677,5
9570,58867,ARE,677,5
9571,58871,OPENED,677,5
9572,58881,STANDING,677,5
9573,58890,THERE,677,5
9574,58898,THE,677,5
9575,58903,MAGNIFICENT,677,5
9576,58915,FIGURE,677,5
9577,58922,OF,677,5
9578,58925,AGAMEMNON,677,5
9579,58940,RIVERS,677,5
9580,58947,OF,677,5
9581,58951,GREEK,677,5
9582,58957,WARRIORS,677,5
9583,58966,FLOW,677,5
9584,58971,AROUND,677,5
9585,58978,HIM,677,5
9586,58982,AS,677,5
9587,58985,HE,677,5
9588,58988,CONSIDERS,677,5
9589,58998,HIS,677,5
9590,59003,PRIZE,678,5
9591,59015,MENELAUS,679,5
9592,59026,V,680,5
9593,59028,O,680,5
9594,59033,But,680,5
9595,59037,you,680,5
9596,59041,know,680,5
9597,59046,the,680,5
9598,59050,rest,680,5
9599,59061,INT,681,5
9600,59066,PALACE,681,5
9601,59073,OF,681,5
9602,59076,MENELAUS,681,5
9603,59087,NIGHT,681,5
9604,59096,Telemachus,682,5
9605,59107,has,682,5
9606,59111,tears,682,5
9607,59117,running,682,5
9608,59125,down,682,5
9609,59130,his,682,5
9610,59134,cheeks,682,5
9611,59145,MENELAUS,683,5
9612,59155,Moved,683,5
9613,59161,by,683,5
9614,59164,my,683,5
9615,59167,telling,683,5
9616,59176,You,683,5
9617,59180,should,683,5
9618,59187,hear,683,5
9619,59192,the,683,5
9620,59196,Bards,683,5
9621,59202,sing,683,5
9622,59207,it,683,5
9623,59214,TELEMACHUS,684,5
9624,59226,Ihave,684,5
9625,59233,But,684,5
9626,59237,they,684,5
9627,59242,weren,684,5
9628,59248,t,684,5
9629,59250,there,684,5
9630,59257,With,684,5
9631,59262,all,684,5
9632,59266,of,684,5
9633,59269,you,684,5
9634,59278,HELEN,685,5
9635,59285,With,685,5
9636,59290,Odysseus,685,5
9637,59300,Your,685,5
9638,59305,father,685,5
9639,59316,Telemachus,685,5
9640,59327,looks,685,5
9641,59333,at,685,5
9642,59336,Helen,685,5
9643,59343,Nods,685,5
9644,59349,Menelaus,685,5
9645,59358,GRABS,685,5
9646,59364,his,685,5
9647,59368,shoulders,685,5
9648,59379,WARMLY,686,5
9649,59392,MENELAUS,687,5
9650,59402,You,687,5
9651,59406,are,687,5
9652,59410,so,687,5
9653,59413,like,687,5
9654,59418,him,687,5
9655,59426,TELEMACHUS,688,5
9656,59438,When,688,5
9657,59443,did,688,5
9658,59447,you,688,5
9659,59451,last,688,5
9660,59456,see,688,5
9661,59460,him,688,5
9662,59468,Menelaus,688,5
9663,59477,s,688,5
9664,59479,face,688,5
9665,59484,falls,688,5
9666,59491,He,688,5
9667,59494,releases,688,5
9668,59503,Telemachus,688,5
9669,59514,s,688,5
9670,59516,shoulders,688,5
9671,59530,MENELAUS,689,5
9672,59540,When,689,5
9673,59545,we,689,5
9674,59548,left,689,5
9675,59553,Troy,689,5
9676,59559,The,689,5
9677,59563,Gods,689,5
9678,59568,gave,689,5
9679,59573,us,689,5
9680,59576,our,689,5
9681,59580,righteous,689,5
9682,59590,victory,689,5
9683,59603,HELEN,690,5
9684,59610,Righteous,690,5
9685,59624,Menelaus,690,5
9686,59633,carries,690,5
9687,59641,on,690,5
9688,59649,MENELAUS,691,5
9689,59659,Our,691,5
9690,59663,righteous,691,5
9691,59673,victory,691,5
9692,59682,but,691,5
9693,59686,didn,691,5
9694,59691,t,691,5
9695,59693,bless,691,5
9696,59699,our,691,5
9697,59703,voyages,691,5
9698,59712,It,691,5
9699,59715,took,691,5
9700,59720,me,691,5
9701,59724,years,691,5
9702,59730,to,691,5
9703,59733,get,691,5
9704,59737,home,691,5
9705,59743,And,691,5
9706,59747,many,691,5
9707,59752,didn,691,5
9708,59757,t,691,5
9709,59764,HELEN,692,5
9710,59771,Some,692,5
9711,59776,did,692,5
9712,59780,and,692,5
9713,59784,wished,692,5
9714,59791,they,692,5
9715,59796,hadn,692,5
9716,59801,t,692,5
9717,59807,Menelaus,692,5
9718,59816,looks,692,5
9719,59822,at,692,5
9720,59825,her,692,5
9721,59833,HELEN,693,5
9722,59840,Tell,693,5
9723,59845,him,693,5
9724,59850,Tell,693,5
9725,59855,him,693,5
9726,59859,about,693,5
9727,59865,your,693,5
9728,59870,brother,693,5
9729,59879,About,693,5
9730,59885,the,693,5
9731,59889,fate,693,5
9732,59894,the,693,5
9733,59898,Gods,693,5
9734,59904,bestowed,693,5
9735,59913,on,693,5
9736,59916,him,693,5
9737,59920,after,693,5
9738,59926,your,693,5
9739,59931,righteous,693,5
9740,59941,struggle,693,5
9741,59959,MENELAUS,694,5
9742,59969,No,694,5
9743,59976,HELEN,695,5
9744,59983,About,695,5
9745,59989,his,695,5
9746,59993,hero,695,5
9747,59998,s,695,5
9748,60000,welcome,695,5
9749,60014,MENELAUS,696,5
9750,60026,HELEN,697,5
9751,60033,About,697,5
9752,60039,how,697,5
9753,60043,Agamemnon,697,5
9754,60053,made,697,5
9755,60058,it,697,5
9756,60061,home,697,5
9757,60066,years,697,5
9758,60072,before,697,5
9759,60079,us,697,5
9760,60090,INSERT,697,5
9761,60097,CUT,697,5
9762,60102,AGAMEMNON,697,5
9763,60113,resplendent,697,5
9764,60125,in,697,5
9765,60128,his,697,5
9766,60132,DARK,697,5
9767,60137,ARMOUR,697,5
9768,60146,approaches,697,5
9769,60157,his,697,5
9770,60161,PALACE,697,5
9771,60169,a,697,5
9772,60171,GREETING,697,5
9773,60180,PARTY,697,5
9774,60186,outside,697,5
9775,60194,the,697,5
9776,60198,gates,697,5
9777,60210,HELEN,698,5
9778,60218,O,699,5
9779,60220,S,699,5
9780,60225,Tell,699,5
9781,60230,him,699,5
9782,60234,how,699,5
9783,60238,he,699,5
9784,60241,was,699,5
9785,60245,welcomed,699,5
9786,60254,by,699,5
9787,60257,his,699,5
9788,60261,queen,699,5
9789,60268,my,699,5
9790,60271,twin,699,5
9791,60276,sister,699,5
9792,60285,Clytemnestra,699,5
9793,60306,The,699,5
9794,60310,Queen,699,5
9795,60316,steps,699,5
9796,60322,forward,699,5
9797,60330,to,699,5
9798,60333,greet,699,5
9799,60339,Agamemnon,699,5
9800,60349,with,699,5
9801,60354,a,699,5
9802,60356,beautiful,699,5
9803,60366,smile,699,5
9804,60374,This,699,5
9805,60379,is,699,5
9806,60382,CLYTEMNESTRA,699,5
9807,60396,who,699,5
9808,60400,looks,699,5
9809,60406,exactly,699,5
9810,60414,like,699,5
9811,60419,Helen,699,5
9812,60426,unscarred,699,5
9813,60443,HELEN,700,5
9814,60452,Tell,700,5
9815,60457,him,700,5
9816,60461,about,700,5
9817,60467,how,700,5
9818,60476,MENELAUS,701,5
9819,60486,No,701,5
9820,60490,He,701,5
9821,60493,s,701,5
9822,60495,not,701,5
9823,60499,here,701,5
9824,60504,for,701,5
9825,60508,news,701,5
9826,60513,of,701,5
9827,60516,my,701,5
9828,60519,brother,701,5
9829,60528,He,701,5
9830,60531,wants,701,5
9831,60537,to,701,5
9832,60540,hear,701,5
9833,60545,about,701,5
9834,60552,his,701,5
9835,60556,father,701,5
9836,60567,Helen,701,5
9837,60573,backs,701,5
9838,60579,down,701,5
9839,60585,Looking,701,5
9840,60593,at,701,5
9841,60596,her,701,5
9842,60600,drunk,701,5
9843,60606,husband,701,5
9844,60614,with,701,5
9845,60619,contempt,701,5
9846,60632,MENELAUS,702,5
9847,60642,But,702,5
9848,60646,I,702,5
9849,60648,never,702,5
9850,60654,heard,702,5
9851,60660,any,702,5
9852,60664,more,702,5
9853,60669,of,702,5
9854,60672,Odysseus,702,5
9855,60681,after,702,5
9856,60687,Troy,702,5
9857,60696,Telemachus,702,5
9858,60708,INCREDULOUS,702,5
9859,60721,leans,702,5
9860,60727,forward,702,5
9861,60736,FRUSTRATED,702,5
9862,60754,TELEMACHUS,703,5
9863,60766,Nothing,703,5
9864,60775,From,703,5
9865,60780,any,703,5
9866,60784,of,703,5
9867,60787,your,703,5
9868,60792,men,703,5
9869,60797,or,703,5
9870,60800,Agamemnon,703,5
9871,60810,s,703,5
9872,60813,Or,703,5
9873,60816,from,703,5
9874,60822,traders,703,5
9875,60831,Some,703,5
9876,60836,traveller,703,5
9877,60846,must,703,5
9878,60852,ve,703,5
9879,60860,Mentor,703,5
9880,60867,places,703,5
9881,60874,a,703,5
9882,60876,calming,703,5
9883,60884,hand,703,5
9884,60889,on,703,5
9885,60892,Telemachus,703,5
9886,60903,s,703,5
9887,60905,arm,703,5
9888,60915,Menelaus,703,5
9889,60925,looks,703,5
9890,60931,at,703,5
9891,60934,Telemachus,703,5
9892,60946,Disappointed,703,5
9893,60963,MENELAUS,704,5
9894,60973,You're,704,5
9895,60980,interested,704,5
9896,60991,in,704,5
9897,60994,rumours,704,5
9898,61003,young,704,5
9899,61009,man,704,5
9900,61014,You,704,5
9901,61018,came,704,5
9902,61023,here,704,5
9903,61028,to,704,5
9904,61031,ask,704,5
9905,61036,me,704,5
9906,61039,for,704,5
9907,61043,gossip,704,5
9908,61051,Fine,704,5
9909,61057,Some,704,5
9910,61062,said,704,5
9911,61067,he,704,5
9912,61070,d,704,5
9913,61072,perished,704,5
9914,61082,Some,704,5
9915,61087,said,704,5
9916,61092,he,704,5
9917,61095,d,704,5
9918,61097,got,704,5
9919,61102,richer,704,5
9920,61110,some,704,5
9921,61115,poorer,704,5
9922,61123,Or,704,5
9923,61126,imprisoned,704,5
9924,61141,TELEMACHUS,705,5
9925,61153,Imprisoned,705,5
9926,61166,MENELAUS,706,5
9927,61177,dismissive,706,5
9928,61190,What,706,5
9929,61195,kind,706,5
9930,61200,of,706,5
9931,61203,prison,706,5
9932,61216,INT,707,5
9933,61221,CALYPSO,707,5
9934,61229,S,707,5
9935,61231,CAVE,707,5
9936,61238,NIGHT,707,5
9937,61247,Calypso,708,5
9938,61255,pours,708,5
9939,61261,Odysseus,708,5
9940,61270,more,708,5
9941,61275,wine,708,5
9942,61286,MENELAUS,709,5
9943,61297,V,710,5
9944,61299,O,710,5
9945,61306,Could,710,5
9946,61312,hold,710,5
9947,61317,a,710,5
9948,61319,man,710,5
9949,61323,like,710,5
9950,61328,that,710,5
9951,61337,CALYPSO,711,5
9952,61346,Tell,711,5
9953,61351,me,711,5
9954,61354,what,711,5
9955,61359,you,711,5
9956,61363,do,711,5
9957,61366,remember,711,5
9958,61376,The,711,5
9959,61380,rest,711,5
9960,61385,will,711,5
9961,61390,come,711,5
9962,61401,ODYSSEUS,712,5
9963,61413,We,712,5
9964,61416,were,712,5
9965,61421,hit,712,5
9966,61425,by,712,5
9967,61428,storm,712,5
9968,61434,after,712,5
9969,61440,storm,712,5
9970,61447,all,712,5
9971,61451,pushing,712,5
9972,61459,us,712,5
9973,61462,off,712,5
9974,61466,course,712,5
9975,61482,EXT,713,5
9976,61487,ODYSSEUS,713,5
9977,61496,S,713,5
9978,61498,SHIP,713,5
9979,61506,DAY,713,5
9980,61513,Odysseus,714,5
9981,61522,and,714,5
9982,61526,his,714,5
9983,61530,men,714,5
9984,61534,fight,714,5
9985,61540,to,714,5
9986,61543,push,714,5
9987,61548,through,714,5
9988,61556,a,714,5
9989,61558,PUNISHING,714,5
9990,61568,HEAD,714,5
9991,61574,WIND,714,5
9992,61580,the,714,5
9993,61584,bow,714,5
9994,61588,CRASHING,714,5
9995,61597,through,714,5
9996,61605,waves,714,5
9997,61617,ODYSSEUS,715,5
9998,61628,V,716,5
9999,61630,O,716,5
10000,61635,Until,716,5
10001,61641,we,716,5
10002,61644,were,716,5
10003,61649,truly,716,5
10004,61655,lost,716,5
10005,61664,ODYSSEUS,717,5
10006,61674,PULL,718,5
10007,61683,A,718,5
10008,61685,sailor,718,5
10009,61693,Perimedes,718,5
10010,61704,COLLAPSES,718,5
10011,61715,dropping,718,5
10012,61724,his,718,5
10013,61728,oar,718,5
10014,61734,Odysseus,718,5
10015,61744,JUMPS,718,5
10016,61750,down,718,5
10017,61755,to,718,5
10018,61758,grab,718,5
10019,61763,it,718,5
10020,61767,regaining,718,5
10021,61777,the,718,5
10022,61781,rhythm,718,5
10023,61789,muscles,718,5
10024,61797,straining,718,5
10025,61809,SCREAMING,718,5
10026,61819,into,718,5
10027,61824,the,718,5
10028,61828,wind,718,5
10029,61838,ODYSSEUS,719,5
10030,61848,PULL,720,5
10031,61857,PULL,720,5
10032,61869,A,720,5
10033,61871,man,720,5
10034,61875,on,720,5
10035,61878,the,720,5
10036,61882,bow,720,5
10037,61886,is,720,5
10038,61889,SWEPT,720,5
10039,61895,OFF,720,5
10040,61899,THE,720,5
10041,61903,BOAT,720,5
10042,61908,by,720,5
10043,61911,a,720,5
10044,61913,crashing,720,5
10045,61922,wave,720,5
10046,61934,INT,721,5
10047,61939,CALYPSO,721,5
10048,61947,S,721,5
10049,61949,CAVE,721,5
10050,61956,NIGHT,721,5
10051,61965,ODYSSEUS,722,5
10052,61975,The,722,5
10053,61979,men,722,5
10054,61983,became,722,5
10055,61990,more,722,5
10056,61995,and,722,5
10057,61999,more,722,5
10058,62004,convinced,722,5
10059,62014,that,722,5
10060,62019,I,722,5
10061,62021,d,722,5
10062,62023,offended,722,5
10063,62033,Poseidon,722,5
10064,62048,EXT,723,5
10065,62053,FORESTED,723,5
10066,62062,SHORE,723,5
10067,62071,DAY,723,5
10068,62078,Odysseus,724,5
10069,62087,s,724,5
10070,62089,ships,724,5
10071,62095,beach,724,5
10072,62101,onto,724,5
10073,62106,the,724,5
10074,62110,sand,724,5
10075,62116,The,724,5
10076,62120,men,724,5
10077,62124,JUMP,724,5
10078,62129,off,724,5
10079,62133,into,724,5
10080,62138,the,724,5
10081,62143,shallow,724,5
10082,62151,water,724,5
10083,62158,heading,724,5
10084,62166,for,724,5
10085,62170,the,724,5
10086,62174,trees,724,5
10087,62189,EXT,725,5
10088,62194,FORESTED,725,5
10089,62203,SHORE,725,5
10090,62212,DAY,725,5
10091,62219,Odysseus,726,5
10092,62228,leads,726,5
10093,62234,his,726,5
10094,62238,men,726,5
10095,62242,through,726,5
10096,62250,wind,726,5
10097,62255,and,726,5
10098,62259,SNOW,726,5
10099,62264,into,726,5
10100,62269,a,726,5
10101,62271,dense,726,5
10102,62277,forest,726,5
10103,62285,of,726,5
10104,62288,straight,726,5
10105,62297,trees,726,5
10106,62309,EXT,727,6
10107,62314,FOREST,727,6
10108,62324,DAY,727,6
10109,62331,Odysseus,728,6
10110,62340,spots,728,6
10111,62346,an,728,6
10112,62349,ARMOURED,728,6
10113,62358,FIGURE,728,6
10114,62365,crouched,728,6
10115,62374,at,728,6
10116,62377,a,728,6
10117,62379,stream,728,6
10118,62387,back,728,6
10119,62393,to,728,6
10120,62396,them,728,6
10121,62402,Eurylochus,728,6
10122,62413,starts,728,6
10123,62420,to,728,6
10124,62423,draw,728,6
10125,62428,his,728,6
10126,62432,sword,728,6
10127,62440,Odysseus,728,6
10128,62449,shakes,728,6
10129,62456,his,728,6
10130,62461,head,728,6
10131,62467,They,728,6
10132,62472,approach,728,6
10133,62481,cautiously,728,6
10134,62501,ODYSSEUS,729,6
10135,62511,Hello,729,6
10136,62521,The,729,6
10137,62525,Figure,729,6
10138,62532,RISES,729,6
10139,62538,to,729,6
10140,62541,its,729,6
10141,62545,feet,729,6
10142,62551,It,729,6
10143,62554,is,729,6
10144,62557,THICKLY,729,6
10145,62565,BUILT,729,6
10146,62572,and,729,6
10147,62576,SLIGHTLY,729,6
10148,62586,TALLER,729,6
10149,62593,than,729,6
10150,62598,them,729,6
10151,62607,ODYSSEUS,730,6
10152,62619,We're,730,6
10153,62625,here,730,6
10154,62630,in,730,6
10155,62633,peace,730,6
10156,62643,The,730,6
10157,62647,Armoured,730,6
10158,62656,Figure,730,6
10159,62663,slowly,730,6
10160,62670,turns,730,6
10161,62676,to,730,6
10162,62679,face,730,6
10163,62684,them,730,6
10164,62693,It,730,6
10165,62696,has,730,6
10166,62700,the,730,6
10167,62704,face,730,6
10168,62709,of,730,6
10169,62712,a,730,6
10170,62714,child,730,6
10171,62722,Odysseus,730,6
10172,62731,looks,730,6
10173,62737,at,730,6
10174,62740,Eurylochus,730,6
10175,62752,unnerved,730,6
10176,62767,The,730,6
10177,62771,MONSTROUS,730,6
10178,62781,CHILD,730,6
10179,62787,starts,730,6
10180,62794,GIGGLING,730,6
10181,62807,Odysseus,730,6
10182,62817,now,730,6
10183,62821,face,730,6
10184,62826,to,730,6
10185,62829,face,730,6
10186,62835,smiles,730,6
10187,62848,ODYSSEUS,731,6
10188,62858,We,731,6
10189,62861,need,731,6
10190,62866,food,731,6
10191,62872,Food,731,6
10192,62881,Odysseus,731,6
10193,62890,mimes,731,6
10194,62896,eating,731,6
10195,62904,Eurylochus,731,6
10196,62915,steps,731,6
10197,62921,forward,731,6
10198,62933,EURYLOCHUS,732,6
10199,62945,We,732,6
10200,62948,re,732,6
10201,62951,hungry,732,6
10202,62959,Can,732,6
10203,62963,t,732,6
10204,62965,you,732,6
10205,62969,understand,732,6
10206,62984,The,732,6
10207,62988,Monstrous,732,6
10208,62998,Child,732,6
10209,63004,stops,732,6
10210,63010,giggling,732,6
10211,63020,looking,732,6
10212,63028,from,732,6
10213,63033,one,732,6
10214,63037,to,732,6
10215,63040,other,732,6
10216,63050,ODYSSEUS,733,6
10217,63060,It,733,6
10218,63063,s,733,6
10219,63065,just,733,6
10220,63070,a,733,6
10221,63072,child,733,6
10222,63082,Eurylochus,733,6
10223,63093,looks,733,6
10224,63099,at,733,6
10225,63102,the,733,6
10226,63106,Monstrous,733,6
10227,63116,Child,733,6
10228,63123,appalled,733,6
10229,63141,EURYLOCHUS,734,6
10230,63153,A,734,6
10231,63155,child,734,6
10232,63165,The,734,6
10233,63169,Monstrous,734,6
10234,63179,Child,734,6
10235,63186,seeing,734,6
10236,63193,Eurylochus,734,6
10237,63204,s,734,6
10238,63206,expression,734,6
10239,63218,backs,734,6
10240,63224,away,734,6
10241,63233,EURYLOCHUS,735,6
10242,63245,If,735,6
10243,63248,this,735,6
10244,63253,is,735,6
10245,63256,a,735,6
10246,63258,child,735,6
10247,63267,what,735,6
10248,63272,about,735,6
10249,63278,its,735,6
10250,63282,parents,735,6
10251,63298,The,735,6
10252,63302,Monstrous,735,6
10253,63312,Child,735,6
10254,63318,starts,735,6
10255,63325,SCREAMING,735,6
10256,63341,Odysseus,735,6
10257,63350,and,735,6
10258,63354,his,735,6
10259,63358,men,735,6
10260,63362,turn,735,6
10261,63367,around,735,6
10262,63375,scanning,735,6
10263,63384,the,735,6
10264,63388,sea,735,6
10265,63392,of,735,6
10266,63395,tree,735,6
10267,63400,trunks,735,6
10268,63411,Eurylochus,735,6
10269,63422,tries,735,6
10270,63428,to,735,6
10271,63431,SHUSH,735,6
10272,63437,the,735,6
10273,63441,Monstrous,735,6
10274,63451,Child,735,6
10275,63465,Odysseus,735,6
10276,63474,sees,735,6
10277,63479,SHAPES,735,6
10278,63486,emerging,735,6
10279,63495,through,735,6
10280,63503,the,735,6
10281,63507,misty,735,6
10282,63513,SNOW,735,6
10283,63519,LARGE,735,6
10284,63526,SHAPES,735,6
10285,63533,moving,735,6
10286,63540,towards,735,6
10287,63548,them,735,6
10288,63553,between,735,6
10289,63561,the,735,6
10290,63565,tree,735,6
10291,63570,trunks,735,6
10292,63583,ARMOURED,735,6
10293,63592,WARRIORS,735,6
10294,63602,TEN,735,6
10295,63606,TO,735,6
10296,63609,TWELVE,735,6
10297,63616,FEET,735,6
10298,63621,TALL,735,6
10299,63628,HELMETS,735,6
10300,63636,FLAT,735,6
10301,63641,LIKE,735,6
10302,63646,BIRDS,735,6
10303,63652,OF,735,6
10304,63655,PREY,735,6
10305,63661,come,735,6
10306,63666,towards,735,6
10307,63674,Odysseus,735,6
10308,63684,and,735,6
10309,63688,his,735,6
10310,63692,men,735,6
10311,63699,these,735,6
10312,63705,are,735,6
10313,63709,the,735,6
10314,63713,LAESTRYGONIANS,735,6
10315,63729,A,735,6
10316,63731,Soldier,735,6
10317,63739,draws,735,6
10318,63746,his,735,6
10319,63750,sword,735,6
10320,63757,attempting,735,6
10321,63768,to,735,6
10322,63771,face,735,6
10323,63776,off,735,6
10324,63780,with,735,6
10325,63785,a,735,6
10326,63787,warrior,735,6
10327,63795,TWICE,735,6
10328,63801,his,735,6
10329,63805,height,735,6
10330,63813,and,735,6
10331,63818,is,735,6
10332,63821,CUT,735,6
10333,63825,DOWN,735,6
10334,63830,INSTANTLY,735,6
10335,63845,Odysseus,735,6
10336,63854,and,735,6
10337,63858,his,735,6
10338,63862,men,735,6
10339,63866,RUN,735,6
10340,63876,One,735,6
10341,63880,of,735,6
10342,63883,them,735,6
10343,63888,RUNS,735,6
10344,63893,and,735,6
10345,63897,RUNS,735,6
10346,63902,into,735,6
10347,63907,the,735,6
10348,63911,INCREASINGLY,735,6
10349,63924,DENSE,735,6
10350,63931,TREE,735,6
10351,63936,TRUNKS,735,6
10352,63944,until,735,6
10353,63950,he,735,6
10354,63953,cannot,735,6
10355,63960,pass,735,6
10356,63971,he,735,6
10357,63974,turns,735,6
10358,63980,back,735,6
10359,63985,in,735,6
10360,63988,the,735,6
10361,63992,other,735,6
10362,63999,direction,735,6
10363,64010,but,735,6
10364,64014,the,735,6
10365,64018,tree,735,6
10366,64023,trunks,735,6
10367,64030,behind,735,6
10368,64037,are,735,6
10369,64041,now,735,6
10370,64045,TIGHTER,735,6
10371,64053,AND,735,6
10372,64058,TIGHTER,735,6
10373,64066,together,735,6
10374,64075,as,735,6
10375,64078,if,735,6
10376,64081,the,735,6
10377,64085,diminishing,735,6
10378,64097,perspective,735,6
10379,64109,of,735,6
10380,64112,the,735,6
10381,64116,forest,735,6
10382,64124,were,735,6
10383,64130,in,735,6
10384,64133,fact,735,6
10385,64139,real,735,6
10386,64147,TRAPPED,735,6
10387,64155,by,735,6
10388,64158,the,735,6
10389,64162,CAGE,735,6
10390,64167,OF,735,6
10391,64170,TRUNKS,735,6
10392,64178,they,735,6
10393,64183,are,735,6
10394,64188,STABBED,735,6
10395,64196,by,735,6
10396,64199,Laestrygonians,735,6
10397,64214,through,735,6
10398,64222,gaps,735,6
10399,64227,in,735,6
10400,64230,the,735,6
10401,64234,trees,735,6
10402,64248,Odysseus,735,6
10403,64258,Eurylochus,735,6
10404,64269,and,735,6
10405,64273,Polites,735,6
10406,64281,find,735,6
10407,64286,themselves,735,6
10408,64297,surrounded,735,6
10409,64308,by,735,6
10410,64312,TREE,735,6
10411,64317,TRUNKS,735,6
10412,64324,that,735,6
10413,64329,CIRCLE,735,6
10414,64336,around,735,6
10415,64343,them,735,6
10416,64348,in,735,6
10417,64351,OPPOSING,735,6
10418,64360,directions,735,6
10419,64380,they,735,6
10420,64385,look,735,6
10421,64390,around,735,6
10422,64398,CONFUSED,735,6
10423,64408,when,735,6
10424,64413,the,735,6
10425,64417,Laestrygonians,735,6
10426,64432,STRIKE,735,6
10427,64446,Odysseus,735,6
10428,64455,and,735,6
10429,64459,his,735,6
10430,64463,men,735,6
10431,64467,CROSS,735,6
10432,64473,SWORDS,735,6
10433,64480,as,735,6
10434,64483,best,735,6
10435,64488,they,735,6
10436,64493,can,735,6
10437,64497,with,735,6
10438,64503,warriors,735,6
10439,64512,TOWERING,735,6
10440,64521,above,735,6
10441,64527,them,735,6
10442,64533,RAINING,735,6
10443,64541,DOWN,735,6
10444,64546,BRUTAL,735,6
10445,64554,STRIKES,736,6
10446,64569,Odysseus,736,6
10447,64578,HACKS,736,6
10448,64584,a,736,6
10449,64586,leg,736,6
10450,64590,then,736,6
10451,64595,TURNS,736,6
10452,64602,running,736,6
10453,64610,BLIND,736,6
10454,64617,DESPERATE,736,6
10455,64628,through,736,6
10456,64636,the,736,6
10457,64640,CIRCLING,736,6
10458,64649,TREES,736,6
10459,64662,He,736,6
10460,64665,BURSTS,736,6
10461,64672,out,736,6
10462,64676,of,736,6
10463,64679,the,736,6
10464,64683,trees,736,6
10465,64689,and,736,6
10466,64693,into,736,6
10467,64698,the,736,6
10468,64702,water,736,6
10469,64711,his,736,6
10470,64715,men,736,6
10471,64719,follow,736,6
10472,64730,he,736,6
10473,64733,gets,736,6
10474,64738,onto,736,6
10475,64743,his,736,6
10476,64747,boat,736,6
10477,64753,as,736,6
10478,64756,the,736,6
10479,64760,other,736,6
10480,64766,men,736,6
10481,64770,try,736,6
10482,64774,to,736,6
10483,64777,PUSH,736,6
10484,64782,THE,736,6
10485,64786,BEACHED,736,6
10486,64795,BOATS,736,6
10487,64801,OFF,736,6
10488,64805,THE,736,6
10489,64809,SAND,736,6
10490,64819,Odysseus,736,6
10491,64828,draws,736,6
10492,64834,his,736,6
10493,64838,bow,736,6
10494,64843,LOOSING,736,6
10495,64852,ARROWS,736,6
10496,64859,at,736,6
10497,64862,the,736,6
10498,64866,NARROW,736,6
10499,64873,VISORS,736,6
10500,64880,of,736,6
10501,64883,the,736,6
10502,64887,Laestrygonians,736,6
10503,64902,as,736,6
10504,64905,they,736,6
10505,64911,WADE,736,6
10506,64916,IMPLACABLY,736,6
10507,64927,into,736,6
10508,64932,the,736,6
10509,64936,water,736,6
10510,64943,MOWING,736,6
10511,64950,down,736,6
10512,64955,the,736,6
10513,64959,men,736,6
10514,64964,pushing,736,6
10515,64972,on,736,6
10516,64975,the,736,6
10517,64979,boats,736,6
10518,64991,Odysseus,736,6
10519,65000,DOWNS,736,6
10520,65006,two,736,6
10521,65010,of,736,6
10522,65013,them,736,6
10523,65019,the,736,6
10524,65023,others,736,6
10525,65031,ignore,736,6
10526,65038,him,736,6
10527,65042,as,736,6
10528,65045,they,736,6
10529,65050,POUND,736,6
10530,65056,his,736,6
10531,65060,men,736,6
10532,65065,BLOOD,736,6
10533,65071,and,736,6
10534,65075,FOAM,736,6
10535,65081,CHURNING,736,6
10536,65090,in,736,6
10537,65093,the,736,6
10538,65097,shallows,736,6
10539,65112,the,736,6
10540,65116,men,736,6
10541,65120,on,736,6
10542,65123,the,736,6
10543,65127,ship,736,6
10544,65132,RACING,736,6
10545,65139,to,736,6
10546,65142,their,736,6
10547,65149,oars,736,6
10548,65154,and,736,6
10549,65158,CALLING,736,6
10550,65166,to,736,6
10551,65169,their,736,6
10552,65175,comrades,736,6
10553,65193,Laestrygonians,736,6
10554,65208,GRAB,736,6
10555,65213,one,736,6
10556,65217,of,736,6
10557,65220,the,736,6
10558,65224,ships,736,6
10559,65231,PULLING,736,6
10560,65239,down,736,6
10561,65244,on,736,6
10562,65247,one,736,6
10563,65251,side,736,6
10564,65257,to,736,6
10565,65260,SWAMP,736,6
10566,65266,the,736,6
10567,65270,boat,736,6
10568,65275,and,736,6
10569,65279,GRAB,736,6
10570,65284,the,736,6
10571,65288,crew,736,6
10572,65294,FLINGING,736,6
10573,65303,them,736,6
10574,65308,aside,736,6
10575,65314,like,736,6
10576,65320,rag,736,6
10577,65324,dolls,736,6
10578,65336,Odysseus,736,6
10579,65345,s,736,6
10580,65347,men,736,6
10581,65351,start,736,6
10582,65357,to,736,6
10583,65360,row,736,6
10584,65364,away,736,6
10585,65375,ODYSSEUS,737,6
10586,65385,Wait,737,6
10587,65391,Wait,737,6
10588,65396,for,737,6
10589,65400,the,737,6
10590,65404,others,737,6
10591,65415,He,737,6
10592,65418,aims,737,6
10593,65423,his,737,6
10594,65427,bow,737,6
10595,65432,targeting,737,6
10596,65442,a,737,6
10597,65444,Laestrygonian,737,6
10598,65458,who,737,6
10599,65462,is,737,6
10600,65465,bearing,737,6
10601,65473,down,737,6
10602,65478,on,737,6
10603,65482,Eurylochus,737,6
10604,65493,in,737,6
10605,65496,the,737,6
10606,65500,shallows,737,6
10607,65510,SEA,737,6
10608,65514,FLYING,737,6
10609,65521,UP,737,6
10610,65524,AROUND,737,6
10611,65531,HIM,737,6
10612,65540,Odysseus,737,6
10613,65549,shoots,737,6
10614,65556,the,737,6
10615,65560,Laestrygonian,737,6
10616,65574,in,737,6
10617,65577,the,737,6
10618,65581,face,737,6
10619,65587,who,737,6
10620,65591,STUMBLES,737,6
10621,65600,to,737,6
10622,65604,his,737,6
10623,65608,knees,737,6
10624,65614,as,737,6
10625,65617,Eurylochus,737,6
10626,65628,RUNS,737,6
10627,65633,and,737,6
10628,65637,RUNS,737,6
10629,65642,and,737,6
10630,65646,SWIMS,737,6
10631,65659,Several,737,6
10632,65667,of,737,6
10633,65670,Odysseus,737,6
10634,65679,s,737,6
10635,65681,men,737,6
10636,65685,have,737,6
10637,65690,grabbed,737,6
10638,65698,on,737,6
10639,65701,to,737,6
10640,65704,Laestrygonian,737,6
10641,65719,warriors,737,6
10642,65729,riding,737,6
10643,65736,massive,737,6
10644,65744,shoulders,737,6
10645,65754,and,737,6
10646,65758,arms,737,6
10647,65763,like,737,6
10648,65768,BUCKING,737,6
10649,65777,BRONCOS,737,6
10650,65790,the,737,6
10651,65794,Laestrygonians,737,6
10652,65809,HACK,737,6
10653,65814,the,737,6
10654,65818,boats,737,6
10655,65824,to,737,6
10656,65827,pieces,737,6
10657,65843,Odysseus,737,6
10658,65852,SHOOTS,737,6
10659,65859,and,737,6
10660,65863,SHOOTS,737,6
10661,65870,as,737,6
10662,65873,men,737,6
10663,65878,including,737,6
10664,65888,Eurylochus,737,6
10665,65901,climb,737,6
10666,65907,aboard,737,6
10667,65920,Odysseus,737,6
10668,65929,sees,737,6
10669,65934,that,737,6
10670,65939,the,737,6
10671,65943,other,737,6
10672,65949,men,737,6
10673,65953,and,737,6
10674,65957,the,737,6
10675,65961,two,737,6
10676,65965,other,737,6
10677,65972,ships,737,6
10678,65978,are,737,6
10679,65982,DOOMED,737,6
10680,65990,MASSACRED,737,6
10681,66000,BY,737,6
10682,66003,THE,737,6
10683,66007,LAESTRYGONIANS,737,6
10684,66027,ODYSSEUS,738,6
10685,66037,PULL,739,6
10686,66044,PULL,739,6
10687,66049,FOR,739,6
10688,66053,YOUR,739,6
10689,66058,LIVES,739,6
10690,66070,Odysseus,739,6
10691,66079,and,739,6
10692,66083,Eurylochus,739,6
10693,66094,watch,739,6
10694,66100,the,739,6
10695,66104,CARNAGE,739,6
10696,66112,as,739,6
10697,66115,the,739,6
10698,66119,ship,739,6
10699,66124,PUSHES,739,6
10700,66132,out,739,6
10701,66136,into,739,6
10702,66141,deeper,739,6
10703,66148,water,739,6
10704,66160,they,739,6
10705,66165,sit,739,6
10706,66169,on,739,6
10707,66172,opposite,739,6
10708,66181,sides,739,6
10709,66187,of,739,6
10710,66190,the,739,6
10711,66194,ship,739,6
10712,66201,GASPING,739,6
10713,66210,HEAVING,739,6
10714,66219,GRIEVING,739,6
10715,66234,in,739,6
10716,66237,shock,739,6
10717,66243,for,739,6
10718,66247,the,739,6
10719,66251,losses,739,6
10720,66260,Odysseus,739,6
10721,66269,looks,739,6
10722,66275,up,739,6
10723,66278,to,739,6
10724,66281,see,739,6
10725,66285,Athena,739,6
10726,66292,sitting,739,6
10727,66300,there,739,6
10728,66306,on,739,6
10729,66309,the,739,6
10730,66313,deck,739,6
10731,66319,She,739,6
10732,66323,shakes,739,6
10733,66331,her,739,6
10734,66335,head,739,6
10735,66340,at,739,6
10736,66343,him,739,6
10737,66348,He,739,6
10738,66351,looks,739,6
10739,66357,down,739,6
10740,66363,ASHAMED,739,6
10741,66378,EXT,740,6
10742,66383,SAME,740,6
10743,66391,LATER,740,6
10744,66400,INSERT,741,6
10745,66407,CUT,741,6
10746,66412,ATHENA,741,6
10747,66419,MOVES,741,6
10748,66425,THROUGH,741,6
10749,66433,FIRE,741,6
10750,66438,TOWARDS,741,6
10751,66447,ODYSSEUS,741,6
10752,66457,WHO,741,6
10753,66461,SLEEPS,741,6
10754,66469,BURNING,741,6
10755,66482,SHE,741,6
10756,66486,REACHES,741,6
10757,66494,OUT,741,6
10758,66498,TO,741,6
10759,66502,WAKE,742,6
10760,66507,HIM,742,6
10761,66516,Odysseus,742,6
10762,66525,gets,742,6
10763,66530,to,742,6
10764,66533,his,742,6
10765,66537,feet,742,6
10766,66543,surveys,742,6
10767,66551,their,742,6
10768,66557,distance,742,6
10769,66566,from,742,6
10770,66571,shore,742,6
10771,66581,ODYSSEUS,743,6
10772,66593,Turn,743,6
10773,66598,to,743,6
10774,66601,port,743,6
10775,66607,Follow,743,6
10776,66614,the,743,6
10777,66618,coast,743,6
10778,66628,EURYLOCHUS,744,6
10779,66640,We,744,6
10780,66643,need,744,6
10781,66648,to,744,6
10782,66651,get,744,6
10783,66655,as,744,6
10784,66658,far,744,6
10785,66662,away,744,6
10786,66667,as,744,6
10787,66670,possible,744,6
10788,66683,Odysseus,744,6
10789,66692,crouches,744,6
10790,66701,beside,744,6
10791,66708,Eurylochus,744,6
10792,66720,quiet,744,6
10793,66734,ODYSSEUS,745,6
10794,66744,We,745,6
10795,66747,don,745,6
10796,66751,t,745,6
10797,66753,have,745,6
10798,66758,the,745,6
10799,66762,supplies,745,6
10800,66771,for,745,6
10801,66775,a,745,6
10802,66777,blind,745,6
10803,66783,crossing,745,6
10804,66793,We,745,6
10805,66796,ve,745,6
10806,66799,lost,745,6
10807,66804,our,745,6
10808,66809,way,745,6
10809,66814,We,745,6
10810,66817,need,745,6
10811,66822,to,745,6
10812,66825,find,745,6
10813,66830,food,745,6
10814,66836,And,745,6
10815,66840,get,745,6
10816,66844,our,745,6
10817,66848,bearings,745,6
10818,66861,As,745,6
10819,66864,the,745,6
10820,66868,men,745,6
10821,66872,row,745,6
10822,66877,they,745,6
10823,66882,WATCH,745,6
10824,66888,Odysseus,745,6
10825,66897,and,745,6
10826,66901,Eurylochus,745,6
10827,66913,The,745,6
10828,66918,Helmsman,745,6
10829,66927,pulls,745,6
10830,66933,the,745,6
10831,66937,tiller,745,6
10832,66945,pointing,745,6
10833,66954,the,745,6
10834,66958,ship,745,6
10835,66963,parallel,745,6
10836,66972,to,745,6
10837,66975,the,745,6
10838,66979,rocky,745,6
10839,66986,coastline,745,6
10840,67002,EXT,746,6
10841,67007,ODYSSEUS,746,6
10842,67016,S,746,6
10843,67018,SHIP,746,6
10844,67026,LATER,746,6
10845,67035,The,747,6
10846,67039,weather,747,6
10847,67047,has,747,6
10848,67051,CALMED,747,6
10849,67059,Odysseus,747,6
10850,67068,spots,747,6
10851,67074,a,747,6
10852,67076,plume,747,6
10853,67082,of,747,6
10854,67085,SMOKE,747,6
10855,67091,from,747,6
10856,67097,deep,747,6
10857,67102,in,747,6
10858,67105,the,747,6
10859,67109,forest,747,6
10860,67120,ODYSSEUS,748,6
10861,67132,There,748,6
10862,67139,Find,748,6
10863,67144,anchorage,748,6
10864,67158,Eurylochus,748,6
10865,67169,looks,748,6
10866,67175,at,748,6
10867,67178,the,748,6
10868,67182,smoke,748,6
10869,67188,as,748,6
10870,67191,the,748,6
10871,67195,ship,748,6
10872,67200,heads,748,6
10873,67206,towards,748,6
10874,67214,shore,748,6
10875,67224,EXT,749,6
10876,67229,GRASSY,749,6
10877,67236,SHORE,749,6
10878,67244,EVENING,749,6
10879,67255,Odysseus,750,6
10880,67264,s,750,6
10881,67266,ship,750,6
10882,67271,drops,750,6
10883,67277,anchor,750,6
10884,67284,close,750,6
10885,67290,to,750,6
10886,67293,shore,750,6
10887,67300,There,750,6
10888,67306,are,750,6
10889,67310,other,750,6
10890,67316,boats,750,6
10891,67322,of,750,6
10892,67326,various,750,6
10893,67334,sizes,750,6
10894,67340,abandoned,750,6
10895,67350,on,750,6
10896,67353,the,750,6
10897,67357,beach,750,6
10898,67364,ROTTING,750,6
10899,67376,ODYSSEUS,751,6
10900,67388,Form,751,6
10901,67393,a,751,6
10902,67395,landing,751,6
10903,67403,party,751,6
10904,67410,A,751,6
10905,67412,large,751,6
10906,67418,one,751,6
10907,67426,EURYLOCHUS,752,6
10908,67438,Tomorrow,752,6
10909,67451,Odysseus,752,6
10910,67460,looks,752,6
10911,67466,at,752,6
10912,67469,Eurylochus,752,6
10913,67481,struck,752,6
10914,67488,by,752,6
10915,67491,his,752,6
10916,67495,forceful,752,6
10917,67504,tone,752,6
10918,67513,ODYSSEUS,753,6
10919,67525,Tomorrow,753,6
10920,67538,EXT,754,6
10921,67543,GRASSY,754,6
10922,67550,SHORE,754,6
10923,67559,DAWN,754,6
10924,67567,Odysseus,755,6
10925,67576,steps,755,6
10926,67582,out,755,6
10927,67586,of,755,6
10928,67589,the,755,6
10929,67593,water,755,6
10930,67600,stepping,755,6
10931,67609,past,755,6
10932,67614,the,755,6
10933,67618,bones,755,6
10934,67624,of,755,6
10935,67627,old,755,6
10936,67631,boats,755,6
10937,67639,peering,755,6
10938,67647,up,755,6
10939,67650,the,755,6
10940,67654,hillside,755,6
10941,67664,He,755,6
10942,67667,turns,755,6
10943,67673,to,755,6
10944,67676,Eurylochus,755,6
10945,67691,ODYSSEUS,756,6
10946,67703,Leave,756,6
10947,67709,someone,756,6
10948,67717,with,756,6
10949,67722,the,756,6
10950,67726,tender,756,6
10951,67737,EURYLOCHUS,757,6
10952,67749,We,757,6
10953,67752,think,757,6
10954,67758,you,757,6
10955,67762,should,757,6
10956,67769,stay,757,6
10957,67778,ODYSSEUS,758,6
10958,67788,We,758,6
10959,67795,EURYLOCHUS,759,6
10960,67807,All,759,6
10961,67811,of,759,6
10962,67814,us,759,6
10963,67818,Still,759,6
10964,67824,alive,759,6
10965,67834,Odysseus,759,6
10966,67843,looks,759,6
10967,67849,at,759,6
10968,67852,Eurylochus,759,6
10969,67864,Then,759,6
10970,67869,at,759,6
10971,67872,the,759,6
10972,67876,BATTERED,759,6
10973,67887,DESPERATE,759,6
10974,67897,faces,759,6
10975,67903,of,759,6
10976,67906,his,759,6
10977,67910,men,759,6
10978,67915,None,759,6
10979,67920,will,759,6
10980,67925,meet,759,6
10981,67930,his,759,6
10982,67934,eye,759,6
10983,67939,He,759,6
10984,67942,speaks,759,6
10985,67950,softly,759,6
10986,67957,to,759,6
10987,67960,Eurylochus,759,6
10988,67977,ODYSSEUS,760,6
10989,67989,Is,760,6
10990,67992,this,760,6
10991,67997,a,760,6
10992,67999,mutiny,760,6
10993,68010,EURYLOCHUS,761,6
10994,68022,That,761,6
10995,68027,s,761,6
10996,68029,up,761,6
10997,68032,to,761,6
10998,68035,you,761,6
10999,68043,Odysseus,761,6
11000,68052,considers,761,6
11001,68063,Smiles,761,6
11002,68071,CONFIDENT,761,6
11003,68086,ODYSSEUS,762,6
11004,68096,Give,762,6
11005,68101,me,762,6
11006,68104,your,762,6
11007,68109,bow,762,6
11008,68114,Ill,762,6
11009,68118,make,762,6
11010,68123,sure,762,6
11011,68128,we,762,6
11012,68131,eat,762,6
11013,68135,tonight,762,6
11014,68144,whatever,762,6
11015,68153,you,762,6
11016,68158,find,762,6
11017,68167,Odysseus,762,6
11018,68176,heads,762,6
11019,68182,alone,762,6
11020,68188,into,762,6
11021,68193,the,762,6
11022,68197,grassy,762,6
11023,68204,hills,762,6
11024,68211,Eurylochus,762,6
11025,68222,leads,762,6
11026,68228,the,762,6
11027,68232,men,762,6
11028,68237,towards,762,6
11029,68245,the,762,6
11030,68249,plume,762,6
11031,68255,of,762,6
11032,68258,smoke,762,6
11033,68268,EXT,763,6
11034,68273,HILLS,763,6
11035,68282,LATER,763,6
11036,68291,Odysseus,764,6
11037,68300,CREEPS,764,6
11038,68307,through,764,6
11039,68315,the,764,6
11040,68319,grass,764,6
11041,68326,bow,764,6
11042,68330,in,764,6
11043,68333,hand,764,6
11044,68344,listening,764,6
11045,68358,EXT,765,6
11046,68363,CLEARING,765,6
11047,68373,DERELICT,765,6
11048,68382,TEMPLE,765,6
11049,68391,DAY,765,6
11050,68398,Eurylochus,766,6
11051,68409,and,766,6
11052,68413,the,766,6
11053,68417,men,766,6
11054,68421,climb,766,6
11055,68427,a,766,6
11056,68429,path,766,6
11057,68434,through,766,6
11058,68442,a,766,6
11059,68444,series,766,6
11060,68451,of,766,6
11061,68454,RUINS,766,6
11062,68461,At,766,6
11063,68465,one,766,6
11064,68469,end,766,6
11065,68473,a,766,6
11066,68475,ROUGH,766,6
11067,68481,STONE,766,6
11068,68487,HOUSE,766,6
11069,68494,smoke,766,6
11070,68500,coming,766,6
11071,68507,from,766,6
11072,68512,the,766,6
11073,68517,chimney,766,6
11074,68526,They,766,6
11075,68531,make,766,6
11076,68536,their,766,6
11077,68542,way,766,6
11078,68546,towards,766,6
11079,68554,it,766,6
11080,68558,A,766,6
11081,68560,Soldier,766,6
11082,68568,spots,766,6
11083,68574,something,766,6
11084,68585,in,766,6
11085,68588,an,766,6
11086,68591,abandoned,766,6
11087,68601,doorway,766,6
11088,68615,a,766,6
11089,68617,LION,766,6
11090,68623,staring,766,6
11091,68631,at,766,6
11092,68634,them,766,6
11093,68640,The,766,6
11094,68644,Soldier,766,6
11095,68653,pulls,766,6
11096,68659,his,766,6
11097,68663,bow,766,6
11098,68668,Eurylochus,766,6
11099,68679,RESTRAINS,766,6
11100,68689,him,766,6
11101,68694,They,766,6
11102,68699,move,766,6
11103,68704,closer,766,6
11104,68711,to,766,6
11105,68714,the,766,6
11106,68719,lion,766,6
11107,68725,which,766,6
11108,68731,has,766,6
11109,68735,seen,766,6
11110,68740,them,766,6
11111,68746,but,766,6
11112,68750,just,766,6
11113,68755,sits,766,6
11114,68760,there,766,6
11115,68767,Eurylochus,766,6
11116,68778,looks,766,6
11117,68784,around,766,6
11118,68792,them,766,6
11119,68798,realizing,766,6
11120,68808,that,766,6
11121,68813,OTHER,766,6
11122,68819,PREDATORY,766,6
11123,68829,ANIMALS,766,6
11124,68837,are,766,6
11125,68841,staring,766,6
11126,68849,at,766,6
11127,68853,them,766,6
11128,68858,from,766,6
11129,68863,the,766,6
11130,68867,ruined,766,6
11131,68874,structures,766,6
11132,68887,WOLVES,766,6
11133,68895,LEOPARDS,766,6
11134,68906,all,766,6
11135,68910,calmly,766,6
11136,68918,watching,766,6
11137,68927,the,766,6
11138,68931,Soldiers,766,6
11139,68941,TAME,766,6
11140,68950,Eurylochus,766,6
11141,68961,cautiously,766,6
11142,68972,approaches,766,6
11143,68983,the,766,6
11144,68987,stone,766,6
11145,68993,house,766,6
11146,69008,EXT,767,6
11147,69013,HILLS,767,6
11148,69022,CONTINUOUS,767,6
11149,69036,Odysseus,768,6
11150,69045,HEARS,768,6
11151,69051,the,768,6
11152,69055,crack,768,6
11153,69061,of,768,6
11154,69064,a,768,6
11155,69066,twig,768,6
11156,69072,He,768,6
11157,69075,PEERS,768,6
11158,69081,through,768,6
11159,69089,the,768,6
11160,69093,leaves,768,6
11161,69105,EXT,769,6
11162,69110,STONE,769,6
11163,69116,HOUSE,769,6
11164,69124,CONTINUOUS,769,6
11165,69138,Eurylochus,770,6
11166,69149,slowly,770,6
11167,69157,cautiously,770,6
11168,69169,crosses,770,6
11169,69177,the,770,6
11170,69181,threshold,770,6
11171,69200,INT,771,6
11172,69205,STONE,771,6
11173,69211,HOUSE,771,6
11174,69219,CONTINUOUS,771,6
11175,69233,He,772,6
11176,69236,peers,772,6
11177,69242,into,772,6
11178,69247,the,772,6
11179,69251,gloom,772,6
11180,69263,watched,772,6
11181,69271,by,772,6
11182,69274,a,772,6
11183,69276,CROW,772,6
11184,69281,in,772,6
11185,69284,a,772,6
11186,69286,CAGE,772,6
11187,69292,A,772,6
11188,69294,long,772,6
11189,69300,table,772,6
11190,69307,A,772,6
11191,69309,large,772,6
11192,69315,fire,772,6
11193,69321,A,772,6
11194,69323,bubbling,772,6
11195,69332,pot,772,6
11196,69337,Hanging,772,6
11197,69345,poultry,772,6
11198,69353,and,772,6
11199,69357,dressed,772,6
11200,69365,meats,772,6
11201,69373,It,772,6
11202,69376,smells,772,6
11203,69383,amazing,772,6
11204,69391,to,772,6
11205,69394,desperate,772,6
11206,69404,men,772,6
11207,69414,A,772,6
11208,69416,SCREAM,772,6
11209,69426,a,772,6
11210,69428,TERRIFIED,772,6
11211,69438,WOMAN,772,6
11212,69444,at,772,6
11213,69447,the,772,6
11214,69451,back,772,6
11215,69456,door,772,6
11216,69461,DROPS,772,6
11217,69467,her,772,6
11218,69472,milk,772,6
11219,69477,pail,772,6
11220,69482,in,772,6
11221,69485,TERROR,772,6
11222,69492,at,772,6
11223,69495,the,772,6
11224,69499,sight,772,6
11225,69505,of,772,6
11226,69508,strange,772,6
11227,69516,Soldiers,772,6
11228,69525,in,772,6
11229,69528,her,772,6
11230,69532,house,772,6
11231,69541,she,772,6
11232,69545,BOLTS,772,6
11233,69551,out,772,6
11234,69555,the,772,6
11235,69559,back,772,6
11236,69566,the,772,6
11237,69570,Crow,772,6
11238,69575,in,772,6
11239,69578,the,772,6
11240,69582,cage,772,6
11241,69587,SQUAWKS,772,6
11242,69601,EURYLOCHUS,773,6
11243,69613,Wait,773,6
11244,69622,He,773,6
11245,69625,runs,773,6
11246,69630,after,773,6
11247,69636,her,773,6
11248,69646,EXT,774,6
11249,69651,HILLS,774,6
11250,69660,DAY,774,6
11251,69667,Odysseus,775,6
11252,69676,spies,775,6
11253,69682,a,775,6
11254,69684,magnificent,775,6
11255,69697,proud,775,6
11256,69703,BUCK,775,6
11257,69709,chewing,775,6
11258,69717,on,775,6
11259,69720,leaves,775,6
11260,69733,he,775,6
11261,69737,gingerly,775,6
11262,69746,strings,775,6
11263,69754,his,775,6
11264,69758,bow,775,6
11265,69763,Draws,775,6
11266,69769,an,775,6
11267,69772,arrow,775,6
11268,69779,But,775,6
11269,69783,can,775,6
11270,69787,t,775,6
11271,69789,resist,775,6
11272,69796,PLUCKING,775,6
11273,69806,the,775,6
11274,69810,taut,775,6
11275,69815,string,775,6
11276,69824,the,775,6
11277,69828,buck,775,6
11278,69833,BOLTS,775,6
11279,69841,Odysseus,775,6
11280,69850,gives,775,6
11281,69856,chase,775,6
11282,69863,bow,775,6
11283,69867,in,775,6
11284,69870,hand,775,6
11285,69878,EXT,776,6
11286,69883,BACK,776,6
11287,69888,OF,776,6
11288,69891,STONE,776,6
11289,69897,HOUSE,776,6
11290,69905,DAY,776,6
11291,69912,Eurylochus,777,6
11292,69923,GRABS,777,6
11293,69929,the,777,6
11294,69933,woman,777,6
11295,69940,who,777,6
11296,69944,SCREAMS,777,6
11297,69952,again,777,6
11298,69964,EURYLOCHUS,778,6
11299,69978,It,778,6
11300,69981,s,778,6
11301,69983,alright,778,6
11302,69992,It,778,6
11303,69995,s,778,6
11304,69997,okay,778,6
11305,70006,She,778,6
11306,70010,stops,778,6
11307,70016,screaming,778,6
11308,70027,looking,778,6
11309,70035,at,778,6
11310,70038,Eurylochus,778,6
11311,70050,TERRIFIED,778,6
11312,70064,EURYLOCHUS,779,6
11313,70076,It,779,6
11314,70079,s,779,6
11315,70081,okay,779,6
11316,70087,I,779,6
11317,70089,m,779,6
11318,70091,not,779,6
11319,70095,going,779,6
11320,70101,to,779,6
11321,70104,hurt,779,6
11322,70109,you,779,6
11323,70114,No,779,6
11324,70117,one,779,6
11325,70121,s,779,6
11326,70123,going,779,6
11327,70129,to,779,6
11328,70132,hurt,779,6
11329,70137,you,779,6
11330,70145,WOMAN,780,6
11331,70153,sobbing,780,6
11332,70163,If,780,6
11333,70166,Ido,780,6
11334,70170,what,780,6
11335,70175,you,780,6
11336,70179,want,780,6
11337,70188,Eurylochus,780,6
11338,70199,shakes,780,6
11339,70206,his,780,6
11340,70210,head,780,6
11341,70219,EURYLOCHUS,781,6
11342,70231,No,781,6
11343,70234,one,781,6
11344,70238,s,781,6
11345,70240,going,781,6
11346,70246,to,781,6
11347,70249,hurt,781,6
11348,70254,you,781,6
11349,70259,My,781,6
11350,70262,name,781,6
11351,70267,is,781,6
11352,70270,Eurylochus,781,6
11353,70282,What,781,6
11354,70287,s,781,6
11355,70289,your,781,6
11356,70295,name,781,6
11357,70304,The,781,6
11358,70308,woman,781,6
11359,70314,s,781,6
11360,70316,breathing,781,6
11361,70326,slows,781,6
11362,70340,WOMAN,782,6
11363,70347,Circe,782,6
11364,70357,EURYLOCHUS,783,6
11365,70369,Circe,783,6
11366,70376,we,783,6
11367,70379,need,783,6
11368,70384,food,783,6
11369,70390,Badly,783,6
11370,70400,CIRCE,784,6
11371,70407,Ihave,784,6
11372,70413,food,784,6
11373,70419,Lots,784,6
11374,70424,of,784,6
11375,70427,food,784,6
11376,70436,EXT,785,7
11377,70441,HILLS,785,7
11378,70450,DAY,785,7
11379,70457,Odysseus,786,7
11380,70466,CHASES,786,7
11381,70473,the,786,7
11382,70477,buck,786,7
11383,70484,stops,786,7
11384,70492,LOOSES,786,7
11385,70499,a,786,7
11386,70501,shot,786,7
11387,70508,MISSES,786,7
11388,70521,INT,787,7
11389,70526,STONE,787,7
11390,70532,HOUSE,787,7
11391,70541,DAY,787,7
11392,70548,Eurylochus,788,7
11393,70559,and,788,7
11394,70563,the,788,7
11395,70567,men,788,7
11396,70571,CROWD,788,7
11397,70577,the,788,7
11398,70581,table,788,7
11399,70588,watching,788,7
11400,70597,Circe,788,7
11401,70603,stir,788,7
11402,70608,the,788,7
11403,70612,pot,788,7
11404,70617,like,788,7
11405,70622,hungry,788,7
11406,70629,dogs,788,7
11407,70635,studying,788,7
11408,70644,her,788,7
11409,70648,every,788,7
11410,70654,move,788,7
11411,70663,CIRCE,789,7
11412,70672,Your,789,7
11413,70677,weapons,789,7
11414,70686,Your,789,7
11415,70691,armour,789,7
11416,70699,You,789,7
11417,70703,can,789,7
11418,70707,put,789,7
11419,70711,them,789,7
11420,70716,out,789,7
11421,70720,the,789,7
11422,70724,back,789,7
11423,70737,The,789,7
11424,70741,Crow,789,7
11425,70746,in,789,7
11426,70749,the,789,7
11427,70753,Cage,789,7
11428,70758,watches,789,7
11429,70766,them,789,7
11430,70771,watch,789,7
11431,70777,her,789,7
11432,70781,as,789,7
11433,70784,they,789,7
11434,70789,start,789,7
11435,70795,to,789,7
11436,70798,peel,789,7
11437,70803,off,789,7
11438,70808,their,789,7
11439,70814,armour,789,7
11440,70827,EXT,790,7
11441,70832,STONE,790,7
11442,70838,HOUSE,790,7
11443,70846,MOMENTS,790,7
11444,70854,LATER,790,7
11445,70863,Perimedes,791,7
11446,70873,carries,791,7
11447,70881,armour,791,7
11448,70888,out,791,7
11449,70892,the,791,7
11450,70896,back,791,7
11451,70901,door,791,7
11452,70907,As,791,7
11453,70910,he,791,7
11454,70913,drops,791,7
11455,70919,it,791,7
11456,70922,he,791,7
11457,70925,notices,791,7
11458,70934,some,791,7
11459,70939,OLD,791,7
11460,70943,ARMOUR,791,7
11461,70951,half,791,7
11462,70956,buried,791,7
11463,70963,in,791,7
11464,70966,SNOW,791,7
11465,70972,weeds,791,7
11466,70978,growing,791,7
11467,70986,through,791,7
11468,70995,it,791,7
11469,71001,a,791,7
11470,71003,graveyard,791,7
11471,71013,of,791,7
11472,71016,armour,791,7
11473,71023,to,791,7
11474,71026,match,791,7
11475,71032,the,791,7
11476,71036,graveyard,791,7
11477,71046,of,791,7
11478,71049,boats,791,7
11479,71055,at,791,7
11480,71058,the,791,7
11481,71063,beach,791,7
11482,71075,He,791,7
11483,71078,heads,791,7
11484,71084,back,791,7
11485,71089,inside,791,7
11486,71096,as,791,7
11487,71099,others,791,7
11488,71106,drops,791,7
11489,71112,their,791,7
11490,71118,armour,791,7
11491,71125,outside,791,7
11492,71137,EXT,792,7
11493,71142,HILLS,792,7
11494,71151,DAY,792,7
11495,71158,Odysseus,793,7
11496,71167,SHOOTS,793,7
11497,71176,the,793,7
11498,71180,arrow,793,7
11499,71186,sticks,793,7
11500,71193,in,793,7
11501,71196,the,793,7
11502,71200,buck,793,7
11503,71205,s,793,7
11504,71207,leg,793,7
11505,71213,it,793,7
11506,71216,runs,793,7
11507,71223,limping,793,7
11508,71237,INT,794,7
11509,71242,STONE,794,7
11510,71248,HOUSE,794,7
11511,71257,DAY,794,7
11512,71264,As,795,7
11513,71267,Circe,795,7
11514,71273,DISHES,795,7
11515,71280,STEW,795,7
11516,71286,the,795,7
11517,71290,RAVENOUS,795,7
11518,71299,MEN,795,7
11519,71303,STUFF,795,7
11520,71309,THEIR,795,7
11521,71316,FACES,796,7
11522,71329,EXT,797,7
11523,71334,HILLS,797,7
11524,71343,DAY,797,7
11525,71350,Odysseus,798,7
11526,71359,gains,798,7
11527,71365,ground,798,7
11528,71372,on,798,7
11529,71375,the,798,7
11530,71379,injured,798,7
11531,71387,buck,798,7
11532,71400,INT,799,7
11533,71405,STONE,799,7
11534,71411,HOUSE,799,7
11535,71420,DAY,799,7
11536,71427,The,800,7
11537,71431,men,800,7
11538,71435,CHOMP,800,7
11539,71441,AND,800,7
11540,71445,EAT,800,7
11541,71449,AND,800,7
11542,71453,SLURP,800,7
11543,71459,AND,800,7
11544,71463,BURP,800,7
11545,71468,AND,800,7
11546,71472,EAT,800,7
11547,71477,AND,801,7
11548,71481,EAT,801,7
11549,71490,Circe,801,7
11550,71496,sits,801,7
11551,71501,down,801,7
11552,71506,next,801,7
11553,71511,to,801,7
11554,71514,Eurylochus,801,7
11555,71526,watching,801,7
11556,71535,him,801,7
11557,71539,GORGE,801,7
11558,71545,HIMSELF,801,7
11559,71557,CIRCE,802,7
11560,71564,You,802,7
11561,71568,like,802,7
11562,71573,my,802,7
11563,71576,meat,802,7
11564,71585,Eurylochus,802,7
11565,71596,NODS,802,7
11566,71602,tries,802,7
11567,71608,to,802,7
11568,71611,talk,802,7
11569,71616,through,802,7
11570,71624,his,802,7
11571,71628,MANIC,802,7
11572,71634,FEASTING,802,7
11573,71648,EURYLOCHUS,803,7
11574,71660,Why,803,7
11575,71666,do,803,7
11576,71671,have,803,7
11577,71678,so,803,7
11578,71683,much,803,7
11579,71695,Eating,803,7
11580,71702,so,803,7
11581,71705,hard,803,7
11582,71710,he,803,7
11583,71713,can,803,7
11584,71717,t,803,7
11585,71719,breathe,803,7
11586,71728,Circe,803,7
11587,71734,smiles,803,7
11588,71745,CIRCE,804,7
11589,71752,You,804,7
11590,71756,never,804,7
11591,71762,know,804,7
11592,71767,when,804,7
11593,71772,strangers,804,7
11594,71782,will,804,7
11595,71787,come,804,7
11596,71798,EXT,805,7
11597,71803,HILLS,805,7
11598,71812,CONTINUOUS,805,7
11599,71826,Odysseus,806,7
11600,71835,draws,806,7
11601,71841,back,806,7
11602,71846,his,806,7
11603,71850,bow,806,7
11604,71854,and,806,7
11605,71858,SHOOTS,806,7
11606,71866,hitting,806,7
11607,71874,the,806,7
11608,71878,buck,806,7
11609,71883,square,806,7
11610,71890,in,806,7
11611,71894,the,806,7
11612,71898,chest,806,7
11613,71910,he,806,7
11614,71913,watches,806,7
11615,71921,it,806,7
11616,71924,DROP,806,7
11617,71929,into,806,7
11618,71934,the,806,7
11619,71938,undergrowth,806,7
11620,71956,INT,807,7
11621,71961,STONE,807,7
11622,71967,HOUSE,807,7
11623,71975,CONTINUOUS,807,7
11624,71989,Circe,808,7
11625,71995,reaches,808,7
11626,72003,out,808,7
11627,72007,to,808,7
11628,72010,touch,808,7
11629,72016,Eurylochus,808,7
11630,72027,s,808,7
11631,72029,hair,808,7
11632,72042,CIRCE,809,7
11633,72049,Men,809,7
11634,72054,With,809,7
11635,72059,their,809,7
11636,72065,appetites,809,7
11637,72084,Eurylochus,809,7
11638,72095,notices,809,7
11639,72103,her,809,7
11640,72107,STROKING,809,7
11641,72116,his,809,7
11642,72120,head,809,7
11643,72126,but,809,7
11644,72130,nothing,809,7
11645,72138,can,809,7
11646,72142,stop,809,7
11647,72147,him,809,7
11648,72152,eating,809,7
11649,72165,CIRCE,810,7
11650,72172,Too,810,7
11651,72176,much,810,7
11652,72181,is,810,7
11653,72184,never,810,7
11654,72190,enough,810,7
11655,72203,She,810,7
11656,72207,is,810,7
11657,72210,FIRMLY,810,7
11658,72217,RUBBING,810,7
11659,72225,his,810,7
11660,72229,head,810,7
11661,72234,as,810,7
11662,72237,if,810,7
11663,72240,he,810,7
11664,72243,were,810,7
11665,72248,a,810,7
11666,72250,dog,810,7
11667,72260,EXT,811,7
11668,72265,HILLS,811,7
11669,72274,CONTINUOUS,811,7
11670,72288,Odysseus,812,7
11671,72297,approaches,812,7
11672,72308,the,812,7
11673,72312,spot,812,7
11674,72317,where,812,7
11675,72323,the,812,7
11676,72327,buck,812,7
11677,72332,fell,812,7
11678,72338,He,812,7
11679,72341,sees,812,7
11680,72346,something,812,7
11681,72357,strange,812,7
11682,72365,in,812,7
11683,72368,the,812,7
11684,72372,undergrowth,812,7
11685,72390,INT,813,7
11686,72395,STONE,813,7
11687,72401,HOUSE,813,7
11688,72409,CONTINUOUS,813,7
11689,72423,Circe,814,7
11690,72429,RUBS,814,7
11691,72434,her,814,7
11692,72438,hand,814,7
11693,72443,over,814,7
11694,72448,Eurylochus,814,7
11695,72459,s,814,7
11696,72461,ear,814,7
11697,72467,it,814,7
11698,72470,POPS,814,7
11699,72475,up,814,7
11700,72478,the,814,7
11701,72482,other,814,7
11702,72489,side,814,7
11703,72494,of,814,7
11704,72497,her,814,7
11705,72501,hand,814,7
11706,72506,POINTED,814,7
11707,72514,and,814,7
11708,72518,HAIRY,814,7
11709,72528,a,814,7
11710,72530,PIG,814,7
11711,72534,S,814,7
11712,72536,EAR,814,7
11713,72545,The,814,7
11714,72549,Crow,814,7
11715,72554,in,814,7
11716,72557,the,814,7
11717,72561,cage,814,7
11718,72566,SQUAWKS,814,7
11719,72574,and,814,7
11720,72578,JUMPS,814,7
11721,72584,up,814,7
11722,72587,and,814,7
11723,72591,down,814,7
11724,72601,EXT,815,7
11725,72606,HILLS,815,7
11726,72615,CONTINUOUS,815,7
11727,72629,Odysseus,816,7
11728,72638,looks,816,7
11729,72644,down,816,7
11730,72650,SHOCKED,816,7
11731,72659,Where,816,7
11732,72665,the,816,7
11733,72669,buck,816,7
11734,72674,fell,816,7
11735,72679,is,816,7
11736,72682,a,816,7
11737,72684,NAKED,816,7
11738,72691,MAN,816,7
11739,72696,Odysseus,816,7
11740,72705,s,816,7
11741,72707,ARROW,816,7
11742,72713,IN,816,7
11743,72716,HIS,816,7
11744,72720,CHEST,816,7
11745,72732,Odysseus,816,7
11746,72741,looks,816,7
11747,72747,up,816,7
11748,72755,INT,817,8
11749,72760,STONE,817,8
11750,72766,HOUSE,817,8
11751,72774,CONTINUOUS,817,8
11752,72788,Circe,818,8
11753,72794,RUBS,818,8
11754,72799,Eurylochus,818,8
11755,72810,s,818,8
11756,72812,head,818,8
11757,72817,with,818,8
11758,72822,both,818,8
11759,72827,hands,818,8
11760,72834,the,818,8
11761,72838,dark,818,8
11762,72843,hair,818,8
11763,72849,becoming,818,8
11764,72858,LIGHT,818,8
11765,72864,and,818,8
11766,72868,BRISTLY,818,8
11767,72876,in,818,8
11768,72879,the,818,8
11769,72883,wake,818,8
11770,72888,of,818,8
11771,72891,each,818,8
11772,72896,STROKE,818,8
11773,72910,The,818,8
11774,72914,other,818,8
11775,72920,men,818,8
11776,72924,notice,818,8
11777,72931,but,818,8
11778,72935,MUST,818,8
11779,72940,KEEP,818,8
11780,72945,EATING,818,8
11781,72953,as,818,8
11782,72956,if,818,8
11783,72959,THE,818,8
11784,72963,FOOD,818,8
11785,72968,IS,818,8
11786,72972,EATING,818,8
11787,72979,THEM,818,8
11788,72985,PULLING,818,8
11789,72993,THEIR,818,8
11790,72999,HANDS,818,8
11791,73005,DOWN,818,8
11792,73011,THEN,818,8
11793,73017,PUSHING,818,8
11794,73025,THEM,818,8
11795,73031,LADEN,818,8
11796,73038,INTO,818,8
11797,73043,THEIR,818,8
11798,73049,UNWILLING,818,8
11799,73059,FACES,818,8
11800,73072,Circe,818,8
11801,73078,spreads,818,8
11802,73086,her,818,8
11803,73090,hands,818,8
11804,73096,across,818,8
11805,73103,Eurylochus,818,8
11806,73114,s,818,8
11807,73116,face,818,8
11808,73122,MASSAGING,818,8
11809,73132,his,818,8
11810,73137,cheeks,818,8
11811,73146,as,818,8
11812,73149,her,818,8
11813,73153,hands,818,8
11814,73159,SPREAD,818,8
11815,73166,APART,818,8
11816,73172,they,818,8
11817,73177,reveal,818,8
11818,73184,a,818,8
11819,73186,SNOUT,818,8
11820,73198,EXT,819,8
11821,73203,HILLS,819,8
11822,73212,CONTINUOUS,819,8
11823,73226,Odysseus,820,8
11824,73235,SPRINTS,820,8
11825,73243,down,820,8
11826,73248,the,820,8
11827,73252,hill,820,8
11828,73262,ODYSSEUS,821,8
11829,73272,Eurylochus,821,8
11830,73284,EURYLOCHUS,821,8
11831,73299,INT,822,8
11832,73304,STONE,822,8
11833,73310,HOUSE,822,8
11834,73318,CONTINUOUS,822,8
11835,73332,As,823,8
11836,73335,PIGS,823,8
11837,73340,squirm,823,8
11838,73347,across,823,8
11839,73354,the,823,8
11840,73358,floor,823,8
11841,73365,Circe,823,8
11842,73371,SLAPS,823,8
11843,73377,an,823,8
11844,73380,eating,823,8
11845,73387,Soldier,823,8
11846,73395,s,823,8
11847,73397,face,823,8
11848,73405,leaving,823,8
11849,73413,a,823,8
11850,73415,PIG,823,8
11851,73419,S,823,8
11852,73421,FACE,823,8
11853,73426,in,823,8
11854,73429,its,823,8
11855,73433,place,823,8
11856,73445,EXT,824,8
11857,73450,GRASSY,824,8
11858,73457,SHORE,824,8
11859,73465,EVENING,824,8
11860,73476,Odysseus,825,8
11861,73485,BURSTS,825,8
11862,73492,from,825,8
11863,73497,the,825,8
11864,73501,trees,825,8
11865,73507,to,825,8
11866,73510,confront,825,8
11867,73519,Antiphates,825,8
11868,73531,standing,825,8
11869,73541,watch,825,8
11870,73551,ODYSSEUS,826,8
11871,73561,Where,826,8
11872,73567,are,826,8
11873,73571,they,826,8
11874,73581,Antiphates,826,8
11875,73592,looks,826,8
11876,73598,at,826,8
11877,73601,him,826,8
11878,73606,confused,826,8
11879,73619,ANTIPHATES,827,8
11880,73631,They,827,8
11881,73636,haven,827,8
11882,73642,t,827,8
11883,73644,come,827,8
11884,73649,back,827,8
11885,73658,ODYSSEUS,828,8
11886,73670,None,828,8
11887,73675,of,828,8
11888,73678,them,828,8
11889,73687,ANTIPHATES,829,8
11890,73699,No,829,8
11891,73706,Odysseus,829,8
11892,73715,looks,829,8
11893,73721,up,829,8
11894,73724,at,829,8
11895,73727,the,829,8
11896,73731,smoke,829,8
11897,73738,thinking,829,8
11898,73751,ODYSSEUS,830,8
11899,73763,Give,830,8
11900,73768,me,830,8
11901,73771,your,830,8
11902,73776,dagger,830,8
11903,73784,And,830,8
11904,73788,sword,830,8
11905,73798,He,830,8
11906,73801,takes,830,8
11907,73807,Antiphates,830,8
11908,73819,weapons,830,8
11909,73828,hiding,830,8
11910,73835,the,830,8
11911,73839,dagger,830,8
11912,73846,in,830,8
11913,73849,his,830,8
11914,73853,shin,830,8
11915,73858,guards,830,8
11916,73866,and,830,8
11917,73870,the,830,8
11918,73874,sword,830,8
11919,73880,across,830,8
11920,73887,his,830,8
11921,73891,back,830,8
11922,73897,Then,830,8
11923,73902,heads,830,8
11924,73908,up,830,8
11925,73911,the,830,8
11926,73915,hillside,830,8
11927,73924,towards,830,8
11928,73932,the,830,8
11929,73937,smoke,830,8
11930,73949,EXT,831,8
11931,73954,DERELICT,831,8
11932,73963,TEMPLE,831,8
11933,73973,EVENING,831,8
11934,73984,Odysseus,832,8
11935,73993,climbs,832,8
11936,74000,up,832,8
11937,74003,through,832,8
11938,74011,the,832,8
11939,74015,ruins,832,8
11940,74022,Watching,832,8
11941,74031,the,832,8
11942,74035,stone,832,8
11943,74041,house,832,8
11944,74048,With,832,8
11945,74054,its,832,8
11946,74058,sty,832,8
11947,74062,FULL,832,8
11948,74067,OF,832,8
11949,74070,PIGS,832,8
11950,74076,In,832,8
11951,74079,front,832,8
11952,74085,of,832,8
11953,74088,him,832,8
11954,74092,is,832,8
11955,74095,a,832,8
11956,74097,TAME,832,8
11957,74102,LION,832,8
11958,74113,Odysseus,832,8
11959,74123,crouches,832,8
11960,74132,by,832,8
11961,74135,the,832,8
11962,74139,lion,832,8
11963,74145,reaching,832,8
11964,74154,out,832,8
11965,74158,to,832,8
11966,74161,its,832,8
11967,74165,mane,832,8
11968,74171,looking,832,8
11969,74179,deep,832,8
11970,74184,into,832,8
11971,74189,its,832,8
11972,74194,SAD,833,8
11973,74198,EYES,833,8
11974,74209,He,833,8
11975,74212,hears,833,8
11976,74218,the,833,8
11977,74222,DOOR,833,8
11978,74227,OPEN,833,8
11979,74233,looks,833,8
11980,74239,over,833,8
11981,74244,to,833,8
11982,74247,the,833,8
11983,74251,house,833,8
11984,74257,to,833,8
11985,74260,see,833,8
11986,74264,Circe,833,8
11987,74271,emerge,833,8
11988,74278,with,833,8
11989,74283,a,833,8
11990,74285,bucket,833,8
11991,74292,of,833,8
11992,74295,SLOPS,833,8
11993,74301,for,833,8
11994,74305,the,833,8
11995,74309,pigs,833,8
11996,74315,Odysseus,833,8
11997,74324,watches,833,8
11998,74332,her,833,8
11999,74337,DUMP,833,8
12000,74342,the,833,8
12001,74346,slops,833,8
12002,74352,into,833,8
12003,74357,the,833,8
12004,74361,sty,833,8
12005,74370,she,833,8
12006,74374,LOOKS,833,8
12007,74380,UP,833,8
12008,74384,sensing,833,8
12009,74392,him,833,8
12010,74401,CIRCE,834,8
12011,74408,Why,834,8
12012,74412,don,834,8
12013,74416,t,834,8
12014,74418,you,834,8
12015,74422,come,834,8
12016,74427,out,834,8
12017,74435,Odysseus,834,8
12018,74444,steps,834,8
12019,74450,forward,834,8
12020,74459,Circe,834,8
12021,74465,looks,834,8
12022,74471,him,834,8
12023,74475,up,834,8
12024,74478,and,834,8
12025,74482,down,834,8
12026,74491,CIRCE,835,8
12027,74500,Have,835,8
12028,74505,you,835,8
12029,74509,come,835,8
12030,74514,from,835,8
12031,74519,the,835,8
12032,74523,sea,835,8
12033,74531,Odysseus,835,8
12034,74540,nods,835,8
12035,74549,CIRCE,836,8
12036,74556,Are,836,8
12037,74560,you,836,8
12038,74564,alone,836,8
12039,74574,Odysseus,836,8
12040,74583,nods,836,8
12041,74588,again,836,8
12042,74595,stepping,836,8
12043,74604,cautiously,836,8
12044,74615,closer,836,8
12045,74623,The,836,8
12046,74627,pigs,836,8
12047,74632,see,836,8
12048,74636,him,836,8
12049,74640,and,836,8
12050,74645,CROWD,836,8
12051,74651,around,836,8
12052,74659,SNIFFING,836,8
12053,74668,at,836,8
12054,74671,him,836,8
12055,74676,POKING,836,8
12056,74683,him,836,8
12057,74687,with,836,8
12058,74692,their,836,8
12059,74698,snouts,836,8
12060,74712,Circe,836,8
12061,74718,LAUGHS,836,8
12062,74731,CIRCE,837,8
12063,74738,My,837,8
12064,74741,pigs,837,8
12065,74746,have,837,8
12066,74751,taken,837,8
12067,74757,a,837,8
12068,74759,liking,837,8
12069,74766,to,837,8
12070,74769,you,837,8
12071,74774,Are,837,8
12072,74778,you,837,8
12073,74782,hungry,837,8
12074,74793,Odysseus,837,8
12075,74802,nods,837,8
12076,74811,CIRCE,838,8
12077,74820,Leave,838,8
12078,74826,your,838,8
12079,74831,weapons,838,8
12080,74839,at,838,8
12081,74842,the,838,8
12082,74846,door,838,8
12083,74851,and,838,8
12084,74855,enjoy,838,8
12085,74861,the,838,8
12086,74865,hospitality,838,8
12087,74877,of,838,8
12088,74880,Zeus,838,8
12089,74889,He,838,8
12090,74892,pulls,838,8
12091,74898,his,838,8
12092,74902,swords,838,8
12093,74909,and,838,8
12094,74913,bow,838,8
12095,74917,and,838,8
12096,74921,rests,838,8
12097,74927,them,838,8
12098,74932,against,838,8
12099,74940,the,838,8
12100,74944,wall,838,8
12101,74953,CIRCE,839,8
12102,74962,Grab,839,8
12103,74967,a,839,8
12104,74969,hog,839,8
12105,74974,You,839,8
12106,74978,can,839,8
12107,74982,slaughter,839,8
12108,74992,it,839,8
12109,74995,for,839,8
12110,74999,your,839,8
12111,75004,dinner,839,8
12112,75015,Odysseus,839,8
12113,75024,looks,839,8
12114,75030,at,839,8
12115,75033,the,839,8
12116,75037,pigs,839,8
12117,75043,crowded,839,8
12118,75051,around,839,8
12119,75058,his,839,8
12120,75062,legs,839,8
12121,75068,Splits,839,8
12122,75075,one,839,8
12123,75079,from,839,8
12124,75085,the,839,8
12125,75089,others,839,8
12126,75096,and,839,8
12127,75100,pushes,839,8
12128,75107,it,839,8
12129,75110,inside,839,8
12130,75123,as,839,8
12131,75126,he,839,8
12132,75129,shuts,839,8
12133,75135,the,839,8
12134,75139,door,839,8
12135,75144,he,839,8
12136,75147,looks,839,8
12137,75153,out,839,8
12138,75157,at,839,8
12139,75161,the,839,8
12140,75165,remaining,839,8
12141,75175,pigs,839,8
12142,75181,STARING,839,8
12143,75189,at,839,8
12144,75192,him,839,8
12145,75197,They,839,8
12146,75202,start,839,8
12147,75208,SQUEALING,839,8
12148,75219,He,839,8
12149,75223,shuts,839,8
12150,75229,the,839,8
12151,75233,door,839,8
12152,75242,INT,840,8
12153,75247,STONE,840,8
12154,75253,HOUSE,840,8
12155,75261,CONTINUOUS,840,8
12156,75275,The,841,8
12157,75279,pig,841,8
12158,75283,runs,841,8
12159,75289,SQUEALING,841,8
12160,75300,into,841,8
12161,75305,the,841,8
12162,75309,gloomy,841,8
12163,75316,kitchen,841,8
12164,75325,hiding,841,8
12165,75332,in,841,8
12166,75335,a,841,8
12167,75338,corner,841,8
12168,75346,Circe,841,8
12169,75352,hands,841,8
12170,75358,Odysseus,841,8
12171,75367,a,841,8
12172,75369,CLEAVER,841,8
12173,75378,pointing,841,8
12174,75387,to,841,8
12175,75390,the,841,8
12176,75394,back,841,8
12177,75399,door,841,8
12178,75413,the,841,8
12179,75417,Crow,841,8
12180,75422,in,841,8
12181,75425,the,841,8
12182,75429,Cage,841,8
12183,75434,SQUAWKS,841,8
12184,75446,Odysseus,841,8
12185,75455,moves,841,8
12186,75461,to,841,8
12187,75464,the,841,8
12188,75468,pig,841,8
12189,75473,which,841,8
12190,75479,PANICS,841,8
12191,75487,Circe,841,8
12192,75493,watches,841,8
12193,75501,Odysseus,841,8
12194,75511,struggle,841,8
12195,75520,to,841,8
12196,75523,control,841,8
12197,75531,the,841,8
12198,75535,pig,841,8
12199,75543,CIRCE,842,8
12200,75550,Whoever,842,8
12201,75558,you,842,8
12202,75562,are,842,8
12203,75567,you,842,8
12204,75571,re,842,8
12205,75574,clearly,842,8
12206,75582,not,842,8
12207,75586,a,842,8
12208,75588,farmer,842,8
12209,75596,Here,842,8
12210,75606,She,842,8
12211,75610,reaches,842,8
12212,75618,for,842,8
12213,75622,the,842,8
12214,75626,cleaver,842,8
12215,75635,Odysseus,842,8
12216,75644,puts,842,8
12217,75649,the,842,8
12218,75653,cleaver,842,8
12219,75661,down,842,8
12220,75666,by,842,8
12221,75669,the,842,8
12222,75674,fire,842,8
12223,75680,letting,842,8
12224,75688,the,842,8
12225,75692,pig,842,8
12226,75696,go,842,8
12227,75703,ODYSSEUS,843,8
12228,75713,The,843,8
12229,75717,stew,843,8
12230,75722,smells,843,8
12231,75729,good,843,8
12232,75735,That,843,8
12233,75740,s,843,8
12234,75742,plenty,843,8
12235,75749,for,843,8
12236,75753,just,843,8
12237,75758,us,843,8
12238,75765,CIRCE,844,8
12239,75772,Who,844,8
12240,75776,says,844,8
12241,75781,it,844,8
12242,75784,s,844,8
12243,75786,just,844,8
12244,75791,us,844,8
12245,75796,ODYSSEUS,845,8
12246,75806,Who,845,8
12247,75810,else,845,8
12248,75815,is,845,8
12249,75818,here,845,8
12250,75825,CIRCE,846,8
12251,75834,Who,846,8
12252,75839,indeed,846,8
12253,75850,Circe,846,8
12254,75856,scoops,846,8
12255,75863,some,846,8
12256,75868,stew,846,8
12257,75873,from,846,8
12258,75878,the,846,8
12259,75882,bubbling,846,8
12260,75891,pot,846,8
12261,75895,into,846,8
12262,75900,a,846,8
12263,75902,bowl,846,8
12264,75907,and,846,8
12265,75911,puts,846,8
12266,75916,it,846,8
12267,75920,on,846,8
12268,75923,the,846,8
12269,75927,table,846,8
12270,75937,CIRCE,847,8
12271,75944,You,847,8
12272,75948,say,847,8
12273,75952,you,847,8
12274,75957,re,847,8
12275,75960,alone,847,8
12276,75970,She,847,8
12277,75974,drops,847,8
12278,75980,a,847,8
12279,75982,lump,847,8
12280,75987,of,847,8
12281,75990,bread,847,8
12282,75996,next,847,8
12283,76001,to,847,8
12284,76004,the,847,8
12285,76008,bowl,847,8
12286,76014,Odysseus,847,8
12287,76023,sits,847,8
12288,76032,CIRCE,848,8
12289,76039,But,848,8
12290,76043,no,848,8
12291,76046,one,848,8
12292,76050,comes,848,8
12293,76056,here,848,8
12294,76061,alone,848,8
12295,76071,ODYSSEUS,849,8
12296,76081,No,849,8
12297,76088,Odysseus,849,8
12298,76097,examines,849,8
12299,76106,the,849,8
12300,76110,CHUNKS,849,8
12301,76117,of,849,8
12302,76120,PINK,849,8
12303,76125,MEAT,849,8
12304,76135,Circe,849,8
12305,76141,sits,849,8
12306,76146,next,849,8
12307,76152,to,849,8
12308,76155,him,849,8
12309,76163,CIRCE,850,8
12310,76170,You,850,8
12311,76174,can,850,8
12312,76178,only,850,8
12313,76183,reach,850,8
12314,76189,this,850,8
12315,76194,spot,850,8
12316,76199,by,850,8
12317,76202,sea,850,8
12318,76212,She,850,8
12319,76216,pours,850,8
12320,76222,them,850,8
12321,76227,both,850,8
12322,76232,dark,850,8
12323,76237,red,850,8
12324,76241,wine,850,8
12325,76246,from,850,8
12326,76251,a,850,8
12327,76253,jug,850,8
12328,76261,CIRCE,851,8
12329,76268,So,851,8
12330,76271,where,851,8
12331,76277,are,851,8
12332,76281,your,851,8
12333,76286,shipmates,851,8
12334,76300,Odysseus,851,8
12335,76309,picks,851,8
12336,76315,up,851,8
12337,76318,his,851,8
12338,76322,cup,851,8
12339,76327,looking,851,8
12340,76335,at,851,8
12341,76338,the,851,8
12342,76342,dark,851,8
12343,76347,liquid,851,8
12344,76358,ODYSSEUS,852,8
12345,76370,I,852,8
12346,76372,m,852,8
12347,76374,looking,852,8
12348,76382,for,852,8
12349,76386,them,852,8
12350,76392,Has,852,8
12351,76396,anyone,852,8
12352,76403,come,852,8
12353,76408,this,852,8
12354,76413,way,852,8
12355,76421,Circe,852,8
12356,76427,looks,852,8
12357,76433,at,852,8
12358,76436,him,852,8
12359,76441,Gulps,852,8
12360,76447,at,852,8
12361,76450,her,852,8
12362,76454,wine,852,8
12363,76460,leaving,852,8
12364,76468,red,852,8
12365,76472,across,852,8
12366,76479,her,852,8
12367,76483,lips,852,8
12368,76488,and,852,8
12369,76493,chin,852,8
12370,76499,She,852,8
12371,76503,shakes,852,8
12372,76510,her,852,8
12373,76514,head,852,8
12374,76520,The,852,8
12375,76524,Crow,852,8
12376,76529,in,852,8
12377,76532,the,852,8
12378,76536,cage,852,8
12379,76541,SQUAWKS,852,8
12380,76553,ODYSSEUS,853,8
12381,76563,But,853,8
12382,76567,you,853,8
12383,76571,had,853,8
12384,76575,all,853,8
12385,76579,this,853,8
12386,76584,food,853,8
12387,76589,prepared,853,8
12388,76602,CIRCE,854,8
12389,76609,You,854,8
12390,76613,re,854,8
12391,76616,questioning,854,8
12392,76628,me,854,8
12393,76632,You,854,8
12394,76637,A,854,8
12395,76639,traveller,854,8
12396,76649,who,854,8
12397,76653,s,854,8
12398,76655,clearly,854,8
12399,76663,starving,854,8
12400,76674,but,854,8
12401,76678,hasn,854,8
12402,76683,t,854,8
12403,76685,touched,854,8
12404,76693,the,854,8
12405,76697,food,854,8
12406,76702,in,854,8
12407,76705,front,854,8
12408,76711,of,854,8
12409,76714,him,854,8
12410,76719,Who,854,8
12411,76723,claims,854,8
12412,76730,to,854,8
12413,76733,be,854,8
12414,76736,a,854,8
12415,76739,sailor,854,8
12416,76746,but,854,8
12417,76750,wears,854,8
12418,76756,a,854,8
12419,76758,Greek,854,8
12420,76764,warrior,854,8
12421,76772,s,854,8
12422,76774,armour,854,8
12423,76782,Who,854,8
12424,76786,breaks,854,8
12425,76793,Zeus,854,8
12426,76798,s,854,8
12427,76801,law,854,8
12428,76805,by,854,8
12429,76808,bringing,854,8
12430,76817,a,854,8
12431,76819,dagger,854,8
12432,76826,into,854,8
12433,76831,his,854,8
12434,76835,hostess,854,8
12435,76843,s,854,8
12436,76845,house,854,8
12437,76855,ODYSSEUS,855,8
12438,76865,You've,855,8
12439,76872,got,855,8
12440,76876,sharp,855,8
12441,76882,eyes,855,8
12442,76891,CIRCE,856,8
12443,76898,Sharpened,856,8
12444,76908,by,856,8
12445,76911,the,856,8
12446,76915,Gods,856,8
12447,76924,ODYSSEUS,857,8
12448,76934,They,857,8
12449,76939,grant,857,8
12450,76945,you,857,8
12451,76949,insights,857,8
12452,76962,CIRCE,858,8
12453,76969,Truths,858,8
12454,76977,Sometimes,858,8
12455,76991,The,858,8
12456,76995,pigs,858,8
12457,77000,are,858,8
12458,77004,SQUEALING,858,8
12459,77014,at,858,8
12460,77017,the,858,8
12461,77021,door,858,8
12462,77032,ODYSSEUS,859,8
12463,77044,Would,859,8
12464,77050,they,859,8
12465,77055,tell,859,8
12466,77060,you,859,8
12467,77064,where,859,8
12468,77070,my,859,8
12469,77073,men,859,8
12470,77077,are,859,8
12471,77085,CIRCE,860,8
12472,77092,Your,860,8
12473,77097,men,860,8
12474,77102,You,860,8
12475,77106,command,860,8
12476,77114,them,860,8
12477,77123,Odysseus,860,8
12478,77132,nods,860,8
12479,77138,Circe,860,8
12480,77144,thinks,860,8
12481,77155,CIRCE,861,8
12482,77162,Yes,861,8
12483,77167,they,861,8
12484,77172,would,861,8
12485,77180,ODYSSEUS,862,8
12486,77190,Would,862,8
12487,77196,you,862,8
12488,77200,tell,862,8
12489,77205,me,862,8
12490,77210,CIRCE,863,8
12491,77219,Perhaps,863,8
12492,77228,If,863,8
12493,77231,you,863,8
12494,77235,give,863,8
12495,77240,me,863,8
12496,77243,your,863,8
12497,77248,dagger,863,8
12498,77259,Odysseus,863,8
12499,77268,reaches,863,8
12500,77276,down,863,8
12501,77282,produces,863,8
12502,77291,the,863,8
12503,77295,dagger,863,8
12504,77303,Hands,863,8
12505,77309,it,863,8
12506,77312,to,863,8
12507,77315,her,863,8
12508,77323,CIRCE,864,8
12509,77330,But,864,8
12510,77334,why,864,8
12511,77338,would,864,8
12512,77344,I,864,8
12513,77346,help,864,8
12514,77351,a,864,8
12515,77353,liar,864,8
12516,77358,who,864,8
12517,77362,refuses,864,8
12518,77370,my,864,8
12519,77373,hospitality,864,8
12520,77389,Odysseus,864,8
12521,77398,picks,864,8
12522,77404,up,864,8
12523,77407,his,864,8
12524,77411,cup,864,8
12525,77416,SIPS,864,8
12526,77422,giving,864,8
12527,77429,himself,864,8
12528,77437,red,864,8
12529,77441,lips,864,8
12530,77450,CIRCE,865,8
12531,77457,Your,865,8
12532,77462,men,865,8
12533,77466,were,865,8
12534,77471,here,865,8
12535,77476,earlier,865,8
12536,77488,The,865,8
12537,77492,pigs,865,8
12538,77497,HAMMER,865,8
12539,77504,the,865,8
12540,77508,door,865,8
12541,77519,CIRCE,866,8
12542,77526,Now,866,8
12543,77530,they,866,8
12544,77535,re,866,8
12545,77538,not,866,8
12546,77546,Odysseus,866,8
12547,77555,takes,866,8
12548,77561,a,866,8
12549,77563,forkful,866,8
12550,77571,of,866,8
12551,77574,pink,866,8
12552,77579,meat,866,8
12553,77585,raises,866,8
12554,77592,it,866,8
12555,77595,to,866,8
12556,77598,his,866,8
12557,77602,mouth,866,8
12558,77610,the,866,8
12559,77615,Crow,866,8
12560,77620,in,866,8
12561,77623,the,866,8
12562,77627,Cage,866,8
12563,77632,SQUAWKS,866,8
12564,77640,and,866,8
12565,77644,SQUAWKS,866,8
12566,77654,Odysseus,866,8
12567,77663,pauses,866,8
12568,77673,Circe,866,8
12569,77679,THROWS,866,8
12570,77686,a,866,8
12571,77688,chunk,866,8
12572,77694,of,866,8
12573,77697,bread,866,8
12574,77703,at,866,8
12575,77706,the,866,8
12576,77710,bars,866,8
12577,77715,of,866,8
12578,77718,the,866,8
12579,77722,cage,866,8
12580,77728,silencing,866,8
12581,77738,it,866,8
12582,77743,Odysseus,866,8
12583,77752,SPOTS,866,8
12584,77758,SOMETHING,866,8
12585,77768,in,866,8
12586,77771,the,866,8
12587,77775,bread,866,8
12588,77781,bowl,866,8
12589,77794,The,866,8
12590,77798,pigs,866,8
12591,77803,are,866,8
12592,77807,SQUEALING,866,8
12593,77818,THROWING,866,8
12594,77827,themselves,866,8
12595,77838,against,866,8
12596,77846,the,866,8
12597,77850,door,866,8
12598,77858,ODYSSEUS,867,8
12599,77870,They,867,8
12600,77875,moved,867,8
12601,77881,on,867,8
12602,77888,Odysseus,867,8
12603,77897,reaches,867,8
12604,77905,for,867,8
12605,77909,the,867,8
12606,77913,bread,867,8
12607,77919,bowl,867,8
12608,77924,as,867,8
12609,77927,Circe,867,8
12610,77933,brings,867,8
12611,77940,the,867,8
12612,77944,dagger,867,8
12613,77951,above,867,8
12614,77958,the,867,8
12615,77962,table,867,8
12616,77974,CIRCE,868,8
12617,77981,Yes,868,8
12618,77989,He,868,8
12619,77992,turns,868,8
12620,77998,the,868,8
12621,78002,bowl,868,8
12622,78007,over,868,8
12623,78012,letting,868,8
12624,78020,a,868,8
12625,78022,RING,868,8
12626,78027,RATTLE,868,8
12627,78034,onto,868,8
12628,78039,the,868,8
12629,78043,table,868,8
12630,78051,the,868,8
12631,78056,ring,868,8
12632,78061,he,868,8
12633,78064,gave,868,8
12634,78069,Eurylochus,868,8
12635,78084,ODYSSEUS,869,8
12636,78096,Leaving,869,8
12637,78104,their,869,8
12638,78110,rings,869,8
12639,78118,The,869,8
12640,78122,Pigs,869,8
12641,78127,BURST,869,8
12642,78133,THROUGH,869,8
12643,78141,THE,869,8
12644,78145,DOOR,869,8
12645,78153,Odysseus,869,8
12646,78162,SMASHES,869,8
12647,78170,his,869,8
12648,78174,hand,869,8
12649,78179,through,869,8
12650,78187,the,869,8
12651,78191,bars,869,8
12652,78196,of,869,8
12653,78199,the,869,8
12654,78203,Crow,869,8
12655,78208,s,869,8
12656,78210,cage,869,8
12657,78220,Circe,869,8
12658,78226,brings,869,8
12659,78233,the,869,8
12660,78237,dagger,869,8
12661,78244,to,869,8
12662,78247,Odysseus,869,8
12663,78256,s,869,8
12664,78258,throat,869,8
12665,78270,ODYSSEUS,870,8
12666,78282,Iwouldn,870,8
12667,78290,t,870,8
12668,78298,Circe,870,8
12669,78304,looks,870,8
12670,78310,to,870,8
12671,78313,where,870,8
12672,78319,Odysseus,870,8
12673,78328,s,870,8
12674,78330,hand,870,8
12675,78335,HAS,870,8
12676,78339,THE,870,8
12677,78343,CROW,870,8
12678,78348,BY,870,8
12679,78351,THE,870,8
12680,78356,THROAT,870,8
12681,78364,She,870,8
12682,78368,freezes,870,8
12683,78378,the,870,8
12684,78382,PIGS,870,8
12685,78387,SURROUND,870,8
12686,78396,THEM,870,8
12687,78403,SQUEALING,871,8
12688,78418,CIRCE,872,8
12689,78425,DON,873,8
12690,78429,T,873,8
12691,78435,ODYSSEUS,874,8
12692,78445,I,874,8
12693,78447,don,874,8
12694,78451,t,874,8
12695,78453,know,874,8
12696,78458,who,874,8
12697,78462,this,874,8
12698,78467,crow,874,8
12699,78472,is,874,8
12700,78475,to,874,8
12701,78478,you,874,8
12702,78483,but,874,8
12703,78487,if,874,8
12704,78490,you,874,8
12705,78494,don,874,8
12706,78498,t,874,8
12707,78500,put,874,8
12708,78504,the,874,8
12709,78509,knife,874,8
12710,78515,down,874,8
12711,78521,ll,874,8
12712,78524,throttle,874,8
12713,78533,it,874,8
12714,78536,to,874,8
12715,78539,find,874,8
12716,78544,out,874,8
12717,78552,Circe,874,8
12718,78558,drops,874,8
12719,78564,the,874,8
12720,78568,dagger,874,8
12721,78579,CIRCE,875,8
12722,78586,Don,875,8
12723,78590,t,875,8
12724,78592,hurt,875,8
12725,78597,her,875,8
12726,78605,Odysseus,875,8
12727,78614,looks,875,8
12728,78620,from,875,8
12729,78625,Circe,875,8
12730,78631,to,875,8
12731,78634,the,875,8
12732,78638,crow,875,8
12733,78643,and,875,8
12734,78647,back,875,8
12735,78656,ODYSSEUS,876,8
12736,78666,Family,876,8
12737,78674,Mother,876,8
12738,78682,Your,876,8
12739,78687,sister,876,8
12740,78698,Circe,876,8
12741,78704,nods,876,8
12742,78710,The,876,8
12743,78714,PIGS,876,8
12744,78719,push,876,8
12745,78724,their,876,8
12746,78730,snouts,876,8
12747,78737,against,876,8
12748,78745,her,876,8
12749,78749,with,876,8
12750,78754,increasing,876,8
12751,78766,violence,876,8
12752,78780,ODYSSEUS,877,8
12753,78792,You,877,8
12754,78796,turned,877,8
12755,78803,her,877,8
12756,78807,into,877,8
12757,78812,this,877,8
12758,78817,like,877,8
12759,78822,you,877,8
12760,78826,turned,877,8
12761,78833,my,877,8
12762,78836,men,877,8
12763,78840,into,877,8
12764,78845,pigs,877,8
12765,78855,CIRCE,878,8
12766,78862,I,878,8
12767,78864,didn,878,8
12768,78869,t,878,8
12769,78871,turn,878,8
12770,78876,your,878,8
12771,78881,men,878,8
12772,78885,into,878,8
12773,78890,anything,878,8
12774,78900,This,878,8
12775,78905,is,878,8
12776,78908,who,878,8
12777,78912,they,878,8
12778,78917,are,878,8
12779,78922,Look,878,8
12780,78928,at,878,8
12781,78931,them,878,8
12782,78941,Odysseus,878,8
12783,78950,looks,878,8
12784,78956,at,878,8
12785,78959,the,878,8
12786,78963,SQUEALING,878,8
12787,78974,WRITHING,878,8
12788,78983,PIGS,878,8
12789,78993,CIRCE,879,8
12790,79000,Base,879,8
12791,79006,Disgusting,879,8
12792,79018,primal,879,8
12793,79025,urges,879,8
12794,79031,you,879,8
12795,79035,value,879,8
12796,79041,in,879,8
12797,79044,battle,879,8
12798,79057,they,879,8
12799,79062,ve,879,8
12800,79066,raped,879,8
12801,79072,and,879,8
12802,79076,pillaged,879,8
12803,79085,across,879,8
12804,79092,the,879,8
12805,79096,world,879,8
12806,79102,for,879,8
12807,79106,you,879,8
12808,79112,you,879,8
12809,79116,think,879,8
12810,79122,that,879,8
12811,79127,s,879,8
12812,79130,against,879,8
12813,79138,their,879,8
12814,79144,nature,879,8
12815,79152,You,879,8
12816,79156,think,879,8
12817,79162,they,879,8
12818,79167,only,879,8
12819,79172,did,879,8
12820,79176,those,879,8
12821,79182,things,879,8
12822,79189,because,879,8
12823,79198,you,879,8
12824,79202,ordered,879,8
12825,79210,them,879,8
12826,79215,to,879,8
12827,79222,Odysseus,879,8
12828,79231,tries,879,8
12829,79237,not,879,8
12830,79241,to,879,8
12831,79244,look,879,8
12832,79249,at,879,8
12833,79252,the,879,8
12834,79256,pigs,879,8
12835,79262,Circe,879,8
12836,79268,sees,879,8
12837,79273,his,879,8
12838,79277,discomfort,879,8
12839,79292,CIRCE,880,8
12840,79299,A,880,8
12841,79301,true,880,8
12842,79306,commander,880,8
12843,79316,thinks,880,8
12844,79323,his,880,8
12845,79327,men,880,8
12846,79331,s,880,8
12847,79333,savagery,880,8
12848,79342,is,880,8
12849,79345,actually,880,8
12850,79355,discipline,880,8
12851,79367,You,880,8
12852,79371,don,880,8
12853,79375,t,880,8
12854,79377,seem,880,8
12855,79382,that,880,8
12856,79387,deluded,880,8
12857,79396,But,880,8
12858,79400,you,880,8
12859,79404,sent,880,8
12860,79409,them,880,8
12861,79414,to,880,8
12862,79417,me,880,8
12863,79422,here,880,8
12864,79428,on,880,8
12865,79431,my,880,8
12866,79434,own,880,8
12867,79439,A,880,8
12868,79441,gang,880,8
12869,79446,of,880,8
12870,79449,filthy,880,8
12871,79456,soldiers,880,8
12872,79465,with,880,8
12873,79470,empty,880,8
12874,79476,bellies,880,8
12875,79484,and,880,8
12876,79489,hot,880,8
12877,79493,blood,880,8
12878,79500,You,880,8
12879,79504,thought,880,8
12880,79512,they,880,8
12881,79517,d,880,8
12882,79519,respect,880,8
12883,79527,me,880,8
12884,79530,and,880,8
12885,79534,my,880,8
12886,79537,home,880,8
12887,79543,Look,880,8
12888,79548,at,880,8
12889,79552,them,880,8
12890,79558,Know,880,8
12891,79563,your,880,8
12892,79568,own,880,8
12893,79572,men,880,8
12894,79580,Odysseus,880,8
12895,79589,looks,880,8
12896,79595,from,880,8
12897,79600,the,880,8
12898,79604,pigs,880,8
12899,79609,to,880,8
12900,79612,Circe,880,8
12901,79619,Tightens,880,8
12902,79628,his,880,8
12903,79632,grip,880,8
12904,79637,on,880,8
12905,79640,her,880,8
12906,79644,Crow,880,8
12907,79653,ODYSSEUS,881,8
12908,79663,Did,881,8
12909,79667,they,881,8
12910,79672,hurt,881,8
12911,79677,you,881,8
12912,79685,CIRCE,882,8
12913,79692,They,882,8
12914,79697,would,882,8
12915,79704,ve,882,8
12916,79711,ODYSSEUS,883,8
12917,79723,They,883,8
12918,79728,just,883,8
12919,79733,want,883,8
12920,79738,to,883,8
12921,79741,go,883,8
12922,79744,home,883,8
12923,79750,Let,883,8
12924,79754,them,883,8
12925,79763,Circe,883,8
12926,79769,looks,883,8
12927,79775,at,883,8
12928,79778,Odysseus,883,8
12929,79788,At,883,8
12930,79791,her,883,8
12931,79795,Caged,883,8
12932,79801,Crow,883,8
12933,79807,She,883,8
12934,79811,puts,883,8
12935,79816,her,883,8
12936,79820,knife,883,8
12937,79826,down,883,8
12938,79834,CIRCE,884,8
12939,79841,Let,884,8
12940,79845,her,884,8
12941,79849,go,884,8
12942,79856,Odysseus,884,8
12943,79865,gently,884,8
12944,79872,releases,884,8
12945,79881,the,884,8
12946,79885,crow,884,8
12947,79891,which,884,8
12948,79897,SQUAWKS,884,8
12949,79906,Circe,884,8
12950,79912,RUBS,884,8
12951,79918,her,884,8
12952,79922,hands,884,8
12953,79928,together,884,8
12954,79937,and,884,8
12955,79941,GRABS,884,8
12956,79947,a,884,8
12957,79949,pig,884,8
12958,79954,RUBBING,884,8
12959,79962,human,884,8
12960,79968,life,884,8
12961,79973,back,884,8
12962,79978,into,884,8
12963,79984,it,884,8
12964,79987,as,884,8
12965,79990,if,884,8
12966,79993,trying,884,8
12967,80000,to,884,8
12968,80003,warm,884,8
12969,80008,it,884,8
12970,80011,up,884,8
12971,80015,STREAK,884,8
12972,80022,by,884,8
12973,80025,STREAK,884,8
12974,80033,FUR,884,8
12975,80037,FALLS,884,8
12976,80049,CIRCE,885,8
12977,80056,Come,885,8
12978,80061,back,885,8
12979,80067,Back,885,8
12980,80072,into,885,8
12981,80077,your,885,8
12982,80082,disguises,885,8
12983,80101,Men,885,8
12984,80105,EMERGE,885,8
12985,80112,from,885,8
12986,80117,her,885,8
12987,80121,hands,885,8
12988,80127,as,885,8
12989,80130,if,885,8
12990,80133,from,885,8
12991,80138,sleep,885,8
12992,80145,NAKED,885,8
12993,80153,DISORIENTED,886,8
12994,80166,ANGRY,886,8
12995,80179,ODYSSEUS,887,8
12996,80191,Where,887,8
12997,80197,are,887,8
12998,80201,their,887,8
12999,80207,clothes,887,8
13000,80219,Circe,887,8
13001,80225,nods,887,8
13002,80230,at,887,8
13003,80233,the,887,8
13004,80237,back,887,8
13005,80242,door,887,8
13006,80247,as,887,8
13007,80250,she,887,8
13008,80254,works,887,8
13009,80260,her,887,8
13010,80264,magic,887,8
13011,80276,INT,888,8
13012,80281,SAME,888,8
13013,80288,LATER,888,8
13014,80295,Odysseus,889,8
13015,80304,s,889,8
13016,80306,men,889,8
13017,80310,are,889,8
13018,80314,dressed,889,8
13019,80323,standing,889,8
13020,80332,at,889,8
13021,80335,one,889,8
13022,80339,end,889,8
13023,80343,of,889,8
13024,80346,the,889,8
13025,80350,room,889,8
13026,80359,Odysseus,889,8
13027,80368,picks,889,8
13028,80374,up,889,8
13029,80377,Eurylochus,889,8
13030,80388,s,889,8
13031,80390,ring,889,8
13032,80395,and,889,8
13033,80399,TOSSES,889,8
13034,80406,it,889,8
13035,80409,to,889,8
13036,80412,him,889,8
13037,80420,ODYSSEUS,890,8
13038,80430,Back,890,8
13039,80435,to,890,8
13040,80438,the,890,8
13041,80442,ship,890,8
13042,80451,GRATEFUL,890,8
13043,80460,and,890,8
13044,80464,OBEDIENT,890,8
13045,80474,the,890,8
13046,80478,men,890,8
13047,80482,file,890,8
13048,80487,past,890,8
13049,80492,Odysseus,890,8
13050,80501,on,890,8
13051,80504,their,890,8
13052,80511,way,890,8
13053,80515,out,890,8
13054,80520,murmuring,890,8
13055,80530,thanks,890,8
13056,80541,ODYSSEUS,891,8
13057,80551,Take,891,8
13058,80556,all,891,8
13059,80560,the,891,8
13060,80564,food,891,8
13061,80569,you,891,8
13062,80573,can,891,8
13063,80577,carry,891,8
13064,80584,Not,891,8
13065,80588,the,891,8
13066,80592,meat,891,8
13067,80601,The,891,8
13068,80605,men,891,8
13069,80609,leave,891,8
13070,80616,Eurylochus,891,8
13071,80627,comes,891,8
13072,80633,close,891,8
13073,80644,EURYLOCHUS,892,8
13074,80656,You,892,8
13075,80660,re,892,8
13076,80663,not,892,8
13077,80667,going,892,8
13078,80673,to,892,8
13079,80676,let,892,8
13080,80680,her,892,8
13081,80684,live,892,8
13082,80690,She,892,8
13083,80694,s,892,8
13084,80696,a,892,8
13085,80698,witch,892,8
13086,80708,ODYSSEUS,893,8
13087,80718,Who,893,8
13088,80722,gave,893,8
13089,80727,her,893,8
13090,80731,powers,893,8
13091,80739,Your,893,8
13092,80744,Gods,893,8
13093,80750,Fill,893,8
13094,80755,the,893,8
13095,80759,jugs,893,8
13096,80764,and,893,8
13097,80768,skins,893,8
13098,80774,at,893,8
13099,80777,the,893,8
13100,80782,stream,893,8
13101,80789,and,893,8
13102,80793,prepare,893,8
13103,80801,to,893,8
13104,80804,sail,893,8
13105,80809,at,893,8
13106,80812,dawn,893,8
13107,80821,Eurylochus,893,8
13108,80832,nods,893,8
13109,80838,Odysseus,893,8
13110,80847,and,893,8
13111,80851,Circe,893,8
13112,80857,are,893,8
13113,80861,alone,893,8
13114,80868,Odysseus,893,8
13115,80877,indicates,893,8
13116,80888,the,893,8
13117,80892,crow,893,8
13118,80902,ODYSSEUS,894,8
13119,80912,Why,894,8
13120,80916,leave,894,8
13121,80922,her,894,8
13122,80926,like,894,8
13123,80931,this,894,8
13124,80940,CIRCE,895,8
13125,80947,We,895,8
13126,80950,get,895,8
13127,80954,on,895,8
13128,80957,better,895,8
13129,80964,this,895,8
13130,80969,way,895,8
13131,80977,Odysseus,895,8
13132,80986,gently,895,8
13133,80993,places,895,8
13134,81000,his,895,8
13135,81004,dagger,895,8
13136,81011,back,895,8
13137,81016,in,895,8
13138,81019,his,895,8
13139,81023,shin,895,8
13140,81028,guard,895,8
13141,81038,ODYSSEUS,896,8
13142,81050,I,896,8
13143,81052,m,896,8
13144,81054,sorry,896,8
13145,81060,if,896,8
13146,81063,we,896,8
13147,81066,offended,896,8
13148,81075,you,896,8
13149,81083,Circe,896,8
13150,81089,says,896,8
13151,81094,nothing,896,8
13152,81106,ODYSSEUS,897,8
13153,81116,We,897,8
13154,81119,can,897,8
13155,81123,t,897,8
13156,81125,leave,897,8
13157,81131,without,897,8
13158,81139,your,897,8
13159,81144,help,897,8
13160,81150,We,897,8
13161,81153,need,897,8
13162,81158,bearings,897,8
13163,81168,We,897,8
13164,81171,need,897,8
13165,81176,to,897,8
13166,81180,know,897,8
13167,81185,the,897,8
13168,81189,way,897,8
13169,81193,back,897,8
13170,81198,to,897,8
13171,81201,the,897,8
13172,81205,trade,897,8
13173,81211,routes,897,8
13174,81222,Circe,897,8
13175,81228,looks,897,8
13176,81234,at,897,8
13177,81237,him,897,8
13178,81241,with,897,8
13179,81246,insight,897,8
13180,81255,Judges,897,8
13181,81266,CIRCE,898,8
13182,81273,You're,898,8
13183,81280,too,898,8
13184,81284,lost,898,8
13185,81291,ODYSSEUS,899,8
13186,81301,What,899,8
13187,81306,do,899,8
13188,81309,you,899,8
13189,81313,mean,899,8
13190,81320,CIRCE,900,8
13191,81329,Only,900,8
13192,81334,blind,900,8
13193,81340,Tiresias,900,8
13194,81349,can,900,8
13195,81353,tell,900,8
13196,81358,you,900,8
13197,81362,how,900,8
13198,81366,to,900,8
13199,81369,go,900,8
13200,81372,home,900,8
13201,81381,ODYSSEUS,901,8
13202,81393,Tiresias,901,8
13203,81406,CIRCE,902,8
13204,81413,In,902,8
13205,81416,Hades,902,8
13206,81426,Odysseus,902,8
13207,81435,stares,902,8
13208,81442,at,902,8
13209,81445,her,902,8
13210,81453,ODYSSEUS,903,8
13211,81465,Nobody,903,8
13212,81472,sails,903,8
13213,81478,into,903,8
13214,81483,hell,903,8
13215,81488,and,903,8
13216,81492,comes,903,8
13217,81498,back,903,8
13218,81507,CIRCE,904,8
13219,81514,You,904,8
13220,81518,will,904,8
13221,81529,EXT,905,8
13222,81534,ODYSSEUS,905,8
13223,81543,S,905,8
13224,81545,SHIP,905,8
13225,81552,TWILIGHT,905,8
13226,81564,Odysseus,906,8
13227,81573,PEERS,906,8
13228,81579,ahead,906,8
13229,81585,into,906,8
13230,81590,the,906,8
13231,81594,DARKENING,906,8
13232,81604,MIST,906,8
13233,81615,CIRCE,907,8
13234,81623,V,908,8
13235,81625,O,908,8
13236,81630,If,908,8
13237,81633,you,908,8
13238,81637,head,908,8
13239,81642,north,908,8
13240,81648,in,908,8
13241,81651,the,908,8
13242,81655,twilight,908,8
13243,81673,A,908,8
13244,81675,BLACK,908,8
13245,81682,ROCKY,908,8
13246,81688,SHORE,908,8
13247,81694,looms,908,8
13248,81700,out,908,8
13249,81704,of,908,8
13250,81707,the,908,8
13251,81711,mist,908,8
13252,81717,Dead,908,8
13253,81722,trees,908,8
13254,81730,Volcanic,908,8
13255,81739,rock,908,8
13256,81745,Obsidian,908,8
13257,81754,beaches,908,8
13258,81770,INT,909,8
13259,81775,STONE,909,8
13260,81781,HOUSE,909,8
13261,81789,NIGHT,909,8
13262,81798,CIRCE,910,8
13263,81805,Head,910,8
13264,81810,inland,910,8
13265,81817,until,910,8
13266,81823,a,910,8
13267,81825,river,910,8
13268,81831,of,910,8
13269,81834,fire,910,8
13270,81839,meets,910,8
13271,81845,a,910,8
13272,81847,river,910,8
13273,81853,of,910,8
13274,81856,ice,910,8
13275,81866,EXT,911,8
13276,81871,HADES,911,8
13277,81879,TWILIGHT,911,8
13278,81891,Odysseus,912,8
13279,81900,leads,912,8
13280,81906,his,912,8
13281,81910,men,912,8
13282,81915,with,912,8
13283,81920,a,912,8
13284,81922,RAM,912,8
13285,81926,and,912,8
13286,81930,EWE,912,8
13287,81935,across,912,8
13288,81942,a,912,8
13289,81944,BLACK,912,8
13290,81952,DEAD,913,8
13291,81957,LANDSCAPE,913,8
13292,81973,To,913,8
13293,81976,a,913,8
13294,81978,place,913,8
13295,81984,where,913,8
13296,81990,a,913,8
13297,81992,river,913,8
13298,81998,of,913,8
13299,82001,WHITE,913,8
13300,82007,HOT,913,8
13301,82011,LAVA,913,8
13302,82016,flows,913,8
13303,82022,down,913,8
13304,82027,to,913,8
13305,82030,meet,913,8
13306,82035,a,913,8
13307,82038,GLACIER,913,8
13308,82046,tumbling,913,8
13309,82055,into,913,8
13310,82060,the,913,8
13311,82064,STEAMING,913,8
13312,82073,sea,913,8
13313,82083,CIRCE,914,8
13314,82091,V,915,8
13315,82093,O,915,8
13316,82100,There,915,8
13317,82106,you,915,8
13318,82110,must,915,8
13319,82115,dig,915,8
13320,82119,a,915,8
13321,82121,trench,915,8
13322,82134,Odysseus,915,8
13323,82144,using,915,8
13324,82150,his,915,8
13325,82154,sword,915,8
13326,82161,digs,915,8
13327,82166,a,915,8
13328,82168,trench,915,8
13329,82175,in,915,8
13330,82178,the,915,8
13331,82182,black,915,8
13332,82188,sand,915,8
13333,82201,CIRCE,916,8
13334,82209,V,917,8
13335,82211,O,917,8
13336,82216,Fill,917,8
13337,82221,it,917,8
13338,82224,with,917,8
13339,82229,the,917,8
13340,82233,blood,917,8
13341,82239,of,917,8
13342,82242,sacrifice,917,8
13343,82252,to,917,8
13344,82255,gather,917,8
13345,82262,the,917,8
13346,82266,dead,917,8
13347,82277,Odysseus,917,8
13348,82286,s,917,8
13349,82288,men,917,8
13350,82292,SLAUGHTER,917,8
13351,82302,the,917,8
13352,82306,ram,917,8
13353,82310,and,917,8
13354,82314,ewe,917,8
13355,82319,BLEEDING,917,8
13356,82328,them,917,8
13357,82334,into,917,8
13358,82339,the,917,8
13359,82343,trench,917,8
13360,82351,then,917,8
13361,82356,setting,917,8
13362,82364,a,917,8
13363,82366,fire,917,8
13364,82371,behind,917,8
13365,82378,Odysseus,917,8
13366,82387,who,917,8
13367,82391,sits,917,8
13368,82396,at,917,8
13369,82399,the,917,8
13370,82404,trench,917,8
13371,82411,of,917,8
13372,82414,blood,917,8
13373,82421,peering,917,8
13374,82429,into,917,8
13375,82434,the,917,8
13376,82438,darkness,917,8
13377,82453,INT,918,8
13378,82458,STONE,918,8
13379,82464,HOUSE,918,8
13380,82473,NIGHT,918,8
13381,82482,CIRCE,919,8
13382,82489,And,919,8
13383,82493,learn,919,8
13384,82499,how,919,8
13385,82503,you,919,8
13386,82507,go,919,8
13387,82510,home,919,8
13388,82519,Odysseus,919,8
13389,82528,nods,919,8
13390,82533,thanks,919,8
13391,82541,He,919,8
13392,82544,turns,919,8
13393,82550,to,919,8
13394,82553,leave,919,8
13395,82564,CIRCE,920,8
13396,82571,You,920,8
13397,82577,He,920,8
13398,82580,turns,920,8
13399,82586,back,920,8
13400,82593,CIRCE,921,8
13401,82600,Not,921,8
13402,82604,your,921,8
13403,82609,men,921,8
13404,82615,ODYSSEUS,922,8
13405,82625,You,922,8
13406,82629,d,922,8
13407,82631,curse,922,8
13408,82637,them,922,8
13409,82644,Circe,922,8
13410,82650,shakes,922,8
13411,82657,her,922,8
13412,82661,head,922,8
13413,82668,CIRCE,923,8
13414,82677,Not,923,8
13415,82681,a,923,8
13416,82683,curse,923,8
13417,82691,a,923,8
13418,82693,truth,923,8
13419,82700,Your,923,8
13420,82705,men,923,8
13421,82709,don,923,8
13422,82713,t,923,8
13423,82715,want,923,8
13424,82720,you,923,8
13425,82724,to,923,8
13426,82727,defy,923,8
13427,82732,the,923,8
13428,82736,Gods,923,8
13429,82743,But,923,8
13430,82747,the,923,8
13431,82751,Gods,923,8
13432,82756,say,923,8
13433,82760,only,923,8
13434,82765,you,923,8
13435,82769,make,923,8
13436,82774,it,923,8
13437,82777,home,923,8
13438,82786,ODYSSEUS,924,8
13439,82796,Then,924,8
13440,82801,I,924,8
13441,82803,defy,924,8
13442,82808,the,924,8
13443,82812,Gods,924,8
13444,82821,Odysseus,924,8
13445,82830,turns,924,8
13446,82836,and,924,8
13447,82840,leaves,924,8
13448,82851,EXT,925,8
13449,82856,HADES,925,8
13450,82864,TWILIGHT,925,8
13451,82876,Odysseus,926,8
13452,82885,looks,926,8
13453,82891,uneasy,926,8
13454,82898,as,926,8
13455,82901,he,926,8
13456,82904,sees,926,8
13457,82909,the,926,8
13458,82913,black,926,8
13459,82920,gravelly,926,8
13460,82929,sand,926,8
13461,82934,start,926,8
13462,82940,to,926,8
13463,82944,MOVE,926,8
13464,82953,SHAPES,926,8
13465,82960,emerge,926,8
13466,82967,from,926,8
13467,82972,the,926,8
13468,82976,ground,926,8
13469,82989,SHADES,926,8
13470,82996,of,926,8
13471,82999,the,926,8
13472,83004,dead,926,8
13473,83010,DIGGING,926,8
13474,83018,their,926,8
13475,83024,way,926,8
13476,83028,out,926,8
13477,83032,into,926,8
13478,83037,the,926,8
13479,83041,FLICKERING,926,8
13480,83052,FIRELIGHT,926,8
13481,83069,the,926,8
13482,83073,Shades,926,8
13483,83080,SHUFFLE,926,8
13484,83088,forwards,926,8
13485,83098,approaching,926,8
13486,83110,the,926,8
13487,83114,blood,926,8
13488,83121,black,926,8
13489,83127,in,926,8
13490,83130,the,926,8
13491,83135,twilight,926,8
13492,83144,and,926,8
13493,83148,firelight,926,8
13494,83167,Odysseus,926,8
13495,83176,uses,926,8
13496,83181,his,926,8
13497,83185,sword,926,8
13498,83191,to,926,8
13499,83194,stop,926,8
13500,83199,the,926,8
13501,83203,Shades,926,8
13502,83210,from,926,8
13503,83215,drinking,926,8
13504,83224,the,926,8
13505,83228,blood,926,8
13506,83241,he,926,8
13507,83244,recognizes,926,8
13508,83255,a,926,8
13509,83257,Shade,926,8
13510,83268,ODYSSEUS,927,8
13511,83278,Sinon,927,8
13512,83288,The,927,8
13513,83292,Shade,927,8
13514,83298,ignores,927,8
13515,83306,him,927,8
13516,83311,fixated,927,8
13517,83319,on,927,8
13518,83322,the,927,8
13519,83326,blood,927,8
13520,83338,Odysseus,927,8
13521,83347,leans,927,8
13522,83353,down,927,8
13523,83359,to,927,8
13524,83362,look,927,8
13525,83367,at,927,8
13526,83370,his,927,8
13527,83374,face,927,8
13528,83381,it,927,8
13529,83384,is,927,8
13530,83387,Sinon,927,8
13531,83394,the,927,8
13532,83398,Greek,927,8
13533,83404,Soldier,927,8
13534,83412,left,927,8
13535,83417,behind,927,8
13536,83424,with,927,8
13537,83429,the,927,8
13538,83434,Wooden,927,8
13539,83441,Horse,927,8
13540,83447,at,927,8
13541,83450,Troy,927,8
13542,83459,ODYSSEUS,928,8
13543,83469,Sinon,928,8
13544,83476,it,928,8
13545,83479,s,928,8
13546,83481,Odysseus,928,8
13547,83492,ELDERLY,929,8
13548,83500,VOICE,929,8
13549,83508,O,930,8
13550,83510,S,930,8
13551,83517,Let,930,8
13552,83521,him,930,8
13553,83525,drink,930,8
13554,83535,Odysseus,930,8
13555,83544,TURNS,930,8
13556,83551,An,930,8
13557,83554,old,930,8
13558,83558,man,930,8
13559,83562,with,930,8
13560,83567,BANDAGED,930,8
13561,83576,EYES,930,8
13562,83581,crouches,930,8
13563,83590,by,930,8
13564,83594,the,930,8
13565,83598,blood,930,8
13566,83605,This,930,8
13567,83610,is,930,8
13568,83613,TIRESIAS,930,8
13569,83623,He,930,8
13570,83626,SCOOPS,930,8
13571,83633,blood,930,8
13572,83639,into,930,8
13573,83644,his,930,8
13574,83648,mouth,930,8
13575,83655,It,930,8
13576,83659,glistens,930,8
13577,83668,black,930,8
13578,83674,on,930,8
13579,83677,his,930,8
13580,83681,chin,930,8
13581,83692,TIRESIAS,931,8
13582,83702,Then,931,8
13583,83707,you,931,8
13584,83711,ll,931,8
13585,83714,hear,931,8
13586,83719,his,931,8
13587,83723,testament,931,8
13588,83737,Odysseus,931,8
13589,83746,lifts,931,8
13590,83752,his,931,8
13591,83756,sword,931,8
13592,83762,away,931,8
13593,83767,from,931,8
13594,83772,between,931,8
13595,83780,Sinon,931,8
13596,83786,and,931,8
13597,83790,the,931,8
13598,83794,blood,931,8
13599,83804,Sinon,931,8
13600,83811,parched,931,8
13601,83820,gulps,931,8
13602,83826,black,931,8
13603,83832,bubbling,931,8
13604,83841,blood,931,8
13605,83851,ODYSSEUS,932,8
13606,83863,Sinon,932,8
13607,83873,Sinon,932,8
13608,83879,looks,932,8
13609,83885,at,932,8
13610,83888,Odysseus,932,8
13611,83898,recognizing,932,8
13612,83910,him,932,8
13613,83918,SINON,933,8
13614,83925,Odysseus,933,8
13615,83935,You,933,8
13616,83939,lied,933,8
13617,83944,to,933,8
13618,83947,everyone,933,8
13619,83957,Did,933,8
13620,83961,you,933,8
13621,83965,have,933,8
13622,83970,to,933,8
13623,83973,lie,933,8
13624,83977,to,933,8
13625,83980,me,933,8
13626,83987,ODYSSEUS,934,8
13627,83999,I,934,8
13628,84001,needed,934,8
13629,84008,you,934,8
13630,84012,to,934,8
13631,84015,believe,934,8
13632,84027,EXT,935,9
13633,84032,BEACH,935,9
13634,84038,AT,935,9
13635,84041,TROY,935,9
13636,84048,DAY,935,9
13637,84053,FLASHBACK,935,9
13638,84067,Odysseus,936,9
13639,84076,talks,936,9
13640,84082,privately,936,9
13641,84092,with,936,9
13642,84097,Sinon,936,9
13643,84104,Beached,936,9
13644,84112,ships,936,9
13645,84118,and,936,9
13646,84122,the,936,9
13647,84126,Horse,936,9
13648,84133,under,936,9
13649,84139,construction,936,9
13650,84152,in,936,9
13651,84155,the,936,9
13652,84159,background,936,9
13653,84178,ODYSSEUS,937,9
13654,84188,Why,937,9
13655,84192,did,937,9
13656,84196,you,937,9
13657,84200,have,937,9
13658,84205,to,937,9
13659,84208,volunteer,937,9
13660,84222,Sinon,937,9
13661,84228,smiles,937,9
13662,84235,at,937,9
13663,84238,Odysseus,937,9
13664,84251,SINON,938,9
13665,84260,Don,938,9
13666,84264,t,938,9
13667,84266,you,938,9
13668,84270,remember,938,9
13669,84279,how,938,9
13670,84283,I,938,9
13671,84285,came,938,9
13672,84290,here,938,9
13673,84299,ODYSSEUS,939,9
13674,84309,Yes,939,9
13675,84317,INSERT,939,9
13676,84324,CUT,939,9
13677,84329,Teenage,939,9
13678,84337,Sinon,939,9
13679,84343,and,939,9
13680,84347,Teenage,939,9
13681,84355,Antinous,939,9
13682,84364,stand,939,9
13683,84370,at,939,9
13684,84373,the,939,9
13685,84377,head,939,9
13686,84383,of,939,9
13687,84386,the,939,9
13688,84390,lottery,939,9
13689,84398,line,939,9
13690,84404,Eumaeus,939,9
13691,84412,waves,939,9
13692,84418,Odysseus,939,9
13693,84427,over,939,9
13694,84433,Antinous,939,9
13695,84442,shows,939,9
13696,84449,him,939,9
13697,84453,his,939,9
13698,84457,lot,939,9
13699,84467,SINON,940,9
13700,84474,I,940,9
13701,84476,begged,940,9
13702,84483,to,940,9
13703,84486,take,940,9
13704,84491,Antinous,940,9
13705,84500,s,940,9
13706,84502,place,940,9
13707,84509,He,940,9
13708,84512,d,940,9
13709,84514,been,940,9
13710,84519,called,940,9
13711,84527,but,940,9
13712,84536,ODYSSEUS,941,9
13713,84546,He,941,9
13714,84549,offered,941,9
13715,84557,money,941,9
13716,84563,for,941,9
13717,84567,your,941,9
13718,84572,family,941,9
13719,84579,if,941,9
13720,84582,you,941,9
13721,84586,d,941,9
13722,84588,take,941,9
13723,84593,his,941,9
13724,84597,place,941,9
13725,84604,You,941,9
13726,84609,begged,941,9
13727,84616,me,941,9
13728,84619,to,941,9
13729,84622,let,941,9
13730,84626,you,941,9
13731,84630,go,941,9
13732,84633,so,941,9
13733,84636,Antinous,941,9
13734,84645,would,941,9
13735,84651,take,941,9
13736,84656,care,941,9
13737,84661,of,941,9
13738,84664,your,941,9
13739,84670,father,941,9
13740,84683,Odysseus,941,9
13741,84692,listens,941,9
13742,84700,to,941,9
13743,84703,Teenage,941,9
13744,84711,Sinon,941,9
13745,84717,s,941,9
13746,84719,plea,941,9
13747,84725,Takes,941,9
13748,84731,the,941,9
13749,84735,lot,941,9
13750,84739,from,941,9
13751,84744,Antinous,941,9
13752,84754,and,941,9
13753,84758,hands,941,9
13754,84764,it,941,9
13755,84767,to,941,9
13756,84770,Sinon,941,9
13757,84783,ODYSSEUS,942,9
13758,84793,So,942,9
13759,84796,I,942,9
13760,84798,did,942,9
13761,84806,Odysseus,942,9
13762,84815,turns,942,9
13763,84821,Antinous,942,9
13764,84830,away,942,9
13765,84836,giving,942,9
13766,84843,him,942,9
13767,84847,back,942,9
13768,84852,to,942,9
13769,84855,his,942,9
13770,84859,father,942,9
13771,84874,Sinon,942,9
13772,84880,reaches,942,9
13773,84888,into,942,9
13774,84893,his,942,9
13775,84897,belt,942,9
13776,84908,SINON,943,9
13777,84915,If,943,9
13778,84918,the,943,9
13779,84922,Trojans,943,9
13780,84930,don,943,9
13781,84934,t,943,9
13782,84936,let,943,9
13783,84940,me,943,9
13784,84943,live,943,9
13785,84949,If,943,9
13786,84952,Inever,943,9
13787,84959,make,943,9
13788,84964,it,943,9
13789,84967,home,943,9
13790,84978,Pulls,943,9
13791,84984,out,943,9
13792,84988,the,943,9
13793,84992,LOT,943,9
13794,85000,SINON,944,9
13795,85007,Take,944,9
13796,85012,this,944,9
13797,85017,back,944,9
13798,85022,to,944,9
13799,85025,my,944,9
13800,85028,father,944,9
13801,85036,Tell,944,9
13802,85041,him,944,9
13803,85045,everything,944,9
13804,85056,I,944,9
13805,85058,did,944,9
13806,85066,Odysseus,944,9
13807,85075,takes,944,9
13808,85081,the,944,9
13809,85085,lot,944,9
13810,85090,starts,944,9
13811,85097,to,944,9
13812,85100,leave,944,9
13813,85111,SINON,945,9
13814,85118,Odysseus,945,9
13815,85130,ODYSSEUS,946,9
13816,85140,Yes,946,9
13817,85146,SINON,947,9
13818,85155,Feel,947,9
13819,85160,free,947,9
13820,85165,to,947,9
13821,85168,add,947,9
13822,85172,some,947,9
13823,85177,stuff,947,9
13824,85187,Odysseus,947,9
13825,85196,smiles,947,9
13826,85203,sadly,947,9
13827,85209,at,947,9
13828,85212,this,947,9
13829,85223,EXT,948,9
13830,85228,HADES,948,9
13831,85236,TWILIGHT,948,9
13832,85246,PRESENT,948,9
13833,85258,Sinon,949,9
13834,85264,s,949,9
13835,85266,bloody,949,9
13836,85273,chinned,949,9
13837,85281,shade,949,9
13838,85287,looks,949,9
13839,85293,accusingly,949,9
13840,85304,at,949,9
13841,85307,Odysseus,949,9
13842,85320,SINON,950,9
13843,85327,You,950,9
13844,85331,didn,950,9
13845,85336,t,950,9
13846,85338,trust,950,9
13847,85344,me,950,9
13848,85347,with,950,9
13849,85352,the,950,9
13850,85356,truth,950,9
13851,85363,After,950,9
13852,85369,all,950,9
13853,85373,those,950,9
13854,85379,years,950,9
13855,85386,I,950,9
13856,85388,was,950,9
13857,85392,a,950,9
13858,85395,boy,950,9
13859,85399,when,950,9
13860,85404,I,950,9
13861,85406,came,950,9
13862,85411,with,950,9
13863,85416,you,950,9
13864,85420,to,950,9
13865,85423,Troy,950,9
13866,85429,You,950,9
13867,85433,knew,950,9
13868,85438,I'd,950,9
13869,85442,die,950,9
13870,85446,for,950,9
13871,85450,you,950,9
13872,85458,ODYSSEUS,951,9
13873,85468,Dying,951,9
13874,85474,men,951,9
13875,85478,tell,951,9
13876,85483,the,951,9
13877,85487,truth,951,9
13878,85494,I,951,9
13879,85496,needed,951,9
13880,85503,you,951,9
13881,85507,to,951,9
13882,85510,believe,951,9
13883,85522,SINON,952,9
13884,85529,I,952,9
13885,85531,died,952,9
13886,85536,for,952,9
13887,85540,your,952,9
13888,85545,lie,952,9
13889,85549,on,952,9
13890,85552,that,952,9
13891,85557,beach,952,9
13892,85567,ODYSSEUS,953,9
13893,85579,I,953,9
13894,85581,know,953,9
13895,85587,I,953,9
13896,85589,was,953,9
13897,85593,there,953,9
13898,85599,with,953,9
13899,85604,you,953,9
13900,85612,INSERT,953,9
13901,85619,CUT,953,9
13902,85624,ODYSSEUS,953,9
13903,85634,tearful,953,9
13904,85643,leans,953,9
13905,85649,his,953,9
13906,85653,head,953,9
13907,85658,against,953,9
13908,85666,the,953,9
13909,85670,wood,953,9
13910,85677,next,953,9
13911,85682,to,953,9
13912,85685,the,953,9
13913,85689,bloody,953,9
13914,85696,spear,953,9
13915,85702,point,953,9
13916,85708,inside,953,9
13917,85715,the,953,9
13918,85719,Wooden,953,9
13919,85726,Horse,953,9
13920,85736,ODYSSEUS,954,9
13921,85746,I,954,9
13922,85748,heard,954,9
13923,85754,you,954,9
13924,85758,repeat,954,9
13925,85765,my,954,9
13926,85768,lie,954,9
13927,85772,with,954,9
13928,85777,your,954,9
13929,85782,dying,954,9
13930,85788,breath,954,9
13931,85796,Winning,954,9
13932,85804,us,954,9
13933,85807,the,954,9
13934,85812,war,954,9
13935,85817,I,954,9
13936,85819,was,954,9
13937,85823,right,954,9
13938,85829,there,954,9
13939,85836,Inches,954,9
13940,85843,from,954,9
13941,85848,you,954,9
13942,85853,Smelling,954,9
13943,85862,your,954,9
13944,85867,blood,954,9
13945,85877,SINON,955,9
13946,85886,What,955,9
13947,85891,comfort,955,9
13948,85899,could,955,9
13949,85905,that,955,9
13950,85910,give,955,9
13951,85915,me,955,9
13952,85919,Not,955,9
13953,85923,knowing,955,9
13954,85931,you,955,9
13955,85935,were,955,9
13956,85940,inside,955,9
13957,85948,that,955,9
13958,85953,Horse,955,9
13959,85959,until,955,9
13960,85965,the,955,9
13961,85969,dead,955,9
13962,85974,told,955,9
13963,85979,me,955,9
13964,85986,ODYSSEUS,956,9
13965,85996,Which,956,9
13966,86002,dead,956,9
13967,86011,Sinon,956,9
13968,86017,gestures,956,9
13969,86026,to,956,9
13970,86029,the,956,9
13971,86033,HORDES,956,9
13972,86040,of,956,9
13973,86043,Shades,956,9
13974,86050,on,956,9
13975,86053,the,956,9
13976,86057,obsidian,956,9
13977,86066,plain,956,9
13978,86076,SINON,957,9
13979,86083,A,957,9
13980,86085,lot,957,9
13981,86089,of,957,9
13982,86092,veterans,957,9
13983,86101,of,957,9
13984,86104,your,957,9
13985,86109,campaigns,957,9
13986,86119,walk,957,9
13987,86124,these,957,9
13988,86130,shores,957,9
13989,86138,The,957,9
13990,86142,dead,957,9
13991,86148,meet,957,9
13992,86153,to,957,9
13993,86156,lament,957,9
13994,86163,the,957,9
13995,86167,living,957,9
13996,86174,and,957,9
13997,86178,greet,957,9
13998,86184,the,957,9
13999,86188,newly,957,9
14000,86194,dead,957,9
14001,86200,My,957,9
14002,86203,father,957,9
14003,86211,was,957,9
14004,86215,the,957,9
14005,86219,first,957,9
14006,86225,Shade,957,9
14007,86231,to,957,9
14008,86234,find,957,9
14009,86239,me,957,9
14010,86246,ODYSSEUS,958,9
14011,86258,To,958,9
14012,86261,comfort,958,9
14013,86269,you,958,9
14014,86277,SINON,959,9
14015,86284,Shades,959,9
14016,86291,don,959,9
14017,86295,t,959,9
14018,86297,comfort,959,9
14019,86306,They,959,9
14020,86311,want,959,9
14021,86316,word,959,9
14022,86321,of,959,9
14023,86324,the,959,9
14024,86328,living,959,9
14025,86335,who,959,9
14026,86340,wronged,959,9
14027,86348,them,959,9
14028,86354,My,959,9
14029,86357,father,959,9
14030,86364,had,959,9
14031,86368,died,959,9
14032,86373,in,959,9
14033,86376,poverty,959,9
14034,86385,alone,959,9
14035,86392,begging,959,9
14036,86400,for,959,9
14037,86405,scraps,959,9
14038,86412,from,959,9
14039,86417,people,959,9
14040,86424,like,959,9
14041,86429,Antinous,959,9
14042,86442,ODYSSEUS,960,9
14043,86454,Antinous,960,9
14044,86463,cheated,960,9
14045,86471,you,960,9
14046,86479,SINON,961,9
14047,86488,As,961,9
14048,86491,he,961,9
14049,86494,s,961,9
14050,86496,no,961,9
14051,86499,doubt,961,9
14052,86505,cheating,961,9
14053,86514,you,961,9
14054,86522,ODYSSEUS,962,9
14055,86532,How,962,9
14056,86540,SINON,963,9
14057,86547,Who,963,9
14058,86551,s,963,9
14059,86553,in,963,9
14060,86556,Ithaca,963,9
14061,86563,looking,963,9
14062,86571,after,963,9
14063,86577,your,963,9
14064,86582,wife,963,9
14065,86587,and,963,9
14066,86591,son,963,9
14067,86599,ODYSSEUS,964,9
14068,86611,My,964,9
14069,86614,wife,964,9
14070,86619,is,964,9
14071,86622,not,964,9
14072,86626,a,964,9
14073,86628,concern,964,9
14074,86640,SINON,965,9
14075,86647,Nor,965,9
14076,86651,was,965,9
14077,86655,my,965,9
14078,86658,father,965,9
14079,86666,Talk,965,9
14080,86671,to,965,9
14081,86674,Agamemnon,965,9
14082,86684,about,965,9
14083,86690,homecomings,965,9
14084,86706,ODYSSEUS,966,9
14085,86718,Agamemnon,966,9
14086,86728,s,966,9
14087,86730,here,966,9
14088,86739,Sinon,966,9
14089,86745,nods,966,9
14090,86751,Steps,966,9
14091,86757,back,966,9
14092,86762,from,966,9
14093,86767,the,966,9
14094,86771,blood,966,9
14095,86781,SINON,967,9
14096,86788,You,967,9
14097,86792,buried,967,9
14098,86799,me,967,9
14099,86802,at,967,9
14100,86805,Troy,967,9
14101,86810,with,967,9
14102,86815,respect,967,9
14103,86824,Thank,967,9
14104,86830,you,967,9
14105,86835,But,967,9
14106,86839,spare,967,9
14107,86845,a,967,9
14108,86848,thought,967,9
14109,86856,for,967,9
14110,86860,those,967,9
14111,86866,you,967,9
14112,86870,didn,967,9
14113,86875,t,967,9
14114,86881,ODYSSEUS,968,9
14115,86891,It,968,9
14116,86894,s,968,9
14117,86896,not,968,9
14118,86900,always,968,9
14119,86907,possible,968,9
14120,86918,SINON,969,9
14121,86925,Honour,969,9
14122,86932,your,969,9
14123,86937,fallen,969,9
14124,86945,Odysseus,969,9
14125,86955,When,969,9
14126,86960,you,969,9
14127,86964,get,969,9
14128,86968,home,969,9
14129,86974,take,969,9
14130,86979,a,969,9
14131,86981,ship,969,9
14132,86988,head,969,9
14133,86993,into,969,9
14134,86998,the,969,9
14135,87002,unknown,969,9
14136,87010,west,969,9
14137,87015,till,969,9
14138,87020,you,969,9
14139,87024,find,969,9
14140,87029,land,969,9
14141,87040,there,969,9
14142,87047,give,969,9
14143,87055,sacrifice,969,9
14144,87065,and,969,9
14145,87069,honour,969,9
14146,87076,your,969,9
14147,87081,men,969,9
14148,87089,Odysseus,969,9
14149,87098,nods,969,9
14150,87104,Sinon,969,9
14151,87110,turns,969,9
14152,87116,to,969,9
14153,87119,go,969,9
14154,87123,then,969,9
14155,87128,STOPS,969,9
14156,87139,SINON,970,9
14157,87146,Do,970,9
14158,87149,you,970,9
14159,87153,still,970,9
14160,87159,have,970,9
14161,87164,the,970,9
14162,87168,lot,970,9
14163,87176,Odysseus,970,9
14164,87185,reaches,970,9
14165,87193,into,970,9
14166,87198,his,970,9
14167,87202,belt,970,9
14168,87208,pulls,970,9
14169,87214,out,970,9
14170,87218,the,970,9
14171,87222,lot,970,9
14172,87230,ODYSSEUS,971,9
14173,87242,Of,971,9
14174,87245,course,971,9
14175,87256,SINON,972,9
14176,87263,If,972,9
14177,87266,you,972,9
14178,87270,make,972,9
14179,87275,it,972,9
14180,87278,home,972,9
14181,87289,give,972,9
14182,87294,Antinous,972,9
14183,87303,back,972,9
14184,87308,his,972,9
14185,87312,shame,972,9
14186,87322,ODYSSEUS,973,9
14187,87332,I,973,9
14188,87334,will,973,9
14189,87343,Sinon,973,9
14190,87349,moves,973,9
14191,87355,into,973,9
14192,87360,the,973,9
14193,87364,crowd,973,9
14194,87370,of,973,9
14195,87373,Shades,973,9
14196,87381,Odysseus,973,9
14197,87390,sees,973,9
14198,87395,one,973,9
14199,87399,plume,973,9
14200,87405,of,973,9
14201,87408,a,973,9
14202,87411,grand,973,9
14203,87417,helmet,973,9
14204,87424,stand,973,9
14205,87430,above,973,9
14206,87436,all,973,9
14207,87440,others,973,9
14208,87448,The,973,9
14209,87452,Shade,973,9
14210,87458,of,973,9
14211,87461,Agamemnon,973,9
14212,87472,approaches,973,9
14213,87487,ODYSSEUS,974,9
14214,87497,My,974,9
14215,87500,Lord,974,9
14216,87509,Agamemnon,974,9
14217,87519,crouches,974,9
14218,87528,to,974,9
14219,87531,drink,974,9
14220,87538,removing,974,9
14221,87547,his,974,9
14222,87551,mighty,974,9
14223,87558,helmet,974,9
14224,87571,he,974,9
14225,87575,looks,974,9
14226,87581,up,974,9
14227,87584,at,974,9
14228,87587,Odysseus,974,9
14229,87596,with,974,9
14230,87601,bloody,974,9
14231,87608,chin,974,9
14232,87613,and,974,9
14233,87617,dark,974,9
14234,87622,eyes,974,9
14235,87631,AGAMEMNON,975,9
14236,87642,Odysseus,975,9
14237,87652,You,975,9
14238,87656,re,975,9
14239,87659,not,975,9
14240,87663,here,975,9
14241,87672,ODYSSEUS,976,9
14242,87682,Not,976,9
14243,87686,yet,976,9
14244,87694,AGAMEMNON,977,9
14245,87705,But,977,9
14246,87709,you,977,9
14247,87713,re,977,9
14248,87716,not,977,9
14249,87720,home,977,9
14250,87729,ODYSSEUS,978,9
14251,87739,Not,978,9
14252,87743,yet,978,9
14253,87748,How,978,9
14254,87752,are,978,9
14255,87756,you,978,9
14256,87760,here,978,9
14257,87766,We,978,9
14258,87769,won,978,9
14259,87773,the,978,9
14260,87777,war,978,9
14261,87782,you,978,9
14262,87786,headed,978,9
14263,87793,for,978,9
14264,87798,home,978,9
14265,87809,AGAMEMNON,979,9
14266,87820,Odysseus,979,9
14267,87830,Most,979,9
14268,87835,brilliant,979,9
14269,87845,of,979,9
14270,87848,all,979,9
14271,87852,my,979,9
14272,87855,generals,979,9
14273,87865,You,979,9
14274,87869,would,979,9
14275,87875,never,979,9
14276,87881,be,979,9
14277,87885,snared,979,9
14278,87892,as,979,9
14279,87895,I,979,9
14280,87897,was,979,9
14281,87905,ODYSSEUS,980,9
14282,87915,Were,980,9
14283,87920,you,980,9
14284,87924,cast,980,9
14285,87929,adrift,980,9
14286,87936,like,980,9
14287,87941,us,980,9
14288,87948,AGAMEMNON,981,9
14289,87961,No,981,9
14290,87965,My,981,9
14291,87968,misfortune,981,9
14292,87979,was,981,9
14293,87983,to,981,9
14294,87986,make,981,9
14295,87991,it,981,9
14296,87994,home,981,9
14297,88003,INSERT,981,9
14298,88010,CUT,981,9
14299,88015,AGAMEMNON,981,9
14300,88025,is,981,9
14301,88028,greeted,981,9
14302,88036,outside,981,9
14303,88044,his,981,9
14304,88048,vast,981,9
14305,88053,palace,981,9
14306,88060,by,981,9
14307,88064,CLYTEMNESTRA,981,9
14308,88077,at,981,9
14309,88080,the,981,9
14310,88084,head,981,9
14311,88089,of,981,9
14312,88092,the,981,9
14313,88096,household,981,9
14314,88112,AGAMEMNON,982,9
14315,88124,V,983,9
14316,88126,O,983,9
14317,88131,To,983,9
14318,88134,be,983,9
14319,88137,welcomed,983,9
14320,88146,by,983,9
14321,88149,my,983,9
14322,88152,beautiful,983,9
14323,88162,wife,983,9
14324,88175,Clytemnestra,983,9
14325,88188,directs,983,9
14326,88196,servants,983,9
14327,88205,who,983,9
14328,88209,pull,983,9
14329,88214,Agamemnon,983,9
14330,88224,s,983,9
14331,88226,armour,983,9
14332,88233,from,983,9
14333,88238,his,983,9
14334,88243,body,983,9
14335,88249,Bathe,983,9
14336,88256,anoint,983,9
14337,88263,and,983,9
14338,88267,prepare,983,9
14339,88275,him,983,9
14340,88279,for,983,9
14341,88283,bed,983,9
14342,88291,Agamemnon,983,9
14343,88301,s,983,9
14344,88303,dark,983,9
14345,88308,eyed,983,9
14346,88313,Shade,983,9
14347,88319,remembers,983,9
14348,88338,AGAMEMNON,984,9
14349,88350,V,985,9
14350,88352,O,985,9
14351,88357,Bathed,985,9
14352,88365,anointed,985,9
14353,88375,Made,985,9
14354,88380,soft,985,9
14355,88389,INT,986,9
14356,88394,AGAMEMNON,986,9
14357,88404,S,986,9
14358,88406,BEDCHAMBER,986,9
14359,88419,EVENING,986,9
14360,88430,Agamemnon,987,9
14361,88440,lies,987,9
14362,88445,back,987,9
14363,88450,on,987,9
14364,88453,the,987,9
14365,88457,cushions,987,9
14366,88466,of,987,9
14367,88469,his,987,9
14368,88473,bed,987,9
14369,88478,Clytemnestra,987,9
14370,88492,approaches,987,9
14371,88504,kneeling,987,9
14372,88513,before,987,9
14373,88520,him,987,9
14374,88524,with,987,9
14375,88529,downturned,987,9
14376,88541,modest,987,9
14377,88548,gaze,987,9
14378,88554,She,987,9
14379,88559,opens,987,9
14380,88565,her,987,9
14381,88569,robe,987,9
14382,88574,as,987,9
14383,88577,she,987,9
14384,88581,moves,987,9
14385,88587,towards,987,9
14386,88595,her,987,9
14387,88599,husband,987,9
14388,88613,AGAMEMNON,988,9
14389,88625,V,989,9
14390,88627,O,989,9
14391,88632,To,989,9
14392,88635,learn,989,9
14393,88641,the,989,9
14394,88645,hardest,989,9
14395,88653,lesson,989,9
14396,88661,I'd,989,9
14397,88665,left,989,9
14398,88670,poison,989,9
14399,88677,in,989,9
14400,88680,her,989,9
14401,88684,heart,989,9
14402,88690,years,989,9
14403,88697,before,989,9
14404,88710,INSERT,989,9
14405,88717,CUT,989,9
14406,88722,Agamemnon,989,9
14407,88732,carries,989,9
14408,88740,a,989,9
14409,88742,SCREAMING,989,9
14410,88752,ADOLESCENT,989,9
14411,88766,GIRL,989,9
14412,88771,towards,989,9
14413,88779,a,989,9
14414,88781,STORMY,989,9
14415,88788,SEA,989,9
14416,88797,watched,989,9
14417,88805,by,989,9
14418,88808,an,989,9
14419,88811,AGONIZED,989,9
14420,88821,Clytemnestra,989,9
14421,88838,AGAMEMNON,990,9
14422,88850,V,991,9
14423,88852,O,991,9
14424,88859,The,991,9
14425,88863,good,991,9
14426,88868,part,991,9
14427,88873,of,991,9
14428,88876,her,991,9
14429,88880,heart,991,9
14430,88886,had,991,9
14431,88890,gone,991,9
14432,88895,to,991,9
14433,88898,another,991,9
14434,88907,Leaving,991,9
14435,88915,me,991,9
14436,88918,the,991,9
14437,88923,blackened,991,9
14438,88934,rotten,991,9
14439,88941,remains,991,9
14440,88955,In,991,9
14441,88958,a,991,9
14442,88961,flash,991,9
14443,88968,CLYTEMNESTRA,991,9
14444,88981,LEAPS,991,9
14445,88987,FORWARD,991,9
14446,88996,STABBING,991,9
14447,89008,AGAMEMNON,992,9
14448,89018,UP,992,9
14449,89021,THROUGH,992,9
14450,89029,THE,992,9
14451,89033,CHIN,992,9
14452,89043,EXT,993,9
14453,89048,HADES,993,9
14454,89056,TWILIGHT,993,9
14455,89068,AGAMEMNON,994,9
14456,89079,She,994,9
14457,89083,and,994,9
14458,89087,her,994,9
14459,89091,lover,994,9
14460,89097,had,994,9
14461,89101,plotted,994,9
14462,89109,my,994,9
14463,89112,murder,994,9
14464,89119,for,994,9
14465,89123,years,994,9
14466,89130,Odysseus,994,9
14467,89143,ODYSSEUS,995,9
14468,89153,Yes,995,9
14469,89161,AGAMEMNON,996,9
14470,89172,My,996,9
14471,89175,son,996,9
14472,89180,Orestes,996,9
14473,89189,Did,996,9
14474,89193,he,996,9
14475,89196,avenge,996,9
14476,89203,me,996,9
14477,89210,ODYSSEUS,997,9
14478,89220,My,997,9
14479,89223,Lord,997,9
14480,89229,how,997,9
14481,89233,could,997,9
14482,89239,I,997,9
14483,89241,know,997,9
14484,89247,I,997,9
14485,89249,m,997,9
14486,89251,still,997,9
14487,89257,trying,997,9
14488,89264,to,997,9
14489,89267,get,997,9
14490,89271,home,997,9
14491,89280,AGAMEMNON,998,9
14492,89291,Don,998,9
14493,89295,t,998,9
14494,89297,make,998,9
14495,89302,my,998,9
14496,89305,mistake,998,9
14497,89314,Don,998,9
14498,89318,t,998,9
14499,89320,walk,998,9
14500,89325,in,998,9
14501,89328,the,998,9
14502,89332,front,998,9
14503,89338,door,998,9
14504,89343,expecting,998,9
14505,89354,garlands,998,9
14506,89363,and,998,9
14507,89367,praise,998,9
14508,89375,Come,998,9
14509,89380,in,998,9
14510,89383,disguise,998,9
14511,89393,Take,998,9
14512,89398,your,998,9
14513,89403,time,998,9
14514,89409,Assess,998,9
14515,89420,Odysseus,998,9
14516,89429,watches,998,9
14517,89437,Agamemnon,998,9
14518,89447,rise,998,9
14519,89453,Melt,998,9
14520,89458,into,998,9
14521,89463,the,998,9
14522,89467,Shades,998,9
14523,89475,Tiresias,998,9
14524,89485,turns,998,9
14525,89491,to,998,9
14526,89494,look,998,9
14527,89499,at,998,9
14528,89502,Odysseus,998,9
14529,89511,with,998,9
14530,89516,blind,998,9
14531,89522,eyes,998,9
14532,89531,TIRESIAS,999,9
14533,89541,Do,999,9
14534,89544,you,999,9
14535,89548,see,999,9
14536,89556,ODYSSEUS,1000,9
14537,89568,I,1000,9
14538,89570,understand,1000,9
14539,89581,what,1000,9
14540,89586,I,1000,9
14541,89588,have,1000,9
14542,89593,to,1000,9
14543,89596,do,1000,9
14544,89603,TIRESIAS,1001,9
14545,89613,Some,1001,9
14546,89618,of,1001,9
14547,89621,what,1001,9
14548,89626,you,1001,9
14549,89630,have,1001,9
14550,89635,to,1001,9
14551,89638,do,1001,9
14552,89645,Tiresias,1001,9
14553,89654,indicates,1001,9
14554,89664,Eurylochus,1001,9
14555,89675,and,1001,9
14556,89679,the,1001,9
14557,89683,other,1001,9
14558,89689,men,1001,9
14559,89697,TIRESIAS,1002,9
14560,89707,My,1002,9
14561,89710,prophecy,1002,9
14562,89719,isn,1002,9
14563,89723,t,1002,9
14564,89725,for,1002,9
14565,89729,their,1002,9
14566,89735,ears,1002,9
14567,89744,Eurylochus,1002,9
14568,89755,and,1002,9
14569,89759,the,1002,9
14570,89763,men,1002,9
14571,89767,move,1002,9
14572,89772,back,1002,9
14573,89777,towards,1002,9
14574,89785,the,1002,9
14575,89789,ship,1002,9
14576,89803,TIRESIAS,1003,9
14577,89813,Sail,1003,9
14578,89818,southwest,1003,9
14579,89828,past,1003,9
14580,89833,the,1003,9
14581,89837,Sirens,1003,9
14582,89845,Their,1003,9
14583,89851,song,1003,9
14584,89856,lures,1003,9
14585,89862,your,1003,9
14586,89867,men,1003,9
14587,89871,onto,1003,9
14588,89876,the,1003,9
14589,89881,rocks,1003,9
14590,89888,They,1003,9
14591,89893,all,1003,9
14592,89897,die,1003,9
14593,89905,ODYSSEUS,1004,9
14594,89915,I,1004,9
14595,89917,won't,1004,9
14596,89923,let,1004,9
14597,89927,that,1004,9
14598,89932,happen,1004,9
14599,89941,ll,1004,9
14600,89944,block,1004,9
14601,89950,their,1004,9
14602,89956,ears,1004,9
14603,89962,With,1004,9
14604,89967,wax,1004,9
14605,89975,TIRESIAS,1005,9
14606,89985,Past,1005,9
14607,89990,the,1005,9
14608,89994,Sirens,1005,9
14609,90001,you,1005,9
14610,90005,choose,1005,9
14611,90012,between,1005,9
14612,90020,the,1005,9
14613,90024,whirlpool,1005,9
14614,90034,Charybdis,1005,9
14615,90044,and,1005,9
14616,90049,the,1005,9
14617,90053,monster,1005,9
14618,90061,Scylla,1005,9
14619,90069,The,1005,9
14620,90073,whirlpool,1005,9
14621,90083,in,1005,9
14622,90086,the,1005,9
14623,90090,sea,1005,9
14624,90094,would,1005,9
14625,90100,take,1005,9
14626,90105,all,1005,9
14627,90109,your,1005,9
14628,90115,lives,1005,9
14629,90122,the,1005,9
14630,90126,monster,1005,9
14631,90134,in,1005,9
14632,90137,the,1005,9
14633,90141,cliffs,1005,9
14634,90148,only,1005,9
14635,90153,six,1005,9
14636,90158,But,1005,9
14637,90162,your,1005,9
14638,90167,determination,1005,9
14639,90181,to,1005,9
14640,90185,sacrifice,1005,9
14641,90195,no,1005,9
14642,90198,more,1005,9
14643,90203,lives,1005,9
14644,90209,kills,1005,9
14645,90215,all,1005,9
14646,90219,of,1005,9
14647,90222,them,1005,9
14648,90231,ODYSSEUS,1006,9
14649,90241,Tl,1006,9
14650,90244,do,1006,9
14651,90247,what,1006,9
14652,90252,I,1006,9
14653,90254,have,1006,9
14654,90259,to,1006,9
14655,90266,TIRESIAS,1007,9
14656,90276,At,1007,9
14657,90279,the,1007,9
14658,90283,end,1007,9
14659,90288,When,1007,9
14660,90293,starvation,1007,9
14661,90304,and,1007,9
14662,90308,mutiny,1007,9
14663,90315,threaten,1007,9
14664,90325,they,1007,9
14665,90330,demand,1007,9
14666,90337,to,1007,9
14667,90341,land,1007,9
14668,90346,where,1007,9
14669,90352,the,1007,9
14670,90356,Sun,1007,9
14671,90360,God,1007,9
14672,90364,s,1007,9
14673,90366,cattle,1007,9
14674,90373,graze,1007,9
14675,90380,They,1007,9
14676,90385,slaughter,1007,9
14677,90395,Apollo,1007,9
14678,90402,s,1007,9
14679,90405,herd,1007,9
14680,90411,Zeus,1007,9
14681,90416,kills,1007,9
14682,90422,them,1007,9
14683,90427,for,1007,9
14684,90431,it,1007,9
14685,90435,Do,1007,9
14686,90438,you,1007,9
14687,90442,see,1007,9
14688,90450,ODYSSEUS,1008,9
14689,90460,Pll,1008,9
14690,90464,stop,1008,9
14691,90469,them,1008,9
14692,90476,TIRESIAS,1009,9
14693,90486,Why,1009,9
14694,90490,do,1009,9
14695,90493,these,1009,9
14696,90499,lives,1009,9
14697,90505,matter,1009,9
14698,90512,more,1009,9
14699,90517,to,1009,9
14700,90520,you,1009,9
14701,90524,than,1009,9
14702,90529,those,1009,9
14703,90535,you,1009,9
14704,90539,ve,1009,9
14705,90542,already,1009,9
14706,90553,lost,1009,9
14707,90562,Tiresias,1009,9
14708,90571,gestures,1009,9
14709,90580,back,1009,9
14710,90585,at,1009,9
14711,90588,the,1009,9
14712,90592,Shades,1009,9
14713,90603,ODYSSEUS,1010,9
14714,90615,Ican,1010,9
14715,90620,still,1010,9
14716,90626,save,1010,9
14717,90631,them,1010,9
14718,90636,from,1010,9
14719,90641,the,1010,9
14720,90645,Gods,1010,9
14721,90654,TIRESIAS,1011,9
14722,90664,But,1011,9
14723,90668,not,1011,9
14724,90672,from,1011,9
14725,90677,themselves,1011,9
14726,90692,A,1011,9
14727,90694,STIRRING,1011,9
14728,90703,catches,1011,9
14729,90711,Odysseus,1011,9
14730,90720,s,1011,9
14731,90722,attention,1011,9
14732,90734,AGITATION,1011,9
14733,90744,amongst,1011,9
14734,90753,the,1011,9
14735,90757,Shades,1011,9
14736,90764,heads,1011,9
14737,90770,across,1011,9
14738,90777,the,1011,9
14739,90781,plain,1011,9
14740,90787,towards,1011,9
14741,90795,him,1011,9
14742,90805,ODYSSEUS,1012,9
14743,90815,Who,1012,9
14744,90819,are,1012,9
14745,90823,they,1012,9
14746,90832,TIRESIAS,1013,9
14747,90842,Your,1013,9
14748,90847,unburied,1013,9
14749,90856,crew,1013,9
14750,90862,Demanding,1013,9
14751,90872,you,1013,9
14752,90876,share,1013,9
14753,90882,their,1013,9
14754,90888,dishonour,1013,9
14755,90907,Odysseus,1013,9
14756,90916,gets,1013,9
14757,90921,to,1013,9
14758,90924,his,1013,9
14759,90928,feet,1013,9
14760,90934,calling,1013,9
14761,90942,to,1013,9
14762,90945,his,1013,9
14763,90949,men,1013,9
14764,90958,ODYSSEUS,1014,9
14765,90968,Let,1014,9
14766,90972,s,1014,9
14767,90974,go,1014,9
14768,90981,They,1014,9
14769,90986,RUN,1014,9
14770,90990,towards,1014,9
14771,90998,the,1014,9
14772,91002,ship,1014,9
14773,91008,as,1014,9
14774,91011,the,1014,9
14775,91015,Shades,1014,9
14776,91022,of,1014,9
14777,91025,Odysseus,1014,9
14778,91034,s,1014,9
14779,91036,crew,1014,9
14780,91042,SCRAMBLE,1014,9
14781,91051,across,1014,9
14782,91058,the,1014,9
14783,91062,black,1014,9
14784,91068,plain,1014,9
14785,91074,towards,1014,9
14786,91082,them,1014,9
14787,91088,GAINING,1014,9
14788,91096,and,1014,9
14789,91101,GAINING,1014,9
14790,91115,Odysseus,1014,9
14791,91124,and,1014,9
14792,91128,his,1014,9
14793,91132,men,1014,9
14794,91136,cast,1014,9
14795,91141,off,1014,9
14796,91145,as,1014,9
14797,91148,the,1014,9
14798,91152,HISSING,1014,9
14799,91162,PATHETIC,1014,9
14800,91171,SHADES,1014,9
14801,91178,reach,1014,9
14802,91184,the,1014,9
14803,91188,shore,1014,9
14804,91195,MOANING,1014,9
14805,91203,for,1014,9
14806,91207,justice,1014,9
14807,91221,Odysseus,1014,9
14808,91230,s,1014,9
14809,91232,crew,1014,9
14810,91237,look,1014,9
14811,91242,at,1014,9
14812,91245,them,1014,9
14813,91251,appalled,1014,9
14814,91260,as,1014,9
14815,91263,they,1014,9
14816,91268,row,1014,9
14817,91277,ODYSSEUS,1015,9
14818,91287,Pull,1015,9
14819,91296,The,1015,9
14820,91300,rower,1015,9
14821,91306,across,1015,9
14822,91313,from,1015,9
14823,91318,Eurylochus,1015,9
14824,91329,talks,1015,9
14825,91335,excitedly,1015,9
14826,91346,scared,1015,9
14827,91358,ROWERS,1016,9
14828,91366,I,1016,9
14829,91368,saw,1016,9
14830,91372,Sinon,1016,9
14831,91379,I,1016,9
14832,91381,saw,1016,9
14833,91385,Elpenor,1016,9
14834,91394,Is,1016,9
14835,91397,that,1016,9
14836,91402,our,1016,9
14837,91406,fate,1016,9
14838,91416,Eurylochus,1016,9
14839,91428,straining,1016,9
14840,91438,with,1016,9
14841,91443,effort,1016,9
14842,91451,GLARES,1016,9
14843,91458,at,1016,9
14844,91461,the,1016,9
14845,91465,men,1016,9
14846,91474,EURYLOCHUS,1017,9
14847,91486,Shut,1017,9
14848,91491,up,1017,9
14849,91494,and,1017,9
14850,91498,pull,1017,9
14851,91507,Odysseus,1017,9
14852,91517,at,1017,9
14853,91520,the,1017,9
14854,91524,helm,1017,9
14855,91530,looks,1017,9
14856,91536,back,1017,9
14857,91541,at,1017,9
14858,91544,the,1017,9
14859,91548,dwindling,1017,9
14860,91558,haunted,1017,9
14861,91566,black,1017,9
14862,91573,shore,1017,9
14863,91585,ODYSSEUS,1018,9
14864,91596,V,1019,9
14865,91598,O,1019,9
14866,91603,We,1019,9
14867,91606,rowed,1019,9
14868,91612,out,1019,9
14869,91616,of,1019,9
14870,91619,hell,1019,9
14871,91630,INT,1020,9
14872,91635,CALYPSO,1020,9
14873,91643,S,1020,9
14874,91645,CAVE,1020,9
14875,91652,NIGHT,1020,9
14876,91661,Odysseus,1021,9
14877,91670,rubs,1021,9
14878,91675,his,1021,9
14879,91679,face,1021,9
14880,91684,with,1021,9
14881,91689,his,1021,9
14882,91693,hands,1021,9
14883,91708,ODYSSEUS,1022,9
14884,91720,Leaving,1022,9
14885,91728,so,1022,9
14886,91731,many,1022,9
14887,91736,fallen,1022,9
14888,91743,comrades,1022,9
14889,91758,I,1022,9
14890,91760,have,1022,9
14891,91765,to,1022,9
14892,91768,save,1022,9
14893,91773,the,1022,9
14894,91777,rest,1022,9
14895,91790,Calypso,1022,9
14896,91798,touches,1022,9
14897,91806,his,1022,9
14898,91810,forearm,1022,9
14899,91819,He,1022,9
14900,91822,looks,1022,9
14901,91828,up,1022,9
14902,91832,CONCERNED,1022,9
14903,91847,ODYSSEUS,1023,9
14904,91857,Where,1023,9
14905,91863,are,1023,9
14906,91867,they,1023,9
14907,91873,Are,1023,9
14908,91877,they,1023,9
14909,91882,here,1023,9
14910,91888,What,1023,9
14911,91893,s,1023,9
14912,91895,happened,1023,9
14913,91904,to,1023,9
14914,91907,them,1023,9
14915,91914,Did,1023,9
14916,91919,they,1023,9
14917,91924,leave,1023,9
14918,91930,me,1023,9
14919,91933,here,1023,9
14920,91940,Are,1023,9
14921,91944,they,1023,9
14922,91949,coming,1023,9
14923,91956,back,1023,9
14924,91966,Odysseus,1023,9
14925,91975,turns,1023,9
14926,91981,his,1023,9
14927,91985,gaze,1023,9
14928,91990,on,1023,9
14929,91993,Calypso,1023,9
14930,92002,MANIC,1023,9
14931,92013,ODYSSEUS,1024,9
14932,92023,Did,1024,9
14933,92027,you,1024,9
14934,92031,do,1024,9
14935,92034,something,1024,9
14936,92044,to,1024,9
14937,92047,them,1024,9
14938,92057,Calypso,1024,9
14939,92065,shushes,1024,9
14940,92073,him,1024,9
14941,92077,gently,1024,9
14942,92085,offers,1024,9
14943,92092,him,1024,9
14944,92096,a,1024,9
14945,92098,dish,1024,9
14946,92109,CALYPSO,1025,9
14947,92118,Have,1025,9
14948,92123,some,1025,9
14949,92132,Odysseus,1025,9
14950,92141,looks,1025,9
14951,92147,down,1025,9
14952,92152,at,1025,9
14953,92155,the,1025,9
14954,92159,lotus,1025,9
14955,92165,flower,1025,9
14956,92173,suddenly,1025,9
14957,92182,quiet,1025,9
14958,92196,ODYSSEUS,1026,9
14959,92206,You,1026,9
14960,92210,told,1026,9
14961,92215,me,1026,9
14962,92218,not,1026,9
14963,92222,to,1026,9
14964,92225,eat,1026,9
14965,92229,the,1026,9
14966,92233,lotus,1026,9
14967,92239,flower,1026,9
14968,92249,CALYPSO,1027,9
14969,92258,Just,1027,9
14970,92263,tonight,1027,9
14971,92272,To,1027,9
14972,92275,help,1027,9
14973,92280,you,1027,9
14974,92284,sleep,1027,9
14975,92291,Think,1027,9
14976,92297,no,1027,9
14977,92300,more,1027,9
14978,92305,of,1027,9
14979,92308,your,1027,9
14980,92313,crew,1027,9
14981,92320,Sleep,1027,9
14982,92327,Tomorrow,1027,9
14983,92337,when,1027,9
14984,92342,you,1027,9
14985,92346,re,1027,9
14986,92349,ready,1027,9
14987,92356,you'll,1027,9
14988,92363,remember,1027,9
14989,92378,your,1027,9
14990,92386,crew,1027,9
14991,92392,your,1027,9
14992,92397,family,1027,9
14993,92410,Odysseus,1027,9
14994,92419,wolfs,1027,9
14995,92425,down,1027,9
14996,92430,the,1027,9
14997,92434,lotus,1027,9
14998,92444,pauses,1027,9
14999,92454,calming,1027,9
15000,92468,ODYSSEUS,1028,9
15001,92478,Family,1028,9
15002,92488,awife,1028,9
15003,92500,INT,1029,9
15004,92505,PENELOPE,1029,9
15005,92514,S,1029,9
15006,92516,CHAMBER,1029,9
15007,92525,PALACE,1029,9
15008,92532,OF,1029,9
15009,92535,ITHACA,1029,9
15010,92545,DAY,1030,9
15011,92552,Penelope,1030,9
15012,92561,at,1030,9
15013,92564,her,1030,9
15014,92568,loom,1030,9
15015,92574,patiently,1030,9
15016,92584,WEAVES,1030,9
15017,92591,the,1030,9
15018,92595,burial,1030,9
15019,92602,shroud,1030,9
15020,92618,ODYSSEUS,1031,9
15021,92629,V,1032,9
15022,92631,O,1032,9
15023,92636,Do,1032,9
15024,92639,I,1032,9
15025,92641,have,1032,9
15026,92646,a,1032,9
15027,92648,wife,1032,9
15028,92657,Antinous,1032,9
15029,92666,steps,1032,9
15030,92672,past,1032,9
15031,92677,the,1032,9
15032,92681,screen,1032,9
15033,92688,into,1032,9
15034,92693,the,1032,9
15035,92697,chamber,1032,9
15036,92706,Penelope,1032,9
15037,92715,looks,1032,9
15038,92721,at,1032,9
15039,92725,him,1032,9
15040,92730,surprised,1032,9
15041,92741,Her,1032,9
15042,92745,Maid,1032,9
15043,92751,Melantho,1032,9
15044,92761,tries,1032,9
15045,92767,to,1032,9
15046,92770,stop,1032,9
15047,92775,him,1032,9
15048,92779,approaching,1032,9
15049,92795,PENELOPE,1033,9
15050,92805,It,1033,9
15051,92808,s,1033,9
15052,92810,alright,1033,9
15053,92819,Melantho,1033,9
15054,92832,Antinous,1033,9
15055,92841,steps,1033,9
15056,92847,forward,1033,9
15057,92861,PENELOPE,1034,9
15058,92871,Strangers,1034,9
15059,92881,don,1034,9
15060,92885,t,1034,9
15061,92887,come,1034,9
15062,92892,in,1034,9
15063,92895,here,1034,9
15064,92904,ANTINOUS,1035,9
15065,92914,Screen,1035,9
15066,92921,or,1035,9
15067,92924,no,1035,9
15068,92927,screen,1035,9
15069,92935,after,1035,9
15070,92941,three,1035,9
15071,92947,years,1035,9
15072,92953,of,1035,9
15073,92956,feasting,1035,9
15074,92965,together,1035,9
15075,92974,we,1035,9
15076,92977,re,1035,9
15077,92981,far,1035,9
15078,92985,from,1035,9
15079,92990,strangers,1035,9
15080,93001,Penelope,1035,9
15081,93014,PENELOPE,1036,9
15082,93024,Do,1036,9
15083,93027,you,1036,9
15084,93031,want,1036,9
15085,93036,to,1036,9
15086,93039,marry,1036,9
15087,93045,me,1036,9
15088,93049,or,1036,9
15089,93052,ruin,1036,9
15090,93057,my,1036,9
15091,93060,reputation,1036,9
15092,93075,Antinous,1036,9
15093,93084,nods,1036,9
15094,93089,at,1036,9
15095,93092,Melantho,1036,9
15096,93105,ANTINOUS,1037,9
15097,93115,Melantho,1037,9
15098,93124,can,1037,9
15099,93128,be,1037,9
15100,93131,discreet,1037,9
15101,93144,He,1037,9
15102,93147,looks,1037,9
15103,93153,over,1037,9
15104,93158,Penelope,1037,9
15105,93167,s,1037,9
15106,93169,shoulder,1037,9
15107,93178,at,1037,9
15108,93181,her,1037,9
15109,93185,work,1037,9
15110,93198,ANTINOUS,1038,9
15111,93208,And,1038,9
15112,93212,I,1038,9
15113,93214,m,1038,9
15114,93216,actually,1038,9
15115,93225,here,1038,9
15116,93230,out,1038,9
15117,93234,of,1038,9
15118,93237,concern,1038,9
15119,93245,for,1038,9
15120,93249,your,1038,9
15121,93254,reputation,1038,9
15122,93269,PENELOPE,1039,9
15123,93279,Oh,1039,9
15124,93286,ANTINOUS,1040,9
15125,93296,Everybody,1040,9
15126,93306,sees,1040,9
15127,93311,how,1040,9
15128,93315,hard,1040,9
15129,93320,you,1040,9
15130,93324,work,1040,9
15131,93333,PENELOPE,1041,9
15132,93343,Slow,1041,9
15133,93349,steady,1041,9
15134,93356,progress,1041,9
15135,93369,ANTINOUS,1042,9
15136,93379,But,1042,9
15137,93384,every,1042,9
15138,93390,night,1042,9
15139,93397,you,1042,9
15140,93401,ve,1042,9
15141,93404,been,1042,9
15142,93409,unravelling,1042,9
15143,93421,that,1042,9
15144,93426,work,1042,9
15145,93435,Penelope,1042,9
15146,93444,turns,1042,9
15147,93450,to,1042,9
15148,93453,Melantho,1042,9
15149,93463,Hard,1042,9
15150,93472,PENELOPE,1043,9
15151,93482,So,1043,9
15152,93485,much,1043,9
15153,93490,for,1043,9
15154,93494,discretion,1043,9
15155,93509,to,1043,9
15156,93512,Melantho,1043,9
15157,93523,Leave,1043,9
15158,93529,us,1043,9
15159,93536,Antinous,1043,9
15160,93545,watches,1043,9
15161,93553,Melantho,1043,9
15162,93562,go,1043,9
15163,93566,They,1043,9
15164,93571,exchange,1043,9
15165,93580,a,1043,9
15166,93582,look,1043,9
15167,93587,as,1043,9
15168,93590,she,1043,9
15169,93594,passes,1043,9
15170,93608,ANTINOUS,1044,9
15171,93618,You,1044,9
15172,93622,can,1044,9
15173,93626,t,1044,9
15174,93628,expect,1044,9
15175,93635,her,1044,9
15176,93639,to,1044,9
15177,93642,be,1044,9
15178,93645,loyal,1044,9
15179,93651,to,1044,9
15180,93654,a,1044,9
15181,93656,master,1044,9
15182,93663,she,1044,9
15183,93667,never,1044,9
15184,93673,even,1044,9
15185,93678,knew,1044,9
15186,93687,PENELOPE,1045,9
15187,93697,I,1045,9
15188,93699,expect,1045,9
15189,93706,her,1045,9
15190,93710,to,1045,9
15191,93713,be,1045,9
15192,93716,loyal,1045,9
15193,93722,to,1045,9
15194,93725,me,1045,9
15195,93732,ANTINOUS,1046,9
15196,93742,And,1046,9
15197,93746,she,1046,9
15198,93750,will,1046,9
15199,93755,be,1046,9
15200,93759,when,1046,9
15201,93764,you,1046,9
15202,93768,re,1046,9
15203,93771,married,1046,9
15204,93779,to,1046,9
15205,93782,me,1046,9
15206,93786,Slaves,1046,9
15207,93793,have,1046,9
15208,93798,no,1046,9
15209,93802,choice,1046,9
15210,93809,but,1046,9
15211,93813,to,1046,9
15212,93816,be,1046,9
15213,93819,loyal,1046,9
15214,93825,to,1046,9
15215,93828,the,1046,9
15216,93832,future,1046,9
15217,93840,This,1046,9
15218,93845,is,1046,9
15219,93848,a,1046,9
15220,93850,household,1046,9
15221,93860,waiting,1046,9
15222,93869,for,1046,9
15223,93873,a,1046,9
15224,93875,master,1046,9
15225,93883,just,1046,9
15226,93888,as,1046,9
15227,93891,Ithaca,1046,9
15228,93898,s,1046,9
15229,93900,a,1046,9
15230,93902,kingdom,1046,9
15231,93910,waiting,1046,9
15232,93918,for,1046,9
15233,93922,a,1046,9
15234,93924,king,1046,9
15235,93933,PENELOPE,1047,9
15236,93943,Ithaca,1047,9
15237,93950,s,1047,9
15238,93952,king,1047,9
15239,93957,is,1047,9
15240,93960,coming,1047,9
15241,93967,back,1047,9
15242,93976,ANTINOUS,1048,9
15243,93986,No,1048,9
15244,93990,He,1048,9
15245,93993,s,1048,9
15246,93995,not,1048,9
15247,94003,He,1048,9
15248,94006,moves,1048,9
15249,94012,closer,1048,9
15250,94020,to,1048,9
15251,94023,speak,1048,9
15252,94029,more,1048,9
15253,94034,discreetly,1048,9
15254,94049,ANTINOUS,1049,9
15255,94059,Did,1049,9
15256,94063,you,1049,9
15257,94067,know,1049,9
15258,94072,that,1049,9
15259,94077,as,1049,9
15260,94080,a,1049,9
15261,94082,boy,1049,9
15262,94086,I,1049,9
15263,94088,tried,1049,9
15264,94094,to,1049,9
15265,94097,go,1049,9
15266,94100,with,1049,9
15267,94105,him,1049,9
15268,94109,to,1049,9
15269,94112,Troy,1049,9
15270,94121,PENELOPE,1050,9
15271,94133,He,1050,9
15272,94136,never,1050,9
15273,94142,told,1050,9
15274,94147,me,1050,9
15275,94150,that,1050,9
15276,94159,ANTINOUS,1051,9
15277,94169,I,1051,9
15278,94171,tried,1051,9
15279,94177,to,1051,9
15280,94180,take,1051,9
15281,94185,the,1051,9
15282,94189,place,1051,9
15283,94195,of,1051,9
15284,94198,our,1051,9
15285,94202,shepherd,1051,9
15286,94211,s,1051,9
15287,94213,son,1051,9
15288,94218,Odysseus,1051,9
15289,94227,refused,1051,9
15290,94236,to,1051,9
15291,94239,let,1051,9
15292,94243,me,1051,9
15293,94247,He,1051,9
15294,94250,knew,1051,9
15295,94255,that,1051,9
15296,94260,Ithaca,1051,9
15297,94267,needed,1051,9
15298,94274,a,1051,9
15299,94276,future,1051,9
15300,94283,without,1051,9
15301,94291,him,1051,9
15302,94296,and,1051,9
15303,94301,he,1051,9
15304,94304,saw,1051,9
15305,94308,me,1051,9
15306,94311,as,1051,9
15307,94314,part,1051,9
15308,94319,of,1051,9
15309,94322,that,1051,9
15310,94327,future,1051,9
15311,94338,Antinous,1051,9
15312,94347,picks,1051,9
15313,94353,up,1051,9
15314,94356,the,1051,9
15315,94360,threads,1051,9
15316,94368,of,1051,9
15317,94371,the,1051,9
15318,94375,shroud,1051,9
15319,94383,tugging,1051,9
15320,94392,experimentally,1051,9
15321,94411,ANTINOUS,1052,9
15322,94421,Ill,1052,9
15323,94425,never,1052,9
15324,94431,tell,1052,9
15325,94436,the,1052,9
15326,94440,other,1052,9
15327,94446,Suitors,1052,9
15328,94454,about,1052,9
15329,94460,your,1052,9
15330,94465,deception,1052,9
15331,94476,But,1052,9
15332,94480,finish,1052,9
15333,94488,your,1052,9
15334,94493,weaving,1052,9
15335,94502,It,1052,9
15336,94505,s,1052,9
15337,94507,time,1052,9
15338,94512,to,1052,9
15339,94515,let,1052,9
15340,94519,him,1052,9
15341,94523,go,1052,9
15342,94530,Penelope,1052,9
15343,94539,studies,1052,9
15344,94547,Antinous,1052,9
15345,94564,PENELOPE,1053,9
15346,94574,Why,1053,9
15347,94578,would,1053,9
15348,94584,you,1053,9
15349,94588,want,1053,9
15350,94593,to,1053,9
15351,94596,marry,1053,9
15352,94602,someone,1053,9
15353,94610,who,1053,9
15354,94614,loves,1053,9
15355,94620,somebody,1053,9
15356,94630,else,1053,9
15357,94638,ANTINOUS,1054,9
15358,94650,Your,1054,9
15359,94655,loyalty,1054,9
15360,94663,to,1054,9
15361,94666,Odysseus,1054,9
15362,94675,is,1054,9
15363,94678,one,1054,9
15364,94682,of,1054,9
15365,94685,your,1054,9
15366,94690,finest,1054,9
15367,94697,qualities,1054,9
15368,94711,Antinous,1054,9
15369,94720,looks,1054,9
15370,94726,into,1054,9
15371,94731,her,1054,9
15372,94735,eyes,1054,9
15373,94744,ANTINOUS,1055,9
15374,94754,I,1055,9
15375,94756,love,1055,9
15376,94761,you,1055,9
15377,94766,I,1055,9
15378,94768,want,1055,9
15379,94773,you,1055,9
15380,94777,to,1055,9
15381,94780,choose,1055,9
15382,94787,me,1055,9
15383,94791,and,1055,9
15384,94795,end,1055,9
15385,94799,all,1055,9
15386,94803,this,1055,9
15387,94809,Don,1055,9
15388,94813,t,1055,9
15389,94815,tell,1055,9
15390,94821,me,1055,9
15391,94824,you,1055,9
15392,94828,re,1055,9
15393,94831,not,1055,9
15394,94835,tired,1055,9
15395,94842,The,1055,9
15396,94846,waiting,1055,9
15397,94855,the,1055,9
15398,94859,uncertainty,1055,9
15399,94872,You,1055,9
15400,94876,ve,1055,9
15401,94879,done,1055,9
15402,94885,your,1055,9
15403,94890,duty,1055,9
15404,94895,year,1055,9
15405,94900,after,1055,9
15406,94906,year,1055,9
15407,94911,after,1055,9
15408,94917,year,1055,9
15409,94923,It,1055,9
15410,94926,s,1055,9
15411,94928,time,1055,9
15412,94933,to,1055,9
15413,94936,think,1055,9
15414,94942,of,1055,9
15415,94945,yourself,1055,9
15416,94956,It,1055,9
15417,94959,s,1055,9
15418,94961,time,1055,9
15419,94966,to,1055,9
15420,94969,live,1055,9
15421,94974,again,1055,9
15422,94986,it,1055,9
15423,94989,s,1055,9
15424,94991,what,1055,9
15425,94996,Odysseus,1055,9
15426,95005,would,1055,9
15427,95012,ve,1055,9
15428,95015,wanted,1055,9
15429,95026,Penelope,1055,9
15430,95035,looks,1055,9
15431,95041,back,1055,9
15432,95046,at,1055,9
15433,95049,him,1055,9
15434,95054,Exhausted,1055,9
15435,95065,Tempted,1055,9
15436,95077,ANTINOUS,1056,9
15437,95087,I'll,1056,9
15438,95092,take,1056,9
15439,95097,care,1056,9
15440,95102,of,1056,9
15441,95105,all,1056,9
15442,95109,your,1056,9
15443,95114,needs,1056,9
15444,95121,my,1056,9
15445,95124,Queen,1056,9
15446,95134,He,1056,9
15447,95137,gently,1056,9
15448,95144,reaches,1056,9
15449,95152,towards,1056,9
15450,95160,her,1056,9
15451,95164,face,1056,9
15452,95178,PENELOPE,1057,9
15453,95188,And,1057,9
15454,95192,my,1057,9
15455,95195,son,1057,9
15456,95203,ANTINOUS,1058,9
15457,95213,The,1058,9
15458,95217,throne,1058,9
15459,95224,is,1058,9
15460,95227,his,1058,9
15461,95232,He,1058,9
15462,95235,s,1058,9
15463,95237,the,1058,9
15464,95241,heir,1058,9
15465,95250,Antinous,1058,9
15466,95259,brushes,1058,9
15467,95267,a,1058,9
15468,95269,strand,1058,9
15469,95276,of,1058,9
15470,95279,hair,1058,9
15471,95284,from,1058,9
15472,95289,her,1058,9
15473,95293,face,1058,9
15474,95306,ANTINOUS,1059,9
15475,95316,Unless,1059,9
15476,95323,we,1059,9
15477,95326,have,1059,9
15478,95331,a,1059,9
15479,95333,child,1059,9
15480,95339,of,1059,9
15481,95342,our,1059,9
15482,95346,own,1059,9
15483,95354,Too,1059,9
15484,95358,much,1059,9
15485,95364,Penelope,1059,9
15486,95373,turns,1059,9
15487,95379,back,1059,9
15488,95384,to,1059,9
15489,95387,her,1059,9
15490,95391,work,1059,9
15491,95397,ashamed,1059,9
15492,95409,ANTINOUS,1060,9
15493,95419,Where,1060,9
15494,95425,is,1060,9
15495,95428,Telemachus,1060,9
15496,95443,PENELOPE,1061,9
15497,95453,He,1061,9
15498,95456,went,1061,9
15499,95461,inland,1061,9
15500,95468,to,1061,9
15501,95471,see,1061,9
15502,95475,his,1061,9
15503,95479,grandfather,1061,9
15504,95495,INT,1062,9
15505,95500,MEGARON,1062,9
15506,95509,PALACE,1062,9
15507,95516,OF,1062,9
15508,95519,ITHACA,1062,9
15509,95528,MOMENTS,1062,9
15510,95537,LATER,1063,9
15511,95546,Eumaeus,1063,9
15512,95554,hears,1063,9
15513,95560,Antinous,1063,9
15514,95569,come,1063,9
15515,95574,down,1063,9
15516,95579,the,1063,9
15517,95583,steps,1063,9
15518,95589,in,1063,9
15519,95592,the,1063,9
15520,95596,empty,1063,9
15521,95602,hall,1063,9
15522,95611,Melantho,1063,9
15523,95620,steps,1063,9
15524,95626,from,1063,9
15525,95631,the,1063,9
15526,95635,shadows,1063,9
15527,95644,Antinous,1063,9
15528,95653,goes,1063,9
15529,95658,to,1063,9
15530,95661,her,1063,9
15531,95666,the,1063,9
15532,95670,intimacy,1063,9
15533,95680,between,1063,9
15534,95688,them,1063,9
15535,95693,apparent,1063,9
15536,95706,MELANTHO,1064,9
15537,95716,She,1064,9
15538,95720,s,1064,9
15539,95722,lying,1064,9
15540,95729,He,1064,9
15541,95732,s,1064,9
15542,95734,gone,1064,9
15543,95739,to,1064,9
15544,95742,sea,1064,9
15545,95750,EXT,1065,9
15546,95755,COURTYARD,1065,9
15547,95766,PALACE,1065,9
15548,95773,OF,1065,9
15549,95776,ITHACA,1065,9
15550,95786,CONTINUOUS,1066,9
15551,95800,Antinous,1066,9
15552,95809,comes,1066,9
15553,95815,out,1066,9
15554,95819,into,1066,9
15555,95824,a,1066,9
15556,95826,half,1066,9
15557,95831,dozen,1066,9
15558,95837,of,1066,9
15559,95840,the,1066,9
15560,95844,Suitors,1066,9
15561,95856,ANTINOUS,1067,9
15562,95866,He,1067,9
15563,95869,s,1067,9
15564,95871,gone,1067,9
15565,95876,for,1067,9
15566,95880,news,1067,9
15567,95885,of,1067,9
15568,95888,his,1067,9
15569,95892,father,1067,9
15570,95908,INT,1068,9
15571,95913,MEGARON,1068,9
15572,95922,PALACE,1068,9
15573,95929,OF,1068,9
15574,95932,ITHACA,1068,9
15575,95941,CONTINUOUS,1068,9
15576,95955,Eumaeus,1069,9
15577,95963,shuffles,1069,9
15578,95972,towards,1069,9
15579,95980,the,1069,9
15580,95984,door,1069,9
15581,95989,to,1069,9
15582,95992,hear,1069,9
15583,95997,what,1069,9
15584,96002,the,1069,9
15585,96006,Suitors,1069,9
15586,96014,are,1069,9
15587,96019,discussing,1069,9
15588,96037,EXT,1070,9
15589,96042,COURTYARD,1070,9
15590,96053,PALACE,1070,9
15591,96060,OF,1070,9
15592,96063,ITHACA,1070,9
15593,96073,CONTINUOUS,1071,9
15594,96087,Antinous,1071,9
15595,96096,thinks,1071,9
15596,96104,Realizes,1071,9
15597,96117,ANTINOUS,1072,9
15598,96127,He,1072,9
15599,96130,s,1072,9
15600,96132,gone,1072,9
15601,96137,to,1072,9
15602,96140,Sparta,1072,9
15603,96148,To,1072,9
15604,96151,Menelaus,1072,9
15605,96164,POLYBUS,1073,9
15606,96173,Should,1073,9
15607,96180,we,1073,9
15608,96183,go,1073,9
15609,96186,there,1073,9
15610,96196,Antinous,1073,9
15611,96205,thinks,1073,9
15612,96216,ANTINOUS,1074,9
15613,96226,No,1074,9
15614,96233,INT,1075,9
15615,96238,MEGARON,1075,9
15616,96247,PALACE,1075,9
15617,96254,OF,1075,9
15618,96257,ITHACA,1075,9
15619,96266,CONTINUOUS,1075,9
15620,96280,Eumaeus,1076,9
15621,96288,hears,1076,9
15622,96294,SPURS,1076,9
15623,96300,approaching,1076,9
15624,96314,he,1076,9
15625,96317,turns,1076,9
15626,96331,EUMAEUS,1077,9
15627,96340,Too,1077,9
15628,96344,loud,1077,9
15629,96350,Melanthius,1077,9
15630,96362,I,1077,9
15631,96364,told,1077,9
15632,96369,you,1077,9
15633,96374,you,1077,9
15634,96378,re,1077,9
15635,96381,a,1077,9
15636,96383,cowherd,1077,9
15637,96396,Melanthius,1077,9
15638,96407,GRABS,1077,9
15639,96413,him,1077,9
15640,96417,by,1077,9
15641,96420,the,1077,9
15642,96424,arm,1077,9
15643,96430,pulls,1077,9
15644,96436,him,1077,9
15645,96440,through,1077,9
15646,96448,the,1077,9
15647,96452,door,1077,9
15648,96462,EXT,1078,9
15649,96467,COURTYARD,1078,9
15650,96478,PALACE,1078,9
15651,96485,OF,1078,9
15652,96488,ITHACA,1078,9
15653,96498,CONTINUOUS,1079,9
15654,96512,Melanthius,1079,9
15655,96523,PUSHES,1079,9
15656,96530,Eumaeus,1079,9
15657,96538,into,1079,9
15658,96543,the,1079,9
15659,96547,light,1079,9
15660,96557,MELANTHIUS,1080,9
15661,96569,He,1080,9
15662,96572,was,1080,9
15663,96576,listening,1080,9
15664,96590,Antinous,1080,9
15665,96599,turns,1080,9
15666,96606,looking,1080,9
15667,96614,at,1080,9
15668,96617,Eumaeus,1080,9
15669,96629,EUMAEUS,1081,9
15670,96638,I,1081,9
15671,96640,was,1081,9
15672,96644,coming,1081,9
15673,96651,for,1081,9
15674,96655,Argus,1081,9
15675,96666,Eumaeus,1081,9
15676,96674,waves,1081,9
15677,96680,in,1081,9
15678,96683,the,1081,9
15679,96687,direction,1081,9
15680,96697,of,1081,9
15681,96700,the,1081,9
15682,96704,dung,1081,9
15683,96709,pile,1081,9
15684,96715,Argus,1081,9
15685,96721,lies,1081,9
15686,96726,on,1081,9
15687,96729,it,1081,9
15688,96733,half,1081,9
15689,96740,dead,1081,9
15690,96749,ANTINOUS,1082,9
15691,96759,I,1082,9
15692,96761,told,1082,9
15693,96766,you,1082,9
15694,96771,that,1082,9
15695,96776,dog,1082,9
15696,96780,stays,1082,9
15697,96786,there,1082,9
15698,96793,Go,1082,9
15699,96796,back,1082,9
15700,96801,to,1082,9
15701,96804,the,1082,9
15702,96808,farm,1082,9
15703,96814,When,1082,9
15704,96819,we,1082,9
15705,96823,need,1082,9
15706,96828,your,1082,9
15707,96833,pigs,1082,9
15708,96838,we,1082,9
15709,96841,ll,1082,9
15710,96844,send,1082,9
15711,96849,Melanthius,1082,9
15712,96861,You,1082,9
15713,96865,re,1082,9
15714,96868,no,1082,9
15715,96871,longer,1082,9
15716,96878,welcome,1082,9
15717,96887,in,1082,9
15718,96890,this,1082,9
15719,96895,palace,1082,9
15720,96906,Eumaeus,1082,9
15721,96914,straightens,1082,9
15722,96926,up,1082,9
15723,96930,trying,1082,9
15724,96937,for,1082,9
15725,96941,some,1082,9
15726,96946,dignity,1082,9
15727,96958,EUMAEUS,1083,9
15728,96967,I,1083,9
15729,96969,answer,1083,9
15730,96976,to,1083,9
15731,96979,my,1083,9
15732,96982,mistress,1083,9
15733,96995,ANTINOUS,1084,9
15734,97005,Does,1084,9
15735,97010,she,1084,9
15736,97014,even,1084,9
15737,97019,know,1084,9
15738,97024,your,1084,9
15739,97029,name,1084,9
15740,97035,old,1084,9
15741,97039,man,1084,9
15742,97047,Tears,1084,9
15743,97053,appear,1084,9
15744,97060,in,1084,9
15745,97063,Eumaeus,1084,9
15746,97071,s,1084,9
15747,97073,eyes,1084,9
15748,97083,Antinous,1084,9
15749,97092,takes,1084,9
15750,97098,pity,1084,9
15751,97107,ANTINOUS,1085,9
15752,97117,If,1085,9
15753,97120,she,1085,9
15754,97124,asks,1085,9
15755,97129,for,1085,9
15756,97133,you,1085,9
15757,97138,we,1085,9
15758,97142,ll,1085,9
15759,97145,send,1085,9
15760,97150,word,1085,9
15761,97156,Now,1085,9
15762,97160,go,1085,9
15763,97167,Eumaeus,1085,9
15764,97176,refusing,1085,9
15765,97185,Melanthius,1085,9
15766,97196,s,1085,9
15767,97198,help,1085,9
15768,97204,makes,1085,9
15769,97210,his,1085,9
15770,97214,way,1085,9
15771,97218,out,1085,9
15772,97222,of,1085,9
15773,97225,the,1085,9
15774,97230,courtyard,1085,9
15775,97241,Antinous,1085,9
15776,97250,turns,1085,9
15777,97256,to,1085,9
15778,97259,Polybus,1085,9
15779,97271,ANTINOUS,1086,9
15780,97281,Telemachus,1086,9
15781,97292,will,1086,9
15782,97297,come,1086,9
15783,97302,back,1086,9
15784,97307,by,1086,9
15785,97310,the,1086,9
15786,97314,temple,1086,9
15787,97321,at,1086,9
15788,97324,Pylos,1086,9
15789,97331,Take,1086,9
15790,97336,your,1086,9
15791,97342,man,1086,9
15792,97346,and,1086,9
15793,97350,wait,1086,9
15794,97355,for,1086,9
15795,97359,him,1086,9
15796,97363,there,1086,9
15797,97373,POLYBUS,1087,9
15798,97382,While,1087,9
15799,97388,you,1087,9
15800,97392,stay,1087,9
15801,97397,here,1087,9
15802,97403,trying,1087,9
15803,97410,to,1087,9
15804,97413,charm,1087,9
15805,97419,the,1087,9
15806,97423,queen,1087,9
15807,97430,I,1087,9
15808,97432,don,1087,9
15809,97436,t,1087,9
15810,97438,think,1087,9
15811,97444,so,1087,9
15812,97451,ANTINOUS,1088,9
15813,97461,Telemachus,1088,9
15814,97472,needs,1088,9
15815,97478,to,1088,9
15816,97481,die,1088,9
15817,97485,on,1088,9
15818,97488,the,1088,9
15819,97492,road,1088,9
15820,97501,Polybus,1088,9
15821,97509,signals,1088,9
15822,97517,a,1088,9
15823,97519,BEGGAR,1088,9
15824,97526,sitting,1088,9
15825,97534,by,1088,9
15826,97537,the,1088,9
15827,97541,wall,1088,9
15828,97547,He,1088,9
15829,97550,approaches,1088,9
15830,97565,POLYBUS,1089,9
15831,97576,Irus,1089,9
15832,97581,has,1089,9
15833,97585,a,1089,9
15834,97587,plan,1089,9
15835,97596,IRUS,1089,9
15836,97601,nods,1089,9
15837,97606,at,1089,9
15838,97609,Antinous,1089,9
15839,97622,IRUS,1090,9
15840,97628,Telemachus,1090,9
15841,97639,and,1090,9
15842,97643,his,1090,9
15843,97647,men,1090,9
15844,97651,will,1090,9
15845,97656,be,1090,9
15846,97659,ready,1090,9
15847,97665,for,1090,9
15848,97669,the,1090,9
15849,97673,Bandits,1090,9
15850,97681,who,1090,9
15851,97685,work,1090,9
15852,97691,the,1090,9
15853,97695,road,1090,9
15854,97700,between,1090,9
15855,97708,here,1090,9
15856,97713,and,1090,9
15857,97717,Pylos,1090,9
15858,97724,But,1090,9
15859,97728,if,1090,9
15860,97731,some,1090,9
15861,97736,of,1090,9
15862,97739,them,1090,9
15863,97744,took,1090,9
15864,97749,the,1090,9
15865,97754,temple,1090,9
15866,97761,from,1090,9
15867,97766,the,1090,9
15868,97770,priests,1090,9
15869,97778,before,1090,9
15870,97785,they,1090,9
15871,97790,arrived,1090,9
15872,97804,Antinous,1090,9
15873,97813,considers,1090,9
15874,97823,this,1090,9
15875,97829,Nods,1090,9
15876,97835,To,1090,9
15877,97838,Irus,1090,9
15878,97848,ANTINOUS,1091,9
15879,97858,No,1091,9
15880,97861,witnesses,1091,9
15881,97873,everyone,1091,9
15882,97882,in,1091,9
15883,97885,that,1091,9
15884,97890,party,1091,9
15885,97896,dead,1091,9
15886,97901,in,1091,9
15887,97904,a,1091,9
15888,97906,ditch,1091,9
15889,97913,throats,1091,9
15890,97922,open,1091,9
15891,97928,Bring,1091,9
15892,97934,me,1091,9
15893,97937,part,1091,9
15894,97942,of,1091,9
15895,97945,Telemachus,1091,9
15896,97956,as,1091,9
15897,97959,proof,1091,9
15898,97966,His,1091,9
15899,97970,nose,1091,9
15900,97979,POLYBUS,1092,9
15901,97988,Would,1092,9
15902,97994,you,1092,9
15903,97998,know,1092,9
15904,98003,him,1092,9
15905,98007,from,1092,9
15906,98012,his,1092,9
15907,98016,nose,1092,9
15908,98025,ANTINOUS,1093,9
15909,98035,Ears,1093,9
15910,98041,too,1093,9
15911,98046,then,1093,9
15912,98055,EXT,1094,10
15913,98060,OLIVE,1094,10
15914,98066,GROVE,1094,10
15915,98073,SPARTA,1094,10
15916,98082,DAY,1094,10
15917,98089,Helen,1095,10
15918,98095,and,1095,10
15919,98099,her,1095,10
15920,98103,MAIDS,1095,10
15921,98109,watch,1095,10
15922,98115,as,1095,10
15923,98118,Telemachus,1095,10
15924,98129,HUNTS,1095,10
15925,98135,with,1095,10
15926,98140,Menelaus,1095,10
15927,98151,Menelaus,1095,10
15928,98160,watches,1095,10
15929,98169,approving,1095,10
15930,98180,as,1095,10
15931,98183,Telemachus,1095,10
15932,98194,WHIPS,1095,10
15933,98200,his,1095,10
15934,98204,bow,1095,10
15935,98208,up,1095,10
15936,98213,shooting,1095,10
15937,98222,a,1095,10
15938,98224,bird,1095,10
15939,98229,mid,1095,10
15940,98233,flight,1095,10
15941,98244,MENELAUS,1096,10
15942,98254,Who,1096,10
15943,98258,taught,1096,10
15944,98265,you,1096,10
15945,98269,to,1096,10
15946,98272,hunt,1096,10
15947,98281,TELEMACHUS,1097,10
15948,98293,My,1097,10
15949,98296,father,1097,10
15950,98303,s,1097,10
15951,98305,swineherd,1097,10
15952,98319,MENELAUS,1098,10
15953,98329,His,1098,10
15954,98333,swineherd,1098,10
15955,98347,TELEMACHUS,1099,10
15956,98359,His,1099,10
15957,98363,most,1099,10
15958,98368,loyal,1099,10
15959,98374,servant,1099,10
15960,98386,Menelaus,1099,10
15961,98395,laughs,1099,10
15962,98407,MENELAUS,1100,10
15963,98417,Of,1100,10
15964,98420,course,1100,10
15965,98427,he,1100,10
15966,98430,d,1100,10
15967,98432,leave,1100,10
15968,98438,his,1100,10
15969,98442,most,1100,10
15970,98447,loyal,1100,10
15971,98453,man,1100,10
15972,98457,behind,1100,10
15973,98465,He,1100,10
15974,98468,was,1100,10
15975,98472,always,1100,10
15976,98480,the,1100,10
15977,98484,smartest,1100,10
15978,98494,The,1100,10
15979,98498,only,1100,10
15980,98503,one,1100,10
15981,98507,Agamemnon,1100,10
15982,98517,ever,1100,10
15983,98522,listened,1100,10
15984,98531,to,1100,10
15985,98535,He,1100,10
15986,98539,should,1100,10
15987,98547,ve,1100,10
15988,98550,listened,1100,10
15989,98559,harder,1100,10
15990,98570,TELEMACHUS,1101,10
15991,98582,Can,1101,10
15992,98586,I,1101,10
15993,98588,ask,1101,10
15994,98597,What,1101,10
15995,98602,happened,1101,10
15996,98611,to,1101,10
15997,98614,your,1101,10
15998,98619,brother,1101,10
15999,98631,Menelaus,1101,10
16000,98640,starts,1101,10
16001,98647,DRESSING,1101,10
16002,98656,the,1101,10
16003,98660,bird,1101,10
16004,98671,MENELAUS,1102,10
16005,98681,His,1102,10
16006,98685,wife,1102,10
16007,98690,betrayed,1102,10
16008,98699,him,1102,10
16009,98704,When,1102,10
16010,98709,he,1102,10
16011,98712,returned,1102,10
16012,98721,from,1102,10
16013,98726,Troy,1102,10
16014,98732,she,1102,10
16015,98736,and,1102,10
16016,98740,her,1102,10
16017,98745,lover,1102,10
16018,98751,murdered,1102,10
16019,98760,him,1102,10
16020,98765,Years,1102,10
16021,98771,before,1102,10
16022,98778,I,1102,10
16023,98780,made,1102,10
16024,98785,it,1102,10
16025,98788,home,1102,10
16026,98797,TELEMACHUS,1103,10
16027,98809,What,1103,10
16028,98814,did,1103,10
16029,98818,you,1103,10
16030,98822,do,1103,10
16031,98825,to,1103,10
16032,98828,them,1103,10
16033,98837,MENELAUS,1104,10
16034,98847,His,1104,10
16035,98851,son,1104,10
16036,98856,Orestes,1104,10
16037,98865,had,1104,10
16038,98869,already,1104,10
16039,98877,killed,1104,10
16040,98884,them,1104,10
16041,98889,both,1104,10
16042,98898,TELEMACHUS,1105,10
16043,98913,appalled,1105,10
16044,98924,He,1105,10
16045,98927,killed,1105,10
16046,98934,his,1105,10
16047,98938,own,1105,10
16048,98942,mother,1105,10
16049,98953,Menelaus,1105,10
16050,98962,looks,1105,10
16051,98968,at,1105,10
16052,98971,Telemachus,1105,10
16053,98983,hard,1105,10
16054,98992,MENELAUS,1106,10
16055,99002,He,1106,10
16056,99005,avenged,1106,10
16057,99013,his,1106,10
16058,99017,father,1106,10
16059,99028,Telemachus,1106,10
16060,99039,nods,1106,10
16061,99044,uncertainly,1106,10
16062,99061,Menelaus,1106,10
16063,99070,GRINS,1106,10
16064,99081,MENELAUS,1107,10
16065,99091,Don,1107,10
16066,99095,t,1107,10
16067,99097,worry,1107,10
16068,99104,your,1107,10
16069,99109,mother,1107,10
16070,99116,has,1107,10
16071,99120,nothing,1107,10
16072,99128,in,1107,10
16073,99131,common,1107,10
16074,99138,with,1107,10
16075,99144,Clytemnestra,1107,10
16076,99160,TELEMACHUS,1108,10
16077,99174,Maybe,1108,10
16078,99180,not,1108,10
16079,99185,but,1108,10
16080,99189,the,1108,10
16081,99193,suitors,1108,10
16082,99201,have,1108,10
16083,99206,convinced,1108,10
16084,99216,the,1108,10
16085,99220,Elders,1108,10
16086,99227,she,1108,10
16087,99231,needs,1108,10
16088,99237,to,1108,10
16089,99243,remarry,1108,10
16090,99255,MENELAUS,1109,10
16091,99265,It,1109,10
16092,99268,s,1109,10
16093,99270,a,1109,10
16094,99272,bad,1109,10
16095,99276,time,1109,10
16096,99281,for,1109,10
16097,99285,an,1109,10
16098,99288,empty,1109,10
16099,99294,throne,1109,10
16100,99302,You,1109,10
16101,99306,ve,1109,10
16102,99309,heard,1109,10
16103,99315,stories,1109,10
16104,99323,of,1109,10
16105,99326,the,1109,10
16106,99331,people,1109,10
16107,99338,from,1109,10
16108,99343,the,1109,10
16109,99347,sea,1109,10
16110,99355,TELEMACHUS,1110,10
16111,99367,Have,1110,10
16112,99372,you,1110,10
16113,99376,been,1110,10
16114,99381,raided,1110,10
16115,99392,MENELAUS,1111,10
16116,99402,Not,1111,10
16117,99406,yet,1111,10
16118,99411,But,1111,10
16119,99415,the,1111,10
16120,99419,attacks,1111,10
16121,99427,seem,1111,10
16122,99432,to,1111,10
16123,99435,be,1111,10
16124,99438,getting,1111,10
16125,99446,closer,1111,10
16126,99454,Sparta,1111,10
16127,99461,s,1111,10
16128,99463,ready,1111,10
16129,99471,How,1111,10
16130,99475,will,1111,10
16131,99480,Ithaca,1111,10
16132,99487,raise,1111,10
16133,99493,an,1111,10
16134,99496,army,1111,10
16135,99501,to,1111,10
16136,99504,defend,1111,10
16137,99511,itself,1111,10
16138,99522,TELEMACHUS,1112,10
16139,99534,Someone,1112,10
16140,99542,has,1112,10
16141,99546,to,1112,10
16142,99549,take,1112,10
16143,99554,the,1112,10
16144,99558,throne,1112,10
16145,99569,MENELAUS,1113,10
16146,99579,Then,1113,10
16147,99584,the,1113,10
16148,99588,battle,1113,10
16149,99595,s,1113,10
16150,99597,there,1113,10
16151,99604,not,1113,10
16152,99608,here,1113,10
16153,99614,You,1113,10
16154,99618,ve,1113,10
16155,99621,run,1113,10
16156,99625,away,1113,10
16157,99630,from,1113,10
16158,99635,the,1113,10
16159,99640,problem,1113,10
16160,99652,Telemachus,1113,10
16161,99663,looks,1113,10
16162,99669,hard,1113,10
16163,99674,at,1113,10
16164,99677,Menelaus,1113,10
16165,99687,Who,1113,10
16166,99691,shakes,1113,10
16167,99698,his,1113,10
16168,99702,head,1113,10
16169,99711,MENELAUS,1114,10
16170,99721,And,1114,10
16171,99725,you,1114,10
16172,99730,ve,1114,10
16173,99733,left,1114,10
16174,99738,your,1114,10
16175,99743,mother,1114,10
16176,99750,at,1114,10
16177,99753,the,1114,10
16178,99757,mercy,1114,10
16179,99763,of,1114,10
16180,99766,those,1114,10
16181,99772,suitors,1114,10
16182,99784,TELEMACHUS,1115,10
16183,99796,Should,1115,10
16184,99803,I,1115,10
16185,99805,hire,1115,10
16186,99810,mercenaries,1115,10
16187,99823,Go,1115,10
16188,99826,back,1115,10
16189,99831,and,1115,10
16190,99835,kill,1115,10
16191,99840,them,1115,10
16192,99845,all,1115,10
16193,99853,MENELAUS,1116,10
16194,99863,Murder,1116,10
16195,99870,the,1116,10
16196,99874,rich,1116,10
16197,99879,and,1116,10
16198,99883,powerful,1116,10
16199,99892,guests,1116,10
16200,99899,in,1116,10
16201,99902,your,1116,10
16202,99907,house,1116,10
16203,99914,You,1116,10
16204,99918,d,1116,10
16205,99920,be,1116,10
16206,99924,exiled,1116,10
16207,99933,TELEMACHUS,1117,10
16208,99945,What,1117,10
16209,99951,then,1117,10
16210,99958,MENELAUS,1118,10
16211,99970,You,1118,10
16212,99974,have,1118,10
16213,99979,to,1118,10
16214,99982,evict,1118,10
16215,99988,them,1118,10
16216,99993,without,1118,10
16217,100001,violating,1118,10
16218,100011,Zeus,1118,10
16219,100016,s,1118,10
16220,100018,law,1118,10
16221,100026,TELEMACHUS,1119,10
16222,100041,understanding,1119,10
16223,100057,I,1119,10
16224,100059,have,1119,10
16225,100064,to,1119,10
16226,100067,take,1119,10
16227,100072,the,1119,10
16228,100076,throne,1119,10
16229,100084,I,1119,10
16230,100086,need,1119,10
16231,100091,to,1119,10
16232,100094,know,1119,10
16233,100099,Odysseus,1119,10
16234,100108,s,1119,10
16235,100110,fate,1119,10
16236,100123,MENELAUS,1120,10
16237,100133,This,1120,10
16238,100138,isn,1120,10
16239,100142,t,1120,10
16240,100144,about,1120,10
16241,100150,a,1120,10
16242,100152,father,1120,10
16243,100159,you,1120,10
16244,100164,ve,1120,10
16245,100167,never,1120,10
16246,100173,known,1120,10
16247,100180,You,1120,10
16248,100184,have,1120,10
16249,100189,to,1120,10
16250,100192,lead,1120,10
16251,100204,EXT,1121,10
16252,100209,BEACH,1121,10
16253,100215,OUTSIDE,1121,10
16254,100223,CALYPSO,1121,10
16255,100231,S,1121,10
16256,100233,CAVE,1121,10
16257,100241,DAY,1121,10
16258,100248,Odysseus,1122,10
16259,100257,pulls,1122,10
16260,100263,a,1122,10
16261,100265,weathered,1122,10
16262,100275,piece,1122,10
16263,100281,of,1122,10
16264,100284,wooden,1122,10
16265,100291,railing,1122,10
16266,100299,from,1122,10
16267,100304,the,1122,10
16268,100308,sand,1122,10
16269,100317,MENELAUS,1123,10
16270,100328,V,1124,10
16271,100330,O,1124,10
16272,100335,Whatever,1124,10
16273,100344,s,1124,10
16274,100346,happened,1124,10
16275,100355,to,1124,10
16276,100358,Odysseus,1124,10
16277,100371,He,1124,10
16278,100374,stares,1124,10
16279,100381,at,1124,10
16280,100384,a,1124,10
16281,100386,round,1124,10
16282,100392,knob,1124,10
16283,100397,on,1124,10
16284,100400,the,1124,10
16285,100404,top,1124,10
16286,100414,INSERT,1124,10
16287,100421,CUT,1124,10
16288,100426,in,1124,10
16289,100429,a,1124,10
16290,100431,fearsome,1124,10
16291,100440,night,1124,10
16292,100446,time,1124,10
16293,100451,STORM,1124,10
16294,100458,Odysseus,1124,10
16295,100467,CLINGS,1124,10
16296,100474,to,1124,10
16297,100478,the,1124,10
16298,100482,knob,1124,10
16299,100493,Calypso,1124,10
16300,100501,watches,1124,10
16301,100509,as,1124,10
16302,100512,Odysseus,1124,10
16303,100521,carries,1124,10
16304,100529,the,1124,10
16305,100533,railing,1124,10
16306,100541,up,1124,10
16307,100544,the,1124,10
16308,100548,beach,1124,10
16309,100554,and,1124,10
16310,100558,lays,1124,10
16311,100564,it,1124,10
16312,100567,next,1124,10
16313,100572,to,1124,10
16314,100575,a,1124,10
16315,100577,row,1124,10
16316,100581,of,1124,10
16317,100584,planks,1124,10
16318,100591,he,1124,10
16319,100594,s,1124,10
16320,100596,collected,1124,10
16321,100610,CALYPSO,1125,10
16322,100619,You,1125,10
16323,100623,need,1125,10
16324,100628,to,1125,10
16325,100631,remember,1125,10
16326,100644,Odysseus,1125,10
16327,100653,looks,1125,10
16328,100659,up,1125,10
16329,100662,at,1125,10
16330,100665,her,1125,10
16331,100669,with,1125,10
16332,100674,fearful,1125,10
16333,100682,eyes,1125,10
16334,100696,ODYSSEUS,1126,10
16335,100706,No,1126,10
16336,100710,I,1126,10
16337,100712,don,1126,10
16338,100716,t,1126,10
16339,100719,I,1126,10
16340,100721,don,1126,10
16341,100725,t,1126,10
16342,100727,want,1126,10
16343,100732,to,1126,10
16344,100735,know,1126,10
16345,100740,the,1126,10
16346,100744,truth,1126,10
16347,100751,I,1126,10
16348,100753,m,1126,10
16349,100755,happy,1126,10
16350,100761,here,1126,10
16351,100766,with,1126,10
16352,100772,you,1126,10
16353,100779,CALYPSO,1127,10
16354,100790,Then,1127,10
16355,100795,why,1127,10
16356,100799,are,1127,10
16357,100803,you,1127,10
16358,100807,gathering,1127,10
16359,100817,the,1127,10
16360,100821,bones,1127,10
16361,100827,of,1127,10
16362,100830,your,1127,10
16363,100835,old,1127,10
16364,100839,ship,1127,10
16365,100844,for,1127,10
16366,100848,a,1127,10
16367,100850,raft,1127,10
16368,100859,Odysseus,1127,10
16369,100868,looks,1127,10
16370,100874,down,1127,10
16371,100879,at,1127,10
16372,100882,the,1127,10
16373,100886,BLEACHED,1127,10
16374,100895,WOOD,1127,10
16375,100901,laid,1127,10
16376,100906,out,1127,10
16377,100910,in,1127,10
16378,100913,a,1127,10
16379,100915,square,1127,10
16380,100923,pattern,1127,10
16381,100932,realizing,1127,10
16382,100942,for,1127,10
16383,100946,the,1127,10
16384,100950,first,1127,10
16385,100956,time,1127,10
16386,100961,what,1127,10
16387,100966,he,1127,10
16388,100969,s,1127,10
16389,100971,been,1127,10
16390,100976,doing,1127,10
16391,100990,CALYPSO,1128,10
16392,101001,Remember,1128,10
16393,101011,Remember,1128,10
16394,101020,your,1128,10
16395,101025,crew,1128,10
16396,101031,Your,1128,10
16397,101036,journey,1128,10
16398,101045,After,1128,10
16399,101051,Hades,1128,10
16400,101061,did,1128,10
16401,101065,you,1128,10
16402,101069,pass,1128,10
16403,101074,the,1128,10
16404,101078,Sirens,1128,10
16405,101089,ODYSSEUS,1129,10
16406,101099,The,1129,10
16407,101103,Sirens,1129,10
16408,101111,Yes,1129,10
16409,101119,INSERT,1129,10
16410,101126,CUT,1129,10
16411,101131,the,1129,10
16412,101135,Crew,1129,10
16413,101140,put,1129,10
16414,101144,BEESWAX,1129,10
16415,101152,into,1129,10
16416,101157,their,1129,10
16417,101163,ears,1129,10
16418,101169,supervised,1129,10
16419,101180,by,1129,10
16420,101184,Odysseus,1129,10
16421,101199,Odysseus,1129,10
16422,101208,turns,1129,10
16423,101214,to,1129,10
16424,101217,Calypso,1129,10
16425,101226,remembering,1129,10
16426,101239,a,1129,10
16427,101241,tear,1129,10
16428,101246,appears,1129,10
16429,101254,in,1129,10
16430,101257,his,1129,10
16431,101261,eye,1129,10
16432,101265,as,1129,10
16433,101269,he,1129,10
16434,101272,marvels,1129,10
16435,101285,ODYSSEUS,1130,10
16436,101295,I,1130,10
16437,101297,heard,1130,10
16438,101303,the,1130,10
16439,101307,song,1130,10
16440,101312,of,1130,10
16441,101315,the,1130,10
16442,101319,Sirens,1130,10
16443,101332,And,1130,10
16444,101336,the,1130,10
16445,101340,sound,1130,10
16446,101346,of,1130,10
16447,101349,TUNEFUL,1130,10
16448,101357,WIND,1130,10
16449,101362,takes,1130,10
16450,101368,us,1130,10
16451,101376,EXT,1131,10
16452,101381,ODYSSEUS,1131,10
16453,101390,S,1131,10
16454,101392,SHIP,1131,10
16455,101397,AMONGST,1131,10
16456,101405,ROCKY,1131,10
16457,101411,ISLANDS,1131,10
16458,101422,DAY,1132,10
16459,101429,Odysseus,1132,10
16460,101438,s,1132,10
16461,101440,ship,1132,10
16462,101445,moves,1132,10
16463,101451,into,1132,10
16464,101456,a,1132,10
16465,101458,FIELD,1132,10
16466,101464,of,1132,10
16467,101467,SMALL,1132,10
16468,101473,ROCKY,1132,10
16469,101479,ISLANDS,1132,10
16470,101494,Odysseus,1132,10
16471,101503,peers,1132,10
16472,101509,from,1132,10
16473,101514,rock,1132,10
16474,101519,to,1132,10
16475,101522,rock,1132,10
16476,101535,Odysseus,1132,10
16477,101544,hears,1132,10
16478,101550,the,1132,10
16479,101554,sound,1132,10
16480,101560,of,1132,10
16481,101563,the,1132,10
16482,101567,wind,1132,10
16483,101573,Gestures,1132,10
16484,101582,to,1132,10
16485,101585,Eurylochus,1132,10
16486,101600,ODYSSEUS,1133,10
16487,101612,We,1133,10
16488,101615,re,1133,10
16489,101618,nearing,1133,10
16490,101626,the,1133,10
16491,101630,Sirens,1133,10
16492,101638,Put,1133,10
16493,101642,wax,1133,10
16494,101646,in,1133,10
16495,101649,the,1133,10
16496,101653,men,1133,10
16497,101657,s,1133,10
16498,101659,ears,1133,10
16499,101668,Eurylochus,1133,10
16500,101679,hands,1133,10
16501,101685,out,1133,10
16502,101689,wax,1133,10
16503,101693,to,1133,10
16504,101696,the,1133,10
16505,101700,men,1133,10
16506,101705,Odysseus,1133,10
16507,101714,looks,1133,10
16508,101720,ahead,1133,10
16509,101726,to,1133,10
16510,101729,the,1133,10
16511,101734,rocks,1133,10
16512,101741,covered,1133,10
16513,101749,in,1133,10
16514,101752,light,1133,10
16515,101758,mist,1133,10
16516,101769,Eurylochus,1133,10
16517,101780,offers,1133,10
16518,101787,Odysseus,1133,10
16519,101796,the,1133,10
16520,101800,wax,1133,10
16521,101808,ODYSSEUS,1134,10
16522,101820,No,1134,10
16523,101824,Tie,1134,10
16524,101828,me,1134,10
16525,101831,to,1134,10
16526,101834,the,1134,10
16527,101838,mast,1134,10
16528,101847,EURYLOCHUS,1135,10
16529,101859,Why,1135,10
16530,101867,ODYSSEUS,1136,10
16531,101879,I,1136,10
16532,101881,want,1136,10
16533,101886,to,1136,10
16534,101889,hear,1136,10
16535,101894,the,1136,10
16536,101898,Sirens,1136,10
16537,101906,song,1136,10
16538,101915,Eurylochus,1136,10
16539,101926,watches,1136,10
16540,101934,men,1136,10
16541,101938,TIE,1136,10
16542,101942,Odysseus,1136,10
16543,101951,to,1136,10
16544,101954,the,1136,10
16545,101958,mast,1136,10
16546,101971,EURYLOCHUS,1137,10
16547,101983,This,1137,10
16548,101988,is,1137,10
16549,101991,a,1137,10
16550,101993,bad,1137,10
16551,101997,idea,1137,10
16552,102003,No,1137,10
16553,102006,one,1137,10
16554,102010,s,1137,10
16555,102012,heard,1137,10
16556,102018,the,1137,10
16557,102022,song,1137,10
16558,102027,and,1137,10
16559,102031,lived,1137,10
16560,102041,Odysseus,1137,10
16561,102050,smiles,1137,10
16562,102057,at,1137,10
16563,102060,him,1137,10
16564,102069,ODYSSEUS,1138,10
16565,102079,That,1138,10
16566,102084,s,1138,10
16567,102086,why,1138,10
16568,102090,it,1138,10
16569,102093,s,1138,10
16570,102095,a,1138,10
16571,102097,good,1138,10
16572,102102,idea,1138,10
16573,102109,I'll,1138,10
16574,102114,be,1138,10
16575,102117,the,1138,10
16576,102121,first,1138,10
16577,102128,No,1138,10
16578,102131,matter,1138,10
16579,102138,how,1138,10
16580,102142,I,1138,10
16581,102145,plead,1138,10
16582,102152,do,1138,10
16583,102155,not,1138,10
16584,102159,untie,1138,10
16585,102165,me,1138,10
16586,102168,until,1138,10
16587,102174,we,1138,10
16588,102177,re,1138,10
16589,102180,well,1138,10
16590,102185,clear,1138,10
16591,102195,Eurylochus,1138,10
16592,102206,nods,1138,10
16593,102212,Tests,1138,10
16594,102218,the,1138,10
16595,102222,knots,1138,10
16596,102229,Steps,1138,10
16597,102235,back,1138,10
16598,102244,ODYSSEUS,1139,10
16599,102256,Check,1139,10
16600,102262,the,1139,10
16601,102266,men,1139,10
16602,102270,s,1139,10
16603,102272,ears,1139,10
16604,102281,EURYLOCHUS,1140,10
16605,102293,A,1140,10
16606,102295,WEEK,1140,10
16607,102300,S,1140,10
16608,102302,RATIONS,1140,10
16609,102310,FOR,1140,10
16610,102314,THE,1140,10
16611,102318,FIRST,1140,10
16612,102325,YES,1140,10
16613,102330,SIR,1140,10
16614,102339,Nothing,1140,10
16615,102348,The,1140,10
16616,102352,men,1140,10
16617,102356,keep,1140,10
16618,102361,working,1140,10
16619,102370,oblivious,1140,10
16620,102381,Odysseus,1140,10
16621,102390,nods,1140,10
16622,102396,excited,1140,10
16623,102409,ODYSSEUS,1141,10
16624,102421,Listen,1141,10
16625,102430,Eurylochus,1141,10
16626,102441,can,1141,10
16627,102445,hear,1141,10
16628,102450,the,1141,10
16629,102454,wind,1141,10
16630,102459,SINGING,1141,10
16631,102467,through,1141,10
16632,102475,the,1141,10
16633,102479,rigging,1141,10
16634,102495,Eurylochus,1141,10
16635,102506,reaches,1141,10
16636,102514,into,1141,10
16637,102519,the,1141,10
16638,102523,pot,1141,10
16639,102527,of,1141,10
16640,102530,beeswax,1141,10
16641,102539,STOPPING,1141,10
16642,102548,up,1141,10
16643,102551,his,1141,10
16644,102555,ears,1141,10
16645,102563,the,1141,10
16646,102567,sound,1141,10
16647,102573,becomes,1141,10
16648,102581,MUTED,1141,10
16649,102588,Odysseus,1141,10
16650,102597,SHOUTS,1141,10
16651,102604,something,1141,10
16652,102615,but,1141,10
16653,102619,we,1141,10
16654,102623,can,1141,10
16655,102627,t,1141,10
16656,102629,hear,1141,10
16657,102634,it,1141,10
16658,102637,at,1141,10
16659,102640,all,1141,10
16660,102645,we,1141,10
16661,102648,hear,1141,10
16662,102653,only,1141,10
16663,102658,MUFFLED,1141,10
16664,102666,THUDS,1141,10
16665,102672,of,1141,10
16666,102675,oars,1141,10
16667,102680,and,1141,10
16668,102684,feet,1141,10
16669,102690,on,1141,10
16670,102693,deck,1141,10
16671,102704,Eurylochus,1141,10
16672,102715,nods,1141,10
16673,102720,his,1141,10
16674,102724,head,1141,10
16675,102730,marking,1141,10
16676,102738,time,1141,10
16677,102743,for,1141,10
16678,102747,the,1141,10
16679,102751,rowers,1141,10
16680,102759,visually,1141,10
16681,102775,Eurylochus,1141,10
16682,102786,looks,1141,10
16683,102792,at,1141,10
16684,102795,approaching,1141,10
16685,102807,rocks,1141,10
16686,102813,covered,1141,10
16687,102821,in,1141,10
16688,102824,light,1141,10
16689,102830,mist,1141,10
16690,102841,above,1141,10
16691,102848,the,1141,10
16692,102852,breakers,1141,10
16693,102862,SEALS,1141,10
16694,102868,lie,1141,10
16695,102872,on,1141,10
16696,102875,the,1141,10
16697,102879,rocks,1141,10
16698,102891,Eurylochus,1141,10
16699,102902,spots,1141,10
16700,102908,PALER,1141,10
16701,102915,forms,1141,10
16702,102921,amongst,1141,10
16703,102929,the,1141,10
16704,102933,seals,1141,10
16705,102940,barely,1141,10
16706,102947,visible,1141,10
16707,102955,in,1141,10
16708,102958,the,1141,10
16709,102962,mist,1141,10
16710,102968,He,1141,10
16711,102971,stares,1141,10
16712,102980,fascinated,1141,10
16713,102992,trying,1141,10
16714,102999,to,1141,10
16715,103002,see,1141,10
16716,103006,if,1141,10
16717,103009,they,1141,10
16718,103014,are,1141,10
16719,103021,human,1141,10
16720,103031,Glancing,1141,10
16721,103040,at,1141,10
16722,103043,the,1141,10
16723,103047,rowers,1141,10
16724,103055,he,1141,10
16725,103058,sees,1141,10
16726,103063,them,1141,10
16727,103068,all,1141,10
16728,103072,STARING,1141,10
16729,103080,behind,1141,10
16730,103087,him,1141,10
16731,103096,He,1141,10
16732,103099,turns,1141,10
16733,103105,to,1141,10
16734,103108,Odysseus,1141,10
16735,103118,then,1141,10
16736,103123,freezes,1141,10
16737,103132,seeing,1141,10
16738,103139,Odysseus,1141,10
16739,103148,s,1141,10
16740,103150,expression,1141,10
16741,103167,Odysseus,1141,10
16742,103176,is,1141,10
16743,103179,TRANSFIXED,1141,10
16744,103191,his,1141,10
16745,103195,expression,1141,10
16746,103206,a,1141,10
16747,103208,combination,1141,10
16748,103220,of,1141,10
16749,103223,BLISS,1141,10
16750,103230,and,1141,10
16751,103234,TERROR,1141,10
16752,103248,EURYLOCHUS,1142,10
16753,103261,V,1143,10
16754,103263,O,1143,10
16755,103268,What,1143,10
16756,103273,was,1143,10
16757,103277,the,1143,10
16758,103281,Sirens,1143,10
16759,103289,song,1143,10
16760,103298,ODYSSEUS,1144,10
16761,103309,V,1145,10
16762,103311,O,1145,10
16763,103316,All,1145,10
16764,103320,the,1145,10
16765,103324,things,1145,10
16766,103331,you,1145,10
16767,103335,d,1145,10
16768,103337,want,1145,10
16769,103342,it,1145,10
16770,103345,to,1145,10
16771,103348,be,1145,10
16772,103352,Then,1145,10
16773,103357,all,1145,10
16774,103361,things,1145,10
16775,103368,you,1145,10
16776,103372,wish,1145,10
16777,103377,you,1145,10
16778,103382,never,1145,10
16779,103388,wished,1145,10
16780,103395,for,1145,10
16781,103405,Odysseus,1145,10
16782,103414,STARES,1145,10
16783,103421,at,1145,10
16784,103424,the,1145,10
16785,103428,forms,1145,10
16786,103434,on,1145,10
16787,103437,the,1145,10
16788,103441,rocks,1145,10
16789,103448,mouth,1145,10
16790,103454,OPEN,1145,10
16791,103459,in,1145,10
16792,103462,CRIES,1145,10
16793,103469,and,1145,10
16794,103473,CRIES,1145,10
16795,103480,EXULTANT,1145,10
16796,103490,FRUSTRATED,1145,10
16797,103508,A,1145,10
16798,103510,sailor,1145,10
16799,103518,Anchialus,1145,10
16800,103529,seeing,1145,10
16801,103536,Odysseus,1145,10
16802,103545,s,1145,10
16803,103547,reaction,1145,10
16804,103557,PULLS,1145,10
16805,103563,the,1145,10
16806,103567,wax,1145,10
16807,103571,from,1145,10
16808,103577,his,1145,10
16809,103581,ear,1145,10
16810,103591,FLASH,1145,10
16811,103597,FORWARD,1145,10
16812,103605,TO,1145,10
16813,103608,ODYSSEUS,1145,10
16814,103617,SITTING,1145,10
16815,103625,ON,1145,10
16816,103628,THE,1145,10
16817,103632,DECK,1145,10
16818,103638,RELAYING,1146,10
16819,103647,HIS,1146,10
16820,103651,EXPERIENCE,1146,10
16821,103667,ODYSSEUS,1147,10
16822,103678,V,1148,10
16823,103680,O,1148,10
16824,103685,It,1148,10
16825,103688,was,1148,10
16826,103692,the,1148,10
16827,103696,delicious,1148,10
16828,103706,itch,1148,10
16829,103711,you,1148,10
16830,103715,go,1148,10
16831,103718,to,1148,10
16832,103721,scratch,1148,10
16833,103735,Anchialus,1148,10
16834,103746,in,1148,10
16835,103749,BLISSFUL,1148,10
16836,103758,MADNESS,1148,10
16837,103767,STRUGGLES,1148,10
16838,103777,with,1148,10
16839,103782,his,1148,10
16840,103787,shipmates,1148,10
16841,103798,breaking,1148,10
16842,103807,free,1148,10
16843,103814,he,1148,10
16844,103817,DIVES,1148,10
16845,103823,off,1148,10
16846,103827,the,1148,10
16847,103831,side,1148,10
16848,103836,of,1148,10
16849,103839,the,1148,10
16850,103843,boat,1148,10
16851,103854,Eurylochus,1148,10
16852,103865,watches,1148,10
16853,103873,Odysseus,1148,10
16854,103882,STRUGGLE,1148,10
16855,103891,against,1148,10
16856,103899,the,1148,10
16857,103903,ropes,1148,10
16858,103912,Odysseus,1148,10
16859,103921,looks,1148,10
16860,103927,at,1148,10
16861,103930,Eurylochus,1148,10
16862,103942,PLEADING,1148,10
16863,103952,CRYING,1148,10
16864,103960,CRAZED,1148,10
16865,103973,ODYSSEUS,1149,10
16866,103984,V,1150,10
16867,103986,O,1150,10
16868,103991,But,1150,10
16869,103995,find,1150,10
16870,104000,it,1150,10
16871,104003,s,1150,10
16872,104005,under,1150,10
16873,104011,the,1150,10
16874,104015,skin,1150,10
16875,104021,and,1150,10
16876,104025,can,1150,10
16877,104029,t,1150,10
16878,104031,be,1150,10
16879,104034,reached,1150,10
16880,104048,Eurylochus,1150,10
16881,104059,turns,1150,10
16882,104065,back,1150,10
16883,104070,to,1150,10
16884,104073,the,1150,10
16885,104077,men,1150,10
16886,104082,He,1150,10
16887,104085,can,1150,10
16888,104089,t,1150,10
16889,104091,watch,1150,10
16890,104103,ODYSSEUS,1151,10
16891,104114,V,1152,10
16892,104116,O,1152,10
16893,104123,So,1152,10
16894,104126,the,1152,10
16895,104130,delicious,1152,10
16896,104140,itch,1152,10
16897,104145,becomes,1152,10
16898,104153,unbearable,1152,10
16899,104170,The,1152,10
16900,104174,ship,1152,10
16901,104179,glides,1152,10
16902,104186,past,1152,10
16903,104191,the,1152,10
16904,104195,rocks,1152,10
16905,104202,passing,1152,10
16906,104210,close,1152,10
16907,104216,enough,1152,10
16908,104223,to,1152,10
16909,104226,make,1152,10
16910,104231,out,1152,10
16911,104236,NAKED,1152,10
16912,104242,FEMALE,1152,10
16913,104249,FORMS,1152,10
16914,104255,on,1152,10
16915,104258,the,1152,10
16916,104262,misty,1152,10
16917,104268,rocks,1152,10
16918,104275,MOUTHS,1152,10
16919,104282,OPEN,1152,10
16920,104287,in,1152,10
16921,104291,song,1152,10
16922,104297,sitting,1152,10
16923,104305,atop,1152,10
16924,104310,BONES,1152,10
16925,104316,and,1152,10
16926,104320,BONES,1152,10
16927,104333,ODYSSEUS,1153,10
16928,104344,V,1154,10
16929,104346,O,1154,10
16930,104351,It,1154,10
16931,104354,told,1154,10
16932,104359,you,1154,10
16933,104363,what,1154,10
16934,104368,you,1154,10
16935,104372,most,1154,10
16936,104377,want,1154,10
16937,104382,is,1154,10
16938,104385,what,1154,10
16939,104390,you,1154,10
16940,104394,most,1154,10
16941,104399,can,1154,10
16942,104403,t,1154,10
16943,104405,have,1154,10
16944,104411,and,1154,10
16945,104416,what,1154,10
16946,104421,you,1154,10
16947,104425,most,1154,10
16948,104430,can,1154,10
16949,104434,t,1154,10
16950,104436,have,1154,10
16951,104441,is,1154,10
16952,104444,what,1154,10
16953,104449,you,1154,10
16954,104453,already,1154,10
16955,104461,had,1154,10
16956,104465,and,1154,10
16957,104469,lost,1154,10
16958,104482,Eurylochus,1154,10
16959,104493,turns,1154,10
16960,104499,back,1154,10
16961,104504,to,1154,10
16962,104507,Odysseus,1154,10
16963,104517,who,1154,10
16964,104521,WEEPS,1154,10
16965,104527,BITTER,1154,10
16966,104534,TEARS,1154,10
16967,104545,Finally,1154,10
16968,104553,Odysseus,1154,10
16969,104562,SLUMPS,1154,10
16970,104569,against,1154,10
16971,104577,the,1154,10
16972,104581,ropes,1154,10
16973,104588,passed,1154,10
16974,104595,out,1154,10
16975,104607,Eurylochus,1154,10
16976,104618,pulls,1154,10
16977,104624,the,1154,10
16978,104628,wax,1154,10
16979,104632,from,1154,10
16980,104637,his,1154,10
16981,104641,ears,1154,10
16982,104648,once,1154,10
16983,104653,again,1154,10
16984,104659,we,1154,10
16985,104662,hear,1154,10
16986,104667,wind,1154,10
16987,104672,and,1154,10
16988,104677,water,1154,10
16989,104684,the,1154,10
16990,104688,lapping,1154,10
16991,104696,of,1154,10
16992,104699,oars,1154,10
16993,104705,the,1154,10
16994,104709,creaking,1154,10
16995,104718,of,1154,10
16996,104721,the,1154,10
16997,104725,deck,1154,10
16998,104734,ODYSSEUS,1155,10
16999,104745,V,1156,10
17000,104747,O,1156,10
17001,104752,It,1156,10
17002,104755,was,1156,10
17003,104759,the,1156,10
17004,104763,song,1156,10
17005,104768,of,1156,10
17006,104771,all,1156,10
17007,104775,the,1156,10
17008,104779,promises,1156,10
17009,104788,I,1156,10
17010,104790,ve,1156,10
17011,104793,failed,1156,10
17012,104800,to,1156,10
17013,104803,keep,1156,10
17014,104814,Eurylochus,1156,10
17015,104825,gives,1156,10
17016,104831,Odysseus,1156,10
17017,104840,water,1156,10
17018,104846,as,1156,10
17019,104849,the,1156,10
17020,104853,men,1156,10
17021,104857,untie,1156,10
17022,104863,him,1156,10
17023,104867,from,1156,10
17024,104872,the,1156,10
17025,104876,mast,1156,10
17026,104883,Odysseus,1156,10
17027,104892,looks,1156,10
17028,104898,up,1156,10
17029,104901,at,1156,10
17030,104904,Eurylochus,1156,10
17031,104916,Haunted,1156,10
17032,104928,ODYSSEUS,1157,10
17033,104940,And,1157,10
17034,104944,it,1157,10
17035,104947,told,1157,10
17036,104952,me,1157,10
17037,104955,I,1157,10
17038,104957,don,1157,10
17039,104961,t,1157,10
17040,104963,really,1157,10
17041,104970,want,1157,10
17042,104975,to,1157,10
17043,104978,go,1157,10
17044,104981,home,1157,10
17045,104990,Odysseus,1157,10
17046,104999,rubs,1157,10
17047,105004,tears,1157,10
17048,105010,of,1157,10
17049,105013,shame,1157,10
17050,105019,from,1157,10
17051,105024,his,1157,10
17052,105028,face,1157,10
17053,105034,Eurylochus,1157,10
17054,105045,looks,1157,10
17055,105051,down,1157,10
17056,105056,at,1157,10
17057,105060,him,1157,10
17058,105065,Pitying,1157,10
17059,105074,The,1157,10
17060,105078,boat,1157,10
17061,105083,moves,1157,10
17062,105089,past,1157,10
17063,105094,the,1157,10
17064,105098,rocks,1157,10
17065,105104,into,1157,10
17066,105109,more,1157,10
17067,105114,open,1157,10
17068,105119,water,1157,10
17069,105131,A,1157,10
17070,105133,EXT,1157,10
17071,105138,ODYSSEUS,1157,10
17072,105147,S,1157,10
17073,105149,SHIP,1157,10
17074,105155,CHARYBDIS,1157,10
17075,105168,DAYA,1157,10
17076,105176,A,1157,10
17077,105178,SHOUT,1157,10
17078,105184,from,1157,10
17079,105189,the,1157,10
17080,105193,lookout,1157,10
17081,105201,grabs,1157,10
17082,105207,Eurylochus,1157,10
17083,105218,s,1157,10
17084,105220,attention,1157,10
17085,105235,POLITES,1158,10
17086,105244,White,1158,10
17087,105250,water,1158,10
17088,105260,He,1158,10
17089,105263,peers,1158,10
17090,105269,out,1158,10
17091,105273,to,1158,10
17092,105276,WHITECAPS,1158,10
17093,105286,on,1158,10
17094,105289,the,1158,10
17095,105293,horizon,1158,10
17096,105302,An,1158,10
17097,105305,OMINOUS,1158,10
17098,105314,RUMBLE,1158,10
17099,105321,builds,1158,10
17100,105334,Odysseus,1158,10
17101,105343,comes,1158,10
17102,105349,beside,1158,10
17103,105356,him,1158,10
17104,105366,EURYLOCHUS,1159,10
17105,105378,Whitecaps,1159,10
17106,105389,Out,1159,10
17107,105393,here,1159,10
17108,105402,ODYSSEUS,1160,10
17109,105412,Charybdis,1160,10
17110,105424,EURYLOCHUS,1161,10
17111,105436,What,1161,10
17112,105441,s,1161,10
17113,105443,that,1161,10
17114,105450,ODYSSEUS,1162,10
17115,105462,A,1162,10
17116,105464,monstrous,1162,10
17117,105474,whirlpool,1162,10
17118,105488,Eurylochus,1162,10
17119,105499,jumps,1162,10
17120,105505,to,1162,10
17121,105508,the,1162,10
17122,105512,helm,1162,10
17123,105518,looking,1162,10
17124,105526,out,1162,10
17125,105530,to,1162,10
17126,105533,the,1162,10
17127,105537,white,1162,10
17128,105543,water,1162,10
17129,105553,ODYSSEUS,1163,10
17130,105565,Can,1163,10
17131,105569,we,1163,10
17132,105572,head,1163,10
17133,105577,out,1163,10
17134,105581,to,1163,10
17135,105584,sea,1163,10
17136,105592,The,1163,10
17137,105596,Helmsman,1163,10
17138,105606,Antiphates,1163,10
17139,105618,looks,1163,10
17140,105624,at,1163,10
17141,105627,the,1163,10
17142,105631,current,1163,10
17143,105639,pulling,1163,10
17144,105647,the,1163,10
17145,105651,ship,1163,10
17146,105661,ANTIPHATES,1164,10
17147,105673,It,1164,10
17148,105676,s,1164,10
17149,105678,already,1164,10
17150,105686,got,1164,10
17151,105690,us,1164,10
17152,105697,Eurylochus,1164,10
17153,105708,looks,1164,10
17154,105714,to,1164,10
17155,105717,the,1164,10
17156,105721,cliffside,1164,10
17157,105737,there,1164,10
17158,105743,is,1164,10
17159,105746,a,1164,10
17160,105748,narrow,1164,10
17161,105755,channel,1164,10
17162,105763,in,1164,10
17163,105766,a,1164,10
17164,105769,CANYON,1165,10
17165,105778,EURYLOCHUS,1166,10
17166,105792,We,1166,10
17167,105795,might,1166,10
17168,105801,make,1166,10
17169,105806,that,1166,10
17170,105811,canyon,1166,10
17171,105824,Odysseus,1166,10
17172,105833,looks,1166,10
17173,105839,ahead,1166,10
17174,105845,to,1166,10
17175,105848,the,1166,10
17176,105852,mouth,1166,10
17177,105858,of,1166,10
17178,105861,the,1166,10
17179,105865,canyon,1166,10
17180,105873,jagged,1166,10
17181,105880,rocks,1166,10
17182,105887,sticking,1166,10
17183,105896,out,1166,10
17184,105900,of,1166,10
17185,105903,the,1166,10
17186,105907,water,1166,10
17187,105913,across,1166,10
17188,105920,the,1166,10
17189,105924,mouth,1166,10
17190,105936,ODYSSEUS,1167,10
17191,105948,It,1167,10
17192,105951,s,1167,10
17193,105953,too,1167,10
17194,105957,narrow,1167,10
17195,105968,He,1167,10
17196,105971,looks,1167,10
17197,105977,ahead,1167,10
17198,105983,to,1167,10
17199,105986,where,1167,10
17200,105992,the,1167,10
17201,105996,WHIRLPOOL,1167,10
17202,106006,has,1167,10
17203,106010,started,1167,10
17204,106018,to,1167,10
17205,106021,open,1167,10
17206,106026,up,1167,10
17207,106030,the,1167,10
17208,106035,ocean,1167,10
17209,106041,DIPPING,1167,10
17210,106049,below,1167,10
17211,106055,the,1167,10
17212,106059,horizon,1167,10
17213,106067,in,1167,10
17214,106070,a,1167,10
17215,106072,DIZZYING,1167,10
17216,106081,sinkhole,1167,10
17217,106099,ODYSSEUS,1168,10
17218,106111,Take,1168,10
17219,106116,us,1168,10
17220,106119,across,1168,10
17221,106126,the,1168,10
17222,106130,whirlpool,1168,10
17223,106144,EURYLOCHUS,1169,10
17224,106156,Charybdis,1169,10
17225,106166,will,1169,10
17226,106171,suck,1169,10
17227,106176,us,1169,10
17228,106179,down,1169,10
17229,106184,and,1169,10
17230,106188,destroy,1169,10
17231,106196,us,1169,10
17232,106203,The,1169,10
17233,106207,ship,1169,10
17234,106212,is,1169,10
17235,106215,LEANING,1169,10
17236,106223,IN,1169,10
17237,106226,to,1169,10
17238,106229,the,1169,10
17239,106233,pull,1169,10
17240,106238,of,1169,10
17241,106241,the,1169,10
17242,106245,whirlpool,1169,10
17243,106261,the,1169,10
17244,106265,channel,1169,10
17245,106274,entrance,1169,10
17246,106283,is,1169,10
17247,106286,coming,1169,10
17248,106293,up,1169,10
17249,106296,fast,1169,10
17250,106307,ODYSSEUS,1170,10
17251,106317,Don,1170,10
17252,106321,t,1170,10
17253,106323,be,1170,10
17254,106326,afraid,1170,10
17255,106334,we,1170,10
17256,106337,can,1170,10
17257,106341,make,1170,10
17258,106346,it,1170,10
17259,106350,Steer,1170,10
17260,106356,down,1170,10
17261,106361,the,1170,10
17262,106365,slope,1170,10
17263,106372,we,1170,10
17264,106375,can,1170,10
17265,106380,make,1170,10
17266,106385,enough,1170,10
17267,106392,way,1170,10
17268,106396,to,1170,10
17269,106399,shoot,1170,10
17270,106405,out,1170,10
17271,106409,the,1170,10
17272,106413,other,1170,10
17273,106419,side,1170,10
17274,106428,Eurylochus,1170,10
17275,106439,looks,1170,10
17276,106445,at,1170,10
17277,106448,the,1170,10
17278,106452,raging,1170,10
17279,106459,whirlpool,1170,10
17280,106470,then,1170,10
17281,106475,at,1170,10
17282,106478,the,1170,10
17283,106482,channel,1170,10
17284,106490,mouth,1170,10
17285,106500,EURYLOCHUS,1171,10
17286,106512,No,1171,10
17287,106518,to,1171,10
17288,106521,Helmsman,1171,10
17289,106532,We,1171,10
17290,106536,re,1171,10
17291,106539,making,1171,10
17292,106546,for,1171,10
17293,106550,the,1171,10
17294,106554,channel,1171,10
17295,106566,Odysseus,1171,10
17296,106575,rushes,1171,10
17297,106582,for,1171,10
17298,106586,the,1171,10
17299,106590,tiller,1171,10
17300,106599,two,1171,10
17301,106603,of,1171,10
17302,106606,the,1171,10
17303,106610,men,1171,10
17304,106614,GRAB,1171,10
17305,106619,him,1171,10
17306,106627,Odysseus,1171,10
17307,106636,lets,1171,10
17308,106641,himself,1171,10
17309,106649,be,1171,10
17310,106652,subdued,1171,10
17311,106660,as,1171,10
17312,106663,the,1171,10
17313,106667,ship,1171,10
17314,106672,SHOOTS,1171,10
17315,106679,into,1171,10
17316,106684,the,1171,10
17317,106689,channel,1171,10
17318,106697,mouth,1171,10
17319,106704,over,1171,10
17320,106709,the,1171,10
17321,106713,RAPIDS,1171,10
17322,106721,SKIMMING,1171,10
17323,106730,past,1171,10
17324,106735,SHEER,1171,10
17325,106741,ROCK,1171,10
17326,106747,WALLS,1172,10
17327,106759,The,1172,10
17328,106763,ship,1172,10
17329,106768,SCRAPES,1172,10
17330,106776,the,1172,10
17331,106780,side,1172,10
17332,106785,of,1172,10
17333,106788,the,1172,10
17334,106792,canyon,1172,10
17335,106800,water,1172,10
17336,106806,BURSTING,1172,10
17337,106815,through,1172,10
17338,106824,split,1172,10
17339,106830,planks,1172,10
17340,106842,men,1172,10
17341,106846,PUSH,1172,10
17342,106851,the,1172,10
17343,106855,boards,1172,10
17344,106862,back,1172,10
17345,106867,into,1172,10
17346,106872,place,1172,10
17347,106884,Odysseus,1172,10
17348,106893,looks,1172,10
17349,106899,up,1172,10
17350,106902,at,1172,10
17351,106905,the,1172,10
17352,106909,cliff,1172,10
17353,106915,faces,1172,10
17354,106922,waiting,1172,10
17355,106930,for,1172,10
17356,106934,the,1172,10
17357,106938,inevitable,1172,10
17358,106950,His,1172,10
17359,106955,men,1172,10
17360,106959,release,1172,10
17361,106967,him,1172,10
17362,106972,the,1172,10
17363,106976,crew,1172,10
17364,106981,CHEERING,1172,10
17365,106990,as,1172,10
17366,106993,Eurylochus,1172,10
17367,107004,settles,1172,10
17368,107012,the,1172,10
17369,107016,ship,1172,10
17370,107022,in,1172,10
17371,107025,the,1172,10
17372,107029,channel,1172,10
17373,107037,past,1172,10
17374,107042,the,1172,10
17375,107046,rapids,1172,10
17376,107061,Eurylochus,1172,10
17377,107072,turns,1172,10
17378,107078,to,1172,10
17379,107081,Odysseus,1172,10
17380,107091,TRIUMPHANT,1172,10
17381,107106,EURYLOCHUS,1173,10
17382,107118,We,1173,10
17383,107121,made,1173,10
17384,107126,it,1173,10
17385,107133,Odysseus,1173,10
17386,107142,nods,1173,10
17387,107148,Wary,1173,10
17388,107154,At,1173,10
17389,107157,his,1173,10
17390,107161,oar,1173,10
17391,107166,Polites,1173,10
17392,107174,turns,1173,10
17393,107180,to,1173,10
17394,107183,the,1173,10
17395,107187,man,1173,10
17396,107191,next,1173,10
17397,107196,to,1173,10
17398,107199,him,1173,10
17399,107208,POLITES,1174,10
17400,107217,We,1174,10
17401,107220,did,1174,10
17402,107224,it,1174,10
17403,107228,We,1174,10
17404,107236,POLITES,1174,10
17405,107244,IS,1174,10
17406,107247,RIPPED,1174,10
17407,107255,SCREAMING,1174,10
17408,107265,from,1174,10
17409,107270,the,1174,10
17410,107274,ship,1174,10
17411,107279,by,1174,10
17412,107282,a,1174,10
17413,107284,TOOTH,1174,10
17414,107292,FILLED,1174,10
17415,107299,set,1174,10
17416,107303,of,1174,10
17417,107306,jaws,1174,10
17418,107311,on,1174,10
17419,107314,a,1174,10
17420,107316,SNAKE,1174,10
17421,107322,NECK,1174,10
17422,107332,ANOTHER,1174,10
17423,107340,soldier,1174,10
17424,107348,is,1174,10
17425,107351,TAKEN,1174,10
17426,107359,and,1174,10
17427,107363,ANOTHER,1174,10
17428,107379,SCREAMS,1174,10
17429,107387,ECHOING,1174,10
17430,107395,through,1174,10
17431,107403,the,1174,10
17432,107407,canyon,1174,10
17433,107420,The,1174,10
17434,107424,Helmsman,1174,10
17435,107433,looks,1174,10
17436,107440,around,1174,10
17437,107448,pulling,1174,10
17438,107456,the,1174,10
17439,107460,tiller,1174,10
17440,107472,ODYSSEUS,1175,10
17441,107482,Keep,1175,10
17442,107487,her,1175,10
17443,107491,straight,1175,10
17444,107504,Odysseus,1175,10
17445,107513,SHOUTS,1175,10
17446,107520,at,1175,10
17447,107523,the,1175,10
17448,107527,men,1175,10
17449,107536,ODYSSEUS,1176,10
17450,107546,PULL,1177,10
17451,107555,Three,1177,10
17452,107561,more,1177,10
17453,107566,men,1177,10
17454,107570,are,1177,10
17455,107574,RIPPED,1177,10
17456,107581,from,1177,10
17457,107586,the,1177,10
17458,107590,ship,1177,10
17459,107596,SCREAMING,1177,10
17460,107607,pulled,1177,10
17461,107614,up,1177,10
17462,107618,and,1177,10
17463,107622,into,1177,10
17464,107627,a,1177,10
17465,107629,DARK,1177,10
17466,107634,CREVICE,1177,10
17467,107642,of,1177,10
17468,107645,the,1177,10
17469,107649,cliff,1177,10
17470,107655,above,1177,10
17471,107670,SILENCE,1177,10
17472,107679,Deafening,1177,10
17473,107689,silence,1177,10
17474,107698,Everyone,1177,10
17475,107707,in,1177,10
17476,107710,shock,1177,10
17477,107717,Eurylochus,1177,10
17478,107728,looks,1177,10
17479,107734,at,1177,10
17480,107738,Odysseus,1177,10
17481,107748,DEVASTATED,1177,10
17482,107766,EURYLOCHUS,1178,10
17483,107778,Why,1178,10
17484,107782,did,1178,10
17485,107786,I,1178,10
17486,107788,take,1178,10
17487,107793,us,1178,10
17488,107796,this,1178,10
17489,107801,way,1178,10
17490,107813,ODYSSEUS,1179,10
17491,107823,It,1179,10
17492,107826,wasn,1179,10
17493,107831,t,1179,10
17494,107833,your,1179,10
17495,107838,fault,1179,10
17496,107846,EURYLOCHUS,1180,10
17497,107858,What,1180,10
17498,107863,was,1180,10
17499,107867,that,1180,10
17500,107874,ODYSSEUS,1181,10
17501,107884,Scylla,1181,10
17502,107895,Eurylochus,1181,10
17503,107906,looks,1181,10
17504,107912,back,1181,10
17505,107917,at,1181,10
17506,107920,the,1181,10
17507,107924,canyon,1181,10
17508,107932,then,1181,10
17509,107937,to,1181,10
17510,107940,Odysseus,1181,10
17511,107958,EURYLOCHUS,1182,10
17512,107970,Wait,1182,10
17513,107978,you,1182,10
17514,107982,knew,1182,10
17515,107991,Odysseus,1182,10
17516,108000,says,1182,10
17517,108005,nothing,1182,10
17518,108017,EURYLOCHUS,1183,10
17519,108029,You,1183,10
17520,108033,knew,1183,10
17521,108039,and,1183,10
17522,108043,didn,1183,10
17523,108048,t,1183,10
17524,108050,tell,1183,10
17525,108055,us,1183,10
17526,108062,ODYSSEUS,1184,10
17527,108074,If,1184,10
17528,108077,I'd,1184,10
17529,108081,told,1184,10
17530,108086,you,1184,10
17531,108091,you,1184,10
17532,108095,wouldn,1184,10
17533,108102,t,1184,10
17534,108104,have,1184,10
17535,108109,chosen,1184,10
17536,108116,this,1184,10
17537,108121,way,1184,10
17538,108129,EURYLOCHUS,1185,10
17539,108141,And,1185,10
17540,108145,those,1185,10
17541,108151,men,1185,10
17542,108155,would,1185,10
17543,108161,be,1185,10
17544,108164,alive,1185,10
17545,108174,ODYSSEUS,1186,10
17546,108184,No,1186,10
17547,108188,We'd,1186,10
17548,108193,all,1186,10
17549,108197,be,1186,10
17550,108200,dead,1186,10
17551,108207,EURYLOCHUS,1187,10
17552,108219,You,1187,10
17553,108223,had,1187,10
17554,108227,no,1187,10
17555,108230,right,1187,10
17556,108238,ODYSSEUS,1188,10
17557,108250,I,1188,10
17558,108252,had,1188,10
17559,108256,every,1188,10
17560,108262,right,1188,10
17561,108269,And,1188,10
17562,108273,every,1188,10
17563,108279,responsibility,1188,10
17564,108295,The,1188,10
17565,108299,whirlpool,1188,10
17566,108310,would,1188,10
17567,108317,ve,1188,10
17568,108320,destroyed,1188,10
17569,108330,the,1188,10
17570,108334,ship,1188,10
17571,108339,and,1188,10
17572,108343,all,1188,10
17573,108347,of,1188,10
17574,108350,us,1188,10
17575,108354,This,1188,10
17576,108359,way,1188,10
17577,108363,we,1188,10
17578,108366,live,1188,10
17579,108375,EURYLOCHUS,1189,10
17580,108387,Some,1189,10
17581,108392,of,1189,10
17582,108395,us,1189,10
17583,108398,live,1189,10
17584,108405,ODYSSEUS,1190,10
17585,108415,Yes,1190,10
17586,108420,Some,1190,10
17587,108425,of,1190,10
17588,108428,us,1190,10
17589,108433,EURYLOCHUS,1191,10
17590,108447,What,1191,10
17591,108452,else,1191,10
17592,108457,did,1191,10
17593,108461,Tiresias,1191,10
17594,108470,tell,1191,10
17595,108475,you,1191,10
17596,108483,Odysseus,1191,10
17597,108492,looks,1191,10
17598,108498,away,1191,10
17599,108504,The,1191,10
17600,108508,crew,1191,10
17601,108513,glare,1191,10
17602,108519,at,1191,10
17603,108522,him,1191,10
17604,108527,The,1191,10
17605,108531,ship,1191,10
17606,108536,emerges,1191,10
17607,108544,from,1191,10
17608,108552,the,1191,10
17609,108556,canyon,1191,10
17610,108567,EXT,1192,10
17611,108572,ODYSSEUS,1192,10
17612,108581,S,1192,10
17613,108583,SHIP,1192,10
17614,108589,OFF,1192,10
17615,108593,APOLLO,1192,10
17616,108600,S,1192,10
17617,108602,ISLAND,1192,10
17618,108612,LATER,1193,10
17619,108621,Eurylochus,1193,10
17620,108632,spots,1193,10
17621,108638,a,1193,10
17622,108640,low,1193,10
17623,108644,lying,1193,10
17624,108650,island,1193,10
17625,108661,EURYLOCHUS,1194,10
17626,108673,I,1194,10
17627,108675,m,1194,10
17628,108677,going,1194,10
17629,108683,to,1194,10
17630,108686,put,1194,10
17631,108690,in,1194,10
17632,108693,there,1194,10
17633,108703,Odysseus,1194,10
17634,108713,sitting,1194,10
17635,108722,looks,1194,10
17636,108728,over,1194,10
17637,108733,at,1194,10
17638,108736,the,1194,10
17639,108740,island,1194,10
17640,108751,ODYSSEUS,1195,10
17641,108761,That,1195,10
17642,108766,s,1195,10
17643,108768,the,1195,10
17644,108772,Sun,1195,10
17645,108776,God,1195,10
17646,108780,s,1195,10
17647,108782,isle,1195,10
17648,108788,We,1195,10
17649,108791,can,1195,10
17650,108795,t,1195,10
17651,108797,land,1195,10
17652,108802,there,1195,10
17653,108812,The,1195,10
17654,108816,crew,1195,10
17655,108821,starts,1195,10
17656,108828,to,1195,10
17657,108831,COMPLAIN,1195,10
17658,108840,OPENLY,1195,10
17659,108851,EURYLOCHUS,1196,10
17660,108863,We,1196,10
17661,108866,need,1196,10
17662,108871,repairs,1196,10
17663,108880,These,1196,10
17664,108886,men,1196,10
17665,108890,are,1196,10
17666,108894,exhausted,1196,10
17667,108905,They,1196,10
17668,108910,ve,1196,10
17669,108913,lost,1196,10
17670,108918,six,1196,10
17671,108923,shipmates,1196,10
17672,108934,We,1196,10
17673,108937,re,1196,10
17674,108940,going,1196,10
17675,108946,to,1196,10
17676,108949,put,1196,10
17677,108953,in,1196,10
17678,108956,and,1196,10
17679,108960,rest,1196,10
17680,108965,on,1196,10
17681,108968,dry,1196,10
17682,108972,land,1196,10
17683,108981,The,1196,10
17684,108985,men,1196,10
17685,108989,CHEER,1196,10
17686,108999,ODYSSEUS,1197,10
17687,109011,You,1197,10
17688,109016,re,1197,10
17689,109019,all,1197,10
17690,109023,going,1197,10
17691,109029,to,1197,10
17692,109032,die,1197,10
17693,109040,They,1197,10
17694,109045,quiet,1197,10
17695,109052,looking,1197,10
17696,109060,at,1197,10
17697,109063,Odysseus,1197,10
17698,109073,who,1197,10
17699,109077,stands,1197,10
17700,109092,ODYSSEUS,1198,10
17701,109102,You,1198,10
17702,109106,asked,1198,10
17703,109112,me,1198,10
17704,109115,what,1198,10
17705,109120,Tiresias,1198,10
17706,109129,told,1198,10
17707,109134,me,1198,10
17708,109138,He,1198,10
17709,109141,said,1198,10
17710,109146,you,1198,10
17711,109150,re,1198,10
17712,109153,all,1198,10
17713,109157,going,1198,10
17714,109163,to,1198,10
17715,109167,die,1198,10
17716,109173,EURYLOCHUS,1199,10
17717,109187,If,1199,10
17718,109190,we,1199,10
17719,109193,land,1199,10
17720,109198,on,1199,10
17721,109201,that,1199,10
17722,109206,island,1199,10
17723,109217,ODYSSEUS,1200,10
17724,109229,If,1200,10
17725,109232,you,1200,10
17726,109236,slaughter,1200,10
17727,109246,the,1200,10
17728,109250,Sun,1200,10
17729,109254,God,1200,10
17730,109258,s,1200,10
17731,109260,cattle,1200,10
17732,109268,which,1200,10
17733,109274,graze,1200,10
17734,109280,on,1200,10
17735,109283,that,1200,10
17736,109288,island,1200,10
17737,109297,you'll,1200,10
17738,109304,all,1200,10
17739,109308,die,1200,10
17740,109316,EURYLOCHUS,1201,10
17741,109328,That,1201,10
17742,109333,s,1201,10
17743,109335,fine,1201,10
17744,109341,We'll,1201,10
17745,109347,put,1201,10
17746,109351,in,1201,10
17747,109354,and,1201,10
17748,109358,cook,1201,10
17749,109363,our,1201,10
17750,109367,own,1201,10
17751,109371,provisions,1201,10
17752,109383,We,1201,10
17753,109386,ll,1201,10
17754,109389,pick,1201,10
17755,109395,fruit,1201,10
17756,109401,and,1201,10
17757,109405,get,1201,10
17758,109409,water,1201,10
17759,109416,Nothing,1201,10
17760,109424,more,1201,10
17761,109433,Odysseus,1201,10
17762,109442,shakes,1201,10
17763,109449,his,1201,10
17764,109453,head,1201,10
17765,109459,despairing,1201,10
17766,109471,Looking,1201,10
17767,109479,at,1201,10
17768,109482,the,1201,10
17769,109486,desperation,1201,10
17770,109498,of,1201,10
17771,109502,his,1201,10
17772,109506,crew,1201,10
17773,109512,the,1201,10
17774,109516,water,1201,10
17775,109522,leaking,1201,10
17776,109530,into,1201,10
17777,109535,the,1201,10
17778,109539,hull,1201,10
17779,109545,he,1201,10
17780,109548,can,1201,10
17781,109552,see,1201,10
17782,109556,he,1201,10
17783,109559,has,1201,10
17784,109563,no,1201,10
17785,109566,choice,1201,10
17786,109574,but,1201,10
17787,109578,to,1201,10
17788,109581,agree,1201,10
17789,109593,ODYSSEUS,1202,10
17790,109603,Swear,1202,10
17791,109609,to,1202,10
17792,109612,it,1202,10
17793,109616,All,1202,10
17794,109620,of,1202,10
17795,109623,you,1202,10
17796,109628,Swear,1202,10
17797,109634,you,1202,10
17798,109638,won,1202,10
17799,109642,t,1202,10
17800,109644,touch,1202,10
17801,109650,the,1202,10
17802,109654,cattle,1202,10
17803,109661,on,1202,10
17804,109664,this,1202,10
17805,109670,island,1202,10
17806,109681,The,1202,10
17807,109685,men,1202,10
17808,109689,nod,1202,10
17809,109693,at,1202,10
17810,109696,Odysseus,1202,10
17811,109706,Eurylochus,1202,10
17812,109717,guides,1202,10
17813,109724,the,1202,10
17814,109728,ship,1202,10
17815,109733,in,1202,10
17816,109738,GROUNDING,1202,10
17817,109748,the,1202,10
17818,109752,boat,1202,10
17819,109757,on,1202,10
17820,109760,the,1202,10
17821,109764,sand,1202,10
17822,109770,There,1202,10
17823,109776,are,1202,10
17824,109780,COWS,1202,10
17825,109785,grazing,1202,10
17826,109793,just,1202,10
17827,109799,above,1202,10
17828,109805,the,1202,10
17829,109809,sand,1202,10
17830,109814,on,1202,10
17831,109817,the,1202,10
17832,109821,edge,1202,10
17833,109826,of,1202,10
17834,109829,the,1202,10
17835,109833,forest,1202,10
17836,109844,EURYLOCHUS,1203,10
17837,109856,See,1203,10
17838,109861,the,1203,10
17839,109865,wind,1203,10
17840,109870,took,1203,10
17841,109875,us,1203,10
17842,109878,right,1203,10
17843,109884,in,1203,10
17844,109888,We,1203,10
17845,109892,ll,1203,10
17846,109895,rest,1203,10
17847,109900,up,1203,10
17848,109904,do,1203,10
17849,109907,the,1203,10
17850,109911,repairs,1203,10
17851,109919,and,1203,10
17852,109923,set,1203,10
17853,109928,out,1203,10
17854,109932,as,1203,10
17855,109935,soon,1203,10
17856,109940,as,1203,10
17857,109943,the,1203,10
17858,109947,wind,1203,10
17859,109952,changes,1203,10
17860,109964,As,1203,10
17861,109967,the,1203,10
17862,109971,men,1203,10
17863,109975,jump,1203,10
17864,109980,off,1203,10
17865,109984,the,1203,10
17866,109988,ship,1203,10
17867,109994,pointing,1203,10
17868,110003,and,1203,10
17869,110007,laughing,1203,10
17870,110016,at,1203,10
17871,110019,the,1203,10
17872,110023,cattle,1203,10
17873,110032,Odysseus,1203,10
17874,110041,looks,1203,10
17875,110047,at,1203,10
17876,110050,the,1203,10
17877,110054,flag,1203,10
17878,110059,FLAPPING,1203,10
17879,110068,HARD,1203,10
17880,110073,at,1203,10
17881,110076,the,1203,10
17882,110080,onshore,1203,10
17883,110088,breeze,1203,10
17884,110097,PERTURBED,1204,10
17885,110114,CALYPSO,1205,10
17886,110124,V,1206,10
17887,110126,O,1206,10
17888,110131,Did,1206,10
17889,110135,the,1206,10
17890,110139,crew,1206,10
17891,110144,keep,1206,10
17892,110149,their,1206,10
17893,110155,promise,1206,10
17894,110167,ODYSSEUS,1207,10
17895,110178,V,1208,10
17896,110180,O,1208,10
17897,110185,Yes,1208,10
17898,110190,For,1208,10
17899,110194,a,1208,10
17900,110196,long,1208,10
17901,110201,time,1208,10
17902,110207,But,1208,10
17903,110211,the,1208,10
17904,110215,wind,1208,10
17905,110220,never,1208,10
17906,110226,changed,1208,10
17907,110240,EXT,1209,10
17908,110245,BEACH,1209,10
17909,110251,OUTSIDE,1209,10
17910,110259,CALYPSO,1209,10
17911,110267,S,1209,10
17912,110269,CAVE,1209,10
17913,110277,DAY,1209,10
17914,110284,Odysseus,1210,10
17915,110293,rubs,1210,10
17916,110298,his,1210,10
17917,110302,hands,1210,10
17918,110308,across,1210,10
17919,110315,the,1210,10
17920,110319,bleached,1210,10
17921,110328,planks,1210,10
17922,110336,Tenderly,1210,10
17923,110346,as,1210,10
17924,110349,if,1210,10
17925,110353,they,1210,10
17926,110358,were,1210,10
17927,110363,the,1210,10
17928,110367,bones,1210,10
17929,110373,of,1210,10
17930,110376,an,1210,10
17931,110379,old,1210,10
17932,110383,friend,1210,10
17933,110396,ODYSSEUS,1211,10
17934,110406,Day,1211,10
17935,110410,after,1211,10
17936,110416,day,1211,10
17937,110421,week,1211,10
17938,110426,after,1211,10
17939,110432,week,1211,10
17940,110443,The,1211,10
17941,110447,steady,1211,10
17942,110454,onshore,1211,10
17943,110462,breeze,1211,10
17944,110471,which,1211,10
17945,110477,had,1211,10
17946,110481,made,1211,10
17947,110486,it,1211,10
17948,110489,so,1211,10
17949,110492,easy,1211,10
17950,110497,to,1211,10
17951,110500,land,1211,10
17952,110506,made,1211,10
17953,110511,it,1211,10
17954,110514,impossible,1211,10
17955,110525,to,1211,10
17956,110528,leave,1211,10
17957,110543,EXT,1212,10
17958,110548,BEACH,1212,10
17959,110555,APOLLO,1212,10
17960,110562,S,1212,10
17961,110564,ISLAND,1212,10
17962,110574,DAY,1212,10
17963,110581,The,1213,10
17964,110585,crew,1213,10
17965,110591,thin,1213,10
17966,110596,and,1213,10
17967,110600,ragged,1213,10
17968,110608,sit,1213,10
17969,110612,in,1213,10
17970,110615,the,1213,10
17971,110619,shade,1213,10
17972,110625,chewing,1213,10
17973,110633,on,1213,10
17974,110636,hard,1213,10
17975,110641,biscuit,1213,10
17976,110651,casting,1213,10
17977,110659,looks,1213,10
17978,110665,at,1213,10
17979,110668,the,1213,10
17980,110672,FAT,1213,10
17981,110676,COWS,1213,10
17982,110681,wandering,1213,10
17983,110691,nearby,1213,10
17984,110706,ODYSSEUS,1214,10
17985,110717,V,1215,10
17986,110719,O,1215,10
17987,110726,And,1215,10
17988,110730,our,1215,10
17989,110734,provisions,1215,10
17990,110745,ran,1215,10
17991,110749,out,1215,10
17992,110757,EXT,1216,10
17993,110762,ODYSSEUS,1216,10
17994,110771,S,1216,10
17995,110773,SHIP,1216,10
17996,110780,NIGHT,1216,10
17997,110787,Odysseus,1217,10
17998,110796,stares,1217,10
17999,110803,up,1217,10
18000,110806,at,1217,10
18001,110809,the,1217,10
18002,110813,flag,1217,10
18003,110818,FLAPPING,1217,10
18004,110827,across,1217,10
18005,110834,the,1217,10
18006,110838,moon,1217,10
18007,110847,INSERT,1217,10
18008,110854,CUT,1217,10
18009,110859,the,1217,10
18010,110863,STONE,1217,10
18011,110869,HEAD,1217,10
18012,110874,of,1217,10
18013,110877,Athena,1217,10
18014,110884,ROCKS,1217,10
18015,110890,from,1217,10
18016,110895,side,1217,10
18017,110900,to,1217,10
18018,110903,side,1217,10
18019,110909,in,1217,10
18020,110912,FLICKERING,1217,10
18021,110923,FIRELIGHT,1217,10
18022,110933,on,1217,10
18023,110936,DIRTY,1217,10
18024,110942,MARBLE,1217,10
18025,110957,Odysseus,1217,10
18026,110966,rises,1217,10
18027,110973,staring,1217,10
18028,110981,into,1217,10
18029,110986,the,1217,10
18030,110990,forest,1217,10
18031,110998,He,1217,10
18032,111001,can,1217,10
18033,111005,see,1217,10
18034,111009,FIRELIGHT,1217,10
18035,111019,deep,1217,10
18036,111024,in,1217,10
18037,111028,the,1217,10
18038,111032,trees,1217,10
18039,111043,he,1217,10
18040,111046,sees,1217,10
18041,111051,Athena,1217,10
18042,111058,standing,1217,10
18043,111067,there,1217,10
18044,111074,beckoning,1217,10
18045,111084,him,1217,10
18046,111088,towards,1217,10
18047,111096,the,1217,10
18048,111101,forest,1217,10
18049,111114,EXT,1218,10
18050,111119,FOREST,1218,10
18051,111127,APOLLO,1218,10
18052,111134,S,1218,10
18053,111136,ISLAND,1218,10
18054,111146,MOMENTS,1218,10
18055,111154,LATER,1218,10
18056,111163,Odysseus,1219,10
18057,111172,makes,1219,10
18058,111178,his,1219,10
18059,111182,way,1219,10
18060,111186,through,1219,10
18061,111194,the,1219,10
18062,111198,trees,1219,10
18063,111205,closing,1219,10
18064,111213,in,1219,10
18065,111216,on,1219,10
18066,111219,the,1219,10
18067,111223,flickering,1219,10
18068,111235,fire,1219,10
18069,111244,Odysseus,1219,10
18070,111253,moves,1219,10
18071,111259,towards,1219,10
18072,111267,the,1219,10
18073,111271,fire,1219,10
18074,111277,SMELLING,1219,10
18075,111286,something,1219,10
18076,111305,EXT,1220,10
18077,111310,CLEARING,1220,10
18078,111320,FOREST,1220,10
18079,111328,APOLLO,1220,10
18080,111335,S,1220,10
18081,111337,ISLAND,1220,10
18082,111347,CONTINUOUS,1221,10
18083,111361,Odysseus,1221,10
18084,111370,stands,1221,10
18085,111377,in,1221,10
18086,111380,the,1221,10
18087,111384,firelight,1221,10
18088,111395,watching,1221,10
18089,111404,his,1221,10
18090,111408,crew,1221,10
18091,111413,SILENTLY,1221,10
18092,111423,FEAST,1221,10
18093,111430,An,1221,10
18094,111433,OX,1221,10
18095,111437,turns,1221,10
18096,111443,on,1221,10
18097,111446,a,1221,10
18098,111448,spit,1221,10
18099,111454,fat,1221,10
18100,111458,bubbling,1221,10
18101,111467,deliciously,1221,10
18102,111483,One,1221,10
18103,111487,of,1221,10
18104,111490,the,1221,10
18105,111494,crew,1221,10
18106,111499,notices,1221,10
18107,111507,Odysseus,1221,10
18108,111516,standing,1221,10
18109,111525,in,1221,10
18110,111528,the,1221,10
18111,111532,shadows,1221,10
18112,111541,One,1221,10
18113,111545,by,1221,10
18114,111549,one,1221,10
18115,111553,the,1221,10
18116,111557,men,1221,10
18117,111561,stop,1221,10
18118,111566,eating,1221,10
18119,111574,looking,1221,10
18120,111582,at,1221,10
18121,111585,Odysseus,1221,10
18122,111595,ashamed,1221,10
18123,111607,ODYSSEUS,1222,10
18124,111617,Did,1222,10
18125,111621,you,1222,10
18126,111625,think,1222,10
18127,111631,if,1222,10
18128,111634,you,1222,10
18129,111638,ate,1222,10
18130,111642,quietly,1222,10
18131,111650,the,1222,10
18132,111654,Sun,1222,10
18133,111658,God,1222,10
18134,111662,wouldn,1222,10
18135,111669,t,1222,10
18136,111671,notice,1222,10
18137,111682,Eurylochus,1222,10
18138,111693,steps,1222,10
18139,111699,forward,1222,10
18140,111711,EURYLOCHUS,1223,10
18141,111723,We,1223,10
18142,111726,thought,1223,10
18143,111734,you,1223,10
18144,111738,wouldn,1223,10
18145,111745,t,1223,10
18146,111747,notice,1223,10
18147,111758,ODYSSEUS,1224,10
18148,111768,I,1224,10
18149,111770,m,1224,10
18150,111772,not,1224,10
18151,111776,the,1224,10
18152,111780,problem,1224,10
18153,111794,Odysseus,1224,10
18154,111803,turns,1224,10
18155,111815,ODYSSEUS,1225,10
18156,111827,I,1225,10
18157,111829,wanted,1225,10
18158,111836,you,1225,10
18159,111840,to,1225,10
18160,111843,live,1225,10
18161,111852,He,1225,10
18162,111855,melts,1225,10
18163,111861,back,1225,10
18164,111866,into,1225,10
18165,111871,the,1225,10
18166,111875,woods,1225,10
18167,111885,EXT,1226,10
18168,111890,ODYSSEUS,1226,10
18169,111899,S,1226,10
18170,111901,SHIP,1226,10
18171,111908,MOMENTS,1226,10
18172,111916,LATER,1226,10
18173,111925,Odysseus,1227,10
18174,111934,strides,1227,10
18175,111942,back,1227,10
18176,111947,to,1227,10
18177,111950,the,1227,10
18178,111954,ship,1227,10
18179,111960,Athena,1227,10
18180,111967,falls,1227,10
18181,111973,in,1227,10
18182,111976,beside,1227,10
18183,111983,him,1227,10
18184,111993,ATHENA,1228,10
18185,112001,Tiresias,1228,10
18186,112010,told,1228,10
18187,112015,you,1228,10
18188,112020,Circe,1228,10
18189,112026,told,1228,10
18190,112031,you,1228,10
18191,112036,The,1228,10
18192,112040,Gods,1228,10
18193,112045,told,1228,10
18194,112050,you,1228,10
18195,112059,ODYSSEUS,1229,10
18196,112071,You,1229,10
18197,112075,Gods,1229,10
18198,112080,don,1229,10
18199,112084,t,1229,10
18200,112086,speak,1229,10
18201,112092,in,1229,10
18202,112095,ways,1229,10
18203,112100,we,1229,10
18204,112103,understand,1229,10
18205,112118,ATHENA,1230,10
18206,112126,Who,1230,10
18207,112130,doesn,1230,10
18208,112136,t,1230,10
18209,112138,understand,1230,10
18210,112149,pain,1230,10
18211,112156,Or,1230,10
18212,112159,blood,1230,10
18213,112167,Or,1230,10
18214,112170,death,1230,10
18215,112181,Odysseus,1230,10
18216,112190,shakes,1230,10
18217,112197,his,1230,10
18218,112201,head,1230,10
18219,112207,hoping,1230,10
18220,112214,she,1230,10
18221,112218,won,1230,10
18222,112222,t,1230,10
18223,112224,be,1230,10
18224,112227,there,1230,10
18225,112233,any,1230,10
18226,112237,more,1230,10
18227,112243,But,1230,10
18228,112248,Athena,1230,10
18229,112255,continues,1230,10
18230,112271,ATHENA,1231,10
18231,112279,When,1231,10
18232,112284,you,1231,10
18233,112288,watch,1231,10
18234,112294,your,1231,10
18235,112299,men,1231,10
18236,112303,die,1231,10
18237,112307,do,1231,10
18238,112310,you,1231,10
18239,112314,see,1231,10
18240,112318,chance,1231,10
18241,112326,Or,1231,10
18242,112329,do,1231,10
18243,112332,you,1231,10
18244,112336,see,1231,10
18245,112341,consequence,1231,10
18246,112355,Odysseus,1231,10
18247,112364,turns,1231,10
18248,112370,on,1231,10
18249,112373,her,1231,10
18250,112380,ODYSSEUS,1232,10
18251,112392,I,1232,10
18252,112394,see,1232,10
18253,112398,consequence,1232,10
18254,112411,I,1232,10
18255,112413,see,1232,10
18256,112417,my,1232,10
18257,112420,failure,1232,10
18258,112432,ATHENA,1233,10
18259,112440,What,1233,10
18260,112445,if,1233,10
18261,112448,their,1233,10
18262,112454,deaths,1233,10
18263,112461,aren,1233,10
18264,112466,t,1233,10
18265,112468,your,1233,10
18266,112473,failing,1233,10
18267,112481,but,1233,10
18268,112485,theirs,1233,10
18269,112496,ODYSSEUS,1234,10
18270,112506,I,1234,10
18271,112508,lead,1234,10
18272,112513,them,1234,10
18273,112519,I,1234,10
18274,112521,led,1234,10
18275,112525,them,1234,10
18276,112530,here,1234,10
18277,112539,ATHENA,1235,10
18278,112547,And,1235,10
18279,112551,who,1235,10
18280,112555,led,1235,10
18281,112559,you,1235,10
18282,112564,Why,1235,10
18283,112568,do,1235,10
18284,112571,you,1235,10
18285,112575,put,1235,10
18286,112579,yourself,1235,10
18287,112588,above,1235,10
18288,112594,the,1235,10
18289,112598,Gods,1235,10
18290,112605,Why,1235,10
18291,112609,do,1235,10
18292,112612,you,1235,10
18293,112616,claim,1235,10
18294,112622,responsibility,1235,10
18295,112638,Why,1235,10
18296,112642,don,1235,10
18297,112646,t,1235,10
18298,112648,you,1235,10
18299,112652,want,1235,10
18300,112657,to,1235,10
18301,112660,go,1235,10
18302,112666,home,1235,10
18303,112675,Odysseus,1235,10
18304,112684,stares,1235,10
18305,112691,at,1235,10
18306,112694,her,1235,10
18307,112699,Thinking,1235,10
18308,112709,About,1235,10
18309,112715,to,1235,10
18310,112718,speak,1235,10
18311,112729,EURYLOCHUS,1236,10
18312,112742,O,1237,10
18313,112744,S,1237,10
18314,112749,What,1237,10
18315,112754,were,1237,10
18316,112759,they,1237,10
18317,112764,supposed,1237,10
18318,112773,to,1237,10
18319,112776,do,1237,10
18320,112784,Odysseus,1237,10
18321,112793,turns,1237,10
18322,112799,to,1237,10
18323,112802,see,1237,10
18324,112806,Eurylochus,1237,10
18325,112817,approaching,1237,10
18326,112830,Athena,1237,10
18327,112837,is,1237,10
18328,112840,gone,1237,10
18329,112849,EURYLOCHUS,1238,10
18330,112862,O,1239,10
18331,112864,S,1239,10
18332,112871,Our,1239,10
18333,112875,food,1239,10
18334,112880,ran,1239,10
18335,112884,out,1239,10
18336,112889,Have,1239,10
18337,112894,some,1239,10
18338,112899,pity,1239,10
18339,112908,Odysseus,1239,10
18340,112917,turns,1239,10
18341,112924,FURIOUS,1239,10
18342,112937,ODYSSEUS,1240,10
18343,112947,My,1240,10
18344,112950,pity,1240,10
18345,112955,put,1240,10
18346,112959,us,1240,10
18347,112962,on,1240,10
18348,112965,this,1240,10
18349,112970,damned,1240,10
18350,112977,island,1240,10
18351,112985,I,1240,10
18352,112987,told,1240,10
18353,112992,you,1240,10
18354,112996,what,1240,10
18355,113001,would,1240,10
18356,113008,happen,1240,10
18357,113019,EURYLOCHUS,1241,10
18358,113031,Yes,1241,10
18359,113036,you,1241,10
18360,113040,did,1241,10
18361,113045,And,1241,10
18362,113049,we,1241,10
18363,113052,decided,1241,10
18364,113060,that,1241,10
18365,113065,we,1241,10
18366,113068,d,1241,10
18367,113070,rather,1241,10
18368,113077,drown,1241,10
18369,113083,than,1241,10
18370,113088,starve,1241,10
18371,113099,Odysseus,1241,10
18372,113108,NOTICES,1241,10
18373,113119,the,1241,10
18374,113123,flag,1241,10
18375,113128,has,1241,10
18376,113132,STOPPED,1241,10
18377,113140,FLAPPING,1241,10
18378,113150,He,1241,10
18379,113154,POINTS,1241,10
18380,113161,at,1241,10
18381,113164,it,1241,10
18382,113172,ODYSSEUS,1242,10
18383,113184,Well,1242,10
18384,113190,here,1242,10
18385,113195,s,1242,10
18386,113197,our,1242,10
18387,113201,chance,1242,10
18388,113210,Eurylochus,1242,10
18389,113221,RUNS,1242,10
18390,113226,back,1242,10
18391,113231,towards,1242,10
18392,113239,the,1242,10
18393,113243,trees,1242,10
18394,113250,SHOUTING,1242,10
18395,113263,The,1242,10
18396,113267,Crew,1242,10
18397,113272,push,1242,10
18398,113277,the,1242,10
18399,113281,boat,1242,10
18400,113286,off,1242,10
18401,113290,the,1242,10
18402,113294,sand,1242,10
18403,113300,JUMPING,1242,10
18404,113308,aboard,1242,10
18405,113316,PULLING,1242,10
18406,113324,on,1242,10
18407,113328,the,1242,10
18408,113332,oars,1242,10
18409,113338,PUSHING,1242,10
18410,113346,out,1242,10
18411,113350,into,1242,10
18412,113355,the,1242,10
18413,113359,moonlight,1242,10
18414,113369,on,1242,10
18415,113372,the,1242,10
18416,113376,now,1242,10
18417,113380,calm,1242,10
18418,113385,sea,1242,10
18419,113395,ODYSSEUS,1243,10
18420,113406,V,1244,10
18421,113408,O,1244,10
18422,113413,The,1244,10
18423,113417,calm,1244,10
18424,113422,was,1244,10
18425,113426,just,1244,10
18426,113431,long,1244,10
18427,113436,enough,1244,10
18428,113443,to,1244,10
18429,113446,tempt,1244,10
18430,113452,us,1244,10
18431,113455,out,1244,10
18432,113459,onto,1244,10
18433,113464,Poseidon,1244,10
18434,113473,s,1244,10
18435,113476,ocean,1244,10
18436,113483,Under,1244,10
18437,113489,Zeus,1244,10
18438,113494,s,1244,10
18439,113496,sky,1244,10
18440,113506,EXT,1245,10
18441,113511,ODYSSEUS,1245,10
18442,113520,S,1245,10
18443,113522,SHIP,1245,10
18444,113529,NIGHT,1245,10
18445,113538,The,1246,10
18446,113542,ship,1246,10
18447,113547,PITCHES,1246,10
18448,113555,FRIGHTENINGLY,1246,10
18449,113569,down,1246,10
18450,113574,the,1246,10
18451,113578,back,1246,10
18452,113583,of,1246,10
18453,113586,a,1246,10
18454,113588,massive,1246,10
18455,113597,wave,1246,10
18456,113603,The,1246,10
18457,113607,crew,1246,10
18458,113612,CLING,1246,10
18459,113618,to,1246,10
18460,113621,the,1246,10
18461,113625,oars,1246,10
18462,113630,as,1246,10
18463,113633,the,1246,10
18464,113637,ship,1246,10
18465,113642,is,1246,10
18466,113645,SMASHED,1246,10
18467,113653,by,1246,10
18468,113656,waves,1246,10
18469,113663,and,1246,10
18470,113667,wind,1246,10
18471,113673,LIGHTNING,1246,10
18472,113683,FLASHES,1246,10
18473,113691,across,1246,10
18474,113698,a,1246,10
18475,113700,jagged,1246,10
18476,113708,merciless,1246,10
18477,113718,sea,1246,10
18478,113724,Odysseus,1246,10
18479,113733,HANGS,1246,10
18480,113739,ON,1246,10
18481,113742,to,1246,10
18482,113745,the,1246,10
18483,113749,rigging,1246,10
18484,113757,at,1246,10
18485,113760,the,1246,10
18486,113764,back,1246,10
18487,113769,of,1246,10
18488,113772,the,1246,10
18489,113776,ship,1246,10
18490,113783,Eurylochus,1246,10
18491,113794,tries,1246,10
18492,113800,to,1246,10
18493,113803,command,1246,10
18494,113811,the,1246,10
18495,113815,men,1246,10
18496,113821,SCREAMING,1246,10
18497,113831,into,1246,10
18498,113836,the,1246,10
18499,113841,HOWLING,1247,10
18500,113849,WIND,1247,10
18501,113860,EURYLOCHUS,1248,10
18502,113872,GET,1248,10
18503,113876,THE,1248,10
18504,113880,SAIL,1248,10
18505,113885,DOWN,1248,10
18506,113891,GET,1248,10
18507,113895,THE,1248,10
18508,113899,OARS,1248,10
18509,113904,OUT,1248,10
18510,113909,GATHER,1248,10
18511,113917,THE,1249,10
18512,113921,SAIL,1249,10
18513,113927,TURN,1249,10
18514,113932,INTO,1249,10
18515,113937,THE,1249,10
18516,113941,WIND,1249,10
18517,113950,ODYSSEUS,1250,10
18518,113960,EURYLOCHUS,1251,10
18519,113972,GRAB,1251,10
18520,113977,SOMETHING,1251,10
18521,113988,HANG,1251,10
18522,113993,ON,1251,10
18523,114000,Eurylochus,1251,10
18524,114011,is,1251,10
18525,114014,TOSSED,1251,10
18526,114021,like,1251,10
18527,114026,a,1251,10
18528,114028,rag,1251,10
18529,114032,doll,1251,10
18530,114037,as,1251,10
18531,114040,the,1251,10
18532,114044,ship,1251,10
18533,114049,BOTTOMS,1251,10
18534,114057,OUT,1251,10
18535,114061,at,1251,10
18536,114065,the,1251,10
18537,114069,foot,1251,10
18538,114074,of,1251,10
18539,114077,another,1251,10
18540,114085,wave,1251,10
18541,114092,Odysseus,1251,10
18542,114101,WRAPS,1251,10
18543,114107,his,1251,10
18544,114111,arms,1251,10
18545,114116,around,1251,10
18546,114123,the,1251,10
18547,114128,mast,1251,10
18548,114134,cheek,1251,10
18549,114140,pressed,1251,10
18550,114148,into,1251,10
18551,114153,the,1251,10
18552,114157,soaking,1251,10
18553,114165,wood,1251,10
18554,114176,he,1251,10
18555,114179,hears,1251,10
18556,114185,it,1251,10
18557,114188,CRACKING,1251,10
18558,114198,inside,1251,10
18559,114211,he,1251,10
18560,114214,JUMPS,1251,10
18561,114220,aside,1251,10
18562,114226,as,1251,10
18563,114229,the,1251,10
18564,114233,mast,1251,10
18565,114238,gives,1251,10
18566,114244,way,1251,10
18567,114249,the,1251,10
18568,114253,GIANT,1251,10
18569,114260,WOODEN,1251,10
18570,114267,BEAM,1251,10
18571,114272,PLUNGING,1251,10
18572,114281,DOWN,1251,10
18573,114286,ONTO,1251,10
18574,114291,THE,1251,10
18575,114295,DECK,1251,10
18576,114303,SMASHING,1251,10
18577,114312,EURYLOCHUS,1251,10
18578,114323,to,1251,10
18579,114326,the,1251,10
18580,114330,deck,1251,10
18581,114340,ODYSSEUS,1252,10
18582,114350,EURYLOCHUS,1253,10
18583,114365,Odysseus,1253,10
18584,114374,CRAWLS,1253,10
18585,114381,on,1253,10
18586,114384,his,1253,10
18587,114388,belly,1253,10
18588,114394,to,1253,10
18589,114397,GRAB,1253,10
18590,114402,Eurylochus,1253,10
18591,114413,s,1253,10
18592,114415,hand,1253,10
18593,114426,Eurylochus,1253,10
18594,114437,looks,1253,10
18595,114443,up,1253,10
18596,114446,at,1253,10
18597,114449,him,1253,10
18598,114454,BLINKING,1253,10
18599,114464,SEEKING,1253,10
18600,114472,HELP,1253,10
18601,114483,ODYSSEUS,1254,10
18602,114494,V,1255,10
18603,114496,O,1255,10
18604,114501,The,1255,10
18605,114505,last,1255,10
18606,114510,thing,1255,10
18607,114516,I,1255,10
18608,114518,remember,1255,10
18609,114527,was,1255,10
18610,114531,the,1255,10
18611,114535,harsh,1255,10
18612,114541,hand,1255,10
18613,114546,of,1255,10
18614,114549,Zeus,1255,10
18615,114560,A,1255,10
18616,114562,LIGHTNING,1255,10
18617,114572,BOLT,1255,10
18618,114577,DRILLS,1255,10
18619,114584,INTO,1255,10
18620,114589,THE,1255,10
18621,114593,SHIP,1255,10
18622,114599,CRACKING,1255,10
18623,114608,IT,1255,10
18624,114612,IN,1256,10
18625,114615,HALF,1256,10
18626,114626,Odysseus,1256,10
18627,114635,SCREAMS,1256,10
18628,114643,as,1256,10
18629,114646,Eurylochus,1256,10
18630,114657,and,1256,10
18631,114661,the,1256,10
18632,114665,crew,1256,10
18633,114670,are,1256,10
18634,114674,YANKED,1256,10
18635,114681,away,1256,10
18636,114687,from,1256,10
18637,114692,him,1256,10
18638,114696,on,1256,10
18639,114699,a,1256,10
18640,114701,splintered,1256,10
18641,114712,section,1256,10
18642,114720,of,1256,10
18643,114723,ship,1256,10
18644,114736,INT,1257,10
18645,114741,CALYPSO,1257,10
18646,114749,S,1257,10
18647,114751,CAVE,1257,10
18648,114758,NIGHT,1257,10
18649,114767,Odysseus,1258,10
18650,114776,stares,1258,10
18651,114783,into,1258,10
18652,114788,his,1258,10
18653,114792,wine,1258,10
18654,114803,ODYSSEUS,1259,10
18655,114813,I,1259,10
18656,114815,don,1259,10
18657,114819,t,1259,10
18658,114821,know,1259,10
18659,114826,what,1259,10
18660,114831,happened,1259,10
18661,114840,to,1259,10
18662,114843,my,1259,10
18663,114846,men,1259,10
18664,114854,CALYPSO,1260,10
18665,114863,Yes,1260,10
18666,114868,you,1260,10
18667,114872,do,1260,10
18668,114876,Exactly,1260,10
18669,114884,what,1260,10
18670,114889,you,1260,10
18671,114893,told,1260,10
18672,114898,them,1260,10
18673,114903,would,1260,10
18674,114909,happen,1260,10
18675,114920,He,1260,10
18676,114923,looks,1260,10
18677,114929,at,1260,10
18678,114932,her,1260,10
18679,114937,Nods,1260,10
18680,114942,gravely,1260,10
18681,114951,Looks,1260,10
18682,114957,at,1260,10
18683,114960,his,1260,10
18684,114964,surroundings,1260,10
18685,114986,ODYSSEUS,1261,10
18686,114996,I,1261,10
18687,114998,washed,1261,10
18688,115005,up,1261,10
18689,115008,on,1261,10
18690,115011,your,1261,10
18691,115016,shore,1261,10
18692,115022,alone,1261,10
18693,115032,CALYPSO,1262,10
18694,115041,You,1262,10
18695,115045,washed,1262,10
18696,115052,up,1262,10
18697,115055,on,1262,10
18698,115058,my,1262,10
18699,115061,shore,1262,10
18700,115073,EXT,1263,11
18701,115078,BEACH,1263,11
18702,115084,OUTSIDE,1263,11
18703,115092,CALYPSO,1263,11
18704,115100,S,1263,11
18705,115102,CAVE,1263,11
18706,115109,DAY,1263,11
18707,115115,FLASHBACK,1264,11
18708,115129,Odysseus,1264,11
18709,115138,lies,1264,11
18710,115143,on,1264,11
18711,115146,the,1264,11
18712,115150,beach,1264,11
18713,115157,surrounded,1264,11
18714,115168,by,1264,11
18715,115171,WRECKAGE,1264,11
18716,115184,CALYPSO,1265,11
18717,115194,V,1266,11
18718,115196,O,1266,11
18719,115201,With,1266,11
18720,115206,some,1266,11
18721,115211,of,1266,11
18722,115214,your,1266,11
18723,115219,boat,1266,11
18724,115225,And,1266,11
18725,115229,none,1266,11
18726,115234,of,1266,11
18727,115237,your,1266,11
18728,115242,crew,1266,11
18729,115251,Calypso,1266,11
18730,115259,looks,1266,11
18731,115265,down,1266,11
18732,115270,on,1266,11
18733,115273,the,1266,11
18734,115277,ragged,1266,11
18735,115284,unconscious,1266,11
18736,115296,sailor,1266,11
18737,115304,one,1266,11
18738,115308,fist,1266,11
18739,115314,clenched,1266,11
18740,115327,CALYPSO,1267,11
18741,115337,V,1268,11
18742,115339,O,1268,11
18743,115344,Half,1268,11
18744,115349,dead,1268,11
18745,115355,Unconscious,1268,11
18746,115371,INT,1269,11
18747,115376,CALYPSO,1269,11
18748,115384,S,1269,11
18749,115386,CAVE,1269,11
18750,115393,NIGHT,1269,11
18751,115402,Odysseus,1270,11
18752,115411,lies,1270,11
18753,115416,unconscious,1270,11
18754,115428,on,1270,11
18755,115431,a,1270,11
18756,115433,bed,1270,11
18757,115438,Calypso,1270,11
18758,115446,uses,1270,11
18759,115451,a,1270,11
18760,115453,cloth,1270,11
18761,115459,to,1270,11
18762,115462,clean,1270,11
18763,115468,his,1270,11
18764,115473,arms,1270,11
18765,115478,and,1270,11
18766,115482,hands,1270,11
18767,115489,His,1270,11
18768,115493,CLENCHED,1270,11
18769,115502,FIST,1270,11
18770,115507,will,1270,11
18771,115512,not,1270,11
18772,115516,open,1270,11
18773,115521,for,1270,11
18774,115525,her,1270,11
18775,115535,CALYPSO,1271,11
18776,115545,V,1272,11
18777,115547,O,1272,11
18778,115552,I,1272,11
18779,115554,watched,1272,11
18780,115562,you,1272,11
18781,115566,lost,1272,11
18782,115572,For,1272,11
18783,115576,days,1272,11
18784,115582,Into,1272,11
18785,115587,weeks,1272,11
18786,115597,Calypso,1272,11
18787,115605,crushes,1272,11
18788,115613,lotus,1272,11
18789,115619,flower,1272,11
18790,115626,in,1272,11
18791,115629,a,1272,11
18792,115631,mortar,1272,11
18793,115644,CALYPSO,1273,11
18794,115654,V,1274,11
18795,115656,O,1274,11
18796,115661,I,1274,11
18797,115663,knew,1274,11
18798,115668,the,1274,11
18799,115672,lotus,1274,11
18800,115678,would,1274,11
18801,115684,ease,1274,11
18802,115689,your,1274,11
18803,115694,awakening,1274,11
18804,115704,so,1274,11
18805,115707,your,1274,11
18806,115712,pain,1274,11
18807,115717,would,1274,11
18808,115724,be,1274,11
18809,115727,more,1274,11
18810,115732,of,1274,11
18811,115735,the,1274,11
18812,115739,body,1274,11
18813,115744,than,1274,11
18814,115749,the,1274,11
18815,115753,mind,1274,11
18816,115762,She,1274,11
18817,115766,gives,1274,11
18818,115772,him,1274,11
18819,115776,a,1274,11
18820,115778,drink,1274,11
18821,115784,to,1274,11
18822,115787,sip,1274,11
18823,115792,His,1274,11
18824,115796,eyes,1274,11
18825,115802,barely,1274,11
18826,115809,conscious,1274,11
18827,115820,take,1274,11
18828,115825,her,1274,11
18829,115829,in,1274,11
18830,115836,CALYPSO,1275,11
18831,115846,V,1276,11
18832,115848,O,1276,11
18833,115853,And,1276,11
18834,115857,it,1276,11
18835,115860,did,1276,11
18836,115865,You,1276,11
18837,115869,liked,1276,11
18838,115875,it,1276,11
18839,115878,so,1276,11
18840,115881,much,1276,11
18841,115887,and,1276,11
18842,115891,ate,1276,11
18843,115895,it,1276,11
18844,115898,so,1276,11
18845,115901,happily,1276,11
18846,115916,Odysseus,1276,11
18847,115925,eats,1276,11
18848,115931,hungrily,1276,11
18849,115941,He,1276,11
18850,115944,smiles,1276,11
18851,115951,at,1276,11
18852,115954,Calypso,1276,11
18853,115968,CALYPSO,1277,11
18854,115978,V,1278,11
18855,115980,O,1278,11
18856,115985,And,1278,11
18857,115989,as,1278,11
18858,115992,I,1278,11
18859,115994,cared,1278,11
18860,116000,for,1278,11
18861,116004,you,1278,11
18862,116008,I,1278,11
18863,116010,came,1278,11
18864,116015,to,1278,11
18865,116018,love,1278,11
18866,116023,you,1278,11
18867,116031,INT,1279,11
18868,116036,CALYPSO,1279,11
18869,116044,S,1279,11
18870,116046,CAVE,1279,11
18871,116053,NIGHT,1279,11
18872,116060,PRESENT,1279,11
18873,116072,Odysseus,1280,11
18874,116081,stares,1280,11
18875,116088,at,1280,11
18876,116091,Calypso,1280,11
18877,116100,Concerned,1280,11
18878,116114,ODYSSEUS,1281,11
18879,116126,How,1281,11
18880,116130,long,1281,11
18881,116135,have,1281,11
18882,116140,I,1281,11
18883,116142,been,1281,11
18884,116147,here,1281,11
18885,116156,CALYPSO,1282,11
18886,116165,I,1282,11
18887,116167,kept,1282,11
18888,116172,telling,1282,11
18889,116180,myself,1282,11
18890,116187,to,1282,11
18891,116190,stop,1282,11
18892,116195,giving,1282,11
18893,116202,it,1282,11
18894,116205,to,1282,11
18895,116208,you,1282,11
18896,116213,That,1282,11
18897,116218,you,1282,11
18898,116222,were,1282,11
18899,116227,strong,1282,11
18900,116235,enough,1282,11
18901,116242,to,1282,11
18902,116245,remember,1282,11
18903,116260,ODYSSEUS,1283,11
18904,116270,How,1283,11
18905,116274,long,1283,11
18906,116280,Calypso,1283,11
18907,116292,CALYPSO,1284,11
18908,116303,But,1284,11
18909,116307,you,1284,11
18910,116311,were,1284,11
18911,116316,so,1284,11
18912,116319,happy,1284,11
18913,116329,ODYSSEUS,1285,11
18914,116339,You,1285,11
18915,116343,were,1285,11
18916,116348,happy,1285,11
18917,116358,CALYPSO,1286,11
18918,116367,We,1286,11
18919,116370,were,1286,11
18920,116375,happy,1286,11
18921,116382,For,1286,11
18922,116386,years,1286,11
18923,116396,ODYSSEUS,1287,11
18924,116406,Years,1287,11
18925,116417,CALYPSO,1288,11
18926,116426,Seven,1288,11
18927,116432,years,1288,11
18928,116442,Odysseus,1288,11
18929,116451,takes,1288,11
18930,116457,this,1288,11
18931,116462,in,1288,11
18932,116466,He,1288,11
18933,116469,looks,1288,11
18934,116475,at,1288,11
18935,116478,her,1288,11
18936,116483,quiet,1288,11
18937,116498,ODYSSEUS,1289,11
18938,116510,You,1289,11
18939,116514,fed,1289,11
18940,116518,me,1289,11
18941,116521,lotus,1289,11
18942,116527,flower,1289,11
18943,116534,and,1289,11
18944,116538,held,1289,11
18945,116543,me,1289,11
18946,116546,captive,1289,11
18947,116559,CALYPSO,1290,11
18948,116568,I,1290,11
18949,116570,saved,1290,11
18950,116576,your,1290,11
18951,116581,life,1290,11
18952,116590,Odysseus,1290,11
18953,116599,shakes,1290,11
18954,116606,his,1290,11
18955,116610,head,1290,11
18956,116616,Lost,1290,11
18957,116629,CALYPSO,1291,11
18958,116638,I,1291,11
18959,116640,rebuilt,1291,11
18960,116648,your,1291,11
18961,116653,body,1291,11
18962,116659,But,1291,11
18963,116663,I,1291,11
18964,116665,couldn,1291,11
18965,116672,t,1291,11
18966,116674,bring,1291,11
18967,116680,myself,1291,11
18968,116687,to,1291,11
18969,116690,rebuild,1291,11
18970,116698,your,1291,11
18971,116704,mind,1291,11
18972,116710,And,1291,11
18973,116714,you,1291,11
18974,116718,ve,1291,11
18975,116721,been,1291,11
18976,116726,happy,1291,11
18977,116733,But,1291,11
18978,116737,your,1291,11
18979,116742,heart,1291,11
18980,116748,was,1291,11
18981,116752,always,1291,11
18982,116760,elsewhere,1291,11
18983,116771,your,1291,11
18984,116776,mind,1291,11
18985,116781,was,1291,11
18986,116785,bound,1291,11
18987,116791,to,1291,11
18988,116794,follow,1291,11
18989,116801,eventually,1291,11
18990,116816,ODYSSEUS,1292,11
18991,116828,How,1292,11
18992,116832,could,1292,11
18993,116838,you,1292,11
18994,116846,CALYPSO,1293,11
18995,116855,The,1293,11
18996,116859,lotus,1293,11
18997,116865,clouds,1293,11
18998,116872,the,1293,11
18999,116876,mind,1293,11
19000,116881,and,1293,11
19001,116885,saps,1293,11
19002,116890,the,1293,11
19003,116894,will,1293,11
19004,116901,but,1293,11
19005,116905,it,1293,11
19006,116908,doesn,1293,11
19007,116914,t,1293,11
19008,116917,change,1293,11
19009,116924,who,1293,11
19010,116928,you,1293,11
19011,116932,are,1293,11
19012,116937,You,1293,11
19013,116941,weren,1293,11
19014,116947,t,1293,11
19015,116949,ready,1293,11
19016,116955,to,1293,11
19017,116958,go,1293,11
19018,116961,home,1293,11
19019,116967,for,1293,11
19020,116971,whatever,1293,11
19021,116981,reason,1293,11
19022,116992,ODYSSEUS,1294,11
19023,117004,Iam,1294,11
19024,117008,now,1294,11
19025,117016,CALYPSO,1295,11
19026,117025,As,1295,11
19027,117028,Lalways,1295,11
19028,117036,knew,1295,11
19029,117041,you,1295,11
19030,117045,would,1295,11
19031,117051,be,1295,11
19032,117058,ODYSSEUS,1296,11
19033,117068,How,1296,11
19034,117076,CALYPSO,1297,11
19035,117085,You,1297,11
19036,117089,were,1297,11
19037,117094,clutching,1297,11
19038,117104,something,1297,11
19039,117114,when,1297,11
19040,117119,I,1297,11
19041,117121,found,1297,11
19042,117127,you,1297,11
19043,117132,Your,1297,11
19044,117137,hand,1297,11
19045,117143,didn,1297,11
19046,117148,t,1297,11
19047,117150,open,1297,11
19048,117155,for,1297,11
19049,117159,weeks,1297,11
19050,117171,She,1297,11
19051,117175,holds,1297,11
19052,117181,out,1297,11
19053,117185,the,1297,11
19054,117189,golden,1297,11
19055,117196,pin,1297,11
19056,117200,of,1297,11
19057,117203,Athena,1297,11
19058,117210,given,1297,11
19059,117216,to,1297,11
19060,117219,him,1297,11
19061,117223,by,1297,11
19062,117226,Penelope,1297,11
19063,117241,CALYPSO,1298,11
19064,117250,You,1298,11
19065,117254,used,1298,11
19066,117259,to,1298,11
19067,117262,call,1298,11
19068,117267,out,1298,11
19069,117271,in,1298,11
19070,117274,your,1298,11
19071,117279,sleep,1298,11
19072,117286,Mostly,1298,11
19073,117293,to,1298,11
19074,117296,Athena,1298,11
19075,117304,but,1298,11
19076,117309,sometimes,1298,11
19077,117319,you,1298,11
19078,117323,d,1298,11
19079,117325,say,1298,11
19080,117329,another,1298,11
19081,117337,name,1298,11
19082,117348,Odysseus,1298,11
19083,117357,takes,1298,11
19084,117363,the,1298,11
19085,117367,golden,1298,11
19086,117374,pin,1298,11
19087,117379,turns,1298,11
19088,117385,it,1298,11
19089,117388,in,1298,11
19090,117391,his,1298,11
19091,117395,fingers,1298,11
19092,117405,remembers,1298,11
19093,117415,with,1298,11
19094,117421,a,1298,11
19095,117423,JOLT,1298,11
19096,117433,ODYSSEUS,1299,11
19097,117445,Penelope,1299,11
19098,117458,Calypso,1299,11
19099,117466,nods,1299,11
19100,117472,Odysseus,1299,11
19101,117481,REELS,1299,11
19102,117487,with,1299,11
19103,117492,the,1299,11
19104,117496,flood,1299,11
19105,117502,of,1299,11
19106,117505,memories,1299,11
19107,117522,ODYSSEUS,1300,11
19108,117534,Help,1300,11
19109,117539,me,1300,11
19110,117542,go,1300,11
19111,117545,home,1300,11
19112,117554,CALYPSO,1301,11
19113,117563,lam,1301,11
19114,117571,EXT,1302,11
19115,117576,BEACH,1302,11
19116,117582,OUTSIDE,1302,11
19117,117590,CALYPSO,1302,11
19118,117598,S,1302,11
19119,117600,CAVE,1302,11
19120,117608,DAY,1302,11
19121,117615,Odysseus,1303,11
19122,117624,STRAPS,1303,11
19123,117631,the,1303,11
19124,117635,planks,1303,11
19125,117642,of,1303,11
19126,117645,his,1303,11
19127,117649,CRUDE,1303,11
19128,117655,RAFT,1303,11
19129,117660,together,1303,11
19130,117673,CALYPSO,1304,11
19131,117683,V,1305,11
19132,117685,O,1305,11
19133,117690,You,1305,11
19134,117694,re,1305,11
19135,117697,a,1305,11
19136,117699,man,1305,11
19137,117703,who,1305,11
19138,117707,needs,1305,11
19139,117713,to,1305,11
19140,117716,control,1305,11
19141,117724,his,1305,11
19142,117728,fate,1305,11
19143,117734,but,1305,11
19144,117738,you,1305,11
19145,117742,cannot,1305,11
19146,117750,control,1305,11
19147,117758,this,1305,11
19148,117769,He,1305,11
19149,117772,pulls,1305,11
19150,117778,it,1305,11
19151,117781,down,1305,11
19152,117786,to,1305,11
19153,117789,the,1305,11
19154,117793,shore,1305,11
19155,117805,CALYPSO,1306,11
19156,117815,V,1307,11
19157,117817,O,1307,11
19158,117822,You,1307,11
19159,117826,must,1307,11
19160,117831,give,1307,11
19161,117836,yourself,1307,11
19162,117845,to,1307,11
19163,117848,the,1307,11
19164,117852,storm,1307,11
19165,117859,give,1307,11
19166,117864,yourself,1307,11
19167,117873,to,1307,11
19168,117876,Poseidon,1307,11
19169,117887,take,1307,11
19170,117892,your,1307,11
19171,117897,punishment,1307,11
19172,117914,Pushes,1307,11
19173,117921,it,1307,11
19174,117924,out,1307,11
19175,117928,onto,1307,11
19176,117933,the,1307,11
19177,117937,waves,1307,11
19178,117948,Calypso,1307,11
19179,117956,watches,1307,11
19180,117970,CALYPSO,1308,11
19181,117980,V,1309,11
19182,117982,O,1309,11
19183,117987,Zeus,1309,11
19184,117992,won,1309,11
19185,117996,t,1309,11
19186,117998,let,1309,11
19187,118002,him,1309,11
19188,118006,kill,1309,11
19189,118011,you,1309,11
19190,118021,EXT,1310,11
19191,118026,RAFT,1310,11
19192,118033,DAY,1310,11
19193,118040,Odysseus,1311,11
19194,118049,lies,1311,11
19195,118054,back,1311,11
19196,118059,on,1311,11
19197,118062,the,1311,11
19198,118066,raft,1311,11
19199,118072,staring,1311,11
19200,118080,at,1311,11
19201,118083,the,1311,11
19202,118087,sky,1311,11
19203,118092,riding,1311,11
19204,118099,the,1311,11
19205,118103,swell,1311,11
19206,118113,DRIFTING,1311,11
19207,118125,as,1311,11
19208,118128,the,1311,11
19209,118132,sea,1311,11
19210,118136,RISES,1311,11
19211,118148,CALYPSO,1312,11
19212,118158,V,1313,11
19213,118160,O,1313,11
19214,118165,Give,1313,11
19215,118170,up,1313,11
19216,118173,the,1313,11
19217,118177,fight,1313,11
19218,118184,Give,1313,11
19219,118189,up,1313,11
19220,118192,control,1313,11
19221,118201,And,1313,11
19222,118205,live,1313,11
19223,118211,It,1313,11
19224,118214,s,1313,11
19225,118216,a,1313,11
19226,118218,leap,1313,11
19227,118223,of,1313,11
19228,118226,faith,1313,11
19229,118233,you,1313,11
19230,118237,ve,1313,11
19231,118240,never,1313,11
19232,118246,yet,1313,11
19233,118250,made,1313,11
19234,118256,Odysseus,1313,11
19235,118269,Close,1313,11
19236,118275,on,1313,11
19237,118278,Odysseus,1313,11
19238,118287,as,1313,11
19239,118290,he,1313,11
19240,118293,CLINGS,1313,11
19241,118300,to,1313,11
19242,118303,the,1313,11
19243,118307,raft,1313,11
19244,118313,WATER,1313,11
19245,118319,STREAMING,1313,11
19246,118330,ACROSS,1313,11
19247,118337,HIM,1313,11
19248,118342,ENDLESSLY,1313,11
19249,118356,DROWNING,1313,11
19250,118371,CLEARLY,1313,11
19251,118380,DROWNING,1314,11
19252,118395,INSERT,1314,11
19253,118402,CUT,1314,11
19254,118407,a,1314,11
19255,118409,BRONZE,1314,11
19256,118416,SWORD,1314,11
19257,118422,DECAPITATES,1314,11
19258,118434,a,1314,11
19259,118436,STONE,1314,11
19260,118443,STATUE,1314,11
19261,118450,OF,1314,11
19262,118453,ATHENA,1314,11
19263,118461,SPARKING,1314,11
19264,118471,the,1314,11
19265,118475,head,1314,11
19266,118480,TUMBLING,1314,11
19267,118489,in,1314,11
19268,118493,FLICKERING,1314,11
19269,118504,FIRELIGHT,1314,11
19270,118515,It,1314,11
19271,118518,comes,1314,11
19272,118524,to,1314,11
19273,118527,rest,1314,11
19274,118532,on,1314,11
19275,118535,FILTHY,1314,11
19276,118542,MARBLE,1314,11
19277,118551,ROCKING,1314,11
19278,118559,from,1314,11
19279,118564,side,1314,11
19280,118569,to,1314,11
19281,118572,side,1314,11
19282,118577,as,1314,11
19283,118580,if,1314,11
19284,118583,SHAKING,1314,11
19285,118591,HER,1314,11
19286,118595,HEAD,1314,11
19287,118607,EXT,1315,11
19288,118612,FOGGY,1315,11
19289,118618,BEACH,1315,11
19290,118627,DAWN,1315,11
19291,118635,Odysseus,1316,11
19292,118644,lies,1316,11
19293,118649,on,1316,11
19294,118652,his,1316,11
19295,118656,back,1316,11
19296,118662,staring,1316,11
19297,118670,up,1316,11
19298,118673,at,1316,11
19299,118676,the,1316,11
19300,118680,sky,1316,11
19301,118690,FEMALE,1317,11
19302,118697,VOICE,1317,11
19303,118707,O,1318,11
19304,118709,S,1318,11
19305,118714,Odysseus,1318,11
19306,118727,Odysseus,1318,11
19307,118736,raises,1318,11
19308,118743,his,1318,11
19309,118747,head,1318,11
19310,118753,Athena,1318,11
19311,118760,is,1318,11
19312,118763,sitting,1318,11
19313,118771,further,1318,11
19314,118779,up,1318,11
19315,118782,the,1318,11
19316,118786,sand,1318,11
19317,118795,ODYSSEUS,1319,11
19318,118805,Where,1319,11
19319,118811,am,1319,11
19320,118814,I,1319,11
19321,118820,Athena,1319,11
19322,118827,smiles,1319,11
19323,118834,at,1319,11
19324,118837,him,1319,11
19325,118845,ATHENA,1320,11
19326,118853,Don,1320,11
19327,118857,t,1320,11
19328,118859,you,1320,11
19329,118863,recognize,1320,11
19330,118873,your,1320,11
19331,118878,own,1320,11
19332,118882,home,1320,11
19333,118891,Odysseus,1320,11
19334,118900,looks,1320,11
19335,118906,around,1320,11
19336,118914,Dazed,1320,11
19337,118924,ODYSSEUS,1321,11
19338,118934,Ithaca,1321,11
19339,118945,Athena,1321,11
19340,118952,is,1321,11
19341,118955,gone,1321,11
19342,118961,Odysseus,1321,11
19343,118971,Old,1321,11
19344,118976,grey,1321,11
19345,118981,bearded,1321,11
19346,118990,ragged,1321,11
19347,118998,weathered,1321,11
19348,119010,stumbles,1321,11
19349,119019,up,1321,11
19350,119022,the,1321,11
19351,119026,shore,1321,11
19352,119032,of,1321,11
19353,119035,his,1321,11
19354,119039,beloved,1321,11
19355,119047,Ithaca,1321,11
19356,119055,Home,1321,11
19357,119060,at,1321,11
19358,119063,last,1321,11
19359,119072,EXT,1322,11
19360,119077,CLIFFS,1322,11
19361,119084,OF,1322,11
19362,119087,ITHACA,1322,11
19363,119096,DAY,1322,11
19364,119103,Eumaeus,1323,11
19365,119111,is,1323,11
19366,119114,tending,1323,11
19367,119122,the,1323,11
19368,119126,pigs,1323,11
19369,119131,with,1323,11
19370,119136,his,1323,11
19371,119140,dogs,1323,11
19372,119146,One,1323,11
19373,119150,of,1323,11
19374,119153,them,1323,11
19375,119158,starts,1323,11
19376,119166,BARKING,1323,11
19377,119175,Eumaeus,1323,11
19378,119183,follows,1323,11
19379,119191,the,1323,11
19380,119195,barking,1323,11
19381,119203,dog,1323,11
19382,119207,to,1323,11
19383,119210,the,1323,11
19384,119214,fence,1323,11
19385,119224,EUMAEUS,1324,11
19386,119233,Who,1324,11
19387,119237,s,1324,11
19388,119239,there,1324,11
19389,119249,It,1324,11
19390,119252,is,1324,11
19391,119255,Irus,1324,11
19392,119261,With,1324,11
19393,119266,a,1324,11
19394,119268,group,1324,11
19395,119274,of,1324,11
19396,119277,BANDITS,1324,11
19397,119291,IRUS,1325,11
19398,119297,We,1325,11
19399,119300,need,1325,11
19400,119305,food,1325,11
19401,119314,Several,1325,11
19402,119322,young,1325,11
19403,119328,FARMHANDS,1325,11
19404,119338,have,1325,11
19405,119343,gathered,1325,11
19406,119352,behind,1325,11
19407,119359,Eumaeus,1325,11
19408,119367,to,1325,11
19409,119370,quiet,1325,11
19410,119377,the,1325,11
19411,119381,dogs,1325,11
19412,119387,Eumaeus,1325,11
19413,119395,s,1325,11
19414,119397,words,1325,11
19415,119403,are,1325,11
19416,119407,friendly,1325,11
19417,119417,but,1325,11
19418,119421,the,1325,11
19419,119425,tone,1325,11
19420,119430,shows,1325,11
19421,119436,CLEAR,1325,11
19422,119443,DISTRUST,1326,11
19423,119456,EUMAEUS,1327,11
19424,119467,Zeus,1327,11
19425,119472,welcomes,1327,11
19426,119481,you,1327,11
19427,119486,strangers,1327,11
19428,119497,How,1327,11
19429,119501,many,1327,11
19430,119506,are,1327,11
19431,119510,you,1327,11
19432,119518,Irus,1327,11
19433,119523,leans,1327,11
19434,119529,on,1327,11
19435,119532,the,1327,11
19436,119536,gate,1327,11
19437,119547,quietly,1327,11
19438,119555,opening,1327,11
19439,119563,it,1327,11
19440,119572,IRUS,1328,11
19441,119578,A,1328,11
19442,119580,dozen,1328,11
19443,119590,The,1328,11
19444,119594,Bandits,1328,11
19445,119602,quietly,1328,11
19446,119610,come,1328,11
19447,119615,through,1328,11
19448,119623,the,1328,11
19449,119627,fence,1328,11
19450,119633,to,1328,11
19451,119636,surround,1328,11
19452,119645,Eumaeus,1328,11
19453,119654,The,1328,11
19454,119659,dogs,1328,11
19455,119664,Bark,1328,11
19456,119670,Eumaeus,1328,11
19457,119678,SHUSHES,1328,11
19458,119686,them,1328,11
19459,119692,sternly,1328,11
19460,119704,EUMAEUS,1329,11
19461,119713,In,1329,11
19462,119716,need,1329,11
19463,119721,of,1329,11
19464,119724,a,1329,11
19465,119726,meal,1329,11
19466,119735,IRUS,1330,11
19467,119741,And,1330,11
19468,119745,supplies,1330,11
19469,119755,For,1330,11
19470,119759,the,1330,11
19471,119763,road,1330,11
19472,119772,EUMAEUS,1331,11
19473,119781,Where,1331,11
19474,119787,are,1331,11
19475,119791,you,1331,11
19476,119795,headed,1331,11
19477,119806,IRUS,1332,11
19478,119812,We,1332,11
19479,119815,need,1332,11
19480,119820,pigs,1332,11
19481,119827,we,1332,11
19482,119830,re,1332,11
19483,119833,going,1332,11
19484,119839,all,1332,11
19485,119843,the,1332,11
19486,119847,way,1332,11
19487,119851,to,1332,11
19488,119854,Pylos,1332,11
19489,119864,EUMAEUS,1333,11
19490,119873,Are,1333,11
19491,119877,you,1333,11
19492,119881,pilgrims,1333,11
19493,119892,Several,1333,11
19494,119900,Bandits,1333,11
19495,119908,LAUGH,1333,11
19496,119918,IRUS,1334,11
19497,119924,Do,1334,11
19498,119927,we,1334,11
19499,119930,look,1334,11
19500,119935,like,1334,11
19501,119940,pilgrims,1334,11
19502,119953,EUMAEUS,1335,11
19503,119962,I,1335,11
19504,119964,don,1335,11
19505,119968,t,1335,11
19506,119970,see,1335,11
19507,119974,well,1335,11
19508,119980,Zeus,1335,11
19509,119985,demands,1335,11
19510,119993,I,1335,11
19511,119995,offer,1335,11
19512,120001,you,1335,11
19513,120005,a,1335,11
19514,120007,meal,1335,11
19515,120013,but,1335,11
19516,120017,these,1335,11
19517,120023,pigs,1335,11
19518,120029,aren,1335,11
19519,120034,t,1335,11
19520,120036,mine,1335,11
19521,120041,to,1335,11
19522,120044,sell,1335,11
19523,120053,IRUS,1336,11
19524,120059,Don,1336,11
19525,120063,t,1336,11
19526,120065,worry,1336,11
19527,120072,we,1336,11
19528,120075,re,1336,11
19529,120078,not,1336,11
19530,120082,paying,1336,11
19531,120095,Irus,1336,11
19532,120100,nods,1336,11
19533,120105,at,1336,11
19534,120108,his,1336,11
19535,120112,men,1336,11
19536,120116,who,1336,11
19537,120120,DRAW,1336,11
19538,120125,BRONZE,1336,11
19539,120132,with,1336,11
19540,120137,a,1336,11
19541,120139,distinctive,1336,11
19542,120152,SCRAPE,1336,11
19543,120163,the,1336,11
19544,120167,dogs,1336,11
19545,120172,BARK,1336,11
19546,120183,the,1336,11
19547,120187,Farmhands,1336,11
19548,120197,RUN,1336,11
19549,120202,SCREAMING,1336,11
19550,120215,Eumaeus,1336,11
19551,120223,swings,1336,11
19552,120230,his,1336,11
19553,120234,stick,1336,11
19554,120240,blindly,1336,11
19555,120256,INT,1337,11
19556,120261,PALACE,1337,11
19557,120268,OF,1337,11
19558,120271,MENELAUS,1337,11
19559,120282,DAY,1337,11
19560,120289,Telemachus,1338,11
19561,120300,and,1338,11
19562,120304,Mentor,1338,11
19563,120311,approach,1338,11
19564,120320,the,1338,11
19565,120324,throne,1338,11
19566,120332,Menelaus,1338,11
19567,120341,and,1338,11
19568,120345,Helen,1338,11
19569,120351,sit,1338,11
19570,120357,waiting,1338,11
19571,120365,to,1338,11
19572,120368,receive,1338,11
19573,120376,them,1338,11
19574,120385,TELEMACHUS,1339,11
19575,120397,Thank,1339,11
19576,120403,you,1339,11
19577,120407,for,1339,11
19578,120411,your,1339,11
19579,120416,hospitality,1339,11
19580,120429,And,1339,11
19581,120433,your,1339,11
19582,120438,advice,1339,11
19583,120449,HELEN,1340,11
19584,120456,Are,1340,11
19585,120460,you,1340,11
19586,120464,sure,1340,11
19587,120469,you,1340,11
19588,120473,have,1340,11
19589,120478,to,1340,11
19590,120481,leave,1340,11
19591,120487,us,1340,11
19592,120494,Telemachus,1340,11
19593,120505,looks,1340,11
19594,120511,at,1340,11
19595,120514,Menelaus,1340,11
19596,120527,TELEMACHUS,1341,11
19597,120539,I,1341,11
19598,120541,m,1341,11
19599,120543,sure,1341,11
19600,120549,I,1341,11
19601,120551,should,1341,11
19602,120558,be,1341,11
19603,120561,at,1341,11
19604,120564,home,1341,11
19605,120573,HELEN,1342,11
19606,120580,Give,1342,11
19607,120585,my,1342,11
19608,120588,greetings,1342,11
19609,120598,to,1342,11
19610,120601,your,1342,11
19611,120606,mother,1342,11
19612,120617,MENELAUS,1343,11
19613,120627,I,1343,11
19614,120629,m,1343,11
19615,120631,sorry,1343,11
19616,120637,I,1343,11
19617,120639,had,1343,11
19618,120643,no,1343,11
19619,120646,news,1343,11
19620,120651,of,1343,11
19621,120654,your,1343,11
19622,120659,father,1343,11
19623,120670,TELEMACHUS,1344,11
19624,120682,You,1344,11
19625,120686,had,1344,11
19626,120690,news,1344,11
19627,120696,Not,1344,11
19628,120700,where,1344,11
19629,120706,he,1344,11
19630,120709,is,1344,11
19631,120713,but,1344,11
19632,120717,who,1344,11
19633,120721,he,1344,11
19634,120724,is,1344,11
19635,120728,And,1344,11
19636,120732,now,1344,11
19637,120736,more,1344,11
19638,120742,than,1344,11
19639,120747,ever,1344,11
19640,120758,EXT,1345,11
19641,120763,CLIFFS,1345,11
19642,120770,OF,1345,11
19643,120773,ITHACA,1345,11
19644,120782,EVENING,1345,11
19645,120793,Odysseus,1346,11
19646,120803,hooded,1346,11
19647,120810,and,1346,11
19648,120814,cloaked,1346,11
19649,120822,as,1346,11
19650,120825,a,1346,11
19651,120827,beggar,1346,11
19652,120835,walks,1346,11
19653,120841,up,1346,11
19654,120844,the,1346,11
19655,120848,road,1346,11
19656,120854,tasting,1346,11
19657,120863,the,1346,11
19658,120867,air,1346,11
19659,120871,of,1346,11
19660,120874,home,1346,11
19661,120880,contented,1346,11
19662,120891,Heading,1346,11
19663,120899,towards,1346,11
19664,120907,some,1346,11
19665,120912,PLUMES,1346,11
19666,120919,OF,1346,11
19667,120923,SMOKE,1347,11
19668,120933,TELEMACHUS,1348,11
19669,120946,V,1349,11
19670,120948,O,1349,11
19671,120953,I,1349,11
19672,120955,hope,1349,11
19673,120960,to,1349,11
19674,120963,meet,1349,11
19675,120968,him,1349,11
19676,120972,one,1349,11
19677,120976,day,1349,11
19678,120984,Recognizing,1349,11
19679,120997,in,1349,11
19680,121000,the,1349,11
19681,121004,distance,1349,11
19682,121014,his,1349,11
19683,121018,pig,1349,11
19684,121022,farm,1349,11
19685,121028,he,1349,11
19686,121031,smiles,1349,11
19687,121046,As,1349,11
19688,121049,he,1349,11
19689,121052,comes,1349,11
19690,121058,closer,1349,11
19691,121065,he,1349,11
19692,121068,sees,1349,11
19693,121073,Eumaeus,1349,11
19694,121082,with,1349,11
19695,121087,a,1349,11
19696,121089,young,1349,11
19697,121095,Farmhand,1349,11
19698,121105,tending,1349,11
19699,121114,to,1349,11
19700,121117,one,1349,11
19701,121121,of,1349,11
19702,121124,several,1349,11
19703,121132,LARGE,1349,11
19704,121138,BONFIRES,1349,11
19705,121148,Odysseus,1349,11
19706,121157,smiles,1349,11
19707,121164,at,1349,11
19708,121167,the,1349,11
19709,121171,sight,1349,11
19710,121177,of,1349,11
19711,121181,his,1349,11
19712,121185,old,1349,11
19713,121189,friend,1349,11
19714,121197,As,1349,11
19715,121200,he,1349,11
19716,121203,approaches,1349,11
19717,121214,he,1349,11
19718,121217,calls,1349,11
19719,121223,out,1349,11
19720,121232,ODYSSEUS,1350,11
19721,121244,Where,1350,11
19722,121250,are,1350,11
19723,121254,your,1350,11
19724,121259,watchdogs,1350,11
19725,121270,old,1350,11
19726,121274,man,1350,11
19727,121283,Eumaeus,1350,11
19728,121292,BRUISED,1350,11
19729,121300,and,1350,11
19730,121304,BLOODY,1350,11
19731,121312,turns,1350,11
19732,121318,tearful,1350,11
19733,121327,sightless,1350,11
19734,121337,eyes,1350,11
19735,121343,towards,1350,11
19736,121351,Odysseus,1350,11
19737,121366,EUMAEUS,1351,11
19738,121375,I,1351,11
19739,121377,m,1351,11
19740,121379,burning,1351,11
19741,121387,their,1351,11
19742,121393,bodies,1351,11
19743,121404,Odysseus,1351,11
19744,121413,s,1351,11
19745,121415,smile,1351,11
19746,121421,falls,1351,11
19747,121428,The,1351,11
19748,121432,battered,1351,11
19749,121441,old,1351,11
19750,121445,man,1351,11
19751,121449,gathers,1351,11
19752,121457,his,1351,11
19753,121461,dignity,1351,11
19754,121478,EUMAEUS,1352,11
19755,121487,Can,1352,11
19756,121491,Zeus,1352,11
19757,121496,offer,1352,11
19758,121502,you,1352,11
19759,121506,food,1352,11
19760,121511,and,1352,11
19761,121515,drink,1352,11
19762,121522,stranger,1352,11
19763,121535,Eumaeus,1352,11
19764,121543,sends,1352,11
19765,121549,off,1352,11
19766,121553,his,1352,11
19767,121557,Farmhand,1352,11
19768,121567,Odysseus,1352,11
19769,121576,looks,1352,11
19770,121583,appalled,1352,11
19771,121593,Eumaeus,1352,11
19772,121602,is,1352,11
19773,121605,on,1352,11
19774,121608,the,1352,11
19775,121612,verge,1352,11
19776,121618,of,1352,11
19777,121621,collapse,1352,11
19778,121636,ODYSSEUS,1353,11
19779,121646,Were,1353,11
19780,121651,you,1353,11
19781,121655,attacked,1353,11
19782,121668,Eumaeus,1353,11
19783,121676,nods,1353,11
19784,121682,Odysseus,1353,11
19785,121691,watches,1353,11
19786,121699,the,1353,11
19787,121703,young,1353,11
19788,121709,Farmhand,1353,11
19789,121718,walking,1353,11
19790,121726,to,1353,11
19791,121729,the,1353,11
19792,121734,farmhouse,1353,11
19793,121752,ODYSSEUS,1354,11
19794,121762,The,1354,11
19795,121766,dogs,1354,11
19796,121771,saved,1354,11
19797,121777,your,1354,11
19798,121782,farmhands,1354,11
19799,121796,Eumaeus,1354,11
19800,121804,shakes,1354,11
19801,121811,his,1354,11
19802,121815,head,1354,11
19803,121826,EUMAEUS,1355,11
19804,121835,We,1355,11
19805,121838,burned,1355,11
19806,121845,his,1355,11
19807,121849,brothers,1355,11
19808,121858,first,1355,11
19809,121868,Odysseus,1355,11
19810,121877,looks,1355,11
19811,121883,at,1355,11
19812,121886,the,1355,11
19813,121890,other,1355,11
19814,121896,fires,1355,11
19815,121902,with,1355,11
19816,121907,suppressed,1355,11
19817,121918,rage,1355,11
19818,121927,ODYSSEUS,1356,11
19819,121937,What,1356,11
19820,121942,s,1356,11
19821,121944,happened,1356,11
19822,121953,to,1356,11
19823,121956,Ithaca,1356,11
19824,121967,EUMAEUS,1357,11
19825,121976,Darkness,1357,11
19826,121986,Zeus,1357,11
19827,121991,s,1357,11
19828,121993,law,1357,11
19829,121997,smashed,1357,11
19830,122005,to,1357,11
19831,122008,pieces,1357,11
19832,122016,A,1357,11
19833,122018,kingdom,1357,11
19834,122026,without,1357,11
19835,122034,a,1357,11
19836,122037,king,1357,11
19837,122042,since,1357,11
19838,122048,my,1357,11
19839,122051,master,1357,11
19840,122058,died,1357,11
19841,122067,ODYSSEUS,1358,11
19842,122077,Who,1358,11
19843,122081,was,1358,11
19844,122085,your,1358,11
19845,122090,master,1358,11
19846,122100,EUMAEUS,1359,11
19847,122109,Odysseus,1359,11
19848,122121,ODYSSEUS,1360,11
19849,122133,Odysseus,1360,11
19850,122143,Hero,1360,11
19851,122148,of,1360,11
19852,122151,the,1360,11
19853,122155,Trojan,1360,11
19854,122162,War,1360,11
19855,122167,He,1360,11
19856,122170,s,1360,11
19857,122172,not,1360,11
19858,122176,dead,1360,11
19859,122186,EUMAEUS,1361,11
19860,122195,DON,1362,11
19861,122199,T,1362,11
19862,122206,Eumaeus,1362,11
19863,122214,TURNS,1362,11
19864,122220,on,1362,11
19865,122223,Odysseus,1362,11
19866,122233,FLAILING,1362,11
19867,122242,BLINDLY,1362,11
19868,122250,at,1362,11
19869,122253,him,1362,11
19870,122262,EUMAEUS,1363,11
19871,122271,BEGGARS,1363,11
19872,122279,GIVING,1363,11
19873,122286,FALSE,1363,11
19874,122292,HOPE,1363,11
19875,122298,NO,1363,11
19876,122301,MORE,1363,11
19877,122307,NO,1363,11
19878,122310,MORE,1363,11
19879,122319,Odysseus,1363,11
19880,122328,gently,1363,11
19881,122335,holds,1363,11
19882,122341,Eumaeus,1363,11
19883,122349,s,1363,11
19884,122351,arms,1363,11
19885,122357,embracing,1363,11
19886,122367,him,1363,11
19887,122371,as,1363,11
19888,122374,he,1363,11
19889,122378,COLLAPSES,1363,11
19890,122390,Odysseus,1363,11
19891,122399,calls,1363,11
19892,122405,out,1363,11
19893,122409,to,1363,11
19894,122412,the,1363,11
19895,122416,farmhand,1363,11
19896,122425,to,1363,11
19897,122428,help,1363,11
19898,122439,INT,1364,11
19899,122444,EUMAEUS,1364,11
19900,122452,S,1364,11
19901,122454,FARMHOUSE,1364,11
19902,122466,NIGHT,1364,11
19903,122475,Odysseus,1365,11
19904,122484,tends,1365,11
19905,122490,to,1365,11
19906,122493,Eumaeus,1365,11
19907,122501,who,1365,11
19908,122505,is,1365,11
19909,122508,laid,1365,11
19910,122513,out,1365,11
19911,122517,on,1365,11
19912,122520,his,1365,11
19913,122524,cot,1365,11
19914,122529,The,1365,11
19915,122533,Farmhand,1365,11
19916,122543,brings,1365,11
19917,122550,water,1365,11
19918,122559,Eumaeus,1365,11
19919,122567,is,1365,11
19920,122570,weeping,1365,11
19921,122584,EUMAEUS,1366,11
19922,122593,Telemachus,1366,11
19923,122605,If,1366,11
19924,122608,I,1366,11
19925,122610,weren,1366,11
19926,122616,t,1366,11
19927,122618,blind,1366,11
19928,122625,I,1366,11
19929,122627,could,1366,11
19930,122633,help,1366,11
19931,122638,Telemachus,1366,11
19932,122654,ODYSSEUS,1367,11
19933,122666,Telemachus,1367,11
19934,122681,EUMAEUS,1368,11
19935,122690,He,1368,11
19936,122693,s,1368,11
19937,122695,in,1368,11
19938,122698,danger,1368,11
19939,122706,I,1368,11
19940,122708,can,1368,11
19941,122712,t,1368,11
19942,122714,help,1368,11
19943,122719,him,1368,11
19944,122727,ODYSSEUS,1369,11
19945,122737,There,1369,11
19946,122743,must,1369,11
19947,122748,be,1369,11
19948,122751,others,1369,11
19949,122758,in,1369,11
19950,122761,Ithaca,1369,11
19951,122768,who,1369,11
19952,122772,d,1369,11
19953,122774,help,1369,11
19954,122779,Odysseus,1369,11
19955,122788,s,1369,11
19956,122790,son,1369,11
19957,122798,EUMAEUS,1370,11
19958,122809,The,1370,11
19959,122813,palace,1370,11
19960,122820,is,1370,11
19961,122823,controlled,1370,11
19962,122834,by,1370,11
19963,122837,suitors,1370,11
19964,122846,No,1370,11
19965,122849,one,1370,11
19966,122853,s,1370,11
19967,122855,still,1370,11
19968,122861,loyal,1370,11
19969,122867,to,1370,11
19970,122871,Odysseus,1370,11
19971,122884,Odysseus,1370,11
19972,122893,doesn,1370,11
19973,122899,t,1370,11
19974,122901,want,1370,11
19975,122906,to,1370,11
19976,122909,ask,1370,11
19977,122919,ODYSSEUS,1371,11
19978,122929,What,1371,11
19979,122934,about,1371,11
19980,122940,the,1371,11
19981,122944,Queen,1371,11
19982,122954,Eumaeus,1371,11
19983,122962,smiles,1371,11
19984,122970,fondly,1371,11
19985,122979,EUMAEUS,1372,11
19986,122990,Beautiful,1372,11
19987,123001,wise,1372,11
19988,123006,Penelope,1372,11
19989,123016,Held,1372,11
19990,123021,hostage,1372,11
19991,123029,by,1372,11
19992,123032,the,1372,11
19993,123036,worst,1372,11
19994,123042,men,1372,11
19995,123047,Soon,1372,11
19996,123052,to,1372,11
19997,123056,be,1372,11
19998,123059,forced,1372,11
19999,123066,into,1372,11
20000,123071,marriage,1372,11
20001,123081,What,1372,11
20002,123086,can,1372,11
20003,123090,she,1372,11
20004,123094,do,1372,11
20005,123097,without,1372,11
20006,123105,even,1372,11
20007,123110,her,1372,11
20008,123114,son,1372,11
20009,123122,ODYSSEUS,1373,11
20010,123132,What,1373,11
20011,123137,s,1373,11
20012,123139,the,1373,11
20013,123143,danger,1373,11
20014,123150,to,1373,11
20015,123153,Telemachus,1373,11
20016,123168,EUMAEUS,1374,11
20017,123179,He,1374,11
20018,123182,s,1374,11
20019,123184,on,1374,11
20020,123187,his,1374,11
20021,123191,way,1374,11
20022,123195,back,1374,11
20023,123200,from,1374,11
20024,123205,Sparta,1374,11
20025,123213,The,1374,11
20026,123217,suitors,1374,11
20027,123225,sent,1374,11
20028,123230,bandits,1374,11
20029,123238,to,1374,11
20030,123242,Pylos,1374,11
20031,123248,to,1374,11
20032,123251,ambush,1374,11
20033,123258,him,1374,11
20034,123262,at,1374,11
20035,123265,the,1374,11
20036,123269,temple,1374,11
20037,123280,Odysseus,1374,11
20038,123289,RISES,1374,11
20039,123296,turns,1374,11
20040,123302,to,1374,11
20041,123305,the,1374,11
20042,123309,Farmhand,1374,11
20043,123323,ODYSSEUS,1375,11
20044,123333,Give,1375,11
20045,123338,me,1375,11
20046,123341,food,1375,11
20047,123346,for,1375,11
20048,123350,the,1375,11
20049,123354,road,1375,11
20050,123363,EUMAEUS,1376,11
20051,123372,You'll,1376,11
20052,123379,never,1376,11
20053,123385,catch,1376,11
20054,123391,up,1376,11
20055,123394,with,1376,11
20056,123399,the,1376,11
20057,123403,bandits,1376,11
20058,123415,ODYSSEUS,1377,11
20059,123425,If,1377,11
20060,123430,m,1377,11
20061,123432,at,1377,11
20062,123435,Pylos,1377,11
20063,123441,when,1377,11
20064,123446,Telemachus,1377,11
20065,123457,arrives,1377,11
20066,123466,I,1377,11
20067,123468,can,1377,11
20068,123472,warn,1377,11
20069,123477,him,1377,11
20070,123485,The,1377,11
20071,123489,Farmhand,1377,11
20072,123498,wraps,1377,11
20073,123504,a,1377,11
20074,123506,bundle,1377,11
20075,123513,for,1377,11
20076,123517,Odysseus,1377,11
20077,123530,EUMAEUS,1378,11
20078,123539,Why,1378,11
20079,123543,are,1378,11
20080,123547,you,1378,11
20081,123551,helping,1378,11
20082,123563,Odysseus,1378,11
20083,123572,takes,1378,11
20084,123578,the,1378,11
20085,123582,bundle,1378,11
20086,123590,Turns,1378,11
20087,123596,to,1378,11
20088,123599,Eumaeus,1378,11
20089,123607,on,1378,11
20090,123610,the,1378,11
20091,123614,bed,1378,11
20092,123624,ODYSSEUS,1379,11
20093,123634,If,1379,11
20094,123637,I,1379,11
20095,123639,tell,1379,11
20096,123644,you,1379,11
20097,123649,don,1379,11
20098,123653,t,1379,11
20099,123655,be,1379,11
20100,123658,angry,1379,11
20101,123668,Eumaeus,1379,11
20102,123676,nods,1379,11
20103,123685,ODYSSEUS,1380,11
20104,123697,I,1380,11
20105,123699,served,1380,11
20106,123706,under,1380,11
20107,123712,Odysseus,1380,11
20108,123721,at,1380,11
20109,123724,Troy,1380,11
20110,123733,Eumaeus,1380,11
20111,123741,takes,1380,11
20112,123747,this,1380,11
20113,123752,in,1380,11
20114,123756,Suppressing,1380,11
20115,123768,his,1380,11
20116,123772,usual,1380,11
20117,123778,instincts,1380,11
20118,123792,EUMAEUS,1381,11
20119,123801,Really,1381,11
20120,123812,ODYSSEUS,1382,11
20121,123824,Yes,1382,11
20122,123829,He,1382,11
20123,123832,was,1382,11
20124,123836,a,1382,11
20125,123838,harsh,1382,11
20126,123844,taskmaster,1382,11
20127,123859,EUMAEUS,1383,11
20128,123868,But,1383,11
20129,123872,fair,1383,11
20130,123878,And,1383,11
20131,123882,worthy,1383,11
20132,123889,of,1383,11
20133,123892,following,1383,11
20134,123906,Odysseus,1383,11
20135,123915,looks,1383,11
20136,123921,at,1383,11
20137,123924,the,1383,11
20138,123928,blind,1383,11
20139,123934,old,1383,11
20140,123938,man,1383,11
20141,123943,Welling,1383,11
20142,123951,up,1383,11
20143,123958,ODYSSEUS,1384,11
20144,123970,You,1384,11
20145,123974,loved,1384,11
20146,123980,him,1384,11
20147,123988,EUMAEUS,1385,11
20148,123997,Like,1385,11
20149,124002,a,1385,11
20150,124004,son,1385,11
20151,124012,Odysseus,1385,11
20152,124021,moves,1385,11
20153,124027,to,1385,11
20154,124030,the,1385,11
20155,124034,door,1385,11
20156,124040,Needs,1385,11
20157,124046,to,1385,11
20158,124049,say,1385,11
20159,124053,more,1385,11
20160,124064,ODYSSEUS,1386,11
20161,124074,Well,1386,11
20162,124080,he,1386,11
20163,124083,is,1386,11
20164,124086,not,1386,11
20165,124090,dead,1386,11
20166,124099,Eumaeus,1386,11
20167,124107,takes,1386,11
20168,124113,this,1386,11
20169,124118,in,1386,11
20170,124122,Allowing,1386,11
20171,124131,himself,1386,11
20172,124139,to,1386,11
20173,124142,believe,1386,11
20174,124158,EUMAEUS,1387,11
20175,124167,Is,1387,11
20176,124170,he,1387,11
20177,124173,coming,1387,11
20178,124180,home,1387,11
20179,124189,ODYSSEUS,1388,11
20180,124201,Soon,1388,11
20181,124210,EUMAEUS,1389,11
20182,124219,Bringing,1389,11
20183,124228,vengeance,1389,11
20184,124242,ODYSSEUS,1390,11
20185,124252,Bringing,1390,11
20186,124261,it,1390,11
20187,124264,all,1390,11
20188,124272,Odysseus,1390,11
20189,124281,leaves,1390,11
20190,124288,Eumaeus,1390,11
20191,124296,with,1390,11
20192,124301,a,1390,11
20193,124303,painful,1390,11
20194,124311,sense,1390,11
20195,124317,of,1390,11
20196,124320,hope,1390,11
20197,124329,EXT,1391,11
20198,124334,SHIP,1391,11
20199,124339,OFF,1391,11
20200,124343,COAST,1391,11
20201,124349,OF,1391,11
20202,124352,ITHACA,1391,11
20203,124359,AT,1391,11
20204,124362,PYLOS,1391,11
20205,124371,DUSK,1391,11
20206,124379,Telemachus,1392,11
20207,124390,stares,1392,11
20208,124397,at,1392,11
20209,124400,the,1392,11
20210,124404,flickering,1392,11
20211,124415,fires,1392,11
20212,124421,on,1392,11
20213,124424,the,1392,11
20214,124428,cliffs,1392,11
20215,124436,Mentor,1392,11
20216,124443,speaks,1392,11
20217,124450,to,1392,11
20218,124454,the,1392,11
20219,124458,PILOT,1392,11
20220,124464,as,1392,11
20221,124467,they,1392,11
20222,124472,dock,1392,11
20223,124481,MENTOR,1393,11
20224,124489,Head,1393,11
20225,124494,down,1393,11
20226,124499,the,1393,11
20227,124503,coast,1393,11
20228,124509,to,1393,11
20229,124512,the,1393,11
20230,124516,harbour,1393,11
20231,124525,The,1393,11
20232,124529,suitors,1393,11
20233,124537,may,1393,11
20234,124541,be,1393,11
20235,124544,waiting,1393,11
20236,124553,there,1393,11
20237,124560,You,1393,11
20238,124564,ve,1393,11
20239,124567,come,1393,11
20240,124572,from,1393,11
20241,124577,Crete,1393,11
20242,124583,on,1393,11
20243,124586,a,1393,11
20244,124588,trading,1393,11
20245,124596,mission,1393,11
20246,124608,PILOT,1394,11
20247,124615,We,1394,11
20248,124618,don,1394,11
20249,124622,t,1394,11
20250,124624,have,1394,11
20251,124629,a,1394,11
20252,124631,cargo,1394,11
20253,124641,MENTOR,1395,11
20254,124649,Seized,1395,11
20255,124656,by,1395,11
20256,124659,pirates,1395,11
20257,124671,The,1395,11
20258,124675,Pilot,1395,11
20259,124681,nods,1395,11
20260,124687,A,1395,11
20261,124689,party,1395,11
20262,124695,of,1395,11
20263,124698,six,1395,11
20264,124702,SOLDIERS,1395,11
20265,124711,assembles,1395,11
20266,124721,behind,1395,11
20267,124729,Telemachus,1395,11
20268,124744,EXT,1396,11
20269,124749,CAVE,1396,11
20270,124754,TEMPLE,1396,11
20271,124761,AT,1396,11
20272,124764,PYLOS,1396,11
20273,124772,MOMENTS,1396,11
20274,124780,LATER,1396,11
20275,124789,Telemachus,1397,11
20276,124800,s,1397,11
20277,124802,party,1397,11
20278,124808,makes,1397,11
20279,124814,its,1397,11
20280,124818,way,1397,11
20281,124822,towards,1397,11
20282,124830,large,1397,11
20283,124836,OPENINGS,1397,11
20284,124845,in,1397,11
20285,124848,the,1397,11
20286,124853,cliffs,1397,11
20287,124866,MENTOR,1398,11
20288,124874,I'll,1398,11
20289,124879,talk,1398,11
20290,124885,We,1398,11
20291,124888,don,1398,11
20292,124892,t,1398,11
20293,124894,want,1398,11
20294,124899,anyone,1398,11
20295,124906,realizing,1398,11
20296,124916,who,1398,11
20297,124920,you,1398,11
20298,124924,are,1398,11
20299,124932,TELEMACHUS,1399,11
20300,124946,Maybe,1399,11
20301,124952,we,1399,11
20302,124955,shouldn,1399,11
20303,124963,t,1399,11
20304,124965,have,1399,11
20305,124970,brought,1399,11
20306,124978,a,1399,11
20307,124980,guard,1399,11
20308,124990,MENTOR,1400,11
20309,124998,We'll,1400,11
20310,125004,be,1400,11
20311,125007,glad,1400,11
20312,125012,we,1400,11
20313,125015,did,1400,11
20314,125019,if,1400,11
20315,125022,there,1400,11
20316,125028,s,1400,11
20317,125030,trouble,1400,11
20318,125038,on,1400,11
20319,125041,the,1400,11
20320,125045,road,1400,11
20321,125054,EXT,1401,12
20322,125059,CAVE,1401,12
20323,125064,TEMPLE,1401,12
20324,125072,PYLOS,1401,12
20325,125080,NIGHT,1401,12
20326,125089,Mentor,1402,12
20327,125097,Telemachus,1402,12
20328,125108,and,1402,12
20329,125112,their,1402,12
20330,125118,men,1402,12
20331,125122,make,1402,12
20332,125127,their,1402,12
20333,125133,way,1402,12
20334,125137,through,1402,12
20335,125145,the,1402,12
20336,125150,encampments,1402,12
20337,125162,to,1402,12
20338,125165,the,1402,12
20339,125169,steps,1402,12
20340,125175,of,1402,12
20341,125178,the,1402,12
20342,125182,temple,1402,12
20343,125195,passing,1402,12
20344,125203,through,1402,12
20345,125211,a,1402,12
20346,125213,mass,1402,12
20347,125218,of,1402,12
20348,125222,seated,1402,12
20349,125229,Pilgrims,1402,12
20350,125238,and,1402,12
20351,125242,BEGGARS,1402,12
20352,125250,WHO,1402,12
20353,125254,RISE,1402,12
20354,125259,TO,1402,12
20355,125262,APPROACH,1402,12
20356,125272,hands,1402,12
20357,125279,outstretched,1402,12
20358,125293,The,1402,12
20359,125297,Guard,1402,12
20360,125303,PUSHES,1402,12
20361,125310,them,1402,12
20362,125315,away,1402,12
20363,125320,from,1402,12
20364,125325,Telemachus,1402,12
20365,125340,BEGGAR,1403,12
20366,125348,Hey,1403,12
20367,125353,I,1403,12
20368,125355,have,1403,12
20369,125360,a,1403,12
20370,125362,message,1403,12
20371,125374,A,1403,12
20372,125376,Guard,1403,12
20373,125382,brutally,1403,12
20374,125391,PUSHES,1403,12
20375,125398,the,1403,12
20376,125402,Beggar,1403,12
20377,125409,down,1403,12
20378,125416,as,1403,12
20379,125419,he,1403,12
20380,125422,lands,1403,12
20381,125428,we,1403,12
20382,125431,see,1403,12
20383,125435,IT,1403,12
20384,125439,IS,1404,12
20385,125442,ODYSSEUS,1404,12
20386,125455,ODYSSEUS,1405,12
20387,125465,Wait,1405,12
20388,125474,The,1405,12
20389,125478,party,1405,12
20390,125484,arrives,1405,12
20391,125492,at,1405,12
20392,125495,the,1405,12
20393,125499,top,1405,12
20394,125503,of,1405,12
20395,125506,the,1405,12
20396,125510,stairs,1405,12
20397,125518,met,1405,12
20398,125522,by,1405,12
20399,125525,PRIESTS,1405,12
20400,125540,ODYSSEUS,1406,12
20401,125552,Eumaeus,1406,12
20402,125560,sent,1406,12
20403,125565,me,1406,12
20404,125572,Telemachus,1406,12
20405,125583,TURNS,1406,12
20406,125589,at,1406,12
20407,125592,the,1406,12
20408,125596,sound,1406,12
20409,125602,of,1406,12
20410,125605,Eumaeus,1406,12
20411,125613,s,1406,12
20412,125615,name,1406,12
20413,125621,but,1406,12
20414,125625,is,1406,12
20415,125629,shepherded,1406,12
20416,125640,into,1406,12
20417,125645,the,1406,12
20418,125649,temple,1406,12
20419,125656,by,1406,12
20420,125659,the,1406,12
20421,125663,Priests,1406,12
20422,125680,INT,1407,12
20423,125685,TEMPLE,1407,12
20424,125693,PYLOS,1407,12
20425,125702,CONTINUOUS,1407,12
20426,125716,Telemachus,1408,12
20427,125728,Mentor,1408,12
20428,125735,and,1408,12
20429,125739,the,1408,12
20430,125743,party,1408,12
20431,125749,are,1408,12
20432,125753,escorted,1408,12
20433,125762,through,1408,12
20434,125770,the,1408,12
20435,125775,PILGRIMS,1408,12
20436,125784,by,1408,12
20437,125787,a,1408,12
20438,125789,PRIEST,1408,12
20439,125797,Telemachus,1408,12
20440,125808,turns,1408,12
20441,125814,to,1408,12
20442,125817,Mentor,1408,12
20443,125829,TELEMACHUS,1409,12
20444,125841,Bring,1409,12
20445,125847,that,1409,12
20446,125852,beggar,1409,12
20447,125861,he,1409,12
20448,125864,has,1409,12
20449,125868,a,1409,12
20450,125870,message,1409,12
20451,125878,from,1409,12
20452,125883,Eumaeus,1409,12
20453,125895,Mentor,1409,12
20454,125902,sends,1409,12
20455,125908,one,1409,12
20456,125912,of,1409,12
20457,125915,the,1409,12
20458,125919,Guard,1409,12
20459,125926,The,1409,12
20460,125930,Priest,1409,12
20461,125937,leads,1409,12
20462,125943,them,1409,12
20463,125948,down,1409,12
20464,125953,through,1409,12
20465,125964,the,1409,12
20466,125968,tunnels,1409,12
20467,125976,of,1409,12
20468,125979,the,1409,12
20469,125983,dark,1409,12
20470,125988,temple,1409,12
20471,125996,Telemachus,1409,12
20472,126007,spots,1409,12
20473,126013,various,1409,12
20474,126021,groups,1409,12
20475,126028,of,1409,12
20476,126032,WORSHIPPERS,1409,12
20477,126044,in,1409,12
20478,126047,FIRELIT,1409,12
20479,126055,ALCOVES,1409,12
20480,126063,as,1409,12
20481,126066,they,1409,12
20482,126071,move,1409,12
20483,126076,deeper,1409,12
20484,126083,and,1409,12
20485,126088,deeper,1409,12
20486,126100,Down,1409,12
20487,126105,into,1409,12
20488,126110,a,1409,12
20489,126112,dark,1409,12
20490,126117,sanctuary,1409,12
20491,126135,PRIEST,1410,12
20492,126143,Your,1410,12
20493,126148,men,1410,12
20494,126152,must,1410,12
20495,126157,stay,1410,12
20496,126162,out,1410,12
20497,126166,here,1410,12
20498,126175,Mentor,1410,12
20499,126182,nods,1410,12
20500,126187,at,1410,12
20501,126190,his,1410,12
20502,126194,men,1410,12
20503,126199,who,1410,12
20504,126203,FORM,1410,12
20505,126208,UP,1410,12
20506,126211,around,1410,12
20507,126218,the,1410,12
20508,126222,opening,1410,12
20509,126234,PRIEST,1411,12
20510,126242,Your,1411,12
20511,126247,weapons,1411,12
20512,126256,too,1411,12
20513,126264,Telemachus,1411,12
20514,126275,and,1411,12
20515,126279,Mentor,1411,12
20516,126286,remove,1411,12
20517,126293,their,1411,12
20518,126299,swords,1411,12
20519,126306,and,1411,12
20520,126310,daggers,1411,12
20521,126319,handing,1411,12
20522,126328,them,1411,12
20523,126333,to,1411,12
20524,126336,the,1411,12
20525,126340,nearest,1411,12
20526,126348,of,1411,12
20527,126351,their,1411,12
20528,126357,Guard,1411,12
20529,126369,INT,1412,12
20530,126374,INNER,1412,12
20531,126380,SANCTUM,1412,12
20532,126389,TEMPLE,1412,12
20533,126397,PYLOS,1412,12
20534,126408,CONTINUOUS,1413,12
20535,126422,Telemachus,1413,12
20536,126433,and,1413,12
20537,126437,Mentor,1413,12
20538,126444,enter,1413,12
20539,126450,the,1413,12
20540,126454,CALM,1413,12
20541,126459,of,1413,12
20542,126462,the,1413,12
20543,126466,inner,1413,12
20544,126472,sanctum,1413,12
20545,126481,A,1413,12
20546,126484,statue,1413,12
20547,126491,of,1413,12
20548,126494,Athena,1413,12
20549,126501,is,1413,12
20550,126504,lit,1413,12
20551,126508,from,1413,12
20552,126513,below,1413,12
20553,126519,by,1413,12
20554,126522,votive,1413,12
20555,126529,offerings,1413,12
20556,126540,They,1413,12
20557,126545,are,1413,12
20558,126549,greeted,1413,12
20559,126558,by,1413,12
20560,126561,six,1413,12
20561,126565,PRIESTS,1413,12
20562,126574,The,1413,12
20563,126578,HEAD,1413,12
20564,126583,PRIEST,1413,12
20565,126590,steps,1413,12
20566,126596,forward,1413,12
20567,126610,IT,1413,12
20568,126613,IS,1413,12
20569,126616,IRUS,1413,12
20570,126623,in,1413,12
20571,126626,disguise,1413,12
20572,126641,IRUS,1414,12
20573,126647,Zeus,1414,12
20574,126652,welcomes,1414,12
20575,126661,you,1414,12
20576,126666,strangers,1414,12
20577,126680,Cleaner,1414,12
20578,126689,and,1414,12
20579,126693,wearing,1414,12
20580,126701,the,1414,12
20581,126705,robes,1414,12
20582,126711,of,1414,12
20583,126714,a,1414,12
20584,126716,priest,1414,12
20585,126724,his,1414,12
20586,126728,edge,1414,12
20587,126733,is,1414,12
20588,126736,still,1414,12
20589,126742,apparent,1414,12
20590,126751,to,1414,12
20591,126755,Telemachus,1414,12
20592,126770,TELEMACHUS,1415,12
20593,126782,Thank,1415,12
20594,126788,you,1415,12
20595,126796,Irus,1415,12
20596,126801,motions,1415,12
20597,126809,a,1415,12
20598,126811,Priest,1415,12
20599,126818,to,1415,12
20600,126821,hand,1415,12
20601,126826,Telemachus,1415,12
20602,126837,and,1415,12
20603,126841,Mentor,1415,12
20604,126848,cups,1415,12
20605,126853,of,1415,12
20606,126856,wine,1415,12
20607,126865,IRUS,1416,12
20608,126871,Have,1416,12
20609,126876,you,1416,12
20610,126880,travelled,1416,12
20611,126890,far,1416,12
20612,126898,Telemachus,1416,12
20613,126909,sniffs,1416,12
20614,126916,the,1416,12
20615,126920,wine,1416,12
20616,126926,but,1416,12
20617,126930,caution,1416,12
20618,126938,stops,1416,12
20619,126944,him,1416,12
20620,126948,drinking,1416,12
20621,126958,Mentor,1416,12
20622,126966,GULPS,1416,12
20623,126972,his,1416,12
20624,126976,down,1416,12
20625,126987,TELEMACHUS,1417,12
20626,126999,Not,1417,12
20627,127003,that,1417,12
20628,127008,far,1417,12
20629,127016,IRUS,1418,12
20630,127022,You're,1418,12
20631,127029,here,1418,12
20632,127034,to,1418,12
20633,127037,rest,1418,12
20634,127042,for,1418,12
20635,127046,the,1418,12
20636,127050,night,1418,12
20637,127060,Mentor,1418,12
20638,127067,frowns,1418,12
20639,127074,at,1418,12
20640,127077,Irus,1418,12
20641,127083,confused,1418,12
20642,127100,TELEMACHUS,1419,12
20643,127112,We,1419,12
20644,127115,re,1419,12
20645,127118,here,1419,12
20646,127123,to,1419,12
20647,127126,make,1419,12
20648,127131,sacrifice,1419,12
20649,127141,to,1419,12
20650,127144,Athena,1419,12
20651,127152,Then,1419,12
20652,127157,whatever,1419,12
20653,127167,hospitality,1419,12
20654,127179,you,1419,12
20655,127183,can,1419,12
20656,127187,offer,1419,12
20657,127193,might,1419,12
20658,127199,be,1419,12
20659,127202,considered,1419,12
20660,127217,IRUS,1420,12
20661,127223,Of,1420,12
20662,127226,course,1420,12
20663,127237,Telemachus,1420,12
20664,127248,notices,1420,12
20665,127256,a,1420,12
20666,127258,SPOT,1420,12
20667,127263,OF,1420,12
20668,127266,BLOOD,1420,12
20669,127272,on,1420,12
20670,127275,the,1420,12
20671,127279,Irus,1420,12
20672,127284,s,1420,12
20673,127286,sleeve,1420,12
20674,127299,Odysseus,1420,12
20675,127308,is,1420,12
20676,127311,PUSHED,1420,12
20677,127318,inside,1420,12
20678,127325,the,1420,12
20679,127329,room,1420,12
20680,127338,IRUS,1421,12
20681,127344,Get,1421,12
20682,127348,this,1421,12
20683,127353,beggar,1421,12
20684,127360,out,1421,12
20685,127364,of,1421,12
20686,127367,here,1421,12
20687,127376,Telemachus,1421,12
20688,127387,looks,1421,12
20689,127393,around,1421,12
20690,127400,at,1421,12
20691,127403,Odysseus,1421,12
20692,127412,in,1421,12
20693,127415,his,1421,12
20694,127419,rags,1421,12
20695,127428,TELEMACHUS,1422,12
20696,127440,He,1422,12
20697,127443,has,1422,12
20698,127447,a,1422,12
20699,127449,message,1422,12
20700,127457,for,1422,12
20701,127461,me,1422,12
20702,127468,Irus,1422,12
20703,127473,looks,1422,12
20704,127479,at,1422,12
20705,127482,Odysseus,1422,12
20706,127492,challenging,1422,12
20707,127508,TELEMACHUS,1423,12
20708,127520,Eumaeus,1423,12
20709,127528,sent,1423,12
20710,127533,you,1423,12
20711,127541,ODYSSEUS,1424,12
20712,127550,MARVELS,1424,12
20713,127558,AT,1424,12
20714,127561,HIS,1424,12
20715,127565,GROWN,1424,12
20716,127571,UP,1424,12
20717,127574,SON,1424,12
20718,127584,ODYSSEUS,1425,12
20719,127596,Yes,1425,12
20720,127601,sir,1425,12
20721,127609,TELEMACHUS,1426,12
20722,127621,What,1426,12
20723,127626,s,1426,12
20724,127628,the,1426,12
20725,127632,message,1426,12
20726,127644,Odysseus,1426,12
20727,127653,looks,1426,12
20728,127659,at,1426,12
20729,127662,Irus,1426,12
20730,127668,And,1426,12
20731,127672,the,1426,12
20732,127676,other,1426,12
20733,127682,Priests,1426,12
20734,127694,ODYSSEUS,1427,12
20735,127704,It,1427,12
20736,127707,s,1427,12
20737,127709,private,1427,12
20738,127721,TELEMACHUS,1428,12
20739,127733,These,1428,12
20740,127739,men,1428,12
20741,127743,are,1428,12
20742,127747,Priests,1428,12
20743,127761,Odysseus,1428,12
20744,127770,says,1428,12
20745,127775,nothing,1428,12
20746,127789,the,1428,12
20747,127793,SILENCE,1428,12
20748,127801,STRETCHES,1428,12
20749,127818,Mentor,1428,12
20750,127825,CHOKES,1428,12
20751,127833,DROPPING,1428,12
20752,127842,to,1428,12
20753,127845,his,1428,12
20754,127849,knees,1428,12
20755,127857,Odysseus,1428,12
20756,127866,REACHES,1428,12
20757,127875,down,1428,12
20758,127881,GRABBING,1428,12
20759,127890,him,1428,12
20760,127895,Mentor,1428,12
20761,127903,IN,1428,12
20762,127906,AGONY,1428,12
20763,127913,looks,1428,12
20764,127919,into,1428,12
20765,127924,Odysseus,1428,12
20766,127933,s,1428,12
20767,127936,eyes,1428,12
20768,127945,RECOGNIZES,1428,12
20769,127956,HIM,1428,12
20770,127965,just,1428,12
20771,127970,as,1428,12
20772,127973,he,1428,12
20773,127976,dies,1428,12
20774,127985,The,1428,12
20775,127989,Priests,1428,12
20776,127997,DRAW,1428,12
20777,128002,DAGGERS,1428,12
20778,128015,Odysseus,1428,12
20779,128025,head,1428,12
20780,128030,down,1428,12
20781,128036,RISES,1428,12
20782,128042,between,1428,12
20783,128050,them,1428,12
20784,128055,and,1428,12
20785,128059,Telemachus,1428,12
20786,128074,IRUS,1429,12
20787,128080,This,1429,12
20788,128085,is,1429,12
20789,128088,your,1429,12
20790,128093,moment,1429,12
20791,128100,to,1429,12
20792,128103,leave,1429,12
20793,128110,old,1429,12
20794,128114,man,1429,12
20795,128122,TELEMACHUS,1430,12
20796,128134,Go,1430,12
20797,128138,stranger,1430,12
20798,128151,Odysseus,1430,12
20799,128160,slowly,1430,12
20800,128167,shakes,1430,12
20801,128174,his,1430,12
20802,128178,lowered,1430,12
20803,128186,head,1430,12
20804,128200,IRUS,1431,12
20805,128206,I,1431,12
20806,128208,spared,1431,12
20807,128215,one,1431,12
20808,128219,old,1431,12
20809,128223,man,1431,12
20810,128227,this,1431,12
20811,128232,week,1431,12
20812,128238,but,1431,12
20813,128242,he,1431,12
20814,128245,was,1431,12
20815,128249,blind,1431,12
20816,128256,I,1431,12
20817,128258,won,1431,12
20818,128262,t,1431,12
20819,128264,spare,1431,12
20820,128271,another,1431,12
20821,128283,Two,1431,12
20822,128287,Priests,1431,12
20823,128295,BAR,1431,12
20824,128299,THE,1431,12
20825,128303,DOOR,1431,12
20826,128310,a,1431,12
20827,128312,Priest,1431,12
20828,128319,moves,1431,12
20829,128325,towards,1431,12
20830,128333,Odysseus,1431,12
20831,128344,blade,1431,12
20832,128350,held,1431,12
20833,128355,out,1431,12
20834,128361,Odysseus,1431,12
20835,128370,JAMS,1431,12
20836,128375,the,1431,12
20837,128379,Priest,1431,12
20838,128386,s,1431,12
20839,128388,own,1431,12
20840,128392,knife,1431,12
20841,128398,into,1431,12
20842,128403,his,1431,12
20843,128407,throat,1431,12
20844,128417,the,1431,12
20845,128421,Priest,1431,12
20846,128428,DROPS,1431,12
20847,128435,Everyone,1431,12
20848,128444,STARES,1431,12
20849,128451,at,1431,12
20850,128454,Odysseus,1431,12
20851,128472,Irus,1431,12
20852,128477,LUNGES,1431,12
20853,128485,Odysseus,1431,12
20854,128494,GRABS,1431,12
20855,128500,his,1431,12
20856,128504,arm,1431,12
20857,128508,and,1431,12
20858,128512,STABS,1431,12
20859,128518,the,1431,12
20860,128522,Priest,1431,12
20861,128529,next,1431,12
20862,128535,to,1431,12
20863,128538,him,1431,12
20864,128544,a,1431,12
20865,128546,Priest,1431,12
20866,128553,LUNGES,1431,12
20867,128560,at,1431,12
20868,128563,Telemachus,1431,12
20869,128575,who,1431,12
20870,128579,SMASHES,1431,12
20871,128587,his,1431,12
20872,128591,cup,1431,12
20873,128596,into,1431,12
20874,128601,the,1431,12
20875,128605,Priest,1431,12
20876,128612,s,1431,12
20877,128614,face,1431,12
20878,128621,Telemachus,1431,12
20879,128632,DUCKS,1431,12
20880,128639,ROLLS,1431,12
20881,128646,COMING,1431,12
20882,128653,UP,1431,12
20883,128656,to,1431,12
20884,128660,grab,1431,12
20885,128665,a,1431,12
20886,128667,Priest,1431,12
20887,128675,SMASHING,1431,12
20888,128684,him,1431,12
20889,128688,into,1431,12
20890,128693,the,1431,12
20891,128697,bars,1431,12
20892,128702,of,1431,12
20893,128705,the,1431,12
20894,128709,screen,1431,12
20895,128721,INT,1432,12
20896,128726,TEMPLE,1432,12
20897,128734,PYLOS,1432,12
20898,128743,CONTINUOUS,1432,12
20899,128757,Outside,1433,12
20900,128765,the,1433,12
20901,128769,inner,1433,12
20902,128775,sanctum,1433,12
20903,128784,the,1433,12
20904,128788,Guards,1433,12
20905,128795,are,1433,12
20906,128799,ATTACKED,1433,12
20907,128808,by,1433,12
20908,128811,Priests,1433,12
20909,128824,INT,1434,12
20910,128829,INNER,1434,12
20911,128835,SANCTUM,1434,12
20912,128844,TEMPLE,1434,12
20913,128852,PYLOS,1434,12
20914,128862,CONTINUOUS,1435,12
20915,128876,Odysseus,1435,12
20916,128885,GRABS,1435,12
20917,128891,a,1435,12
20918,128893,Priest,1435,12
20919,128900,from,1435,12
20920,128905,behind,1435,12
20921,128913,SEIZES,1435,12
20922,128920,his,1435,12
20923,128924,dagger,1435,12
20924,128935,Telemachus,1435,12
20925,128946,SPINS,1435,12
20926,128954,three,1435,12
20927,128960,Priests,1435,12
20928,128968,in,1435,12
20929,128971,front,1435,12
20930,128977,of,1435,12
20931,128980,him,1435,12
20932,128985,all,1435,12
20933,128989,armed,1435,12
20934,129001,ODYSSEUS,1436,12
20935,129011,Here,1436,12
20936,129020,Odysseus,1436,12
20937,129029,TOSSES,1436,12
20938,129036,him,1436,12
20939,129040,a,1436,12
20940,129042,dagger,1436,12
20941,129051,then,1436,12
20942,129056,PILES,1436,12
20943,129062,into,1436,12
20944,129067,the,1436,12
20945,129071,nearest,1436,12
20946,129079,Priest,1436,12
20947,129088,making,1436,12
20948,129095,BRUTAL,1436,12
20949,129102,HAVOC,1436,12
20950,129111,Telemachus,1436,12
20951,129122,STABS,1436,12
20952,129128,the,1436,12
20953,129132,nearest,1436,12
20954,129140,Priest,1436,12
20955,129149,then,1436,12
20956,129154,turns,1436,12
20957,129160,to,1436,12
20958,129163,see,1436,12
20959,129167,Odysseus,1436,12
20960,129176,POUND,1436,12
20961,129182,the,1436,12
20962,129186,remaining,1436,12
20963,129196,Priests,1436,12
20964,129204,into,1436,12
20965,129209,the,1436,12
20966,129213,floor,1436,12
20967,129220,of,1436,12
20968,129223,Athena,1436,12
20969,129230,s,1436,12
20970,129232,temple,1436,12
20971,129245,Telemachus,1436,12
20972,129256,looks,1436,12
20973,129262,at,1436,12
20974,129265,him,1436,12
20975,129270,IMPRESSED,1436,12
20976,129284,Odysseus,1436,12
20977,129293,finishes,1436,12
20978,129303,rises,1436,12
20979,129310,Breathing,1436,12
20980,129320,hard,1436,12
20981,129329,TELEMACHUS,1437,12
20982,129341,Pretty,1437,12
20983,129348,good,1437,12
20984,129353,for,1437,12
20985,129357,a,1437,12
20986,129359,beggar,1437,12
20987,129370,ODYSSEUS,1438,12
20988,129381,breathless,1438,12
20989,129394,I,1438,12
20990,129396,wasn,1438,12
20991,129401,t,1438,12
20992,129403,born,1438,12
20993,129408,a,1438,12
20994,129410,beggar,1438,12
20995,129421,Odysseus,1438,12
20996,129430,pulls,1438,12
20997,129436,a,1438,12
20998,129438,robe,1438,12
20999,129443,off,1438,12
21000,129447,one,1438,12
21001,129451,of,1438,12
21002,129454,the,1438,12
21003,129458,dead,1438,12
21004,129463,priests,1438,12
21005,129472,Telemachus,1438,12
21006,129483,checks,1438,12
21007,129491,Mentor,1438,12
21008,129498,s,1438,12
21009,129500,body,1438,12
21010,129506,Odysseus,1438,12
21011,129515,turns,1438,12
21012,129523,sees,1438,12
21013,129528,Telemachus,1438,12
21014,129539,grieving,1438,12
21015,129548,Mentor,1438,12
21016,129559,ODYSSEUS,1439,12
21017,129571,Put,1439,12
21018,129575,on,1439,12
21019,129578,that,1439,12
21020,129583,priest,1439,12
21021,129590,s,1439,12
21022,129592,robes,1439,12
21023,129602,TELEMACHUS,1440,12
21024,129614,We,1440,12
21025,129617,need,1440,12
21026,129622,help,1440,12
21027,129627,with,1440,12
21028,129632,the,1440,12
21029,129636,body,1440,12
21030,129645,Odysseus,1440,12
21031,129654,tosses,1440,12
21032,129661,Telemachus,1440,12
21033,129672,the,1440,12
21034,129676,priest,1440,12
21035,129683,s,1440,12
21036,129685,robes,1440,12
21037,129695,ODYSSEUS,1441,12
21038,129707,We,1441,12
21039,129710,have,1441,12
21040,129715,to,1441,12
21041,129718,leave,1441,12
21042,129724,him,1441,12
21043,129732,TELEMACHUS,1442,12
21044,129746,ODYSSEUS,1443,12
21045,129756,We,1443,12
21046,129759,have,1443,12
21047,129764,to,1443,12
21048,129767,slip,1443,12
21049,129772,out,1443,12
21050,129781,TELEMACHUS,1444,12
21051,129793,This,1444,12
21052,129798,isn,1444,12
21053,129802,t,1444,12
21054,129804,how,1444,12
21055,129808,you,1444,12
21056,129812,honour,1444,12
21057,129819,the,1444,12
21058,129823,dead,1444,12
21059,129833,ODYSSEUS,1445,12
21060,129845,It,1445,12
21061,129848,s,1445,12
21062,129850,how,1445,12
21063,129854,you,1445,12
21064,129858,stay,1445,12
21065,129863,alive,1445,12
21066,129873,TELEMACHUS,1446,12
21067,129885,He,1446,12
21068,129888,was,1446,12
21069,129892,my,1446,12
21070,129895,teacher,1446,12
21071,129904,He,1446,12
21072,129907,may,1446,12
21073,129911,have,1446,12
21074,129916,been,1446,12
21075,129921,Athena,1446,12
21076,129928,in,1446,12
21077,129931,disguise,1446,12
21078,129943,m,1446,12
21079,129946,not,1446,12
21080,129950,leaving,1446,12
21081,129958,him,1446,12
21082,129966,Odysseus,1446,12
21083,129975,looks,1446,12
21084,129981,at,1446,12
21085,129984,Telemachus,1446,12
21086,129996,sympathetic,1446,12
21087,130012,ODYSSEUS,1447,12
21088,130022,His,1447,12
21089,130026,name,1447,12
21090,130031,is,1447,12
21091,130034,Mentor,1447,12
21092,130042,And,1447,12
21093,130046,when,1447,12
21094,130051,you,1447,12
21095,130055,re,1447,12
21096,130058,safe,1447,12
21097,130063,we,1447,12
21098,130066,ll,1447,12
21099,130069,head,1447,12
21100,130074,into,1447,12
21101,130079,the,1447,12
21102,130084,unknown,1447,12
21103,130092,west,1447,12
21104,130097,and,1447,12
21105,130101,honour,1447,12
21106,130108,him,1447,12
21107,130115,gestures,1447,12
21108,130124,at,1447,12
21109,130127,dead,1447,12
21110,130132,priests,1447,12
21111,130142,These,1447,12
21112,130148,men,1447,12
21113,130152,were,1447,12
21114,130157,sent,1447,12
21115,130162,by,1447,12
21116,130165,the,1447,12
21117,130169,suitors,1447,12
21118,130178,There,1447,12
21119,130184,ll,1447,12
21120,130187,be,1447,12
21121,130190,more,1447,12
21122,130196,we,1447,12
21123,130199,have,1447,12
21124,130204,to,1447,12
21125,130208,get,1447,12
21126,130212,on,1447,12
21127,130215,the,1447,12
21128,130219,road,1447,12
21129,130228,TELEMACHUS,1448,12
21130,130240,By,1448,12
21131,130243,night,1448,12
21132,130253,ODYSSEUS,1449,12
21133,130263,Safer,1449,12
21134,130269,than,1449,12
21135,130274,staying,1449,12
21136,130282,here,1449,12
21137,130291,He,1449,12
21138,130294,pours,1449,12
21139,130300,the,1449,12
21140,130304,oil,1449,12
21141,130308,from,1449,12
21142,130313,the,1449,12
21143,130317,lamp,1449,12
21144,130322,on,1449,12
21145,130325,the,1449,12
21146,130329,floor,1449,12
21147,130340,ODYSSEUS,1450,12
21148,130350,Mentor,1450,12
21149,130357,s,1450,12
21150,130359,at,1450,12
21151,130362,the,1450,12
21152,130366,heart,1450,12
21153,130372,of,1450,12
21154,130375,Athena,1450,12
21155,130382,s,1450,12
21156,130384,oldest,1450,12
21157,130391,temple,1450,12
21158,130400,for,1450,12
21159,130404,now,1450,12
21160,130409,honour,1450,12
21161,130417,him,1450,12
21162,130421,in,1450,12
21163,130424,flame,1450,12
21164,130434,Telemachus,1450,12
21165,130445,reluctantly,1450,12
21166,130457,takes,1450,12
21167,130463,the,1450,12
21168,130467,lamp,1450,12
21169,130473,looking,1450,12
21170,130481,down,1450,12
21171,130486,at,1450,12
21172,130489,Mentor,1450,12
21173,130496,s,1450,12
21174,130499,body,1450,12
21175,130505,And,1450,12
21176,130509,drops,1450,12
21177,130515,it,1450,12
21178,130519,SPREADING,1450,12
21179,130529,FLAME,1450,12
21180,130541,INT,1451,12
21181,130546,TEMPLE,1451,12
21182,130554,PYLOS,1451,12
21183,130563,MOMENTS,1451,12
21184,130571,LATER,1451,12
21185,130580,Chaos,1452,12
21186,130587,Odysseus,1452,12
21187,130596,and,1452,12
21188,130600,Telemachus,1452,12
21189,130611,move,1452,12
21190,130616,up,1452,12
21191,130619,through,1452,12
21192,130627,the,1452,12
21193,130631,FLAMING,1452,12
21194,130640,TEMPLE,1453,12
21195,130651,Surrounded,1453,12
21196,130662,by,1453,12
21197,130665,PANICKING,1453,12
21198,130675,PILGRIMS,1453,12
21199,130685,some,1453,12
21200,130690,RUSHING,1453,12
21201,130698,in,1453,12
21202,130701,with,1453,12
21203,130707,water,1453,12
21204,130713,to,1453,12
21205,130716,douse,1453,12
21206,130722,the,1453,12
21207,130726,flames,1453,12
21208,130739,EXT,1454,12
21209,130744,CAVE,1454,12
21210,130749,TEMPLE,1454,12
21211,130757,PYLOS,1454,12
21212,130765,CONTINUOUS,1454,12
21213,130779,They,1455,12
21214,130784,make,1455,12
21215,130789,their,1455,12
21216,130795,way,1455,12
21217,130799,out,1455,12
21218,130803,of,1455,12
21219,130806,the,1455,12
21220,130810,temple,1455,12
21221,130817,and,1455,12
21222,130821,into,1455,12
21223,130826,the,1455,12
21224,130830,encampments,1455,12
21225,130850,EXT,1456,12
21226,130855,ROAD,1456,12
21227,130861,ITHACA,1456,12
21228,130871,DAWN,1456,12
21229,130879,Telemachus,1457,12
21230,130890,and,1457,12
21231,130894,Odysseus,1457,12
21232,130903,walk,1457,12
21233,130908,side,1457,12
21234,130913,by,1457,12
21235,130916,side,1457,12
21236,130921,in,1457,12
21237,130924,silence,1457,12
21238,130936,TELEMACHUS,1458,12
21239,130948,How,1458,12
21240,130952,does,1458,12
21241,130957,a,1458,12
21242,130959,beggar,1458,12
21243,130966,come,1458,12
21244,130971,to,1458,12
21245,130974,know,1458,12
21246,130979,Mentor,1458,12
21247,130990,ODYSSEUS,1459,12
21248,131002,I,1459,12
21249,131004,told,1459,12
21250,131009,you,1459,12
21251,131014,I,1459,12
21252,131016,wasn,1459,12
21253,131021,t,1459,12
21254,131023,always,1459,12
21255,131030,a,1459,12
21256,131032,beggar,1459,12
21257,131043,TELEMACHUS,1460,12
21258,131055,You,1460,12
21259,131059,have,1460,12
21260,131064,wise,1460,12
21261,131069,eyes,1460,12
21262,131075,Athena,1460,12
21263,131082,s,1460,12
21264,131084,eyes,1460,12
21265,131094,ODYSSEUS,1461,12
21266,131106,Don,1461,12
21267,131110,t,1461,12
21268,131112,look,1461,12
21269,131117,for,1461,12
21270,131121,Gods,1461,12
21271,131126,in,1461,12
21272,131129,men,1461,12
21273,131135,you,1461,12
21274,131140,ll,1461,12
21275,131143,always,1461,12
21276,131150,be,1461,12
21277,131153,disappointed,1461,12
21278,131170,Telemachus,1461,12
21279,131181,stops,1461,12
21280,131188,Takes,1461,12
21281,131194,Odysseus,1461,12
21282,131203,by,1461,12
21283,131206,the,1461,12
21284,131210,arm,1461,12
21285,131215,Aggressive,1461,12
21286,131230,TELEMACHUS,1462,12
21287,131242,Then,1462,12
21288,131247,tell,1462,12
21289,131252,me,1462,12
21290,131255,who,1462,12
21291,131259,you,1462,12
21292,131263,are,1462,12
21293,131271,Odysseus,1462,12
21294,131280,looks,1462,12
21295,131286,at,1462,12
21296,131289,Telemachus,1462,12
21297,131301,Starts,1462,12
21298,131308,walking,1462,12
21299,131316,again,1462,12
21300,131326,ODYSSEUS,1463,12
21301,131336,My,1463,12
21302,131339,name,1463,12
21303,131344,is,1463,12
21304,131347,Sinon,1463,12
21305,131354,I,1463,12
21306,131356,m,1463,12
21307,131358,an,1463,12
21308,131361,old,1463,12
21309,131365,soldier,1463,12
21310,131373,who,1463,12
21311,131377,fought,1463,12
21312,131384,under,1463,12
21313,131390,your,1463,12
21314,131396,father,1463,12
21315,131403,at,1463,12
21316,131406,Troy,1463,12
21317,131415,TELEMACHUS,1464,12
21318,131427,You,1464,12
21319,131431,knew,1464,12
21320,131436,my,1464,12
21321,131439,father,1464,12
21322,131450,ODYSSEUS,1465,12
21323,131460,I,1465,12
21324,131462,ve,1465,12
21325,131465,taken,1465,12
21326,131471,his,1465,12
21327,131475,orders,1465,12
21328,131482,longer,1465,12
21329,131489,than,1465,12
21330,131494,I,1465,12
21331,131496,care,1465,12
21332,131501,to,1465,12
21333,131504,remember,1465,12
21334,131517,Telemachus,1465,12
21335,131528,notices,1465,12
21336,131536,the,1465,12
21337,131540,tense,1465,12
21338,131551,TELEMACHUS,1466,12
21339,131563,He,1466,12
21340,131566,s,1466,12
21341,131568,alive,1466,12
21342,131579,Odysseus,1466,12
21343,131588,takes,1466,12
21344,131594,a,1466,12
21345,131596,few,1466,12
21346,131600,paces,1466,12
21347,131606,to,1466,12
21348,131609,form,1466,12
21349,131614,his,1466,12
21350,131618,answer,1466,12
21351,131633,ODYSSEUS,1467,12
21352,131643,He,1467,12
21353,131646,s,1467,12
21354,131648,alive,1467,12
21355,131656,TELEMACHUS,1468,12
21356,131668,Where,1468,12
21357,131674,is,1468,12
21358,131677,he,1468,12
21359,131682,ODYSSEUS,1469,12
21360,131694,Close,1469,12
21361,131700,by,1469,12
21362,131704,He,1469,12
21363,131707,sent,1469,12
21364,131712,me,1469,12
21365,131715,ahead,1469,12
21366,131721,to,1469,12
21367,131724,assess,1469,12
21368,131731,the,1469,12
21369,131735,situation,1469,12
21370,131749,TELEMACHUS,1470,12
21371,131761,My,1470,12
21372,131764,mother,1470,12
21373,131771,won't,1470,12
21374,131777,believe,1470,12
21375,131785,it,1470,12
21376,131793,ODYSSEUS,1471,12
21377,131803,You,1471,12
21378,131807,can,1471,12
21379,131811,t,1471,12
21380,131813,tell,1471,12
21381,131818,her,1471,12
21382,131824,TELEMACHUS,1472,12
21383,131836,Nothing,1472,12
21384,131846,ODYSSEUS,1473,12
21385,131858,Tell,1473,12
21386,131863,her,1473,12
21387,131867,you,1473,12
21388,131872,ve,1473,12
21389,131875,decided,1473,12
21390,131883,it,1473,12
21391,131886,s,1473,12
21392,131888,time,1473,12
21393,131893,she,1473,12
21394,131897,remarried,1473,12
21395,131911,Telemachus,1473,12
21396,131922,realizes,1473,12
21397,131935,TELEMACHUS,1474,12
21398,131947,He,1474,12
21399,131950,doesn,1474,12
21400,131956,t,1474,12
21401,131958,need,1474,12
21402,131963,to,1474,12
21403,131966,test,1474,12
21404,131971,my,1474,12
21405,131974,mother,1474,12
21406,131982,How,1474,12
21407,131986,can,1474,12
21408,131990,he,1474,12
21409,131993,doubt,1474,12
21410,131999,her,1474,12
21411,132007,ODYSSEUS,1475,12
21412,132019,He,1475,12
21413,132022,doesn,1475,12
21414,132028,t,1475,12
21415,132031,But,1475,12
21416,132035,she,1475,12
21417,132039,has,1475,12
21418,132043,every,1475,12
21419,132049,reason,1475,12
21420,132056,to,1475,12
21421,132059,have,1475,12
21422,132064,forgotten,1475,12
21423,132074,him,1475,12
21424,132079,Are,1475,12
21425,132084,there,1475,12
21426,132090,any,1475,12
21427,132094,loyal,1475,12
21428,132100,servants,1475,12
21429,132113,TELEMACHUS,1476,12
21430,132125,Some,1476,12
21431,132131,When,1476,12
21432,132136,Odysseus,1476,12
21433,132145,shows,1476,12
21434,132151,himself,1476,12
21435,132160,All,1476,12
21436,132168,ODYSSEUS,1477,12
21437,132180,We,1477,12
21438,132183,need,1477,12
21439,132188,to,1477,12
21440,132191,gather,1477,12
21441,132198,the,1477,12
21442,132202,suitors,1477,12
21443,132210,in,1477,12
21444,132213,the,1477,12
21445,132217,palace,1477,12
21446,132228,TELEMACHUS,1478,12
21447,132240,Never,1478,12
21448,132246,a,1478,12
21449,132248,problem,1478,12
21450,132260,Odysseus,1478,12
21451,132269,looks,1478,12
21452,132275,him,1478,12
21453,132279,up,1478,12
21454,132282,and,1478,12
21455,132286,down,1478,12
21456,132297,ODYSSEUS,1479,12
21457,132307,Do,1479,12
21458,132310,you,1479,12
21459,132314,have,1479,12
21460,132319,gifts,1479,12
21461,132325,from,1479,12
21462,132330,Menelaus,1479,12
21463,132341,TELEMACHUS,1480,12
21464,132353,On,1480,12
21465,132356,my,1480,12
21466,132359,ship,1480,12
21467,132366,ODYSSEUS,1481,12
21468,132378,Good,1481,12
21469,132384,Come,1481,12
21470,132389,back,1481,12
21471,132394,as,1481,12
21472,132397,a,1481,12
21473,132399,prince,1481,12
21474,132407,Call,1481,12
21475,132412,a,1481,12
21476,132414,banquet,1481,12
21477,132423,I,1481,12
21478,132426,Il,1481,12
21479,132429,be,1481,12
21480,132432,there,1481,12
21481,132442,TELEMACHUS,1482,12
21482,132454,What,1482,12
21483,132459,will,1482,12
21484,132464,you,1482,12
21485,132468,do,1482,12
21486,132471,at,1482,12
21487,132474,the,1482,12
21488,132478,banquet,1482,12
21489,132490,ODYSSEUS,1483,12
21490,132500,Beg,1483,12
21491,132505,The,1483,12
21492,132509,clearest,1483,12
21493,132518,view,1483,12
21494,132523,of,1483,12
21495,132526,a,1483,12
21496,132528,person,1483,12
21497,132535,is,1483,12
21498,132538,from,1483,12
21499,132543,below,1483,12
21500,132550,How,1483,12
21501,132554,many,1483,12
21502,132560,suitors,1483,12
21503,132568,are,1483,12
21504,132572,there,1483,12
21505,132582,TELEMACHUS,1484,12
21506,132594,Dozens,1484,12
21507,132602,But,1484,12
21508,132606,if,1484,12
21509,132609,all,1484,12
21510,132613,his,1484,12
21511,132617,men,1484,12
21512,132621,are,1484,12
21513,132625,like,1484,12
21514,132630,you,1484,12
21515,132639,ODYSSEUS,1485,12
21516,132651,He,1485,12
21517,132654,has,1485,12
21518,132658,no,1485,12
21519,132661,men,1485,12
21520,132666,He,1485,12
21521,132669,s,1485,12
21522,132671,coming,1485,12
21523,132678,back,1485,12
21524,132684,but,1485,12
21525,132688,he,1485,12
21526,132691,has,1485,12
21527,132695,no,1485,12
21528,132698,men,1485,12
21529,132706,TELEMACHUS,1486,12
21530,132718,Just,1486,12
21531,132723,you,1486,12
21532,132731,Odysseus,1486,12
21533,132740,looks,1486,12
21534,132746,at,1486,12
21535,132749,Telemachus,1486,12
21536,132760,and,1486,12
21537,132764,smiles,1486,12
21538,132775,ODYSSEUS,1487,12
21539,132785,And,1487,12
21540,132789,you,1487,12
21541,132797,INT,1488,12
21542,132802,EUMAEUS,1488,12
21543,132810,S,1488,12
21544,132812,HUT,1488,12
21545,132819,DAY,1488,12
21546,132826,Eumaeus,1489,12
21547,132834,is,1489,12
21548,132837,preparing,1489,12
21549,132847,food,1489,12
21550,132858,ODYSSEUS,1490,12
21551,132869,O,1491,12
21552,132871,S,1491,12
21553,132876,Glad,1491,12
21554,132881,to,1491,12
21555,132884,see,1491,12
21556,132888,you,1491,12
21557,132892,on,1491,12
21558,132895,your,1491,12
21559,132900,feet,1491,12
21560,132909,Eumaeus,1491,12
21561,132917,turns,1491,12
21562,132923,to,1491,12
21563,132926,the,1491,12
21564,132930,sound,1491,12
21565,132936,of,1491,12
21566,132939,his,1491,12
21567,132943,voice,1491,12
21568,132950,Odysseus,1491,12
21569,132959,is,1491,12
21570,132962,rifling,1491,12
21571,132970,through,1491,12
21572,132978,a,1491,12
21573,132981,pile,1491,12
21574,132986,of,1491,12
21575,132989,LEATHER,1491,12
21576,132997,STRAPS,1491,12
21577,133011,ODYSSEUS,1492,12
21578,133023,Because,1492,12
21579,133031,it,1492,12
21580,133034,s,1492,12
21581,133036,about,1492,12
21582,133042,time,1492,12
21583,133047,we,1492,12
21584,133050,took,1492,12
21585,133055,you,1492,12
21586,133059,back,1492,12
21587,133064,to,1492,12
21588,133067,the,1492,12
21589,133071,palace,1492,12
21590,133082,Eumaeus,1492,12
21591,133090,smiles,1492,12
21592,133101,EXT,1493,12
21593,133106,TOWN,1493,12
21594,133112,ITHACA,1493,12
21595,133121,DAY,1493,12
21596,133128,Telemachus,1494,12
21597,133139,walks,1494,12
21598,133146,ALONE,1494,12
21599,133153,dressed,1494,12
21600,133161,as,1494,12
21601,133164,a,1494,12
21602,133166,prince,1494,12
21603,133174,through,1494,12
21604,133182,the,1494,12
21605,133186,town,1494,12
21606,133193,The,1494,12
21607,133197,TOWNSPEOPLE,1494,12
21608,133209,start,1494,12
21609,133215,to,1494,12
21610,133218,notice,1494,12
21611,133226,Running,1494,12
21612,133234,ahead,1494,12
21613,133240,with,1494,12
21614,133245,the,1494,12
21615,133249,news,1494,12
21616,133260,EXT,1495,12
21617,133265,PALACE,1495,12
21618,133272,AT,1495,12
21619,133275,ITHACA,1495,12
21620,133285,DAY,1495,12
21621,133292,As,1496,12
21622,133295,Telemachus,1496,12
21623,133306,climbs,1496,12
21624,133313,the,1496,12
21625,133317,steps,1496,12
21626,133323,the,1496,12
21627,133327,GATEKEEPERS,1496,12
21628,133339,recognize,1496,12
21629,133349,him,1496,12
21630,133355,A,1496,12
21631,133357,SHOUT,1496,12
21632,133363,goes,1496,12
21633,133368,up,1496,12
21634,133377,INT,1497,12
21635,133382,MEGARON,1497,12
21636,133393,MOMENTS,1497,12
21637,133401,LATER,1497,12
21638,133410,Antinous,1498,12
21639,133419,PULLS,1498,12
21640,133425,Melantho,1498,12
21641,133434,into,1498,12
21642,133439,the,1498,12
21643,133443,shadows,1498,12
21644,133452,embracing,1498,12
21645,133462,her,1498,12
21646,133475,MELANTHO,1499,12
21647,133485,They,1499,12
21648,133490,re,1499,12
21649,133493,saying,1499,12
21650,133500,Telemachus,1499,12
21651,133511,is,1499,12
21652,133514,back,1499,12
21653,133524,ANTINOUS,1500,12
21654,133534,What,1500,12
21655,133543,He,1500,12
21656,133546,looks,1500,12
21657,133552,at,1500,12
21658,133555,her,1500,12
21659,133564,ANTINOUS,1501,12
21660,133574,Who,1501,12
21661,133578,is,1501,12
21662,133585,Penelope,1501,12
21663,133594,BURSTS,1501,12
21664,133601,from,1501,12
21665,133606,behind,1501,12
21666,133613,the,1501,12
21667,133617,screen,1501,12
21668,133629,PENELOPE,1502,12
21669,133639,Where,1502,12
21670,133645,s,1502,12
21671,133647,Telemachus,1502,12
21672,133663,Melantho,1502,12
21673,133672,separates,1502,12
21674,133682,from,1502,12
21675,133687,Antinous,1502,12
21676,133697,hurrying,1502,12
21677,133706,over,1502,12
21678,133711,to,1502,12
21679,133714,Penelope,1502,12
21680,133725,gesturing,1502,12
21681,133735,at,1502,12
21682,133738,the,1502,12
21683,133742,screen,1502,12
21684,133754,MELANTHO,1503,12
21685,133764,My,1503,12
21686,133767,Queen,1503,12
21687,133774,surely,1503,12
21688,133781,your,1503,12
21689,133786,place,1503,12
21690,133792,is,1503,12
21691,133795,up,1503,12
21692,133798,there,1503,12
21693,133808,Penelope,1503,12
21694,133817,glances,1503,12
21695,133825,at,1503,12
21696,133828,Melantho,1503,12
21697,133838,sees,1503,12
21698,133843,Antinous,1503,12
21699,133858,Telemachus,1503,12
21700,133869,walks,1503,12
21701,133875,into,1503,12
21702,133880,the,1503,12
21703,133884,hall,1503,12
21704,133890,trailed,1503,12
21705,133898,by,1503,12
21706,133901,servants,1503,12
21707,133910,pulling,1503,12
21708,133918,off,1503,12
21709,133922,his,1503,12
21710,133927,magnificent,1503,12
21711,133939,armour,1503,12
21712,133954,PENELOPE,1504,12
21713,133964,It,1504,12
21714,133967,s,1504,12
21715,133969,true,1504,12
21716,133975,You,1504,12
21717,133979,re,1504,12
21718,133982,home,1504,12
21719,133991,TELEMACHUS,1505,12
21720,134003,I,1505,12
21721,134005,m,1505,12
21722,134007,back,1505,12
21723,134016,Penelope,1505,12
21724,134025,EMBRACES,1505,12
21725,134034,her,1505,12
21726,134038,son,1505,12
21727,134048,TELEMACHUS,1506,12
21728,134060,I,1506,12
21729,134062,thought,1506,12
21730,134070,we,1506,12
21731,134073,d,1506,12
21732,134075,celebrate,1506,12
21733,134085,tonight,1506,12
21734,134102,Telemachus,1506,12
21735,134113,looks,1506,12
21736,134119,at,1506,12
21737,134122,Antinous,1506,12
21738,134135,TELEMACHUS,1507,12
21739,134149,If,1507,12
21740,134152,we,1507,12
21741,134156,ve,1507,12
21742,134159,got,1507,12
21743,134163,anything,1507,12
21744,134172,left,1507,12
21745,134177,to,1507,12
21746,134180,celebrate,1507,12
21747,134190,with,1507,12
21748,134199,PENELOPE,1508,12
21749,134209,Don,1508,12
21750,134213,t,1508,12
21751,134215,worry,1508,12
21752,134222,my,1508,12
21753,134225,brave,1508,12
21754,134231,suitors,1508,12
21755,134239,will,1508,12
21756,134244,shower,1508,12
21757,134251,us,1508,12
21758,134254,with,1508,12
21759,134259,gifts,1508,12
21760,134265,in,1508,12
21761,134268,honour,1508,12
21762,134276,of,1508,12
21763,134279,your,1508,12
21764,134284,return,1508,12
21765,134299,Penelope,1508,12
21766,134308,turns,1508,12
21767,134314,to,1508,12
21768,134317,Antinous,1508,12
21769,134327,Who,1508,12
21770,134331,looks,1508,12
21771,134337,warmly,1508,12
21772,134344,at,1508,12
21773,134347,Telemachus,1508,12
21774,134362,ANTINOUS,1509,12
21775,134372,I,1509,12
21776,134374,m,1509,12
21777,134376,glad,1509,12
21778,134381,to,1509,12
21779,134384,see,1509,12
21780,134388,you,1509,12
21781,134393,ve,1509,12
21782,134396,returned,1509,12
21783,134405,safely,1509,12
21784,134416,INT,1510,13
21785,134421,PENELOPE,1510,13
21786,134430,S,1510,13
21787,134432,CHAMBER,1510,13
21788,134441,PALACE,1510,13
21789,134448,OF,1510,13
21790,134451,ITHACA,1510,13
21791,134461,MOMENTS,1511,13
21792,134469,LATER,1511,13
21793,134478,Melantho,1511,13
21794,134487,hands,1511,13
21795,134493,Telemachus,1511,13
21796,134504,a,1511,13
21797,134506,drink,1511,13
21798,134513,Penelope,1511,13
21799,134522,waves,1511,13
21800,134528,her,1511,13
21801,134532,off,1511,13
21802,134540,TELEMACHUS,1512,13
21803,134552,Menelaus,1512,13
21804,134566,Penelope,1512,13
21805,134575,gestures,1512,13
21806,134584,SILENCE,1512,13
21807,134593,Waits,1512,13
21808,134599,for,1512,13
21809,134603,Melantho,1512,13
21810,134612,to,1512,13
21811,134615,leave,1512,13
21812,134629,PENELOPE,1513,13
21813,134639,What,1513,13
21814,134644,did,1513,13
21815,134648,you,1513,13
21816,134652,hear,1513,13
21817,134657,about,1513,13
21818,134663,your,1513,13
21819,134668,father,1513,13
21820,134679,TELEMACHUS,1514,13
21821,134691,Nothing,1514,13
21822,134700,Stories,1514,13
21823,134708,from,1514,13
21824,134713,the,1514,13
21825,134717,war,1514,13
21826,134722,But,1514,13
21827,134726,no,1514,13
21828,134729,one,1514,13
21829,134733,knew,1514,13
21830,134738,what,1514,13
21831,134743,happened,1514,13
21832,134753,to,1514,13
21833,134756,him,1514,13
21834,134760,after,1514,13
21835,134766,he,1514,13
21836,134769,left,1514,13
21837,134774,Troy,1514,13
21838,134782,m,1514,13
21839,134784,sorry,1514,13
21840,134791,Mom,1514,13
21841,134799,Penelope,1514,13
21842,134808,hides,1514,13
21843,134814,her,1514,13
21844,134818,disappointment,1514,13
21845,134834,Telemachus,1514,13
21846,134845,looks,1514,13
21847,134851,away,1514,13
21848,134860,TELEMACHUS,1515,13
21849,134872,Everybody,1515,13
21850,134882,in,1515,13
21851,134885,Sparta,1515,13
21852,134892,s,1515,13
21853,134894,talking,1515,13
21854,134902,about,1515,13
21855,134908,a,1515,13
21856,134910,coming,1515,13
21857,134917,catastrophe,1515,13
21858,134930,an,1515,13
21859,134933,age,1515,13
21860,134938,of,1515,13
21861,134941,darkness,1515,13
21862,134950,brought,1515,13
21863,134958,on,1515,13
21864,134961,by,1515,13
21865,134964,people,1515,13
21866,134971,from,1515,13
21867,134976,the,1515,13
21868,134980,sea,1515,13
21869,134984,violating,1515,13
21870,134994,Zeus,1515,13
21871,134999,s,1515,13
21872,135002,law,1515,13
21873,135010,PENELOPE,1516,13
21874,135020,So,1516,13
21875,135023,the,1516,13
21876,135027,stories,1516,13
21877,135035,are,1516,13
21878,135039,true,1516,13
21879,135045,Our,1516,13
21880,135049,civilization,1516,13
21881,135062,is,1516,13
21882,135065,collapsing,1516,13
21883,135080,TELEMACHUS,1517,13
21884,135092,Menelaus,1517,13
21885,135101,is,1517,13
21886,135104,concerned,1517,13
21887,135114,that,1517,13
21888,135119,we,1517,13
21889,135122,can,1517,13
21890,135126,t,1517,13
21891,135128,raise,1517,13
21892,135134,an,1517,13
21893,135137,army,1517,13
21894,135142,with,1517,13
21895,135147,an,1517,13
21896,135150,empty,1517,13
21897,135157,throne,1517,13
21898,135165,We,1517,13
21899,135168,came,1517,13
21900,135173,up,1517,13
21901,135176,with,1517,13
21902,135181,a,1517,13
21903,135183,plan,1517,13
21904,135192,Penelope,1517,13
21905,135201,looks,1517,13
21906,135207,at,1517,13
21907,135210,him,1517,13
21908,135215,surprised,1517,13
21909,135229,PENELOPE,1518,13
21910,135239,What,1518,13
21911,135244,plan,1518,13
21912,135251,TELEMACHUS,1519,13
21913,135263,The,1519,13
21914,135267,one,1519,13
21915,135271,way,1519,13
21916,135275,to,1519,13
21917,135278,get,1519,13
21918,135282,these,1519,13
21919,135288,suitors,1519,13
21920,135296,to,1519,13
21921,135299,leave,1519,13
21922,135306,It,1519,13
21923,135309,s,1519,13
21924,135311,time,1519,13
21925,135316,for,1519,13
21926,135320,you,1519,13
21927,135324,to,1519,13
21928,135328,choose,1519,13
21929,135339,Penelope,1519,13
21930,135348,looks,1519,13
21931,135354,at,1519,13
21932,135357,him,1519,13
21933,135362,SHOCKED,1519,13
21934,135374,PENELOPE,1520,13
21935,135384,You,1520,13
21936,135388,want,1520,13
21937,135393,me,1520,13
21938,135396,to,1520,13
21939,135399,remarry,1520,13
21940,135411,TELEMACHUS,1521,13
21941,135423,If,1521,13
21942,135426,you,1521,13
21943,135430,remarry,1521,13
21944,135439,the,1521,13
21945,135443,other,1521,13
21946,135449,suitors,1521,13
21947,135457,will,1521,13
21948,135462,leave,1521,13
21949,135469,I,1521,13
21950,135471,m,1521,13
21951,135473,almost,1521,13
21952,135480,of,1521,13
21953,135483,age,1521,13
21954,135488,Pll,1521,13
21955,135493,tell,1521,13
21956,135498,the,1521,13
21957,135502,Elders,1521,13
21958,135509,I,1521,13
21959,135511,learned,1521,13
21960,135519,of,1521,13
21961,135522,Odysseus,1521,13
21962,135531,s,1521,13
21963,135533,death,1521,13
21964,135539,in,1521,13
21965,135542,Sparta,1521,13
21966,135550,Menelaus,1521,13
21967,135560,will,1521,13
21968,135565,back,1521,13
21969,135570,me,1521,13
21970,135573,up,1521,13
21971,135577,They,1521,13
21972,135583,ll,1521,13
21973,135586,let,1521,13
21974,135590,me,1521,13
21975,135593,assume,1521,13
21976,135600,the,1521,13
21977,135604,throne,1521,13
21978,135615,PENELOPE,1522,13
21979,135625,So,1522,13
21980,135628,you,1522,13
21981,135632,deny,1522,13
21982,135637,your,1522,13
21983,135642,father,1522,13
21984,135649,and,1522,13
21985,135653,I,1522,13
21986,135655,leave,1522,13
21987,135661,my,1522,13
21988,135664,home,1522,13
21989,135669,to,1522,13
21990,135672,go,1522,13
21991,135675,live,1522,13
21992,135680,with,1522,13
21993,135685,one,1522,13
21994,135690,of,1522,13
21995,135693,these,1522,13
21996,135699,snakes,1522,13
21997,135707,That,1522,13
21998,135712,s,1522,13
21999,135714,your,1522,13
22000,135719,plan,1522,13
22001,135729,TELEMACHUS,1523,13
22002,135741,You,1523,13
22003,135745,have,1523,13
22004,135750,a,1523,13
22005,135752,better,1523,13
22006,135759,one,1523,13
22007,135767,PENELOPE,1524,13
22008,135777,Lock,1524,13
22009,135782,the,1524,13
22010,135786,door,1524,13
22011,135792,set,1524,13
22012,135796,a,1524,13
22013,135798,fire,1524,13
22014,135803,and,1524,13
22015,135807,burn,1524,13
22016,135812,the,1524,13
22017,135816,bastards,1524,13
22018,135829,Penelope,1524,13
22019,135838,squares,1524,13
22020,135846,up,1524,13
22021,135849,to,1524,13
22022,135852,her,1524,13
22023,135856,son,1524,13
22024,135861,looking,1524,13
22025,135869,into,1524,13
22026,135874,his,1524,13
22027,135878,eyes,1524,13
22028,135888,PENELOPE,1525,13
22029,135898,Telemachus,1525,13
22030,135910,you,1525,13
22031,135914,think,1525,13
22032,135920,if,1525,13
22033,135923,I,1525,13
22034,135925,remarry,1525,13
22035,135933,life,1525,13
22036,135938,goes,1525,13
22037,135943,back,1525,13
22038,135948,to,1525,13
22039,135951,the,1525,13
22040,135955,way,1525,13
22041,135959,it,1525,13
22042,135963,was,1525,13
22043,135968,That,1525,13
22044,135973,world,1525,13
22045,135979,is,1525,13
22046,135982,gone,1525,13
22047,135988,and,1525,13
22048,135992,in,1525,13
22049,135995,this,1525,13
22050,136000,one,1525,13
22051,136004,they,1525,13
22052,136009,re,1525,13
22053,136012,not,1525,13
22054,136016,giving,1525,13
22055,136023,up,1525,13
22056,136027,power,1525,13
22057,136033,to,1525,13
22058,136036,you,1525,13
22059,136041,Or,1525,13
22060,136044,Odysseus,1525,13
22061,136054,If,1525,13
22062,136057,he,1525,13
22063,136060,returned,1525,13
22064,136069,he,1525,13
22065,136072,d,1525,13
22066,136074,have,1525,13
22067,136079,to,1525,13
22068,136082,kill,1525,13
22069,136087,them,1525,13
22070,136096,Like,1525,13
22071,136101,you,1525,13
22072,136105,will,1525,13
22073,136114,TELEMACHUS,1526,13
22074,136126,If,1526,13
22075,136129,I,1526,13
22076,136131,kill,1526,13
22077,136136,the,1526,13
22078,136140,Suitors,1526,13
22079,136148,their,1526,13
22080,136154,families,1526,13
22081,136163,will,1526,13
22082,136168,demand,1526,13
22083,136175,revenge,1526,13
22084,136185,Ill,1526,13
22085,136189,be,1526,13
22086,136193,exiled,1526,13
22087,136201,And,1526,13
22088,136205,without,1526,13
22089,136213,me,1526,13
22090,136216,the,1526,13
22091,136220,throne,1526,13
22092,136227,will,1526,13
22093,136232,be,1526,13
22094,136235,lost,1526,13
22095,136244,PENELOPE,1527,13
22096,136254,Because,1527,13
22097,136262,only,1527,13
22098,136267,a,1527,13
22099,136269,man,1527,13
22100,136273,can,1527,13
22101,136277,sit,1527,13
22102,136281,on,1527,13
22103,136284,it,1527,13
22104,136289,Empty,1527,13
22105,136295,throne,1527,13
22106,136305,I,1527,13
22107,136307,ve,1527,13
22108,136310,been,1527,13
22109,136316,sitting,1527,13
22110,136324,on,1527,13
22111,136327,that,1527,13
22112,136332,empty,1527,13
22113,136338,throne,1527,13
22114,136345,for,1527,13
22115,136349,twenty,1527,13
22116,136356,years,1527,13
22117,136363,My,1527,13
22118,136366,knowledge,1527,13
22119,136377,my,1527,13
22120,136381,years,1527,13
22121,136387,of,1527,13
22122,136390,experience,1527,13
22123,136403,that,1527,13
22124,136408,s,1527,13
22125,136410,all,1527,13
22126,136414,nothing,1527,13
22127,136422,compared,1527,13
22128,136431,with,1527,13
22129,136436,the,1527,13
22130,136440,bristles,1527,13
22131,136450,on,1527,13
22132,136453,your,1527,13
22133,136458,chin,1527,13
22134,136467,She,1527,13
22135,136471,turns,1527,13
22136,136477,her,1527,13
22137,136481,back,1527,13
22138,136486,on,1527,13
22139,136489,him,1527,13
22140,136494,He,1527,13
22141,136497,looks,1527,13
22142,136503,down,1527,13
22143,136508,at,1527,13
22144,136511,his,1527,13
22145,136515,feet,1527,13
22146,136521,ashamed,1527,13
22147,136533,TELEMACHUS,1528,13
22148,136545,Do,1528,13
22149,136548,you,1528,13
22150,136552,want,1528,13
22151,136557,peace,1528,13
22152,136564,or,1528,13
22153,136567,do,1528,13
22154,136570,you,1528,13
22155,136574,want,1528,13
22156,136579,revenge,1528,13
22157,136591,PENELOPE,1529,13
22158,136601,I,1529,13
22159,136603,want,1529,13
22160,136608,Odysseus,1529,13
22161,136619,BANG,1530,13
22162,136626,BARD,1531,13
22163,136633,V,1532,13
22164,136635,O,1532,13
22165,136642,Sing,1532,13
22166,136648,muse,1532,13
22167,136654,of,1532,13
22168,136657,a,1532,13
22169,136659,face,1532,13
22170,136668,INT,1533,13
22171,136673,MEGARON,1533,13
22172,136682,PALACE,1533,13
22173,136689,OF,1533,13
22174,136692,ITHACA,1533,13
22175,136701,NIGHT,1533,13
22176,136710,BANG,1534,13
22177,136716,The,1534,13
22178,136720,Bard,1534,13
22179,136725,beats,1534,13
22180,136731,his,1534,13
22181,136735,rhythm,1534,13
22182,136742,atop,1534,13
22183,136747,the,1534,13
22184,136751,table,1534,13
22185,136766,BARD,1535,13
22186,136772,A,1535,13
22187,136774,face,1535,13
22188,136783,BANG,1535,13
22189,136789,Telemachus,1535,13
22190,136800,walks,1535,13
22191,136806,the,1535,13
22192,136810,room,1535,13
22193,136816,watching,1535,13
22194,136825,the,1535,13
22195,136829,Suitors,1535,13
22196,136837,STREAM,1535,13
22197,136845,IN,1535,13
22198,136848,to,1535,13
22199,136851,the,1535,13
22200,136855,feast,1535,13
22201,136869,BARD,1536,13
22202,136875,A,1536,13
22203,136877,fleet,1536,13
22204,136887,BANG,1537,13
22205,136896,EXT,1538,13
22206,136901,TOWN,1538,13
22207,136907,ITHACA,1538,13
22208,136916,CONTINUOUS,1538,13
22209,136928,Odysseus,1539,13
22210,136937,and,1539,13
22211,136941,Eumaeus,1539,13
22212,136949,make,1539,13
22213,136954,their,1539,13
22214,136960,way,1539,13
22215,136964,through,1539,13
22216,136972,the,1539,13
22217,136976,town,1539,13
22218,136985,Odysseus,1539,13
22219,136994,s,1539,13
22220,136996,hungry,1539,13
22221,137003,eyes,1539,13
22222,137008,eat,1539,13
22223,137012,up,1539,13
22224,137015,every,1539,13
22225,137021,sight,1539,13
22226,137027,in,1539,13
22227,137030,the,1539,13
22228,137034,town,1539,13
22229,137039,he,1539,13
22230,137042,hasn,1539,13
22231,137047,t,1539,13
22232,137049,seen,1539,13
22233,137055,for,1539,13
22234,137059,twenty,1539,13
22235,137066,years,1539,13
22236,137073,He,1539,13
22237,137076,sees,1539,13
22238,137081,the,1539,13
22239,137085,palace,1539,13
22240,137098,BARD,1540,13
22241,137105,V,1541,13
22242,137107,O,1541,13
22243,137112,A,1541,13
22244,137114,war,1541,13
22245,137122,BANG,1542,13
22246,137131,INT,1543,13
22247,137136,MEGARON,1543,13
22248,137145,PALACE,1543,13
22249,137152,OF,1543,13
22250,137155,ITHACA,1543,13
22251,137164,CONTINUOUS,1543,13
22252,137178,The,1544,13
22253,137182,gathering,1544,13
22254,137192,Suitors,1544,13
22255,137200,stare,1544,13
22256,137206,up,1544,13
22257,137209,at,1544,13
22258,137212,the,1544,13
22259,137216,Bard,1544,13
22260,137222,All,1544,13
22261,137226,except,1544,13
22262,137233,Antinous,1544,13
22263,137243,who,1544,13
22264,137248,watches,1544,13
22265,137256,Telemachus,1544,13
22266,137267,head,1544,13
22267,137272,outside,1544,13
22268,137289,BARD,1545,13
22269,137295,At,1545,13
22270,137298,Troy,1545,13
22271,137307,BANG,1546,13
22272,137316,BARD,1547,13
22273,137322,Sing,1547,13
22274,137328,muse,1547,13
22275,137334,of,1547,13
22276,137337,a,1547,13
22277,137339,man,1547,13
22278,137347,BANG,1548,13
22279,137356,EXT,1549,13
22280,137361,COURTYARD,1549,13
22281,137372,PALACE,1549,13
22282,137379,OF,1549,13
22283,137382,ITHACA,1549,13
22284,137392,CONTINUOUS,1550,13
22285,137406,Telemachus,1550,13
22286,137417,watches,1550,13
22287,137425,Odysseus,1550,13
22288,137434,and,1550,13
22289,137438,Eumaeus,1550,13
22290,137446,climb,1550,13
22291,137452,the,1550,13
22292,137456,stairs,1550,13
22293,137463,to,1550,13
22294,137466,the,1550,13
22295,137471,palace,1550,13
22296,137482,BARD,1551,13
22297,137491,O,1552,13
22298,137493,S,1552,13
22299,137498,A,1552,13
22300,137500,man,1552,13
22301,137508,BANG,1553,13
22302,137517,Odysseus,1553,13
22303,137526,lets,1553,13
22304,137531,Eumaeus,1553,13
22305,137539,go,1553,13
22306,137542,ahead,1553,13
22307,137548,as,1553,13
22308,137551,he,1553,13
22309,137554,takes,1553,13
22310,137560,in,1553,13
22311,137563,his,1553,13
22312,137567,old,1553,13
22313,137571,home,1553,13
22314,137577,TEARS,1553,13
22315,137584,welling,1553,13
22316,137593,MEMORIES,1553,13
22317,137602,tumbling,1553,13
22318,137611,in,1553,13
22319,137620,BARD,1554,13
22320,137627,O,1555,13
22321,137629,S,1555,13
22322,137634,A,1555,13
22323,137636,thought,1555,13
22324,137648,BANG,1556,13
22325,137657,Telemachus,1556,13
22326,137668,sees,1556,13
22327,137673,Argus,1556,13
22328,137679,lying,1556,13
22329,137685,on,1556,13
22330,137688,the,1556,13
22331,137692,dung,1556,13
22332,137697,pile,1556,13
22333,137708,Odysseus,1556,13
22334,137717,shuffles,1556,13
22335,137727,towards,1556,13
22336,137735,him,1556,13
22337,137739,like,1556,13
22338,137744,the,1556,13
22339,137748,old,1556,13
22340,137752,beggar,1556,13
22341,137759,he,1556,13
22342,137762,is,1556,13
22343,137765,dressed,1556,13
22344,137773,as,1556,13
22345,137782,BARD,1557,13
22346,137789,O,1558,13
22347,137791,S,1558,13
22348,137796,A,1558,13
22349,137798,trick,1558,13
22350,137808,Telemachus,1558,13
22351,137819,sees,1558,13
22352,137824,Odysseus,1558,13
22353,137833,notice,1558,13
22354,137840,Argus,1558,13
22355,137850,thinks,1558,13
22356,137861,BANG,1559,13
22357,137870,Odysseus,1559,13
22358,137879,stares,1559,13
22359,137886,at,1559,13
22360,137889,the,1559,13
22361,137893,ancient,1559,13
22362,137901,dog,1559,13
22363,137905,lying,1559,13
22364,137911,on,1559,13
22365,137914,the,1559,13
22366,137918,dung,1559,13
22367,137923,pile,1559,13
22368,137928,as,1559,13
22369,137931,if,1559,13
22370,137934,dead,1559,13
22371,137945,ODYSSEUS,1560,13
22372,137957,Eumaeus,1560,13
22373,137966,go,1560,13
22374,137969,ahead,1560,13
22375,137979,At,1560,13
22376,137982,the,1560,13
22377,137986,sound,1560,13
22378,137992,of,1560,13
22379,137995,Odysseus,1560,13
22380,138004,s,1560,13
22381,138006,voice,1560,13
22382,138013,Argus,1560,13
22383,138019,s,1560,13
22384,138021,EYES,1560,13
22385,138026,OPEN,1560,13
22386,138032,Odysseus,1560,13
22387,138042,crouches,1560,13
22388,138051,to,1560,13
22389,138054,rub,1560,13
22390,138058,the,1560,13
22391,138062,dog,1560,13
22392,138066,s,1560,13
22393,138068,threadbare,1560,13
22394,138079,grey,1560,13
22395,138084,fur,1560,13
22396,138094,ODYSSEUS,1561,13
22397,138107,quiet,1561,13
22398,138115,Argus,1561,13
22399,138127,Argus,1561,13
22400,138133,s,1561,13
22401,138135,tail,1561,13
22402,138140,gives,1561,13
22403,138146,a,1561,13
22404,138148,WEAK,1561,13
22405,138153,WAG,1561,13
22406,138163,ODYSSEUS,1562,13
22407,138173,Argus,1562,13
22408,138185,Now,1562,13
22409,138189,ARGUS,1562,13
22410,138195,IS,1562,13
22411,138198,DEAD,1562,13
22412,138204,Odysseus,1562,13
22413,138213,nods,1562,13
22414,138218,at,1562,13
22415,138221,his,1562,13
22416,138225,old,1562,13
22417,138229,friend,1562,13
22418,138237,ONE,1562,13
22419,138241,LAST,1562,13
22420,138247,PAT,1562,13
22421,138252,then,1562,13
22422,138257,straightens,1562,13
22423,138275,to,1562,13
22424,138278,find,1562,13
22425,138283,Telemachus,1562,13
22426,138295,right,1562,13
22427,138301,there,1562,13
22428,138312,ODYSSEUS,1563,13
22429,138322,You,1563,13
22430,138326,should,1563,13
22431,138333,bury,1563,13
22432,138338,him,1563,13
22433,138342,up,1563,13
22434,138345,on,1563,13
22435,138348,the,1563,13
22436,138352,cliffs,1563,13
22437,138363,TELEMACHUS,1564,13
22438,138375,Where,1564,13
22439,138381,you,1564,13
22440,138385,met,1564,13
22441,138393,Odysseus,1564,13
22442,138402,just,1564,13
22443,138407,looks,1564,13
22444,138413,at,1564,13
22445,138416,his,1564,13
22446,138420,son,1564,13
22447,138425,tears,1564,13
22448,138431,in,1564,13
22449,138434,his,1564,13
22450,138438,eyes,1564,13
22451,138445,TELEMACHUS,1565,13
22452,138460,quiet,1565,13
22453,138468,You,1565,13
22454,138472,re,1565,13
22455,138475,Odysseus,1565,13
22456,138485,You,1565,13
22457,138489,re,1565,13
22458,138492,my,1565,13
22459,138495,father,1565,13
22460,138506,ODYSSEUS,1566,13
22461,138516,I'm,1566,13
22462,138520,a,1566,13
22463,138522,beggar,1566,13
22464,138530,and,1566,13
22465,138534,you,1566,13
22466,138543,you,1566,13
22467,138547,re,1566,13
22468,138550,the,1566,13
22469,138554,worthy,1566,13
22470,138562,beautiful,1566,13
22471,138572,son,1566,13
22472,138576,of,1566,13
22473,138580,Odysseus,1566,13
22474,138590,of,1566,13
22475,138593,whom,1566,13
22476,138599,when,1566,13
22477,138604,you,1566,13
22478,138608,do,1566,13
22479,138611,finally,1566,13
22480,138619,meet,1566,13
22481,138625,he,1566,13
22482,138628,will,1566,13
22483,138633,be,1566,13
22484,138636,so,1566,13
22485,138640,proud,1566,13
22486,138652,Telemachus,1566,13
22487,138663,looks,1566,13
22488,138669,into,1566,13
22489,138674,his,1566,13
22490,138678,father,1566,13
22491,138685,s,1566,13
22492,138687,eyes,1566,13
22493,138700,TELEMACHUS,1567,13
22494,138713,louder,1567,13
22495,138722,Welcome,1567,13
22496,138731,stranger,1567,13
22497,138744,Telemachus,1567,13
22498,138755,turns,1567,13
22499,138761,inside,1567,13
22500,138769,CALLING,1567,13
22501,138777,over,1567,13
22502,138782,his,1567,13
22503,138786,shoulder,1567,13
22504,138800,INT,1568,13
22505,138805,MEGARON,1568,13
22506,138814,PALACE,1568,13
22507,138821,OF,1568,13
22508,138824,ITHACA,1568,13
22509,138833,CONTINUOUS,1568,13
22510,138847,TELEMACHUS,1569,13
22511,138859,Accept,1569,13
22512,138866,the,1569,13
22513,138870,hospitality,1569,13
22514,138882,of,1569,13
22515,138885,Zeus,1569,13
22516,138894,Antinous,1569,13
22517,138903,looks,1569,13
22518,138909,up,1569,13
22519,138912,to,1569,13
22520,138915,see,1569,13
22521,138919,Telemachus,1569,13
22522,138930,indicate,1569,13
22523,138939,a,1569,13
22524,138941,place,1569,13
22525,138947,on,1569,13
22526,138950,the,1569,13
22527,138954,threshold,1569,13
22528,138965,for,1569,13
22529,138969,Odysseus,1569,13
22530,138978,to,1569,13
22531,138981,sit,1569,13
22532,138985,amongst,1569,13
22533,138993,other,1569,13
22534,138999,beggars,1569,13
22535,139008,then,1569,13
22536,139013,hail,1569,13
22537,139018,a,1569,13
22538,139020,servant,1569,13
22539,139033,TELEMACHUS,1570,13
22540,139045,Get,1570,13
22541,139049,the,1570,13
22542,139053,stranger,1570,13
22543,139062,some,1570,13
22544,139067,food,1570,13
22545,139076,ODYSSEUS,1571,13
22546,139088,No,1571,13
22547,139092,sir,1571,13
22548,139097,Just,1571,13
22549,139102,let,1571,13
22550,139106,me,1571,13
22551,139109,make,1571,13
22552,139114,the,1571,13
22553,139118,rounds,1571,13
22554,139125,with,1571,13
22555,139130,my,1571,13
22556,139133,bowl,1571,13
22557,139140,Telemachus,1571,13
22558,139151,SHRUGS,1571,13
22559,139159,Heads,1571,13
22560,139165,to,1571,13
22561,139168,his,1571,13
22562,139172,table,1571,13
22563,139181,Antinous,1571,13
22564,139190,steps,1571,13
22565,139196,in,1571,13
22566,139199,his,1571,13
22567,139203,path,1571,13
22568,139209,speaking,1571,13
22569,139218,quietly,1571,13
22570,139230,ANTINOUS,1572,13
22571,139240,You,1572,13
22572,139244,don,1572,13
22573,139248,t,1572,13
22574,139250,have,1572,13
22575,139255,enough,1572,13
22576,139262,guests,1572,13
22577,139270,so,1572,13
22578,139273,you,1572,13
22579,139277,have,1572,13
22580,139282,to,1572,13
22581,139285,invite,1572,13
22582,139292,some,1572,13
22583,139297,filthy,1572,13
22584,139305,old,1572,13
22585,139309,plate,1572,13
22586,139315,licker,1572,13
22587,139322,to,1572,13
22588,139325,dinner,1572,13
22589,139336,Telemachus,1572,13
22590,139347,looks,1572,13
22591,139353,at,1572,13
22592,139356,Antinous,1572,13
22593,139366,Shakes,1572,13
22594,139373,his,1572,13
22595,139377,head,1572,13
22596,139386,TELEMACHUS,1573,13
22597,139398,What,1573,13
22598,139403,s,1573,13
22599,139405,one,1573,13
22600,139409,more,1573,13
22601,139414,beggar,1573,13
22602,139421,at,1573,13
22603,139424,this,1573,13
22604,139429,feast,1573,13
22605,139439,Telemachus,1573,13
22606,139450,confidently,1573,13
22607,139462,BRUSHES,1573,13
22608,139470,past,1573,13
22609,139475,Antinous,1573,13
22610,139485,Antinous,1573,13
22611,139496,SURPRISED,1573,13
22612,139507,watches,1573,13
22613,139515,Telemachus,1573,13
22614,139526,move,1573,13
22615,139531,to,1573,13
22616,139534,his,1573,13
22617,139538,table,1573,13
22618,139544,with,1573,13
22619,139549,Eumaeus,1573,13
22620,139559,Antinous,1573,13
22621,139568,moves,1573,13
22622,139574,to,1573,13
22623,139577,Polybus,1573,13
22624,139586,as,1573,13
22625,139589,the,1573,13
22626,139593,Bard,1573,13
22627,139598,is,1573,13
22628,139601,replaced,1573,13
22629,139610,by,1573,13
22630,139613,DANCERS,1573,13
22631,139628,Odysseus,1573,13
22632,139638,sitting,1573,13
22633,139646,on,1573,13
22634,139649,the,1573,13
22635,139653,threshold,1573,13
22636,139664,looks,1573,13
22637,139670,up,1573,13
22638,139673,to,1573,13
22639,139676,where,1573,13
22640,139682,he,1573,13
22641,139685,can,1573,13
22642,139689,see,1573,13
22643,139694,Penelope,1573,13
22644,139703,s,1573,13
22645,139705,SILHOUETTE,1573,13
22646,139716,behind,1573,13
22647,139723,the,1573,13
22648,139727,screen,1573,13
22649,139738,He,1573,13
22650,139741,stares,1573,13
22651,139748,at,1573,13
22652,139751,the,1573,13
22653,139755,flicker,1573,13
22654,139763,from,1573,13
22655,139768,the,1573,13
22656,139772,oil,1573,13
22657,139776,lamps,1573,13
22658,139782,that,1573,13
22659,139787,reveal,1573,13
22660,139794,her,1573,13
22661,139807,Antinous,1573,13
22662,139817,sitting,1573,13
22663,139825,by,1573,13
22664,139828,Polybus,1573,13
22665,139837,leans,1573,13
22666,139843,in,1573,13
22667,139847,speaking,1573,13
22668,139856,without,1573,13
22669,139864,looking,1573,13
22670,139876,ANTINOUS,1574,13
22671,139886,We,1574,13
22672,139889,have,1574,13
22673,139894,to,1574,13
22674,139897,kill,1574,13
22675,139902,him,1574,13
22676,139906,before,1574,13
22677,139913,he,1574,13
22678,139916,regains,1574,13
22679,139924,his,1574,13
22680,139928,position,1574,13
22681,139937,and,1574,13
22682,139941,goes,1574,13
22683,139946,to,1574,13
22684,139949,the,1574,13
22685,139954,Elders,1574,13
22686,139965,Odysseus,1574,13
22687,139974,RISES,1574,13
22688,139980,to,1574,13
22689,139983,make,1574,13
22690,139988,the,1574,13
22691,139992,rounds,1574,13
22692,139999,with,1574,13
22693,140004,his,1574,13
22694,140008,begging,1574,13
22695,140016,bowl,1574,13
22696,140027,POLYBUS,1575,13
22697,140036,How,1575,13
22698,140044,Telemachus,1575,13
22699,140055,watches,1575,13
22700,140063,the,1575,13
22701,140067,Suitors,1575,13
22702,140075,react,1575,13
22703,140081,to,1575,13
22704,140084,Odysseus,1575,13
22705,140094,Most,1575,13
22706,140099,give,1575,13
22707,140104,him,1575,13
22708,140109,bread,1575,13
22709,140116,some,1575,13
22710,140121,meat,1575,13
22711,140127,some,1575,13
22712,140132,ignore,1575,13
22713,140139,him,1575,13
22714,140147,ANTINOUS,1576,13
22715,140157,We,1576,13
22716,140160,provoke,1576,13
22717,140168,him,1576,13
22718,140172,to,1576,13
22719,140175,grab,1576,13
22720,140180,one,1576,13
22721,140184,of,1576,13
22722,140187,those,1576,13
22723,140193,weapons,1576,13
22724,140206,He,1576,13
22725,140209,indicates,1576,13
22726,140219,the,1576,13
22727,140223,weapons,1576,13
22728,140231,on,1576,13
22729,140234,the,1576,13
22730,140238,walls,1576,13
22731,140245,Polybus,1576,13
22732,140253,looks,1576,13
22733,140259,at,1576,13
22734,140262,Telemachus,1576,13
22735,140274,presiding,1576,13
22736,140284,over,1576,13
22737,140289,the,1576,13
22738,140293,feast,1576,13
22739,140305,POLYBUS,1577,13
22740,140314,He,1577,13
22741,140317,s,1577,13
22742,140319,not,1577,13
22743,140323,the,1577,13
22744,140327,same,1577,13
22745,140332,young,1577,13
22746,140338,pup,1577,13
22747,140342,we,1577,13
22748,140345,used,1577,13
22749,140350,to,1577,13
22750,140353,bait,1577,13
22751,140364,Antinous,1577,13
22752,140373,looks,1577,13
22753,140379,at,1577,13
22754,140382,Polybus,1577,13
22755,140391,Hard,1577,13
22756,140400,ANTINOUS,1578,13
22757,140410,Then,1578,13
22758,140415,we,1578,13
22759,140418,come,1578,13
22760,140423,back,1578,13
22761,140428,tonight,1578,13
22762,140436,and,1578,13
22763,140440,cut,1578,13
22764,140444,his,1578,13
22765,140448,throat,1578,13
22766,140459,Odysseus,1578,13
22767,140468,SHAKES,1578,13
22768,140475,his,1578,13
22769,140479,begging,1578,13
22770,140487,bowl,1578,13
22771,140492,at,1578,13
22772,140495,Polybus,1578,13
22773,140507,POLYBUS,1579,13
22774,140516,Fuck,1579,13
22775,140521,off,1579,13
22776,140526,old,1579,13
22777,140530,man,1579,13
22778,140536,ODYSSEUS,1580,13
22779,140546,Please,1580,13
22780,140554,It,1580,13
22781,140557,s,1580,13
22782,140559,days,1580,13
22783,140564,since,1580,13
22784,140570,I,1580,13
22785,140572,ve,1580,13
22786,140575,eaten,1580,13
22787,140583,POLYBUS,1581,13
22788,140592,I,1581,13
22789,140594,told,1581,13
22790,140599,you,1581,13
22791,140606,ODYSSEUS,1582,13
22792,140618,You,1582,13
22793,140622,can,1582,13
22794,140626,t,1582,13
22795,140628,be,1582,13
22796,140631,generous,1582,13
22797,140640,with,1582,13
22798,140645,food,1582,13
22799,140650,that,1582,13
22800,140655,s,1582,13
22801,140657,not,1582,13
22802,140661,even,1582,13
22803,140666,yours,1582,13
22804,140676,Several,1582,13
22805,140684,of,1582,13
22806,140687,the,1582,13
22807,140691,Suitors,1582,13
22808,140699,LAUGH,1582,13
22809,140705,at,1582,13
22810,140708,this,1582,13
22811,140717,POLYBUS,1583,13
22812,140726,There,1583,13
22813,140732,s,1583,13
22814,140734,no,1583,13
22815,140737,room,1583,13
22816,140742,in,1583,13
22817,140745,your,1583,13
22818,140750,bowl,1583,13
22819,140759,ODYSSEUS,1584,13
22820,140771,Yes,1584,13
22821,140776,there,1584,13
22822,140782,is,1584,13
22823,140789,Polybus,1584,13
22824,140797,takes,1584,13
22825,140803,the,1584,13
22826,140807,rim,1584,13
22827,140811,of,1584,13
22828,140814,the,1584,13
22829,140818,bowl,1584,13
22830,140824,FLIPS,1584,13
22831,140830,it,1584,13
22832,140833,over,1584,13
22833,140839,spilling,1584,13
22834,140848,the,1584,13
22835,140852,food,1584,13
22836,140857,onto,1584,13
22837,140863,the,1584,13
22838,140867,floor,1584,13
22839,140874,Flipping,1584,13
22840,140883,it,1584,13
22841,140886,back,1584,13
22842,140892,he,1584,13
22843,140895,looks,1584,13
22844,140901,into,1584,13
22845,140906,the,1584,13
22846,140910,empty,1584,13
22847,140916,bowl,1584,13
22848,140925,POLYBUS,1585,13
22849,140934,So,1585,13
22850,140937,there,1585,13
22851,140943,is,1585,13
22852,140950,He,1585,13
22853,140953,pulls,1585,13
22854,140959,some,1585,13
22855,140964,of,1585,13
22856,140967,the,1585,13
22857,140971,bread,1585,13
22858,140977,he,1585,13
22859,140980,s,1585,13
22860,140982,chewing,1585,13
22861,140990,out,1585,13
22862,140994,of,1585,13
22863,140997,his,1585,13
22864,141001,mouth,1585,13
22865,141007,and,1585,13
22866,141011,puts,1585,13
22867,141016,it,1585,13
22868,141022,into,1585,13
22869,141027,the,1585,13
22870,141031,bowl,1585,13
22871,141040,POLYBUS,1586,13
22872,141049,There,1586,13
22873,141055,you,1586,13
22874,141059,go,1586,13
22875,141066,As,1586,13
22876,141069,the,1586,13
22877,141073,other,1586,13
22878,141079,suitors,1586,13
22879,141087,LAUGH,1586,13
22880,141094,Odysseus,1586,13
22881,141103,patiently,1586,13
22882,141113,CROUCHES,1586,13
22883,141123,DOWN,1586,13
22884,141128,to,1586,13
22885,141131,put,1586,13
22886,141135,each,1586,13
22887,141140,piece,1586,13
22888,141146,of,1586,13
22889,141149,the,1586,13
22890,141153,spilled,1586,13
22891,141161,food,1586,13
22892,141166,back,1586,13
22893,141171,into,1586,13
22894,141176,his,1586,13
22895,141180,bowl,1586,13
22896,141187,Antinous,1586,13
22897,141196,looks,1586,13
22898,141202,at,1586,13
22899,141205,Telemachus,1586,13
22900,141217,sees,1586,13
22901,141222,his,1586,13
22902,141226,BARELY,1586,13
22903,141233,SUPPRESSED,1586,13
22904,141245,RAGE,1587,13
22905,141256,Just,1587,13
22906,141261,as,1587,13
22907,141264,Odysseus,1587,13
22908,141273,s,1587,13
22909,141275,fingertips,1587,13
22910,141286,touch,1587,13
22911,141292,the,1587,13
22912,141296,last,1587,13
22913,141301,piece,1587,13
22914,141307,of,1587,13
22915,141310,bread,1587,13
22916,141317,Antinous,1587,13
22917,141327,STEPS,1587,13
22918,141333,on,1587,13
22919,141336,it,1587,13
22920,141340,Odysseus,1587,13
22921,141349,stops,1587,13
22922,141356,Sighs,1587,13
22923,141366,ANTINOUS,1588,13
22924,141376,Sorry,1588,13
22925,141383,go,1588,13
22926,141386,ahead,1588,13
22927,141396,He,1588,13
22928,141399,lifts,1588,13
22929,141405,his,1588,13
22930,141409,foot,1588,13
22931,141414,off,1588,13
22932,141418,the,1588,13
22933,141422,crushed,1588,13
22934,141431,filthy,1588,13
22935,141438,bread,1588,13
22936,141448,ANTINOUS,1589,13
22937,141458,I,1589,13
22938,141460,suppose,1589,13
22939,141468,you,1589,13
22940,141472,want,1589,13
22941,141477,something,1589,13
22942,141487,from,1589,13
22943,141492,me,1589,13
22944,141495,now,1589,13
22945,141503,Odysseus,1589,13
22946,141512,gets,1589,13
22947,141517,to,1589,13
22948,141520,his,1589,13
22949,141524,feet,1589,13
22950,141530,hunched,1589,13
22951,141538,over,1589,13
22952,141544,Humble,1589,13
22953,141555,ODYSSEUS,1590,13
22954,141567,No,1590,13
22955,141571,I,1590,13
22956,141573,have,1590,13
22957,141578,something,1590,13
22958,141588,for,1590,13
22959,141592,you,1590,13
22960,141600,Antinous,1590,13
22961,141609,LAUGHS,1590,13
22962,141621,ANTINOUS,1591,13
22963,141631,You,1591,13
22964,141635,have,1591,13
22965,141640,something,1591,13
22966,141650,for,1591,13
22967,141654,me,1591,13
22968,141661,The,1591,13
22969,141665,other,1591,13
22970,141671,Suitors,1591,13
22971,141679,laugh,1591,13
22972,141685,at,1591,13
22973,141688,this,1591,13
22974,141699,ANTINOUS,1592,13
22975,141709,What,1592,13
22976,141714,could,1592,13
22977,141720,a,1592,13
22978,141722,filthy,1592,13
22979,141729,old,1592,13
22980,141733,plate,1592,13
22981,141739,licker,1592,13
22982,141746,like,1592,13
22983,141751,you,1592,13
22984,141755,possibly,1592,13
22985,141764,have,1592,13
22986,141769,that,1592,13
22987,141774,I,1592,13
22988,141777,could,1592,13
22989,141783,want,1592,13
22990,141792,Odysseus,1592,13
22991,141801,FUMBLES,1592,13
22992,141809,in,1592,13
22993,141812,his,1592,13
22994,141816,rags,1592,13
22995,141825,ODYSSEUS,1593,13
22996,141835,Actually,1593,13
22997,141845,it,1593,13
22998,141848,s,1593,13
22999,141850,yours,1593,13
23000,141861,He,1593,13
23001,141864,DROPS,1593,13
23002,141870,something,1593,13
23003,141880,into,1593,13
23004,141885,Antinous,1593,13
23005,141894,s,1593,13
23006,141896,bowl,1593,13
23007,141902,It,1593,13
23008,141905,is,1593,13
23009,141908,the,1593,13
23010,141912,LOT,1593,13
23011,141920,ODYSSEUS,1594,13
23012,141932,I,1594,13
23013,141934,was,1594,13
23014,141938,asked,1594,13
23015,141944,to,1594,13
23016,141947,return,1594,13
23017,141954,it,1594,13
23018,141961,Antinous,1594,13
23019,141970,STARES,1594,13
23020,141977,at,1594,13
23021,141980,it,1594,13
23022,141984,The,1594,13
23023,141988,NOTCHES,1594,13
23024,141996,on,1594,13
23025,141999,its,1594,13
23026,142003,side,1594,13
23027,142014,ANTINOUS,1595,13
23028,142024,That,1595,13
23029,142029,s,1595,13
23030,142031,not,1595,13
23031,142035,mine,1595,13
23032,142044,ODYSSEUS,1596,13
23033,142054,No,1596,13
23034,142061,Antinous,1596,13
23035,142070,picks,1596,13
23036,142076,up,1596,13
23037,142079,the,1596,13
23038,142083,lot,1596,13
23039,142088,staring,1596,13
23040,142096,at,1596,13
23041,142099,it,1596,13
23042,142106,ANTINOUS,1597,13
23043,142116,Where,1597,13
23044,142122,did,1597,13
23045,142126,you,1597,13
23046,142130,get,1597,13
23047,142134,this,1597,13
23048,142143,Odysseus,1597,13
23049,142152,walks,1597,13
23050,142158,away,1597,13
23051,142167,ANTINOUS,1598,13
23052,142177,Don,1598,13
23053,142181,t,1598,13
23054,142183,turn,1598,13
23055,142188,your,1598,13
23056,142193,back,1598,13
23057,142198,on,1598,13
23058,142201,me,1598,13
23059,142208,Odysseus,1598,13
23060,142217,keeps,1598,13
23061,142223,walking,1598,13
23062,142233,Antinous,1598,13
23063,142242,picks,1598,13
23064,142248,up,1598,13
23065,142251,a,1598,13
23066,142253,STOOL,1598,13
23067,142261,HURLS,1598,13
23068,142267,it,1598,13
23069,142270,at,1598,13
23070,142274,Odysseus,1598,13
23071,142284,HITTING,1598,13
23072,142292,him,1598,13
23073,142296,HARD,1598,13
23074,142301,on,1598,13
23075,142304,the,1598,13
23076,142308,shoulder,1598,13
23077,142318,Odysseus,1598,13
23078,142328,STUMBLES,1598,13
23079,142338,but,1598,13
23080,142342,doesn,1598,13
23081,142348,t,1598,13
23082,142350,go,1598,13
23083,142353,down,1598,13
23084,142359,EVERYTHING,1598,13
23085,142370,STOPS,1598,13
23086,142377,GOES,1598,13
23087,142383,QUIET,1598,13
23088,142395,Odysseus,1598,13
23089,142404,stands,1598,13
23090,142411,there,1598,13
23091,142418,doing,1598,13
23092,142424,nothing,1598,13
23093,142436,AMPHIMEDON,1599,13
23094,142448,Antinous,1599,13
23095,142458,you,1599,13
23096,142462,can,1599,13
23097,142466,t,1599,13
23098,142468,treat,1599,13
23099,142474,a,1599,13
23100,142476,beggar,1599,13
23101,142483,like,1599,13
23102,142488,that,1599,13
23103,142497,ELATUS,1600,13
23104,142505,Zeus,1600,13
23105,142510,s,1600,13
23106,142512,law,1600,13
23107,142522,Antinous,1600,13
23108,142531,turns,1600,13
23109,142537,to,1600,13
23110,142540,the,1600,13
23111,142544,assembled,1600,13
23112,142559,ANTINOUS,1601,13
23113,142569,Zeus,1601,13
23114,142574,s,1601,13
23115,142576,law,1601,13
23116,142582,You,1601,13
23117,142586,think,1601,13
23118,142592,this,1601,13
23119,142597,is,1601,13
23120,142600,a,1601,13
23121,142602,God,1601,13
23122,142606,in,1601,13
23123,142609,disguise,1601,13
23124,142623,He,1601,13
23125,142626,turns,1601,13
23126,142632,to,1601,13
23127,142635,Odysseus,1601,13
23128,142644,who,1601,13
23129,142648,is,1601,13
23130,142651,still,1601,13
23131,142657,frozen,1601,13
23132,142669,ANTINOUS,1602,13
23133,142679,Are,1602,13
23134,142683,you,1602,13
23135,142689,Are,1602,13
23136,142693,you,1602,13
23137,142697,a,1602,13
23138,142699,God,1602,13
23139,142703,in,1602,13
23140,142706,disguise,1602,13
23141,142716,plate,1602,13
23142,142722,licker,1602,13
23143,142734,ODYSSEUS,1603,13
23144,142744,No,1603,13
23145,142748,I,1603,13
23146,142750,m,1603,13
23147,142752,a,1603,13
23148,142754,veteran,1603,13
23149,142762,of,1603,13
23150,142765,the,1603,13
23151,142769,Trojan,1603,13
23152,142776,War,1603,13
23153,142783,ANTINOUS,1604,13
23154,142793,What,1604,13
23155,142798,s,1604,13
23156,142800,your,1604,13
23157,142805,name,1604,13
23158,142813,ODYSSEUS,1605,13
23159,142825,Sinon,1605,13
23160,142835,Antinous,1605,13
23161,142844,FLINCHES,1605,13
23162,142854,GLANCING,1605,13
23163,142863,into,1605,13
23164,142868,his,1605,13
23165,142872,bow,1605,13
23166,142877,at,1605,13
23167,142880,the,1605,13
23168,142884,lot,1605,13
23169,142894,ODYSSEUS,1606,13
23170,142904,Does,1606,13
23171,142909,that,1606,13
23172,142914,name,1606,13
23173,142919,mean,1606,13
23174,142924,something,1606,13
23175,142934,to,1606,13
23176,142937,you,1606,13
23177,142944,ANTINOUS,1607,13
23178,142954,No,1607,13
23179,142960,ODYSSEUS,1608,13
23180,142972,I,1608,13
23181,142974,use,1608,13
23182,142978,it,1608,13
23183,142981,to,1608,13
23184,142984,honour,1608,13
23185,142991,the,1608,13
23186,142995,bravest,1608,13
23187,143003,young,1608,13
23188,143009,man,1608,13
23189,143013,I,1608,13
23190,143015,ever,1608,13
23191,143020,met,1608,13
23192,143028,POLYBUS,1609,13
23193,143037,Wasn,1609,13
23194,143042,t,1609,13
23195,143044,that,1609,13
23196,143049,your,1609,13
23197,143054,shepherd,1609,13
23198,143063,s,1609,13
23199,143065,son,1609,13
23200,143073,ANTINOUS,1610,13
23201,143083,I,1610,13
23202,143085,don,1610,13
23203,143089,t,1610,13
23204,143091,remember,1610,13
23205,143105,POLYBUS,1611,13
23206,143114,He,1611,13
23207,143117,wanted,1611,13
23208,143124,you,1611,13
23209,143128,to,1611,13
23210,143131,take,1611,13
23211,143136,his,1611,13
23212,143140,place,1611,13
23213,143150,Antinous,1611,13
23214,143159,picks,1611,13
23215,143165,up,1611,13
23216,143168,the,1611,13
23217,143172,lot,1611,13
23218,143177,moves,1611,13
23219,143183,to,1611,13
23220,143186,Odysseus,1611,13
23221,143196,grabbing,1611,13
23222,143205,him,1611,13
23223,143209,by,1611,13
23224,143212,the,1611,13
23225,143217,shoulder,1611,13
23226,143227,SPINNING,1611,13
23227,143236,him,1611,13
23228,143240,around,1611,13
23229,143252,ANTINOUS,1612,13
23230,143262,Where,1612,13
23231,143268,did,1612,13
23232,143272,you,1612,13
23233,143276,get,1612,13
23234,143280,this,1612,13
23235,143290,Odysseus,1612,13
23236,143300,head,1612,13
23237,143305,down,1612,13
23238,143311,leans,1612,13
23239,143317,in,1612,13
23240,143321,speaking,1612,13
23241,143330,softly,1612,13
23242,143346,ODYSSEUS,1613,13
23243,143358,Where,1613,13
23244,143364,you,1613,13
23245,143368,ll,1613,13
23246,143371,soon,1613,13
23247,143376,be,1613,13
23248,143383,ANTINOUS,1614,13
23249,143393,Where,1614,13
23250,143399,s,1614,13
23251,143401,that,1614,13
23252,143410,ODYSSEUS,1615,13
23253,143420,Hades,1615,13
23254,143430,Antinous,1615,13
23255,143439,KICKS,1615,13
23256,143445,Odysseus,1615,13
23257,143454,to,1615,13
23258,143457,the,1615,13
23259,143461,ground,1615,13
23260,143473,TELEMACHUS,1616,13
23261,143486,O,1617,13
23262,143488,S,1617,13
23263,143493,ENOUGH,1618,13
23264,143504,Antinous,1618,13
23265,143513,and,1618,13
23266,143517,the,1618,13
23267,143521,other,1618,13
23268,143527,Suitors,1618,13
23269,143535,turn,1618,13
23270,143540,to,1618,13
23271,143543,Telemachus,1618,13
23272,143555,SHOCKED,1618,13
23273,143567,TELEMACHUS,1619,13
23274,143579,The,1619,13
23275,143583,feast,1619,13
23276,143589,is,1619,13
23277,143592,done,1619,13
23278,143601,All,1619,13
23279,143605,are,1619,13
23280,143609,surprised,1619,13
23281,143619,by,1619,13
23282,143622,the,1619,13
23283,143626,AUTHORITY,1619,13
23284,143636,of,1619,13
23285,143639,his,1619,13
23286,143643,tone,1619,13
23287,143650,The,1619,13
23288,143654,Suitors,1619,13
23289,143662,start,1619,13
23290,143668,to,1619,13
23291,143671,rise,1619,13
23292,143676,and,1619,13
23293,143680,file,1619,13
23294,143685,out,1619,13
23295,143695,The,1619,13
23296,143699,silhouette,1619,13
23297,143710,of,1619,13
23298,143713,Penelope,1619,13
23299,143722,talks,1619,13
23300,143728,to,1619,13
23301,143731,Melantho,1619,13
23302,143741,who,1619,13
23303,143745,emerges,1619,13
23304,143753,from,1619,13
23305,143758,the,1619,13
23306,143763,screen,1619,13
23307,143771,heading,1619,13
23308,143779,towards,1619,13
23309,143787,Odysseus,1619,13
23310,143797,who,1619,13
23311,143801,sits,1619,13
23312,143806,to,1619,13
23313,143809,one,1619,13
23314,143813,side,1619,13
23315,143819,curled,1619,13
23316,143826,up,1619,13
23317,143831,avoiding,1619,13
23318,143840,the,1619,13
23319,143844,departing,1619,13
23320,143854,Suitors,1619,13
23321,143870,Antinous,1619,13
23322,143879,is,1619,13
23323,143882,standing,1619,13
23324,143892,enraged,1619,13
23325,143901,staring,1619,13
23326,143909,at,1619,13
23327,143912,the,1619,13
23328,143916,lot,1619,13
23329,143920,in,1619,13
23330,143923,his,1619,13
23331,143927,hand,1619,13
23332,143933,Polybus,1619,13
23333,143942,pulls,1619,13
23334,143948,on,1619,13
23335,143951,his,1619,13
23336,143955,arm,1619,13
23337,143963,POLYBUS,1620,13
23338,143972,Let,1620,13
23339,143976,s,1620,13
23340,143978,go,1620,13
23341,143982,Antinous,1620,13
23342,143992,Come,1620,13
23343,143997,on,1620,13
23344,144004,Antinous,1620,13
23345,144013,follows,1620,13
23346,144021,Polybus,1620,13
23347,144029,out,1620,13
23348,144034,TOSSING,1620,13
23349,144042,the,1620,13
23350,144046,lot,1620,13
23351,144050,at,1620,13
23352,144053,Odysseus,1620,13
23353,144071,ANTINOUS,1621,13
23354,144081,This,1621,13
23355,144086,is,1621,13
23356,144089,not,1621,13
23357,144093,mine,1621,13
23358,144102,Melantho,1621,13
23359,144111,bends,1621,13
23360,144117,down,1621,13
23361,144122,to,1621,13
23362,144125,Odysseus,1621,13
23363,144138,MELANTHO,1622,13
23364,144148,The,1622,13
23365,144152,Queen,1622,13
23366,144158,would,1622,13
23367,144164,like,1622,13
23368,144169,to,1622,13
23369,144172,speak,1622,13
23370,144178,with,1622,13
23371,144183,you,1622,13
23372,144191,Odysseus,1622,13
23373,144200,looks,1622,13
23374,144206,at,1622,13
23375,144209,Penelope,1622,13
23376,144218,s,1622,13
23377,144220,silhouette,1622,13
23378,144235,MELANTHO,1623,13
23379,144245,Stay,1623,13
23380,144250,here,1623,13
23381,144255,until,1623,13
23382,144261,everyone,1623,13
23383,144270,s,1623,13
23384,144272,left,1623,13
23385,144277,and,1623,13
23386,144281,the,1623,13
23387,144285,fires,1623,13
23388,144291,are,1623,13
23389,144295,lit,1623,13
23390,144303,Odysseus,1623,13
23391,144312,nods,1623,13
23392,144318,looking,1623,13
23393,144326,down,1623,13
23394,144331,at,1623,13
23395,144334,his,1623,13
23396,144338,old,1623,13
23397,144343,filthy,1623,13
23398,144350,hands,1623,13
23399,144357,Then,1623,13
23400,144362,back,1623,13
23401,144367,to,1623,13
23402,144370,the,1623,13
23403,144375,silhouette,1623,13
23404,144392,INT,1624,13
23405,144397,MEGARON,1624,13
23406,144406,PALACE,1624,13
23407,144413,OF,1624,13
23408,144416,ITHACA,1624,13
23409,144425,LATER,1624,13
23410,144434,The,1625,13
23411,144438,megaron,1625,13
23412,144446,is,1625,13
23413,144449,quiet,1625,13
23414,144455,and,1625,13
23415,144459,empty,1625,13
23416,144466,The,1625,13
23417,144470,feast,1625,13
23418,144476,has,1625,13
23419,144480,been,1625,13
23420,144485,cleared,1625,13
23421,144494,Eumaeus,1625,13
23422,144503,tends,1625,13
23423,144509,the,1625,13
23424,144513,fires,1625,13
23425,144520,Odysseus,1625,13
23426,144529,sits,1625,13
23427,144534,in,1625,13
23428,144537,the,1625,13
23429,144541,shadows,1625,13
23430,144550,waiting,1625,13
23431,144566,Melantho,1625,13
23432,144575,waves,1625,13
23433,144581,him,1625,13
23434,144585,over,1625,13
23435,144591,Telemachus,1625,13
23436,144602,watches,1625,13
23437,144610,his,1625,13
23438,144614,father,1625,13
23439,144621,shuffle,1625,13
23440,144630,across,1625,13
23441,144637,the,1625,13
23442,144641,great,1625,13
23443,144647,hall,1625,13
23444,144652,to,1625,13
23445,144655,climb,1625,13
23446,144661,the,1625,13
23447,144665,steps,1625,13
23448,144671,to,1625,13
23449,144674,Penelope,1625,13
23450,144683,s,1625,13
23451,144685,silhouette,1625,13
23452,144705,Odysseus,1625,13
23453,144714,sits,1625,13
23454,144719,on,1625,13
23455,144722,the,1625,13
23456,144726,steps,1625,13
23457,144732,by,1625,13
23458,144735,the,1625,13
23459,144739,screen,1625,13
23460,144747,Penelope,1625,13
23461,144756,is,1625,13
23462,144759,right,1625,13
23463,144765,there,1625,13
23464,144772,on,1625,13
23465,144775,the,1625,13
23466,144780,other,1625,13
23467,144786,side,1625,13
23468,144795,PENELOPE,1626,13
23469,144805,Hello,1626,13
23470,144812,traveller,1626,13
23471,144825,ODYSSEUS,1627,13
23472,144835,My,1627,13
23473,144838,Queen,1627,13
23474,144847,PENELOPE,1628,13
23475,144859,Melantho,1628,13
23476,144869,have,1628,13
23477,144874,Eurycleia,1628,13
23478,144884,wash,1628,13
23479,144889,this,1628,13
23480,144894,stranger,1628,13
23481,144903,s,1628,13
23482,144905,feet,1628,13
23483,144914,ODYSSEUS,1629,13
23484,144926,That,1629,13
23485,144931,s,1629,13
23486,144933,not,1629,13
23487,144937,necessary,1629,13
23488,144952,PENELOPE,1630,13
23489,144962,My,1630,13
23490,144965,husband,1630,13
23491,144973,insisted,1630,13
23492,144982,we,1630,13
23493,144985,honour,1630,13
23494,144992,guests,1630,13
23495,144999,as,1630,13
23496,145002,family,1630,13
23497,145010,You,1630,13
23498,145014,know,1630,13
23499,145019,of,1630,13
23500,145023,Odysseus,1630,13
23501,145033,my,1630,13
23502,145036,husband,1630,13
23503,145048,ODYSSEUS,1631,13
23504,145060,Of,1631,13
23505,145063,course,1631,13
23506,145074,PENELOPE,1632,13
23507,145084,From,1632,13
23508,145089,the,1632,13
23509,145093,songs,1632,13
23510,145102,ODYSSEUS,1633,13
23511,145112,I,1633,13
23512,145114,was,1633,13
23513,145118,at,1633,13
23514,145121,Troy,1633,13
23515,145127,ma,1633,13
23516,145130,am,1633,13
23517,145136,PENELOPE,1634,13
23518,145148,Then,1634,13
23519,145153,the,1634,13
23520,145157,songs,1634,13
23521,145163,probably,1634,13
23522,145172,seem,1634,13
23523,145177,silly,1634,13
23524,145187,ODYSSEUS,1635,13
23525,145197,They,1635,13
23526,145202,make,1635,13
23527,145207,me,1635,13
23528,145210,cry,1635,13
23529,145218,On,1635,13
23530,145221,the,1635,13
23531,145225,other,1635,13
23532,145231,side,1635,13
23533,145236,of,1635,13
23534,145239,the,1635,13
23535,145243,screen,1635,13
23536,145251,Penelope,1635,13
23537,145260,leans,1635,13
23538,145266,closer,1635,13
23539,145277,PENELOPE,1636,13
23540,145287,Why,1636,13
23541,145294,ODYSSEUS,1637,13
23542,145304,For,1637,13
23543,145308,what,1637,13
23544,145313,was,1637,13
23545,145317,lost,1637,13
23546,145325,PENELOPE,1638,13
23547,145335,The,1638,13
23548,145339,lives,1638,13
23549,145348,ODYSSEUS,1639,13
23550,145360,And,1639,13
23551,145364,the,1639,13
23552,145368,years,1639,13
23553,145375,Everything,1639,13
23554,145390,Penelope,1639,13
23555,145399,nods,1639,13
23556,145404,at,1639,13
23557,145407,this,1639,13
23558,145413,Her,1639,13
23559,145417,voice,1639,13
23560,145423,is,1639,13
23561,145426,barely,1639,13
23562,145433,a,1639,13
23563,145435,whisper,1639,13
23564,145452,PENELOPE,1640,13
23565,145462,Did,1640,13
23566,145466,you,1640,13
23567,145470,know,1640,13
23568,145475,Odysseus,1640,13
23569,145484,at,1640,13
23570,145487,Troy,1640,13
23571,145496,ODYSSEUS,1641,13
23572,145506,I,1641,13
23573,145508,did,1641,13
23574,145516,Eurycleia,1641,13
23575,145526,arrives,1641,13
23576,145534,with,1641,13
23577,145539,a,1641,13
23578,145541,bowl,1641,13
23579,145548,she,1641,13
23580,145552,is,1641,13
23581,145555,THE,1641,13
23582,145559,OLD,1641,13
23583,145563,NURSEMAID,1641,13
23584,145578,Odysseus,1641,13
23585,145587,WATCHES,1641,13
23586,145595,her,1641,13
23587,145599,place,1641,13
23588,145605,the,1641,13
23589,145609,bow,1641,13
23590,145614,at,1641,13
23591,145617,his,1641,13
23592,145621,feet,1641,13
23593,145635,Penelope,1641,13
23594,145644,leans,1641,13
23595,145650,towards,1641,13
23596,145658,the,1641,13
23597,145662,screen,1641,13
23598,145670,breathlessly,1641,13
23599,145683,hopeful,1641,13
23600,145700,PENELOPE,1642,13
23601,145710,Was,1642,13
23602,145714,there,1642,13
23603,145720,some,1642,13
23604,145725,detail,1642,13
23605,145732,of,1642,13
23606,145735,how,1642,13
23607,145739,he,1642,13
23608,145742,dressed,1642,13
23609,145756,something,1642,13
23610,145766,he,1642,13
23611,145769,wore,1642,13
23612,145778,ODYSSEUS,1643,13
23613,145790,He,1643,13
23614,145793,wore,1643,13
23615,145798,a,1643,13
23616,145800,strange,1643,13
23617,145808,brooch,1643,13
23618,145819,PENELOPE,1644,13
23619,145829,Strange,1644,13
23620,145841,Odysseus,1644,13
23621,145850,smiles,1644,13
23622,145857,to,1644,13
23623,145860,himself,1644,13
23624,145876,ODYSSEUS,1645,13
23625,145888,Beautiful,1645,13
23626,145899,But,1645,13
23627,145903,out,1645,13
23628,145907,of,1645,13
23629,145910,place,1645,13
23630,145922,PENELOPE,1646,13
23631,145932,Describe,1646,13
23632,145941,it,1646,13
23633,145948,The,1646,13
23634,145952,Old,1646,13
23635,145956,Nursemaid,1646,13
23636,145966,moves,1646,13
23637,145972,to,1646,13
23638,145975,wash,1646,13
23639,145980,Odysseus,1646,13
23640,145989,s,1646,13
23641,145991,feet,1646,13
23642,145998,FREEZES,1646,13
23643,146008,SEEING,1646,13
23644,146015,THE,1646,13
23645,146019,SCAR,1646,13
23646,146024,ON,1646,13
23647,146027,HIS,1646,13
23648,146031,ANKLE,1646,13
23649,146037,given,1646,13
23650,146043,to,1646,13
23651,146046,him,1646,13
23652,146050,by,1646,13
23653,146053,the,1646,13
23654,146057,WILD,1646,13
23655,146063,BOAR,1646,13
23656,146070,she,1646,13
23657,146074,GASPS,1646,13
23658,146082,LOOKS,1646,13
23659,146088,UP,1646,13
23660,146096,OLD,1647,13
23661,146100,NURSEMAID,1647,13
23662,146111,Sir,1647,13
23663,146120,Odysseus,1647,13
23664,146129,KICKS,1647,13
23665,146135,the,1647,13
23666,146139,bowl,1647,13
23667,146145,tipping,1647,13
23668,146153,the,1647,13
23669,146157,water,1647,13
23670,146163,out,1647,13
23671,146171,ODYSSEUS,1648,13
23672,146181,Sorry,1648,13
23673,146191,ACROSS,1648,13
23674,146198,THE,1648,13
23675,146202,HALL,1648,13
23676,146208,the,1648,13
23677,146212,CLATTERING,1648,13
23678,146223,BOWL,1648,13
23679,146228,attracts,1648,13
23680,146237,the,1648,13
23681,146242,attention,1648,13
23682,146252,of,1648,13
23683,146255,Antinous,1648,13
23684,146264,and,1648,13
23685,146268,Polybus,1648,13
23686,146277,who,1648,13
23687,146281,have,1648,13
23688,146286,returned,1648,13
23689,146296,They,1648,13
23690,146301,step,1648,13
23691,146306,back,1648,13
23692,146312,into,1648,13
23693,146317,the,1648,13
23694,146321,shadows,1648,13
23695,146329,as,1648,13
23696,146332,Telemachus,1648,13
23697,146344,at,1648,13
23698,146347,the,1648,13
23699,146351,fire,1648,13
23700,146357,looks,1648,13
23701,146363,up,1648,13
23702,146366,to,1648,13
23703,146369,see,1648,13
23704,146373,HIS,1648,13
23705,146378,PARENTS,1648,13
23706,146387,so,1648,13
23707,146390,close,1648,13
23708,146396,but,1648,13
23709,146400,so,1648,13
23710,146403,far,1648,13
23711,146407,apart,1648,13
23712,146421,Odysseus,1648,13
23713,146430,has,1648,13
23714,146434,his,1648,13
23715,146438,hand,1648,13
23716,146443,on,1648,13
23717,146446,the,1648,13
23718,146450,Old,1648,13
23719,146454,Nursemaid,1648,13
23720,146464,s,1648,13
23721,146466,chin,1648,13
23722,146472,looking,1648,13
23723,146480,at,1648,13
23724,146483,her,1648,13
23725,146490,she,1648,13
23726,146494,looks,1648,13
23727,146500,back,1648,13
23728,146506,AMAZED,1648,13
23729,146515,Odysseus,1648,13
23730,146524,SLIGHTLY,1648,13
23731,146533,SHAKES,1648,13
23732,146540,his,1648,13
23733,146545,head,1648,13
23734,146551,warning,1648,13
23735,146559,her,1648,13
23736,146569,she,1648,13
23737,146573,NODS,1648,13
23738,146579,collects,1648,13
23739,146588,the,1648,13
23740,146592,bowl,1648,13
23741,146598,SMILING,1648,13
23742,146606,to,1648,13
23743,146610,herself,1648,13
23744,146619,EXCITED,1648,13
23745,146632,OLD,1649,13
23746,146636,NURSEMAID,1649,13
23747,146649,I'll,1649,13
23748,146654,get,1649,13
23749,146658,more,1649,13
23750,146663,water,1649,13
23751,146673,Odysseus,1649,13
23752,146682,turns,1649,13
23753,146688,back,1649,13
23754,146693,to,1649,13
23755,146696,the,1649,13
23756,146700,screen,1649,13
23757,146708,He,1649,13
23758,146711,can,1649,13
23759,146715,hear,1649,13
23760,146720,Penelope,1649,13
23761,146729,breathing,1649,13
23762,146739,on,1649,13
23763,146743,the,1649,13
23764,146747,other,1649,13
23765,146753,side,1649,13
23766,146764,ODYSSEUS,1650,13
23767,146774,It,1650,13
23768,146777,was,1650,13
23769,146781,a,1650,13
23770,146783,beautiful,1650,13
23771,146793,gold,1650,13
23772,146798,pin,1650,13
23773,146803,A,1650,13
23774,146805,figure,1650,13
23775,146812,of,1650,13
23776,146815,Athena,1650,13
23777,146823,encircled,1650,13
23778,146833,by,1650,13
23779,146837,vines,1650,13
23780,146845,Penelope,1650,13
23781,146854,closes,1650,13
23782,146861,her,1650,13
23783,146865,eyes,1650,13
23784,146872,PENELOPE,1651,13
23785,146882,Did,1651,13
23786,146886,he,1651,13
23787,146889,wear,1651,13
23788,146894,it,1651,13
23789,146897,often,1651,13
23790,146905,ODYSSEUS,1652,13
23791,146917,He,1652,13
23792,146920,never,1652,13
23793,146926,took,1652,13
23794,146931,it,1652,13
23795,146934,off,1652,13
23796,146940,She,1652,13
23797,146944,starts,1652,13
23798,146951,to,1652,13
23799,146954,weep,1652,13
23800,146965,DEEP,1652,13
23801,146970,IN,1652,13
23802,146973,THE,1652,13
23803,146977,SHADOWS,1652,13
23804,146986,Antinous,1652,13
23805,146995,pulls,1652,13
23806,147001,his,1652,13
23807,147005,dagger,1652,13
23808,147013,checking,1652,13
23809,147022,the,1652,13
23810,147027,blade,1652,13
23811,147034,He,1652,13
23812,147037,lies,1652,13
23813,147042,it,1652,13
23814,147045,across,1652,13
23815,147052,his,1652,13
23816,147056,lap,1652,13
23817,147061,settling,1652,13
23818,147070,in,1652,13
23819,147074,watching,1652,13
23820,147083,Telemachus,1652,13
23821,147094,stare,1652,13
23822,147101,at,1652,13
23823,147104,his,1652,13
23824,147108,parents,1652,13
23825,147122,Odysseus,1652,13
23826,147131,leans,1652,13
23827,147137,slightly,1652,13
23828,147146,towards,1652,13
23829,147154,the,1652,13
23830,147158,screen,1652,13
23831,147169,PENELOPE,1653,13
23832,147179,How,1653,13
23833,147183,did,1653,13
23834,147187,you,1653,13
23835,147191,make,1653,13
23836,147196,it,1653,13
23837,147199,home,1653,13
23838,147205,when,1653,13
23839,147210,Odysseus,1653,13
23840,147219,could,1653,13
23841,147225,not,1653,13
23842,147233,ODYSSEUS,1654,13
23843,147243,I,1654,13
23844,147245,m,1654,13
23845,147247,not,1654,13
23846,147251,home,1654,13
23847,147257,Not,1654,13
23848,147261,yet,1654,13
23849,147268,PENELOPE,1655,13
23850,147278,Why,1655,13
23851,147282,not,1655,13
23852,147289,ODYSSEUS,1656,13
23853,147301,It,1656,13
23854,147304,s,1656,13
23855,147306,not,1656,13
23856,147310,always,1656,13
23857,147317,an,1656,13
23858,147320,easy,1656,13
23859,147325,thing,1656,13
23860,147332,a,1656,13
23861,147334,homecoming,1656,13
23862,147346,That,1656,13
23863,147351,s,1656,13
23864,147353,as,1656,13
23865,147356,true,1656,13
23866,147361,for,1656,13
23867,147366,Odysseus,1656,13
23868,147375,as,1656,13
23869,147378,for,1656,13
23870,147382,me,1656,13
23871,147389,PENELOPE,1657,13
23872,147399,The,1657,13
23873,147403,Odysseus,1657,13
23874,147412,I,1657,13
23875,147414,knew,1657,13
23876,147419,would,1657,13
23877,147425,ve,1657,13
23878,147428,found,1657,13
23879,147434,or,1657,13
23880,147437,fought,1657,13
23881,147444,his,1657,13
23882,147448,way,1657,13
23883,147452,back,1657,13
23884,147457,to,1657,13
23885,147463,me,1657,13
23886,147466,no,1657,13
23887,147469,matter,1657,13
23888,147476,what,1657,13
23889,147485,ODYSSEUS,1658,13
23890,147495,What,1658,13
23891,147500,if,1658,13
23892,147503,the,1658,13
23893,147507,Odysseus,1658,13
23894,147516,you,1658,13
23895,147520,knew,1658,13
23896,147525,lost,1658,13
23897,147530,his,1658,13
23898,147534,way,1658,13
23899,147542,Odysseus,1658,13
23900,147551,looks,1658,13
23901,147557,to,1658,13
23902,147560,one,1658,13
23903,147564,side,1658,13
23904,147570,Athena,1658,13
23905,147577,is,1658,13
23906,147580,there,1658,13
23907,147587,sitting,1658,13
23908,147595,next,1658,13
23909,147600,to,1658,13
23910,147603,him,1658,13
23911,147610,she,1658,13
23912,147615,gently,1658,13
23913,147622,shakes,1658,13
23914,147629,her,1658,13
23915,147633,head,1658,13
23916,147638,at,1658,13
23917,147641,him,1658,13
23918,147651,ODYSSEUS,1659,13
23919,147661,What,1659,13
23920,147666,if,1659,13
23921,147670,one,1659,13
23922,147674,night,1659,13
23923,147680,in,1659,13
23924,147683,a,1659,13
23925,147685,strange,1659,13
23926,147693,city,1659,13
23927,147699,he,1659,13
23928,147702,saw,1659,13
23929,147706,things,1659,13
23930,147713,that,1659,13
23931,147718,made,1659,13
23932,147723,him,1659,13
23933,147728,think,1659,13
23934,147734,the,1659,13
23935,147738,home,1659,13
23936,147743,he,1659,13
23937,147746,knew,1659,13
23938,147751,couldn,1659,13
23939,147758,t,1659,13
23940,147760,possibly,1659,13
23941,147769,be,1659,13
23942,147772,there,1659,13
23943,147778,any,1659,13
23944,147782,more,1659,13
23945,147791,Odysseus,1659,13
23946,147800,closes,1659,13
23947,147807,his,1659,13
23948,147811,eyes,1659,13
23949,147824,EXT,1660,13
23950,147829,TROY,1660,13
23951,147836,NIGHT,1660,13
23952,147843,FLASHBACK,1660,13
23953,147857,The,1661,13
23954,147861,great,1661,13
23955,147867,Wooden,1661,13
23956,147874,Horse,1661,13
23957,147880,stands,1661,13
23958,147887,in,1661,13
23959,147890,the,1661,13
23960,147894,moonlight,1661,13
23961,147904,before,1661,13
23962,147911,the,1661,13
23963,147915,Temple,1661,13
23964,147922,of,1661,13
23965,147926,Athena,1661,13
23966,147936,Odysseus,1661,13
23967,147945,CLIMBS,1661,13
23968,147952,down,1661,13
23969,147957,from,1661,13
23970,147962,the,1661,13
23971,147966,belly,1661,13
23972,147981,ODYSSEUS,1662,13
23973,147992,V,1663,13
23974,147994,O,1663,13
23975,147999,What,1663,13
23976,148004,if,1663,13
23977,148007,when,1663,13
23978,148012,he,1663,13
23979,148015,left,1663,13
23980,148020,the,1663,13
23981,148024,belly,1663,13
23982,148030,of,1663,13
23983,148033,the,1663,13
23984,148037,Horse,1663,13
23985,148049,EXT,1664,13
23986,148054,GATES,1664,13
23987,148060,OF,1664,13
23988,148063,TROY,1664,13
23989,148070,NIGHT,1664,13
23990,148077,FLASHBACK,1664,13
23991,148091,Odysseus,1665,13
23992,148100,signals,1665,13
23993,148108,the,1665,13
23994,148112,TORCHES,1665,13
23995,148120,to,1665,13
23996,148123,DROP,1665,13
23997,148129,The,1665,13
23998,148133,gates,1665,13
23999,148139,to,1665,13
24000,148142,be,1665,13
24001,148145,opened,1665,13
24002,148158,ODYSSEUS,1666,13
24003,148169,V,1667,13
24004,148171,O,1667,13
24005,148180,And,1667,13
24006,148184,opened,1667,13
24007,148191,the,1667,13
24008,148195,gates,1667,13
24009,148201,of,1667,13
24010,148204,Troy,1667,13
24011,148215,The,1667,13
24012,148219,VAST,1667,13
24013,148224,GATES,1667,13
24014,148230,open,1667,13
24015,148236,AGAMEMNON,1667,13
24016,148246,sstands,1667,13
24017,148254,there,1667,13
24018,148260,in,1667,13
24019,148263,the,1667,13
24020,148268,moonlight,1667,13
24021,148279,RIVERS,1667,13
24022,148286,OF,1667,13
24023,148289,GREEK,1667,13
24024,148295,WARRIORS,1667,13
24025,148304,stream,1667,13
24026,148311,past,1667,13
24027,148316,him,1667,13
24028,148320,on,1667,13
24029,148324,either,1667,13
24030,148331,side,1667,13
24031,148342,ODYSSEUS,1668,13
24032,148353,V,1669,13
24033,148355,O,1669,13
24034,148360,He,1669,13
24035,148363,saw,1669,13
24036,148367,ten,1669,13
24037,148371,years,1669,13
24038,148377,of,1669,13
24039,148380,rage,1669,13
24040,148385,pour,1669,13
24041,148390,into,1669,13
24042,148395,that,1669,13
24043,148400,city,1669,13
24044,148405,in,1669,13
24045,148408,one,1669,13
24046,148412,night,1669,13
24047,148424,THOUSANDS,1669,13
24048,148434,of,1669,13
24049,148437,Greek,1669,13
24050,148443,Warriors,1669,13
24051,148452,race,1669,13
24052,148457,through,1669,13
24053,148465,the,1669,13
24054,148469,streets,1669,13
24055,148478,SETTING,1669,13
24056,148487,FIRES,1669,13
24057,148494,pulling,1669,13
24058,148502,people,1669,13
24059,148509,from,1669,13
24060,148514,houses,1669,13
24061,148521,and,1669,13
24062,148525,MURDERING,1669,13
24063,148535,them,1669,13
24064,148540,in,1669,13
24065,148543,the,1669,13
24066,148548,streets,1669,13
24067,148562,the,1669,13
24068,148566,TROJAN,1669,13
24069,148573,WARRIORS,1669,13
24070,148582,race,1669,13
24071,148587,into,1669,13
24072,148592,the,1669,13
24073,148596,streets,1669,13
24074,148605,still,1669,13
24075,148612,PUTTING,1669,13
24076,148620,ON,1669,13
24077,148623,THEIR,1669,13
24078,148629,Armour,1669,13
24079,148637,they,1669,13
24080,148642,are,1669,13
24081,148646,CUT,1669,13
24082,148650,DOWN,1669,13
24083,148655,by,1669,13
24084,148658,the,1669,13
24085,148663,MURDEROUS,1669,13
24086,148673,GREEKS,1669,13
24087,148680,FLYING,1669,13
24088,148687,through,1669,13
24089,148695,the,1669,13
24090,148699,narrow,1669,13
24091,148706,streets,1669,13
24092,148720,Odysseus,1669,13
24093,148729,CLASHES,1669,13
24094,148737,BRONZE,1669,13
24095,148744,with,1669,13
24096,148749,Trojans,1669,13
24097,148757,as,1669,13
24098,148760,he,1669,13
24099,148763,races,1669,13
24100,148769,back,1669,13
24101,148774,up,1669,13
24102,148778,towards,1669,13
24103,148786,the,1669,13
24104,148790,temple,1669,13
24105,148803,he,1669,13
24106,148806,RACES,1669,13
24107,148812,into,1669,13
24108,148817,the,1669,13
24109,148821,square,1669,13
24110,148829,STOPS,1669,13
24111,148836,TURNING,1669,13
24112,148845,AROUND,1669,13
24113,148852,IN,1669,13
24114,148855,PLACE,1669,13
24115,148861,TO,1669,13
24116,148864,WITNESS,1669,13
24117,148872,CARNAGE,1669,13
24118,148880,ALL,1669,13
24119,148884,AROUND,1669,13
24120,148897,A,1669,13
24121,148899,Trojan,1669,13
24122,148906,is,1669,13
24123,148909,UPON,1669,13
24124,148914,Odysseus,1669,13
24125,148924,HACKING,1669,13
24126,148932,at,1669,13
24127,148935,him,1669,13
24128,148940,FURIOUSLY,1669,13
24129,148955,Eurylochus,1669,13
24130,148966,STABS,1669,13
24131,148972,the,1669,13
24132,148976,Trojan,1669,13
24133,148984,SAVING,1669,13
24134,148991,Odysseus,1669,13
24135,149006,Eurylochus,1669,13
24136,149018,offers,1669,13
24137,149025,his,1669,13
24138,149029,hand,1669,13
24139,149035,pulling,1669,13
24140,149043,Odysseus,1669,13
24141,149052,to,1669,13
24142,149055,his,1669,13
24143,149059,feet,1669,13
24144,149066,they,1669,13
24145,149071,run,1669,13
24146,149075,under,1669,13
24147,149081,the,1669,13
24148,149085,Horse,1669,13
24149,149092,towards,1669,13
24150,149100,the,1669,13
24151,149104,temple,1669,13
24152,149117,INT,1670,13
24153,149122,MEGARON,1670,13
24154,149131,PALACE,1670,13
24155,149138,OF,1670,13
24156,149141,ITHACA,1670,13
24157,149151,NIGHT,1670,13
24158,149158,BACK,1670,13
24159,149164,TO,1671,13
24160,149170,PRESENT,1672,13
24161,149182,Odysseus,1672,13
24162,149191,still,1672,13
24163,149197,has,1672,13
24164,149201,his,1672,13
24165,149205,eyes,1672,13
24166,149210,closed,1672,13
24167,149223,ODYSSEUS,1673,13
24168,149233,We,1673,13
24169,149236,left,1673,13
24170,149241,them,1673,13
24171,149246,a,1673,13
24172,149248,gift,1673,13
24173,149254,An,1673,13
24174,149257,offering,1673,13
24175,149266,of,1673,13
24176,149269,peace,1673,13
24177,149275,that,1673,13
24178,149280,they,1673,13
24179,149285,took,1673,13
24180,149290,into,1673,13
24181,149295,their,1673,13
24182,149302,home,1673,13
24183,149311,Odysseus,1673,13
24184,149320,opens,1673,13
24185,149326,his,1673,13
24186,149330,eyes,1673,13
24187,149335,to,1673,13
24188,149338,look,1673,13
24189,149343,at,1673,13
24190,149346,Athena,1673,13
24191,149354,who,1673,13
24192,149358,is,1673,13
24193,149361,CRYING,1673,13
24194,149369,On,1673,13
24195,149372,the,1673,13
24196,149377,other,1673,13
24197,149383,side,1673,13
24198,149388,of,1673,13
24199,149391,the,1673,13
24200,149395,screen,1673,13
24201,149403,Penelope,1673,13
24202,149412,listens,1673,13
24203,149421,appalled,1673,13
24204,149439,ODYSSEUS,1674,13
24205,149451,We,1674,13
24206,149454,violated,1674,13
24207,149463,all,1674,13
24208,149467,that,1674,13
24209,149472,s,1674,13
24210,149474,ever,1674,13
24211,149479,sacred,1674,13
24212,149486,between,1674,13
24213,149494,people,1674,13
24214,149509,Odysseus,1674,13
24215,149518,reaches,1674,13
24216,149526,out,1674,13
24217,149530,and,1674,13
24218,149534,interlaces,1674,13
24219,149545,fingers,1674,13
24220,149553,with,1674,13
24221,149558,Athena,1674,13
24222,149571,INT,1675,13
24223,149576,TEMPLE,1675,13
24224,149583,OF,1675,13
24225,149586,ATHENA,1675,13
24226,149594,TROY,1675,13
24227,149603,NIGHT,1675,13
24228,149611,FLASHBACK,1676,13
24229,149625,Odysseus,1676,13
24230,149634,runs,1676,13
24231,149639,into,1676,13
24232,149644,the,1676,13
24233,149648,temple,1676,13
24234,149663,ODYSSEUS,1677,13
24235,149674,V,1678,13
24236,149676,O,1678,13
24237,149681,And,1678,13
24238,149685,turned,1678,13
24239,149692,a,1678,13
24240,149694,fight,1678,13
24241,149700,into,1678,13
24242,149705,a,1678,13
24243,149707,hunt,1678,13
24244,149716,Polites,1678,13
24245,149724,moves,1678,13
24246,149730,towards,1678,13
24247,149738,the,1678,13
24248,149742,STATUE,1678,13
24249,149749,OF,1678,13
24250,149752,ATHENA,1678,13
24251,149760,sword,1678,13
24252,149766,DRAWN,1678,13
24253,149778,A,1678,13
24254,149780,GREEK,1678,13
24255,149786,SOLDIER,1678,13
24256,149794,THROWS,1678,13
24257,149801,a,1678,13
24258,149803,CRYING,1678,13
24259,149810,TROJAN,1678,13
24260,149817,WOMAN,1678,13
24261,149824,down,1678,13
24262,149829,in,1678,13
24263,149832,front,1678,13
24264,149838,of,1678,13
24265,149841,him,1678,13
24266,149851,SHE,1678,13
24267,149855,MAKES,1678,13
24268,149861,EYE,1678,13
24269,149865,CONTACT,1678,13
24270,149873,WITH,1678,13
24271,149878,ODYSSEUS,1678,13
24272,149889,SHAKING,1678,13
24273,149898,HER,1678,13
24274,149902,HEAD,1678,13
24275,149908,GREY,1678,13
24276,149913,EYES,1678,13
24277,149918,PLEADING,1678,13
24278,149927,FOR,1678,13
24279,149931,MERCY,1678,13
24280,149944,IT,1678,13
24281,149947,IS,1678,13
24282,149950,THE,1678,13
24283,149954,PERSON,1678,13
24284,149961,WE,1678,13
24285,149964,HAVE,1678,13
24286,149969,SEEN,1678,13
24287,149974,AS,1678,13
24288,149977,ATHENA,1678,13
24289,149989,Odysseus,1678,13
24290,149998,sees,1678,13
24291,150003,the,1678,13
24292,150007,Greek,1678,13
24293,150013,Soldier,1678,13
24294,150021,SWING,1678,13
24295,150027,HIS,1678,13
24296,150031,SWORD,1678,13
24297,150037,TOWARDS,1678,13
24298,150046,HER,1679,13
24299,150050,NECK,1679,13
24300,150055,AND,1679,13
24301,150059,WE,1679,13
24302,150062,MATCH,1679,13
24303,150068,CUT,1679,13
24304,150072,TO,1679,13
24305,150079,Polites,1679,13
24306,150087,DECAPITATES,1679,13
24307,150099,the,1679,13
24308,150103,STATUE,1679,13
24309,150110,OF,1679,13
24310,150113,ATHENA,1679,13
24311,150121,SPARKING,1679,13
24312,150132,STONE,1679,13
24313,150138,HEAD,1679,13
24314,150143,TUMBLING,1679,13
24315,150152,onto,1679,13
24316,150157,the,1679,13
24317,150161,filthy,1679,13
24318,150168,marble,1679,13
24319,150175,floor,1679,13
24320,150181,of,1679,13
24321,150184,the,1679,13
24322,150188,temple,1679,13
24323,150198,ODYSSEUS,1680,13
24324,150209,V,1681,13
24325,150211,O,1681,13
24326,150216,To,1681,13
24327,150219,burn,1681,13
24328,150224,the,1681,13
24329,150228,walls,1681,13
24330,150234,of,1681,13
24331,150237,Troy,1681,13
24332,150242,was,1681,13
24333,150246,to,1681,13
24334,150249,burn,1681,13
24335,150254,the,1681,13
24336,150258,world,1681,13
24337,150264,entire,1681,13
24338,150277,Odysseus,1681,13
24339,150286,stands,1681,13
24340,150293,there,1681,13
24341,150300,FROZEN,1681,13
24342,150308,watching,1681,13
24343,150317,the,1681,13
24344,150321,stone,1681,13
24345,150327,head,1681,13
24346,150332,ROCK,1681,13
24347,150338,FROM,1681,13
24348,150343,SIDE,1681,13
24349,150348,TO,1681,13
24350,150351,SIDE,1681,13
24351,150356,as,1681,13
24352,150359,it,1681,13
24353,150362,comes,1681,13
24354,150368,to,1681,13
24355,150371,rest,1681,13
24356,150384,ODYSSEUS,1682,13
24357,150395,V,1683,13
24358,150397,O,1683,13
24359,150402,Including,1683,13
24360,150412,his,1683,13
24361,150416,home,1683,13
24362,150425,INT,1684,13
24363,150430,MEGARON,1684,13
24364,150439,PALACE,1684,13
24365,150446,OF,1684,13
24366,150449,ITHACA,1684,13
24367,150459,NIGHT,1684,13
24368,150466,BACK,1684,13
24369,150472,TO,1685,13
24370,150475,PRESENT,1685,13
24371,150487,Odysseus,1685,13
24372,150496,s,1685,13
24373,150498,hand,1685,13
24374,150503,is,1685,13
24375,150506,empty,1685,13
24376,150514,Athena,1685,13
24377,150522,is,1685,13
24378,150525,gone,1685,13
24379,150534,ODYSSEUS,1686,13
24380,150546,What,1686,13
24381,150551,if,1686,13
24382,150554,he,1686,13
24383,150557,knew,1686,13
24384,150563,that,1686,13
24385,150568,very,1686,13
24386,150573,night,1686,13
24387,150587,EXT,1687,14
24388,150592,TROY,1687,14
24389,150599,NIGHT,1687,14
24390,150606,FLASHBACK,1687,14
24391,150620,Odysseus,1688,14
24392,150629,walks,1688,14
24393,150635,through,1688,14
24394,150643,the,1688,14
24395,150647,BURNING,1688,14
24396,150655,CITY,1688,14
24397,150661,its,1688,14
24398,150665,VAST,1688,14
24399,150670,TOWERS,1688,14
24400,150678,COLLAPSING,1688,14
24401,150689,ALL,1688,14
24402,150693,AROUND,1688,14
24403,150700,HIM,1688,14
24404,150708,BURNING,1688,14
24405,150717,TUMBLING,1688,14
24406,150727,CHUNKS,1688,14
24407,150734,OF,1688,14
24408,150737,ARCHITECTURE,1688,14
24409,150750,LANDING,1688,14
24410,150758,IN,1688,14
24411,150761,FIERY,1688,14
24412,150767,CLOUDS,1688,14
24413,150776,CRUSHING,1688,14
24414,150786,DESTROYING,1688,14
24415,150800,STATUES,1688,14
24416,150808,PULLED,1688,14
24417,150815,DOWN,1688,14
24418,150820,WITH,1688,14
24419,150826,ROPES,1689,14
24420,150836,ARMAGEDDON,1689,14
24421,150854,ODYSSEUS,1690,14
24422,150865,V,1691,14
24423,150867,O,1691,14
24424,150872,As,1691,14
24425,150875,he,1691,14
24426,150878,walked,1691,14
24427,150885,through,1691,14
24428,150893,fires,1691,14
24429,150899,of,1691,14
24430,150902,anarchy,1691,14
24431,150910,and,1691,14
24432,150914,pain,1691,14
24433,150925,EXT,1692,14
24434,150930,RUINS,1692,14
24435,150936,OF,1692,14
24436,150939,TROY,1692,14
24437,150946,DAY,1692,14
24438,150951,FLASHBACK,1692,14
24439,150965,Odysseus,1693,14
24440,150974,WATCHES,1693,14
24441,150982,thousands,1693,14
24442,150992,of,1693,14
24443,150995,Greek,1693,14
24444,151001,Warriors,1693,14
24445,151010,CELEBRATING,1693,14
24446,151023,in,1693,14
24447,151026,the,1693,14
24448,151030,ashes,1693,14
24449,151036,of,1693,14
24450,151039,Troy,1693,14
24451,151045,Drunk,1693,14
24452,151052,Appalling,1693,14
24453,151066,ODYSSEUS,1694,14
24454,151077,V,1695,14
24455,151079,O,1695,14
24456,151084,And,1695,14
24457,151088,in,1695,14
24458,151091,the,1695,14
24459,151095,days,1695,14
24460,151100,of,1695,14
24461,151103,sweaty,1695,14
24462,151110,celebrations,1695,14
24463,151123,to,1695,14
24464,151126,follow,1695,14
24465,151139,Someone,1695,14
24466,151147,KNOCKS,1695,14
24467,151154,Odysseus,1695,14
24468,151163,on,1695,14
24469,151166,the,1695,14
24470,151170,shoulder,1695,14
24471,151180,but,1695,14
24472,151184,he,1695,14
24473,151187,does,1695,14
24474,151192,not,1695,14
24475,151196,react,1695,14
24476,151204,STARING,1696,14
24477,151218,ODYSSEUS,1697,14
24478,151229,V,1698,14
24479,151231,O,1698,14
24480,151236,What,1698,14
24481,151241,if,1698,14
24482,151244,he,1698,14
24483,151247,knew,1698,14
24484,151252,exactly,1698,14
24485,151260,what,1698,14
24486,151265,he,1698,14
24487,151268,d,1698,14
24488,151270,done,1698,14
24489,151279,INT,1699,14
24490,151284,MEGARON,1699,14
24491,151293,PALACE,1699,14
24492,151300,OF,1699,14
24493,151303,ITHACA,1699,14
24494,151312,NIGHT,1699,14
24495,151319,BACK,1699,14
24496,151325,TO,1700,14
24497,151328,PRESENT,1700,14
24498,151340,Penelope,1700,14
24499,151349,rests,1700,14
24500,151355,her,1700,14
24501,151359,head,1700,14
24502,151364,gently,1700,14
24503,151371,against,1700,14
24504,151379,the,1700,14
24505,151383,screen,1700,14
24506,151394,PENELOPE,1701,14
24507,151406,What,1701,14
24508,151411,all,1701,14
24509,151415,of,1701,14
24510,151418,you,1701,14
24511,151422,had,1701,14
24512,151426,done,1701,14
24513,151435,Odysseus,1701,14
24514,151444,breathes,1701,14
24515,151462,ODYSSEUS,1702,14
24516,151474,One,1702,14
24517,151478,man,1702,14
24518,151482,s,1702,14
24519,151484,idea,1702,14
24520,151490,One,1702,14
24521,151494,man,1702,14
24522,151498,s,1702,14
24523,151500,trick,1702,14
24524,151506,to,1702,14
24525,151509,break,1702,14
24526,151515,Zeus,1702,14
24527,151520,s,1702,14
24528,151522,law,1702,14
24529,151526,forever,1702,14
24530,151538,He,1702,14
24531,151541,looks,1702,14
24532,151547,up,1702,14
24533,151550,at,1702,14
24534,151553,the,1702,14
24535,151557,stones,1702,14
24536,151564,and,1702,14
24537,151568,beams,1702,14
24538,151574,of,1702,14
24539,151577,the,1702,14
24540,151581,megaron,1702,14
24541,151590,looming,1702,14
24542,151598,in,1702,14
24543,151601,the,1702,14
24544,151606,firelight,1702,14
24545,151623,ODYSSEUS,1703,14
24546,151633,We,1703,14
24547,151636,lived,1703,14
24548,151642,in,1703,14
24549,151645,a,1703,14
24550,151647,world,1703,14
24551,151653,of,1703,14
24552,151656,palaces,1703,14
24553,151664,and,1703,14
24554,151668,trade,1703,14
24555,151674,and,1703,14
24556,151678,language,1703,14
24557,151693,blind,1703,14
24558,151700,to,1703,14
24559,151703,its,1703,14
24560,151707,beauty,1703,14
24561,151714,until,1703,14
24562,151720,we,1703,14
24563,151723,broke,1703,14
24564,151729,it,1703,14
24565,151736,Penelope,1703,14
24566,151745,realizes,1703,14
24567,151754,something,1703,14
24568,151773,PENELOPE,1704,14
24569,151783,You,1704,14
24570,151787,are,1704,14
24571,151791,the,1704,14
24572,151795,people,1704,14
24573,151802,from,1704,14
24574,151807,the,1704,14
24575,151811,sea,1704,14
24576,151821,ODYSSEUS,1705,14
24577,151831,The,1705,14
24578,151835,breaking,1705,14
24579,151844,of,1705,14
24580,151847,Zeus,1705,14
24581,151852,s,1705,14
24582,151854,law,1705,14
24583,151858,is,1705,14
24584,151861,spreading,1705,14
24585,151871,like,1705,14
24586,151876,cancer,1705,14
24587,151884,Our,1705,14
24588,151888,age,1705,14
24589,151892,of,1705,14
24590,151896,bronze,1705,14
24591,151903,is,1705,14
24592,151906,collapsing,1705,14
24593,151918,And,1705,14
24594,151922,maybe,1705,14
24595,151928,he,1705,14
24596,151931,couldn,1705,14
24597,151938,t,1705,14
24598,151940,bear,1705,14
24599,151945,to,1705,14
24600,151948,see,1705,14
24601,151952,the,1705,14
24602,151956,ruins,1705,14
24603,151963,of,1705,14
24604,151966,what,1705,14
24605,151971,he,1705,14
24606,151974,d,1705,14
24607,151976,done,1705,14
24608,151982,anywhere,1705,14
24609,151992,Least,1705,14
24610,151998,of,1705,14
24611,152001,all,1705,14
24612,152005,his,1705,14
24613,152009,home,1705,14
24614,152018,Odysseus,1705,14
24615,152027,rubs,1705,14
24616,152032,his,1705,14
24617,152036,face,1705,14
24618,152042,Turns,1705,14
24619,152048,to,1705,14
24620,152051,the,1705,14
24621,152055,screen,1705,14
24622,152063,glimpsing,1705,14
24623,152073,Penelope,1705,14
24624,152082,in,1705,14
24625,152085,the,1705,14
24626,152090,lamplight,1705,14
24627,152107,ODYSSEUS,1706,14
24628,152117,But,1706,14
24629,152121,Odysseus,1706,14
24630,152130,is,1706,14
24631,152133,alive,1706,14
24632,152140,And,1706,14
24633,152144,he,1706,14
24634,152147,ll,1706,14
24635,152150,be,1706,14
24636,152153,here,1706,14
24637,152158,when,1706,14
24638,152163,you,1706,14
24639,152167,need,1706,14
24640,152172,him,1706,14
24641,152177,most,1706,14
24642,152186,Penelope,1706,14
24643,152195,lifts,1706,14
24644,152201,her,1706,14
24645,152205,head,1706,14
24646,152211,wipes,1706,14
24647,152217,a,1706,14
24648,152219,tear,1706,14
24649,152230,PENELOPE,1707,14
24650,152240,Well,1707,14
24651,152246,I've,1707,14
24652,152251,been,1707,14
24653,152256,living,1707,14
24654,152263,in,1707,14
24655,152266,his,1707,14
24656,152270,ruins,1707,14
24657,152276,long,1707,14
24658,152281,enough,1707,14
24659,152289,Tomorrow,1707,14
24660,152298,I,1707,14
24661,152301,choose,1707,14
24662,152308,a,1707,14
24663,152310,husband,1707,14
24664,152322,Penelope,1707,14
24665,152331,RISES,1707,14
24666,152338,SLIDES,1707,14
24667,152345,open,1707,14
24668,152350,the,1707,14
24669,152354,screen,1707,14
24670,152361,to,1707,14
24671,152364,address,1707,14
24672,152372,the,1707,14
24673,152376,megaron,1707,14
24674,152386,Odysseus,1707,14
24675,152395,turns,1707,14
24676,152401,away,1707,14
24677,152407,her,1707,14
24678,152411,beauty,1707,14
24679,152418,too,1707,14
24680,152422,bright,1707,14
24681,152435,Telemachus,1707,14
24682,152446,and,1707,14
24683,152450,the,1707,14
24684,152455,servants,1707,14
24685,152464,looks,1707,14
24686,152470,up,1707,14
24687,152473,at,1707,14
24688,152476,Penelope,1707,14
24689,152486,expectant,1707,14
24690,152504,PENELOPE,1708,14
24691,152514,Bring,1708,14
24692,152520,the,1708,14
24693,152524,suitors,1708,14
24694,152532,at,1708,14
24695,152535,dawn,1708,14
24696,152544,Telemachus,1708,14
24697,152555,nods,1708,14
24698,152561,Antinous,1708,14
24699,152570,and,1708,14
24700,152574,Polybus,1708,14
24701,152582,look,1708,14
24702,152587,at,1708,14
24703,152590,each,1708,14
24704,152595,other,1708,14
24705,152602,nodding,1708,14
24706,152612,Antinous,1708,14
24707,152621,puts,1708,14
24708,152626,his,1708,14
24709,152630,dagger,1708,14
24710,152637,away,1708,14
24711,152646,PENELOPE,1709,14
24712,152656,Remove,1709,14
24713,152663,the,1709,14
24714,152667,arms,1709,14
24715,152672,from,1709,14
24716,152677,the,1709,14
24717,152681,hall,1709,14
24718,152690,Penelope,1709,14
24719,152699,gestures,1709,14
24720,152708,to,1709,14
24721,152711,the,1709,14
24722,152715,arms,1709,14
24723,152720,mounted,1709,14
24724,152728,all,1709,14
24725,152732,over,1709,14
24726,152737,the,1709,14
24727,152741,walls,1709,14
24728,152756,PENELOPE,1710,14
24729,152766,In,1710,14
24730,152769,a,1710,14
24731,152771,few,1710,14
24732,152775,hours,1710,14
24733,152782,one,1710,14
24734,152786,suitor,1710,14
24735,152793,will,1710,14
24736,152798,be,1710,14
24737,152801,happy,1710,14
24738,152807,and,1710,14
24739,152811,the,1710,14
24740,152815,rest,1710,14
24741,152820,angry,1710,14
24742,152828,vengeful,1710,14
24743,152837,men,1710,14
24744,152842,Bronze,1710,14
24745,152849,draws,1710,14
24746,152855,a,1710,14
24747,152857,man,1710,14
24748,152861,on,1710,14
24749,152865,we,1710,14
24750,152868,ll,1710,14
24751,152871,have,1710,14
24752,152876,no,1710,14
24753,152879,weapons,1710,14
24754,152888,during,1710,14
24755,152895,the,1710,14
24756,152899,challenge,1710,14
24757,152909,and,1710,14
24758,152913,the,1710,14
24759,152917,doors,1710,14
24760,152923,will,1710,14
24761,152928,be,1710,14
24762,152931,locked,1710,14
24763,152939,T,1710,14
24764,152941,ll,1710,14
24765,152944,marry,1710,14
24766,152951,whoever,1710,14
24767,152959,completes,1710,14
24768,152969,my,1710,14
24769,152972,trial,1710,14
24770,152982,Penelope,1710,14
24771,152991,disappears,1710,14
24772,153002,through,1710,14
24773,153010,the,1710,14
24774,153014,screen,1710,14
24775,153022,shutting,1710,14
24776,153031,it,1710,14
24777,153034,behind,1710,14
24778,153041,her,1710,14
24779,153045,and,1710,14
24780,153050,continuing,1710,14
24781,153061,up,1710,14
24782,153064,to,1710,14
24783,153067,her,1710,14
24784,153071,bedchamber,1710,14
24785,153086,Telemachus,1710,14
24786,153097,watches,1710,14
24787,153105,Antinous,1710,14
24788,153114,and,1710,14
24789,153118,Polybus,1710,14
24790,153126,leave,1710,14
24791,153133,then,1710,14
24792,153138,comes,1710,14
24793,153144,to,1710,14
24794,153148,Odysseus,1710,14
24795,153161,TELEMACHUS,1711,14
24796,153173,How,1711,14
24797,153177,will,1711,14
24798,153182,we,1711,14
24799,153185,take,1711,14
24800,153190,on,1711,14
24801,153193,the,1711,14
24802,153197,Suitors,1711,14
24803,153209,ODYSSEUS,1712,14
24804,153219,Not,1712,14
24805,153223,we,1712,14
24806,153227,Their,1712,14
24807,153233,blood,1712,14
24808,153239,has,1712,14
24809,153243,to,1712,14
24810,153246,be,1712,14
24811,153249,on,1712,14
24812,153252,my,1712,14
24813,153255,hands,1712,14
24814,153262,Or,1712,14
24815,153265,you,1712,14
24816,153269,d,1712,14
24817,153271,face,1712,14
24818,153276,exile,1712,14
24819,153284,TELEMACHUS,1713,14
24820,153296,Won't,1713,14
24821,153302,you,1713,14
24822,153308,ODYSSEUS,1714,14
24823,153320,Just,1714,14
24824,153325,make,1714,14
24825,153330,sure,1714,14
24826,153335,they,1714,14
24827,153340,can,1714,14
24828,153344,t,1714,14
24829,153346,get,1714,14
24830,153350,those,1714,14
24831,153356,weapons,1714,14
24832,153368,Telemachus,1714,14
24833,153379,nods,1714,14
24834,153385,hails,1714,14
24835,153391,Eumaeus,1714,14
24836,153403,TELEMACHUS,1715,14
24837,153415,Gather,1715,14
24838,153422,servants,1715,14
24839,153431,you,1715,14
24840,153435,trust,1715,14
24841,153442,Lock,1715,14
24842,153447,the,1715,14
24843,153451,arms,1715,14
24844,153456,in,1715,14
24845,153459,the,1715,14
24846,153463,upper,1715,14
24847,153469,storage,1715,14
24848,153478,room,1715,14
24849,153487,Eumaeus,1715,14
24850,153495,moves,1715,14
24851,153501,across,1715,14
24852,153508,the,1715,14
24853,153512,hall,1715,14
24854,153518,Watched,1715,14
24855,153526,from,1715,14
24856,153531,the,1715,14
24857,153535,shadows,1715,14
24858,153543,by,1715,14
24859,153547,Melanthius,1715,14
24860,153566,TELEMACHUS,1716,14
24861,153578,Even,1716,14
24862,153583,unarmed,1716,14
24863,153592,there,1716,14
24864,153598,s,1716,14
24865,153600,so,1716,14
24866,153603,many,1716,14
24867,153608,of,1716,14
24868,153611,them,1716,14
24869,153617,And,1716,14
24870,153621,you,1716,14
24871,153625,won,1716,14
24872,153629,t,1716,14
24873,153631,have,1716,14
24874,153636,a,1716,14
24875,153639,weapon,1716,14
24876,153648,ODYSSEUS,1717,14
24877,153660,Oh,1717,14
24878,153664,I'll,1717,14
24879,153669,have,1717,14
24880,153674,a,1717,14
24881,153676,weapon,1717,14
24882,153684,Your,1717,14
24883,153689,mother,1717,14
24884,153696,s,1717,14
24885,153698,seen,1717,14
24886,153703,to,1717,14
24887,153706,that,1717,14
24888,153713,Telemachus,1717,14
24889,153724,looks,1717,14
24890,153730,at,1717,14
24891,153733,Odysseus,1717,14
24892,153743,confused,1717,14
24893,153761,Servants,1717,14
24894,153770,pull,1717,14
24895,153775,BRONZE,1717,14
24896,153782,WEAPONS,1717,14
24897,153790,from,1717,14
24898,153795,the,1717,14
24899,153799,walls,1717,14
24900,153813,EXT,1718,14
24901,153818,PALACE,1718,14
24902,153825,AT,1718,14
24903,153828,ITHACA,1718,14
24904,153838,DAWN,1718,14
24905,153846,A,1719,14
24906,153848,STORM,1719,14
24907,153854,lashes,1719,14
24908,153861,the,1719,14
24909,153865,palace,1719,14
24910,153872,as,1719,14
24911,153875,Suitors,1719,14
24912,153883,hurry,1719,14
24913,153889,towards,1719,14
24914,153897,it,1719,14
24915,153904,THUNDER,1719,14
24916,153912,rumbles,1719,14
24917,153926,As,1719,14
24918,153929,the,1719,14
24919,153933,last,1719,14
24920,153938,Suitors,1719,14
24921,153946,enter,1719,14
24922,153953,servants,1719,14
24923,153962,shut,1719,14
24924,153967,the,1719,14
24925,153971,GREAT,1719,14
24926,153977,DOORS,1719,14
24927,153984,SLIDING,1719,14
24928,153993,A,1720,14
24929,153995,VAST,1720,14
24930,154000,BOLT,1720,14
24931,154005,ACROSS,1720,14
24932,154012,THE,1720,14
24933,154016,OUTSIDE,1720,14
24934,154028,INT,1721,14
24935,154033,MEGARON,1721,14
24936,154042,PALACE,1721,14
24937,154049,OF,1721,14
24938,154052,ITHACA,1721,14
24939,154061,CONTINUOUS,1721,14
24940,154075,Dozens,1722,14
24941,154082,of,1722,14
24942,154085,Suitors,1722,14
24943,154093,CROWD,1722,14
24944,154099,the,1722,14
24945,154103,megaron,1722,14
24946,154112,watching,1722,14
24947,154121,as,1722,14
24948,154124,Servants,1722,14
24949,154133,lever,1722,14
24950,154140,flagstones,1722,14
24951,154151,up,1722,14
24952,154154,and,1722,14
24953,154158,drive,1722,14
24954,154164,AXES,1722,14
24955,154169,into,1722,14
24956,154174,the,1722,14
24957,154178,dirt,1722,14
24958,154183,beneath,1722,14
24959,154192,forming,1722,14
24960,154200,a,1722,14
24961,154202,line,1722,14
24962,154207,of,1722,14
24963,154211,six,1722,14
24964,154215,pairs,1722,14
24965,154221,of,1722,14
24966,154224,axes,1722,14
24967,154229,TIED,1722,14
24968,154234,together,1722,14
24969,154243,leading,1722,14
24970,154251,to,1722,14
24971,154254,an,1722,14
24972,154257,upturned,1722,14
24973,154266,table,1722,14
24974,154276,A,1722,14
24975,154278,low,1722,14
24976,154282,RUMBLE,1722,14
24977,154289,of,1722,14
24978,154292,thunder,1722,14
24979,154306,Peisander,1722,14
24980,154317,a,1722,14
24981,154319,Suitor,1722,14
24982,154327,leans,1722,14
24983,154333,in,1722,14
24984,154336,to,1722,14
24985,154339,Agelus,1722,14
24986,154348,another,1722,14
24987,154356,Suitor,1722,14
24988,154369,PEISANDER,1723,14
24989,154380,Zeus,1723,14
24990,154385,seems,1723,14
24991,154391,interested,1723,14
24992,154402,in,1723,14
24993,154405,the,1723,14
24994,154409,outcome,1723,14
24995,154421,Agelus,1723,14
24996,154428,looks,1723,14
24997,154434,at,1723,14
24998,154437,the,1723,14
24999,154441,axe,1723,14
25000,154445,heads,1723,14
25001,154451,in,1723,14
25002,154454,a,1723,14
25003,154456,line,1723,14
25004,154461,on,1723,14
25005,154464,the,1723,14
25006,154468,long,1723,14
25007,154473,table,1723,14
25008,154485,the,1723,14
25009,154490,servants,1723,14
25010,154499,put,1723,14
25011,154503,an,1723,14
25012,154506,UPENDED,1723,14
25013,154514,TABLE,1723,14
25014,154520,at,1723,14
25015,154523,one,1723,14
25016,154527,end,1723,14
25017,154531,and,1723,14
25018,154535,a,1723,14
25019,154537,STOOL,1723,14
25020,154543,at,1723,14
25021,154546,the,1723,14
25022,154551,other,1723,14
25023,154563,AGELUS,1724,14
25024,154571,But,1724,14
25025,154575,what,1724,14
25026,154580,s,1724,14
25027,154582,the,1724,14
25028,154586,trial,1724,14
25029,154596,Odysseus,1724,14
25030,154605,sits,1724,14
25031,154610,in,1724,14
25032,154613,a,1724,14
25033,154615,corner,1724,14
25034,154623,Telemachus,1724,14
25035,154634,moves,1724,14
25036,154640,amongst,1724,14
25037,154648,the,1724,14
25038,154652,suitors,1724,14
25039,154662,gauging,1724,14
25040,154670,their,1724,14
25041,154676,nervous,1724,14
25042,154684,energy,1724,14
25043,154692,Antinous,1724,14
25044,154701,looks,1724,14
25045,154707,at,1724,14
25046,154710,the,1724,14
25047,154714,axe,1724,14
25048,154718,heads,1724,14
25049,154726,wondering,1724,14
25050,154742,The,1724,14
25051,154746,heavy,1724,14
25052,154752,door,1724,14
25053,154757,behind,1724,14
25054,154764,the,1724,14
25055,154768,screen,1724,14
25056,154775,opens,1724,14
25057,154781,with,1724,14
25058,154786,a,1724,14
25059,154788,CLANG,1724,14
25060,154795,and,1724,14
25061,154800,Melantho,1724,14
25062,154809,throws,1724,14
25063,154816,open,1724,14
25064,154821,the,1724,14
25065,154825,screen,1724,14
25066,154838,the,1724,14
25067,154842,hubbub,1724,14
25068,154849,of,1724,14
25069,154852,the,1724,14
25070,154856,Suitors,1724,14
25071,154865,QUIETS,1724,14
25072,154872,as,1724,14
25073,154875,Penelope,1724,14
25074,154884,enters,1724,14
25075,154892,in,1724,14
25076,154895,CEREMONIAL,1724,14
25077,154906,DRESS,1724,14
25078,154913,POISED,1724,14
25079,154922,BEAUTIFUL,1724,14
25080,154932,as,1724,14
25081,154935,she,1724,14
25082,154939,descends,1724,14
25083,154948,the,1724,14
25084,154952,steps,1724,14
25085,154958,CARRYING,1724,14
25086,154967,ODYSSEUS,1724,14
25087,154976,S,1724,14
25088,154979,HUNTING,1725,14
25089,154987,BOW,1725,14
25090,154998,PENELOPE,1726,14
25091,155008,For,1726,14
25092,155012,years,1726,14
25093,155019,while,1726,14
25094,155025,my,1726,14
25095,155028,husband,1726,14
25096,155036,s,1726,14
25097,155038,been,1726,14
25098,155043,gone,1726,14
25099,155049,you,1726,14
25100,155054,ve,1726,14
25101,155057,commandeered,1726,14
25102,155071,this,1726,14
25103,155076,palace,1726,14
25104,155083,for,1726,14
25105,155087,your,1726,14
25106,155092,feasting,1726,14
25107,155102,Your,1726,14
25108,155107,excuse,1726,14
25109,155114,was,1726,14
25110,155118,that,1726,14
25111,155123,you,1726,14
25112,155127,wanted,1726,14
25113,155134,to,1726,14
25114,155138,win,1726,14
25115,155142,my,1726,14
25116,155145,hand,1726,14
25117,155150,in,1726,14
25118,155153,marriage,1726,14
25119,155163,As,1726,14
25120,155166,I,1726,14
25121,155168,ve,1726,14
25122,155171,listened,1726,14
25123,155180,to,1726,14
25124,155183,you,1726,14
25125,155187,party,1726,14
25126,155193,and,1726,14
25127,155197,fight,1726,14
25128,155205,corrupt,1726,14
25129,155213,my,1726,14
25130,155216,servants,1726,14
25131,155225,and,1726,14
25132,155229,disrespect,1726,14
25133,155240,my,1726,14
25134,155243,home,1726,14
25135,155249,I,1726,14
25136,155251,ve,1726,14
25137,155254,wanted,1726,14
25138,155261,nothing,1726,14
25139,155270,more,1726,14
25140,155275,than,1726,14
25141,155280,for,1726,14
25142,155284,Odysseus,1726,14
25143,155293,to,1726,14
25144,155296,return,1726,14
25145,155303,and,1726,14
25146,155307,see,1726,14
25147,155311,all,1726,14
25148,155315,this,1726,14
25149,155320,for,1726,14
25150,155324,himself,1726,14
25151,155336,She,1726,14
25152,155340,STOPS,1726,14
25153,155346,at,1726,14
25154,155349,the,1726,14
25155,155353,bottom,1726,14
25156,155360,step,1726,14
25157,155369,PENELOPE,1727,14
25158,155379,But,1727,14
25159,155383,last,1727,14
25160,155388,night,1727,14
25161,155394,I,1727,14
25162,155396,realized,1727,14
25163,155405,that,1727,14
25164,155410,if,1727,14
25165,155413,he,1727,14
25166,155416,s,1727,14
25167,155418,not,1727,14
25168,155422,here,1727,14
25169,155427,now,1727,14
25170,155437,he,1727,14
25171,155440,never,1727,14
25172,155446,will,1727,14
25173,155452,be,1727,14
25174,155456,So,1727,14
25175,155459,I,1727,14
25176,155461,stand,1727,14
25177,155467,ready,1727,14
25178,155473,to,1727,14
25179,155476,marry,1727,14
25180,155482,anyone,1727,14
25181,155489,here,1727,14
25182,155494,who,1727,14
25183,155498,can,1727,14
25184,155502,string,1727,14
25185,155509,this,1727,14
25186,155515,hunting,1727,14
25187,155523,bow,1727,14
25188,155527,and,1727,14
25189,155531,shoot,1727,14
25190,155537,an,1727,14
25191,155540,arrow,1727,14
25192,155546,through,1727,14
25193,155554,those,1727,14
25194,155560,twelve,1727,14
25195,155567,axes,1727,14
25196,155573,Step,1727,14
25197,155579,up,1727,14
25198,155582,and,1727,14
25199,155586,show,1727,14
25200,155591,me,1727,14
25201,155594,who,1727,14
25202,155598,you,1727,14
25203,155602,are,1727,14
25204,155612,She,1727,14
25205,155616,hands,1727,14
25206,155622,the,1727,14
25207,155626,great,1727,14
25208,155632,bow,1727,14
25209,155636,to,1727,14
25210,155639,Eumaeus,1727,14
25211,155648,Who,1727,14
25212,155652,lovingly,1727,14
25213,155661,feels,1727,14
25214,155667,the,1727,14
25215,155671,weight,1727,14
25216,155678,of,1727,14
25217,155682,the,1727,14
25218,155686,bow,1727,14
25219,155696,EUMAEUS,1728,14
25220,155705,Who,1728,14
25221,155709,s,1728,14
25222,155711,first,1728,14
25223,155722,SILENCE,1728,14
25224,155731,Penelope,1728,14
25225,155740,SMIRKS,1728,14
25226,155748,Leodes,1728,14
25227,155756,a,1728,14
25228,155758,Suitor,1728,14
25229,155766,steps,1728,14
25230,155772,forward,1728,14
25231,155784,LEODES,1729,14
25232,155792,Give,1729,14
25233,155797,me,1729,14
25234,155800,the,1729,14
25235,155804,bow,1729,14
25236,155812,Leodes,1729,14
25237,155819,takes,1729,14
25238,155825,the,1729,14
25239,155829,bow,1729,14
25240,155834,unwinds,1729,14
25241,155842,its,1729,14
25242,155846,string,1729,14
25243,155854,places,1729,14
25244,155861,one,1729,14
25245,155865,end,1729,14
25246,155869,of,1729,14
25247,155872,the,1729,14
25248,155876,bow,1729,14
25249,155880,on,1729,14
25250,155886,the,1729,14
25251,155890,stone,1729,14
25252,155896,floor,1729,14
25253,155902,and,1729,14
25254,155906,tries,1729,14
25255,155912,to,1729,14
25256,155915,bend,1729,14
25257,155920,the,1729,14
25258,155924,bow,1729,14
25259,155934,he,1729,14
25260,155937,STRAINS,1729,14
25261,155945,and,1729,14
25262,155950,STRAINS,1730,14
25263,155962,PEISANDER,1731,14
25264,155973,Alright,1731,14
25265,155982,you,1731,14
25266,155987,ve,1731,14
25267,155990,had,1731,14
25268,155994,your,1731,14
25269,155999,chance,1731,14
25270,156010,Leodes,1731,14
25271,156018,breathless,1731,14
25272,156030,gives,1731,14
25273,156036,the,1731,14
25274,156040,bow,1731,14
25275,156044,to,1731,14
25276,156047,Peisander,1731,14
25277,156058,who,1731,14
25278,156062,tries,1731,14
25279,156068,to,1731,14
25280,156071,string,1731,14
25281,156078,it,1731,14
25282,156088,and,1731,14
25283,156092,FAILS,1731,14
25284,156099,He,1731,14
25285,156102,hands,1731,14
25286,156108,it,1731,14
25287,156111,back,1731,14
25288,156116,to,1731,14
25289,156119,Eumaeus,1731,14
25290,156128,FRUSTRATED,1731,14
25291,156144,PEISANDER,1732,14
25292,156155,It,1732,14
25293,156158,can,1732,14
25294,156162,t,1732,14
25295,156164,be,1732,14
25296,156167,done,1732,14
25297,156176,ANTINOUS,1733,14
25298,156186,By,1733,14
25299,156189,you,1733,14
25300,156194,As,1733,14
25301,156197,a,1733,14
25302,156199,boy,1733,14
25303,156203,I,1733,14
25304,156205,watched,1733,14
25305,156213,Odysseus,1733,14
25306,156222,do,1733,14
25307,156225,it,1733,14
25308,156228,with,1733,14
25309,156233,ease,1733,14
25310,156242,PEISANDER,1734,14
25311,156253,Then,1734,14
25312,156258,you,1734,14
25313,156262,do,1734,14
25314,156265,it,1734,14
25315,156270,ANTINOUS,1735,14
25316,156280,Pll,1735,14
25317,156284,wait,1735,14
25318,156289,my,1735,14
25319,156292,turn,1735,14
25320,156299,Polybus,1735,14
25321,156307,hails,1735,14
25322,156313,Melanthius,1735,14
25323,156327,POLYBUS,1736,14
25324,156338,Light,1736,14
25325,156344,a,1736,14
25326,156346,fire,1736,14
25327,156352,we,1736,14
25328,156355,ll,1736,14
25329,156358,warm,1736,14
25330,156363,the,1736,14
25331,156367,bow,1736,14
25332,156371,and,1736,14
25333,156375,oil,1736,14
25334,156379,it,1736,14
25335,156383,This,1736,14
25336,156388,bow,1736,14
25337,156392,hasn,1736,14
25338,156397,t,1736,14
25339,156399,been,1736,14
25340,156405,strung,1736,14
25341,156412,in,1736,14
25342,156415,years,1736,14
25343,156425,INT,1737,14
25344,156430,SAME,1737,14
25345,156437,LATER,1737,14
25346,156444,Polybus,1738,14
25347,156452,spins,1738,14
25348,156458,the,1738,14
25349,156462,bow,1738,14
25350,156466,in,1738,14
25351,156469,front,1738,14
25352,156475,of,1738,14
25353,156478,the,1738,14
25354,156482,fire,1738,14
25355,156488,rubbing,1738,14
25356,156496,it,1738,14
25357,156499,with,1738,14
25358,156504,tallow,1738,14
25359,156515,Placing,1738,14
25360,156523,it,1738,14
25361,156526,against,1738,14
25362,156534,the,1738,14
25363,156538,floor,1738,14
25364,156545,he,1738,14
25365,156548,puts,1738,14
25366,156553,his,1738,14
25367,156557,weight,1738,14
25368,156564,on,1738,14
25369,156567,the,1738,14
25370,156571,end,1738,14
25371,156576,using,1738,14
25372,156582,all,1738,14
25373,156586,his,1738,14
25374,156591,strength,1738,14
25375,156600,to,1738,14
25376,156603,bend,1738,14
25377,156608,it,1738,14
25378,156614,But,1738,14
25379,156618,can,1738,14
25380,156622,t,1738,14
25381,156628,The,1738,14
25382,156632,Suitors,1738,14
25383,156640,step,1738,14
25384,156645,up,1738,14
25385,156648,in,1738,14
25386,156651,turn,1738,14
25387,156657,TRYING,1738,14
25388,156664,AND,1738,14
25389,156668,FAILING,1738,14
25390,156677,Telemachus,1738,14
25391,156689,watches,1738,14
25392,156697,them,1738,14
25393,156703,enjoying,1738,14
25394,156712,each,1738,14
25395,156717,failure,1738,14
25396,156731,he,1738,14
25397,156734,takes,1738,14
25398,156740,the,1738,14
25399,156744,bow,1738,14
25400,156749,walks,1738,14
25401,156755,over,1738,14
25402,156761,to,1738,14
25403,156764,Antinous,1738,14
25404,156774,thrusting,1738,14
25405,156784,it,1738,14
25406,156787,at,1738,14
25407,156790,him,1738,14
25408,156800,TELEMACHUS,1739,14
25409,156814,Your,1739,14
25410,156819,turn,1739,14
25411,156828,Antinous,1739,14
25412,156837,does,1739,14
25413,156842,not,1739,14
25414,156846,take,1739,14
25415,156851,the,1739,14
25416,156855,bow,1739,14
25417,156863,ANTINOUS,1740,14
25418,156873,No,1740,14
25419,156876,need,1740,14
25420,156882,My,1740,14
25421,156885,Queen,1740,14
25422,156891,s,1740,14
25423,156893,made,1740,14
25424,156898,her,1740,14
25425,156902,point,1740,14
25426,156912,He,1740,14
25427,156915,turns,1740,14
25428,156921,to,1740,14
25429,156924,Penelope,1740,14
25430,156934,SINCERE,1740,14
25431,156948,ANTINOUS,1741,14
25432,156958,We,1741,14
25433,156961,can,1741,14
25434,156965,t,1741,14
25435,156967,replace,1741,14
25436,156975,Odysseus,1741,14
25437,156985,Some,1741,14
25438,156990,of,1741,14
25439,156993,us,1741,14
25440,156996,have,1741,14
25441,157001,always,1741,14
25442,157008,known,1741,14
25443,157014,that,1741,14
25444,157021,Some,1741,14
25445,157026,of,1741,14
25446,157029,us,1741,14
25447,157032,would,1741,14
25448,157038,ve,1741,14
25449,157041,followed,1741,14
25450,157050,that,1741,14
25451,157055,great,1741,14
25452,157061,man,1741,14
25453,157065,to,1741,14
25454,157068,Troy,1741,14
25455,157074,if,1741,14
25456,157077,he,1741,14
25457,157080,d,1741,14
25458,157082,let,1741,14
25459,157087,us,1741,14
25460,157091,But,1741,14
25461,157095,he,1741,14
25462,157098,never,1741,14
25463,157104,came,1741,14
25464,157109,back,1741,14
25465,157115,so,1741,14
25466,157118,choose,1741,14
25467,157125,the,1741,14
25468,157129,best,1741,14
25469,157134,of,1741,14
25470,157137,us,1741,14
25471,157140,here,1741,14
25472,157147,Who,1741,14
25473,157152,ve,1741,14
25474,157155,all,1741,14
25475,157159,failed,1741,14
25476,157166,your,1741,14
25477,157171,test,1741,14
25478,157180,ODYSSEUS,1742,14
25479,157191,O,1743,14
25480,157193,S,1743,14
25481,157198,Thaven,1743,14
25482,157205,t,1743,14
25483,157211,The,1743,14
25484,157215,Suitors,1743,14
25485,157223,turn,1743,14
25486,157228,to,1743,14
25487,157231,notice,1743,14
25488,157238,Odysseus,1743,14
25489,157247,sitting,1743,14
25490,157255,to,1743,14
25491,157258,the,1743,14
25492,157262,side,1743,14
25493,157268,head,1743,14
25494,157273,down,1743,14
25495,157282,ANTINOUS,1744,14
25496,157292,Get,1744,14
25497,157296,this,1744,14
25498,157301,beggar,1744,14
25499,157308,out,1744,14
25500,157312,of,1744,14
25501,157315,here,1744,14
25502,157324,EUMAEUS,1745,14
25503,157333,The,1745,14
25504,157337,doors,1745,14
25505,157343,are,1745,14
25506,157347,locked,1745,14
25507,157354,until,1745,14
25508,157360,the,1745,14
25509,157364,trial,1745,14
25510,157370,s,1745,14
25511,157372,over,1745,14
25512,157381,ANTINOUS,1746,14
25513,157391,The,1746,14
25514,157395,trial,1746,14
25515,157401,s,1746,14
25516,157403,over,1746,14
25517,157411,ODYSSEUS,1747,14
25518,157421,I,1747,14
25519,157423,want,1747,14
25520,157428,to,1747,14
25521,157431,try,1747,14
25522,157438,The,1747,14
25523,157442,Suitors,1747,14
25524,157450,LAUGH,1747,14
25525,157460,LEODES,1748,14
25526,157469,Give,1748,14
25527,157474,it,1748,14
25528,157477,a,1748,14
25529,157479,rest,1748,14
25530,157485,old,1748,14
25531,157489,man,1748,14
25532,157496,ANTINOUS,1749,14
25533,157508,I,1749,14
25534,157510,told,1749,14
25535,157515,you,1749,14
25536,157519,to,1749,14
25537,157522,get,1749,14
25538,157526,him,1749,14
25539,157530,out,1749,14
25540,157534,of,1749,14
25541,157537,here,1749,14
25542,157546,EUMAEUS,1750,14
25543,157555,He,1750,14
25544,157558,has,1750,14
25545,157562,the,1750,14
25546,157566,right,1750,14
25547,157572,to,1750,14
25548,157575,try,1750,14
25549,157583,Odysseus,1750,14
25550,157592,gets,1750,14
25551,157597,up,1750,14
25552,157601,shuffles,1750,14
25553,157610,over,1750,14
25554,157615,to,1750,14
25555,157618,Telemachus,1750,14
25556,157630,who,1750,14
25557,157634,looks,1750,14
25558,157640,at,1750,14
25559,157643,Antinous,1750,14
25560,157656,TELEMACHUS,1751,14
25561,157668,If,1751,14
25562,157671,you,1751,14
25563,157675,won,1751,14
25564,157679,t,1751,14
25565,157682,he,1751,14
25566,157685,may,1751,14
25567,157689,as,1751,14
25568,157692,well,1751,14
25569,157701,Antinous,1751,14
25570,157710,looks,1751,14
25571,157716,at,1751,14
25572,157719,Telemachus,1751,14
25573,157730,with,1751,14
25574,157735,utter,1751,14
25575,157741,contempt,1751,14
25576,157754,ANTINOUS,1752,14
25577,157764,You,1752,14
25578,157768,re,1752,14
25579,157771,making,1752,14
25580,157778,a,1752,14
25581,157780,mockery,1752,14
25582,157788,of,1752,14
25583,157791,your,1752,14
25584,157796,mother,1752,14
25585,157803,s,1752,14
25586,157805,wishes,1752,14
25587,157816,Telemachus,1752,14
25588,157827,hands,1752,14
25589,157833,the,1752,14
25590,157837,bow,1752,14
25591,157841,to,1752,14
25592,157844,Odysseus,1752,14
25593,157854,and,1752,14
25594,157858,leans,1752,14
25595,157864,in,1752,14
25596,157867,to,1752,14
25597,157870,Antinous,1752,14
25598,157888,TELEMACHUS,1753,14
25599,157901,whispers,1753,14
25600,157912,My,1753,14
25601,157915,mother,1753,14
25602,157922,s,1753,14
25603,157924,wishes,1753,14
25604,157931,are,1753,14
25605,157935,for,1753,14
25606,157939,you,1753,14
25607,157943,all,1753,14
25608,157947,to,1753,14
25609,157950,burn,1753,14
25610,157959,Odysseus,1753,14
25611,157968,takes,1753,14
25612,157974,the,1753,14
25613,157978,bow,1753,14
25614,157983,sits,1753,14
25615,157988,on,1753,14
25616,157991,the,1753,14
25617,157995,stool,1753,14
25618,158001,at,1753,14
25619,158004,the,1753,14
25620,158008,end,1753,14
25621,158012,of,1753,14
25622,158015,the,1753,14
25623,158019,long,1753,14
25624,158024,table,1753,14
25625,158032,He,1753,14
25626,158035,TURNS,1753,14
25627,158041,it,1753,14
25628,158044,in,1753,14
25629,158047,his,1753,14
25630,158051,hands,1753,14
25631,158058,feeling,1753,14
25632,158066,its,1753,14
25633,158070,weight,1753,14
25634,158081,ELATUS,1754,14
25635,158089,He,1754,14
25636,158092,s,1754,14
25637,158094,an,1754,14
25638,158097,old,1754,14
25639,158101,archer,1754,14
25640,158112,LAUGHTER,1754,14
25641,158127,Odysseus,1754,14
25642,158136,puts,1754,14
25643,158141,his,1754,14
25644,158145,ear,1754,14
25645,158149,to,1754,14
25646,158152,the,1754,14
25647,158156,bow,1754,14
25648,158161,TAPPING,1754,14
25649,158169,the,1754,14
25650,158174,wood,1754,14
25651,158179,experimentally,1754,14
25652,158201,AGELUS,1755,14
25653,158209,Oooh,1755,14
25654,158215,an,1755,14
25655,158218,expert,1755,14
25656,158229,ELATUS,1756,14
25657,158237,Show,1756,14
25658,158242,us,1756,14
25659,158245,how,1756,14
25660,158249,it,1756,14
25661,158252,s,1756,14
25662,158254,done,1756,14
25663,158260,plate,1756,14
25664,158266,licker,1756,14
25665,158277,More,1756,14
25666,158282,laughter,1756,14
25667,158292,Odysseus,1756,14
25668,158301,puts,1756,14
25669,158306,one,1756,14
25670,158310,end,1756,14
25671,158314,on,1756,14
25672,158317,the,1756,14
25673,158321,floor,1756,14
25674,158328,pulls,1756,14
25675,158334,the,1756,14
25676,158338,string,1756,14
25677,158346,taught,1756,14
25678,158353,and,1756,14
25679,158357,puts,1756,14
25680,158362,pressure,1756,14
25681,158371,on,1756,14
25682,158374,the,1756,14
25683,158378,bow,1756,14
25684,158383,WHICH,1756,14
25685,158389,DOES,1756,14
25686,158394,NOT,1756,14
25687,158398,BEND,1756,14
25688,158408,Telemachus,1756,14
25689,158419,FROWNS,1756,14
25690,158427,looks,1756,14
25691,158433,over,1756,14
25692,158438,to,1756,14
25693,158441,see,1756,14
25694,158445,his,1756,14
25695,158449,mother,1756,14
25696,158456,turn,1756,14
25697,158461,and,1756,14
25698,158465,start,1756,14
25699,158471,up,1756,14
25700,158475,the,1756,14
25701,158479,stairs,1756,14
25702,158492,Odysseus,1756,14
25703,158501,rubs,1756,14
25704,158506,his,1756,14
25705,158510,palm,1756,14
25706,158516,blows,1756,14
25707,158522,on,1756,14
25708,158525,it,1756,14
25709,158529,takes,1756,14
25710,158535,up,1756,14
25711,158538,the,1756,14
25712,158542,string,1756,14
25713,158550,once,1756,14
25714,158555,again,1756,14
25715,158564,pushing,1756,14
25716,158572,down,1756,14
25717,158577,on,1756,14
25718,158580,the,1756,14
25719,158584,end,1756,14
25720,158589,WITHOUT,1756,14
25721,158597,BENDING,1756,14
25722,158605,IT,1756,14
25723,158612,The,1756,14
25724,158616,Suitors,1756,14
25725,158624,JEER,1756,14
25726,158633,LEODES,1757,14
25727,158641,Forget,1757,14
25728,158648,it,1757,14
25729,158655,Telemachus,1757,14
25730,158666,now,1757,14
25731,158670,looks,1757,14
25732,158676,WORRIED,1757,14
25733,158685,Penelope,1757,14
25734,158694,passes,1757,14
25735,158701,through,1757,14
25736,158709,the,1757,14
25737,158714,screen,1757,14
25738,158721,towards,1757,14
25739,158729,the,1757,14
25740,158733,HEAVY,1757,14
25741,158739,DOORS,1757,14
25742,158751,Eumaeus,1757,14
25743,158759,steps,1757,14
25744,158765,forward,1757,14
25745,158773,to,1757,14
25746,158776,take,1757,14
25747,158781,the,1757,14
25748,158785,bow,1757,14
25749,158796,EUMAEUS,1758,14
25750,158805,Okay,1758,14
25751,158811,friend,1758,14
25752,158819,That,1758,14
25753,158824,s,1758,14
25754,158826,enough,1758,14
25755,158837,But,1758,14
25756,158841,Odysseus,1758,14
25757,158850,FLIPS,1758,14
25758,158856,the,1758,14
25759,158860,bow,1758,14
25760,158865,once,1758,14
25761,158871,twice,1758,14
25762,158878,sticks,1758,14
25763,158885,the,1758,14
25764,158889,end,1758,14
25765,158893,on,1758,14
25766,158896,the,1758,14
25767,158900,floor,1758,14
25768,158909,BENDS,1759,14
25769,158915,IT,1759,14
25770,158919,STRINGS,1759,14
25771,158927,IT,1759,14
25772,158935,The,1759,14
25773,158939,JEERING,1759,14
25774,158947,CEASES,1759,14
25775,158958,Odysseus,1759,14
25776,158967,PLUCKS,1759,14
25777,158974,the,1759,14
25778,158978,bow,1759,14
25779,158984,A,1759,14
25780,158986,MIGHTY,1759,14
25781,158994,TWANG,1759,14
25782,159002,ECHOES,1759,14
25783,159010,THROUGH,1760,14
25784,159018,THE,1760,14
25785,159022,HALL,1760,14
25786,159033,Penelope,1760,14
25787,159042,PAUSES,1760,14
25788,159050,head,1760,14
25789,159055,half,1760,14
25790,159060,turned,1760,14
25791,159074,Eumaeus,1760,14
25792,159082,TURNS,1760,14
25793,159088,to,1760,14
25794,159091,the,1760,14
25795,159095,sound,1760,14
25796,159102,AMAZED,1760,14
25797,159115,Antinous,1760,14
25798,159124,BOLTS,1760,14
25799,159131,AS,1760,14
25800,159134,HE,1760,14
25801,159137,DID,1760,14
25802,159141,AS,1760,14
25803,159144,A,1760,14
25804,159146,CHILD,1760,14
25805,159153,RUNNING,1760,14
25806,159161,for,1760,14
25807,159165,the,1760,14
25808,159169,door,1760,14
25809,159177,Odysseus,1760,14
25810,159186,mounts,1760,14
25811,159193,an,1760,14
25812,159196,arrow,1760,14
25813,159202,to,1760,14
25814,159205,the,1760,14
25815,159209,string,1760,14
25816,159221,Odysseus,1760,14
25817,159230,aims,1760,14
25818,159235,the,1760,14
25819,159239,bow,1760,14
25820,159244,horizontal,1760,14
25821,159256,and,1760,14
25822,159260,FIRES,1760,14
25823,159266,THE,1760,14
25824,159270,ARROW,1760,14
25825,159277,THROUGH,1760,14
25826,159285,ALL,1760,14
25827,159289,TWELVE,1760,14
25828,159296,AXE,1760,14
25829,159300,HEADS,1760,14
25830,159308,THUMP,1760,14
25831,159315,VIBRATING,1760,14
25832,159326,IN,1761,14
25833,159329,THE,1761,14
25834,159333,UPTURNED,1761,14
25835,159342,TABLE,1761,14
25836,159354,Polybus,1761,14
25837,159363,marvelling,1761,14
25838,159374,at,1761,14
25839,159377,the,1761,14
25840,159381,feat,1761,14
25841,159387,looks,1761,14
25842,159393,at,1761,14
25843,159396,Antinous,1761,14
25844,159405,running,1761,14
25845,159413,away,1761,14
25846,159420,confused,1761,14
25847,159434,Odysseus,1761,14
25848,159443,loads,1761,14
25849,159449,his,1761,14
25850,159453,bow,1761,14
25851,159466,POLYBUS,1762,14
25852,159477,Antinous,1762,14
25853,159493,Polybus,1762,14
25854,159501,turns,1762,14
25855,159507,to,1762,14
25856,159510,Odysseus,1762,14
25857,159520,REALIZING,1762,14
25858,159535,POLYBUS,1763,14
25859,159544,You,1763,14
25860,159548,re,1763,14
25861,159551,Odysseus,1763,14
25862,159567,Odysseus,1763,14
25863,159576,FIRES,1763,14
25864,159582,at,1763,14
25865,159585,Polybus,1763,14
25866,159594,hitting,1763,14
25867,159602,him,1763,14
25868,159606,in,1763,14
25869,159609,the,1763,14
25870,159613,THROAT,1763,14
25871,159621,SCRAMBLE,1764,14
25872,159630,AWAY,1764,14
25873,159642,VARIOUS,1765,14
25874,159651,Odysseus,1765,14
25875,159661,Odysseus,1765,14
25876,159671,He,1765,14
25877,159674,s,1765,14
25878,159676,back,1765,14
25879,159685,Eumaeus,1765,14
25880,159693,GRABS,1765,14
25881,159699,Telemachus,1765,14
25882,159710,s,1765,14
25883,159712,sleeve,1765,14
25884,159724,EUMAEUS,1766,14
25885,159733,Is,1766,14
25886,159736,it,1766,14
25887,159739,him,1766,14
25888,159748,TELEMACHUS,1767,14
25889,159760,Yes,1767,14
25890,159765,Secure,1767,14
25891,159772,the,1767,14
25892,159776,weapons,1767,14
25893,159792,Suitors,1767,14
25894,159803,Penelope,1767,14
25895,159812,steps,1767,14
25896,159818,through,1767,14
25897,159826,the,1767,14
25898,159830,heavy,1767,14
25899,159836,doors,1767,14
25900,159843,Melantho,1767,14
25901,159852,tries,1767,14
25902,159858,to,1767,14
25903,159861,follow,1767,14
25904,159872,PENELOPE,1768,14
25905,159882,Surely,1768,14
25906,159889,your,1768,14
25907,159894,place,1768,14
25908,159900,is,1768,14
25909,159903,down,1768,14
25910,159908,there,1768,14
25911,159918,THE,1768,14
25912,159922,HEAVY,1768,14
25913,159928,DOORS,1768,14
25914,159934,SLAM,1768,14
25915,159939,SHUT,1768,14
25916,159944,BEHIND,1768,14
25917,159951,PENELOPE,1768,14
25918,159961,leaving,1768,14
25919,159972,Melantho,1768,14
25920,159981,in,1768,14
25921,159984,the,1768,14
25922,159988,hall,1768,14
25923,159994,TERRIFIED,1768,14
25924,160010,Polybus,1768,14
25925,160018,DROPS,1768,14
25926,160025,The,1768,14
25927,160029,Suitors,1768,14
25928,160037,look,1768,14
25929,160042,at,1768,14
25930,160045,Odysseus,1768,14
25931,160054,loading,1768,14
25932,160062,another,1768,14
25933,160070,arrow,1768,14
25934,160079,PANICKING,1768,14
25935,160090,DIVING,1768,14
25936,160097,for,1768,14
25937,160101,cover,1768,14
25938,160109,Odysseus,1768,14
25939,160118,PICKS,1768,14
25940,160124,OFF,1768,14
25941,160128,TWO,1768,14
25942,160136,THREE,1768,14
25943,160143,FOUR,1768,14
25944,160148,more,1768,14
25945,160153,as,1768,14
25946,160156,they,1768,14
25947,160161,run,1768,14
25948,160171,Antinous,1768,14
25949,160181,at,1768,14
25950,160184,the,1768,14
25951,160188,far,1768,14
25952,160192,end,1768,14
25953,160196,of,1768,14
25954,160199,the,1768,14
25955,160203,hall,1768,14
25956,160209,GRABS,1768,14
25957,160215,Melanthius,1768,14
25958,160231,ANTINOUS,1769,14
25959,160241,Where,1769,14
25960,160247,are,1769,14
25961,160251,the,1769,14
25962,160255,weapons,1769,14
25963,160268,MELANTHIUS,1770,14
25964,160280,The,1770,14
25965,160284,upper,1770,14
25966,160290,storeroom,1770,14
25967,160304,ANTINOUS,1771,14
25968,160314,GO,1772,14
25969,160321,Behind,1772,14
25970,160328,Odysseus,1772,14
25971,160338,Suitors,1772,14
25972,160346,GRAB,1772,14
25973,160351,the,1772,14
25974,160355,upturned,1772,14
25975,160364,table,1772,14
25976,160370,and,1772,14
25977,160374,RACE,1772,14
25978,160380,towards,1772,14
25979,160388,him,1772,14
25980,160393,TABLE,1772,14
25981,160399,AS,1772,14
25982,160402,SHIELD,1772,14
25983,160414,TELEMACHUS,1773,14
25984,160426,DAD,1774,14
25985,160434,Odysseus,1774,14
25986,160443,SPINS,1774,14
25987,160450,the,1774,14
25988,160454,table,1774,14
25989,160460,SMASHES,1774,14
25990,160468,INTO,1774,14
25991,160473,HIM,1774,14
25992,160483,INT,1775,14
25993,160488,UPPER,1775,14
25994,160494,CORRIDOR,1775,14
25995,160505,CONTINUOUS,1775,14
25996,160519,Melanthius,1776,14
25997,160530,RACES,1776,14
25998,160536,down,1776,14
25999,160541,the,1776,14
26000,160545,corridor,1776,14
26001,160555,SPURS,1776,14
26002,160561,JANGLING,1776,14
26003,160571,He,1776,14
26004,160575,THROWS,1776,14
26005,160582,the,1776,14
26006,160586,storage,1776,14
26007,160594,room,1776,14
26008,160599,door,1776,14
26009,160604,open,1776,14
26010,160609,and,1776,14
26011,160613,BOLTS,1776,14
26012,160619,inside,1776,14
26013,160632,INT,1777,14
26014,160637,UPPER,1777,14
26015,160643,STORAGE,1777,14
26016,160651,ROOM,1777,14
26017,160658,CONTINUOUS,1777,14
26018,160672,Melanthius,1778,14
26019,160683,takes,1778,14
26020,160689,in,1778,14
26021,160692,the,1778,14
26022,160696,piles,1778,14
26023,160702,of,1778,14
26024,160705,bronze,1778,14
26025,160713,GRABS,1778,14
26026,160719,at,1778,14
26027,160722,spears,1778,14
26028,160734,EUMAEUS,1779,14
26029,160744,O,1780,14
26030,160746,S,1780,14
26031,160751,I,1780,14
26032,160753,told,1780,14
26033,160758,you,1780,14
26034,160764,too,1780,14
26035,160768,loud,1780,14
26036,160774,cowherd,1780,14
26037,160786,Melanthius,1780,14
26038,160797,SPINS,1780,14
26039,160803,to,1780,14
26040,160806,see,1780,14
26041,160810,Eumaeus,1780,14
26042,160818,SLAM,1780,14
26043,160823,the,1780,14
26044,160827,door,1780,14
26045,160832,on,1780,14
26046,160835,him,1780,14
26047,160843,INT,1781,14
26048,160848,UPPER,1781,14
26049,160854,CORRIDOR,1781,14
26050,160865,CONTINUOUS,1781,14
26051,160879,Eumaeus,1782,14
26052,160887,LOCKS,1782,14
26053,160893,the,1782,14
26054,160897,door,1782,14
26055,160906,INT,1783,14
26056,160911,MEGARON,1783,14
26057,160920,PALACE,1783,14
26058,160927,OF,1783,14
26059,160930,ITHACA,1783,14
26060,160939,CONTINUOUS,1783,14
26061,160953,Odysseus,1784,14
26062,160962,GOES,1784,14
26063,160967,DOWN,1784,14
26064,160973,the,1784,14
26065,160977,table,1784,14
26066,160983,on,1784,14
26067,160986,top,1784,14
26068,160990,of,1784,14
26069,160993,him,1784,14
26070,160998,then,1784,14
26071,161003,PUSHES,1784,14
26072,161010,off,1784,14
26073,161015,the,1784,14
26074,161019,floor,1784,14
26075,161026,FLIPPING,1784,14
26076,161035,the,1784,14
26077,161039,table,1784,14
26078,161045,over,1784,14
26079,161050,him,1784,14
26080,161055,Suitors,1784,14
26081,161063,FLAILING,1784,14
26082,161075,Odysseus,1784,14
26083,161084,loads,1784,14
26084,161090,his,1784,14
26085,161094,bow,1784,14
26086,161099,FIRES,1784,14
26087,161107,hitting,1784,14
26088,161115,a,1784,14
26089,161117,Suitor,1784,14
26090,161129,Telemachus,1784,14
26091,161140,sees,1784,14
26092,161145,an,1784,14
26093,161148,AXE,1784,14
26094,161152,SMASH,1784,14
26095,161158,through,1784,14
26096,161166,the,1784,14
26097,161170,ceiling,1784,14
26098,161179,BLOW,1784,14
26099,161184,after,1784,14
26100,161191,BLOW,1785,14
26101,161202,INT,1786,14
26102,161207,UPPER,1786,14
26103,161213,STORAGE,1786,14
26104,161221,ROOM,1786,14
26105,161228,CONTINUOUS,1786,14
26106,161242,Melanthius,1787,14
26107,161253,uses,1787,14
26108,161258,a,1787,14
26109,161260,BRONZE,1787,14
26110,161267,AXE,1787,14
26111,161271,to,1787,14
26112,161274,HACK,1787,14
26113,161279,a,1787,14
26114,161281,hole,1787,14
26115,161286,in,1787,14
26116,161289,the,1787,14
26117,161293,floor,1787,14
26118,161304,INT,1788,14
26119,161309,MEGARON,1788,14
26120,161318,PALACE,1788,14
26121,161325,OF,1788,14
26122,161328,ITHACA,1788,14
26123,161337,CONTINUOUS,1788,14
26124,161351,Odysseus,1789,14
26125,161360,DRAWS,1789,14
26126,161366,an,1789,14
26127,161369,arrow,1789,14
26128,161375,from,1789,14
26129,161380,his,1789,14
26130,161384,quiver,1789,14
26131,161393,Leodes,1789,14
26132,161400,PUNCHES,1789,14
26133,161411,RUSHES,1789,14
26134,161418,Odysseus,1789,14
26135,161429,Odysseus,1789,14
26136,161438,HEADBUTTS,1789,14
26137,161448,him,1789,14
26138,161454,Leodes,1789,14
26139,161461,goes,1789,14
26140,161467,down,1789,14
26141,161473,PULLING,1789,14
26142,161481,the,1789,14
26143,161485,quiver,1789,14
26144,161492,off,1789,14
26145,161496,Odysseus,1789,14
26146,161505,s,1789,14
26147,161507,shoulder,1789,14
26148,161518,Odysseus,1789,14
26149,161528,STABS,1789,14
26150,161534,him,1789,14
26151,161538,with,1789,14
26152,161543,the,1789,14
26153,161547,arrow,1789,14
26154,161553,as,1789,14
26155,161556,Elatus,1789,14
26156,161563,TACKLES,1789,14
26157,161571,him,1789,14
26158,161577,they,1789,14
26159,161582,TUMBLE,1789,14
26160,161592,Odysseus,1789,14
26161,161601,s,1789,14
26162,161603,rags,1789,14
26163,161608,are,1789,14
26164,161612,ripped,1789,14
26165,161619,off,1789,14
26166,161623,him,1789,14
26167,161628,he,1789,14
26168,161631,has,1789,14
26169,161635,LEATHER,1789,14
26170,161643,ARMOUR,1789,14
26171,161651,underneath,1789,14
26172,161667,INT,1790,15
26173,161672,UPPER,1790,15
26174,161678,STORAGE,1790,15
26175,161686,ROOM,1790,15
26176,161693,CONTINUOUS,1790,15
26177,161707,Melanthius,1791,15
26178,161718,DROPS,1791,15
26179,161724,the,1791,15
26180,161728,axe,1791,15
26181,161732,through,1791,15
26182,161740,the,1791,15
26183,161744,hole,1791,15
26184,161749,he,1791,15
26185,161752,s,1791,15
26186,161754,made,1791,15
26187,161767,INT,1792,15
26188,161772,MEGARON,1792,15
26189,161781,PALACE,1792,15
26190,161788,OF,1792,15
26191,161791,ITHACA,1792,15
26192,161800,CONTINUOUS,1792,15
26193,161814,Telemachus,1793,15
26194,161825,sees,1793,15
26195,161830,the,1793,15
26196,161834,BRONZE,1793,15
26197,161841,AXE,1793,15
26198,161845,DROP,1793,15
26199,161851,A,1793,15
26200,161853,Suitor,1793,15
26201,161860,GRABS,1793,15
26202,161866,the,1793,15
26203,161871,axe,1793,15
26204,161876,feels,1793,15
26205,161882,its,1793,15
26206,161886,heft,1793,15
26207,161892,A,1793,15
26208,161894,SPEAR,1793,15
26209,161900,DROPS,1793,15
26210,161906,next,1793,15
26211,161917,Telemachus,1793,15
26212,161928,TURNS,1793,15
26213,161935,and,1793,15
26214,161939,RUNS,1793,15
26215,161944,towards,1793,15
26216,161952,the,1793,15
26217,161956,upper,1793,15
26218,161962,corridor,1793,15
26219,161980,Odysseus,1793,15
26220,161989,LIFTS,1793,15
26221,161995,Elatus,1793,15
26222,162003,pushes,1793,15
26223,162010,him,1793,15
26224,162014,towards,1793,15
26225,162022,the,1793,15
26226,162026,long,1793,15
26227,162031,table,1793,15
26228,162039,BURIES,1793,15
26229,162047,his,1793,15
26230,162051,face,1793,15
26231,162056,on,1793,15
26232,162059,the,1793,15
26233,162063,back,1793,15
26234,162068,of,1793,15
26235,162071,one,1793,15
26236,162075,of,1793,15
26237,162078,the,1793,15
26238,162082,twelve,1793,15
26239,162089,axes,1793,15
26240,162097,TURNS,1793,15
26241,162105,a,1793,15
26242,162107,Suitor,1793,15
26243,162115,BEARS,1793,15
26244,162121,down,1793,15
26245,162126,with,1793,15
26246,162131,a,1793,15
26247,162133,BRONZE,1793,15
26248,162140,AXE,1793,15
26249,162146,Odysseus,1793,15
26250,162155,ROLLS,1793,15
26251,162161,away,1793,15
26252,162166,as,1793,15
26253,162169,the,1793,15
26254,162174,axe,1793,15
26255,162178,SMASHES,1793,15
26256,162186,into,1793,15
26257,162191,the,1793,15
26258,162195,table,1793,15
26259,162203,Odysseus,1793,15
26260,162212,GRABS,1793,15
26261,162218,the,1793,15
26262,162222,handle,1793,15
26263,162229,as,1793,15
26264,162232,the,1793,15
26265,162237,bronze,1793,15
26266,162244,axe,1793,15
26267,162248,lodges,1793,15
26268,162255,in,1793,15
26269,162258,the,1793,15
26270,162262,long,1793,15
26271,162267,table,1793,15
26272,162274,but,1793,15
26273,162278,the,1793,15
26274,162282,Suitor,1793,15
26275,162289,YANKS,1793,15
26276,162295,it,1793,15
26277,162298,up,1793,15
26278,162301,again,1793,15
26279,162310,Odysseus,1793,15
26280,162319,ROLLS,1793,15
26281,162325,as,1793,15
26282,162328,the,1793,15
26283,162332,axe,1793,15
26284,162336,SWINGS,1793,15
26285,162345,STRIKING,1793,15
26286,162354,the,1793,15
26287,162358,nearest,1793,15
26288,162366,axe,1793,15
26289,162371,head,1793,15
26290,162377,SPARKING,1793,15
26291,162387,DISLODGING,1793,15
26292,162398,it,1793,15
26293,162401,from,1793,15
26294,162406,the,1793,15
26295,162410,dirt,1793,15
26296,162420,At,1793,15
26297,162423,the,1793,15
26298,162427,back,1793,15
26299,162432,of,1793,15
26300,162435,the,1793,15
26301,162439,crowd,1793,15
26302,162445,Antinous,1793,15
26303,162454,AGITATES,1793,15
26304,162468,ANTINOUS,1794,15
26305,162478,What,1794,15
26306,162483,re,1794,15
26307,162486,you,1794,15
26308,162490,waiting,1794,15
26309,162498,for,1794,15
26310,162504,He,1794,15
26311,162507,s,1794,15
26312,162509,going,1794,15
26313,162515,to,1794,15
26314,162518,kill,1794,15
26315,162523,us,1794,15
26316,162526,all,1794,15
26317,162534,Odysseus,1794,15
26318,162543,GRABS,1794,15
26319,162549,the,1794,15
26320,162553,pair,1794,15
26321,162558,of,1794,15
26322,162561,axes,1794,15
26323,162566,tied,1794,15
26324,162571,together,1794,15
26325,162581,as,1794,15
26326,162584,the,1794,15
26327,162588,Suitor,1794,15
26328,162595,RAISES,1794,15
26329,162603,his,1794,15
26330,162607,bronze,1794,15
26331,162614,axe,1794,15
26332,162619,Odysseus,1794,15
26333,162628,SWINGS,1794,15
26334,162635,tied,1794,15
26335,162640,axes,1794,15
26336,162645,into,1794,15
26337,162650,the,1794,15
26338,162654,Suitor,1794,15
26339,162661,s,1794,15
26340,162663,face,1794,15
26341,162673,INT,1795,15
26342,162678,UPPER,1795,15
26343,162684,CORRIDOR,1795,15
26344,162696,CONTINUOUS,1795,15
26345,162710,Telemachus,1796,15
26346,162721,RACES,1796,15
26347,162727,down,1796,15
26348,162732,the,1796,15
26349,162736,corridor,1796,15
26350,162747,UNLOCKS,1796,15
26351,162755,the,1796,15
26352,162759,door,1796,15
26353,162769,INT,1797,15
26354,162774,MEGARON,1797,15
26355,162783,PALACE,1797,15
26356,162790,OF,1797,15
26357,162793,ITHACA,1797,15
26358,162802,CONTINUOUS,1797,15
26359,162816,Odysseus,1798,15
26360,162825,SWINGS,1798,15
26361,162832,WILDLY,1798,15
26362,162839,with,1798,15
26363,162844,the,1798,15
26364,162848,TIED,1798,15
26365,162853,AXES,1798,15
26366,162858,at,1798,15
26367,162861,the,1798,15
26368,162865,nearest,1798,15
26369,162874,Suitors,1798,15
26370,162883,clearing,1798,15
26371,162892,a,1798,15
26372,162894,space,1798,15
26373,162900,around,1798,15
26374,162907,his,1798,15
26375,162911,fallen,1798,15
26376,162918,bow,1798,15
26377,162927,a,1798,15
26378,162929,SPEAR,1798,15
26379,162935,flies,1798,15
26380,162941,past,1798,15
26381,162947,his,1798,15
26382,162951,nose,1798,15
26383,162957,STICKING,1798,15
26384,162966,into,1798,15
26385,162971,the,1798,15
26386,162975,column,1798,15
26387,162982,behind,1798,15
26388,162989,him,1798,15
26389,162995,he,1798,15
26390,162998,DUCKS,1798,15
26391,163006,SPINS,1798,15
26392,163012,around,1798,15
26393,163019,the,1798,15
26394,163023,column,1798,15
26395,163030,as,1798,15
26396,163033,MORE,1798,15
26397,163038,SPEARS,1798,15
26398,163045,come,1798,15
26399,163055,INT,1799,15
26400,163060,UPPER,1799,15
26401,163066,STORAGE,1799,15
26402,163074,ROOM,1799,15
26403,163081,CONTINUOUS,1799,15
26404,163095,Telemachus,1800,15
26405,163106,CHARGES,1800,15
26406,163114,at,1800,15
26407,163117,Melanthius,1800,15
26408,163129,who,1800,15
26409,163133,is,1800,15
26410,163136,dropping,1800,15
26411,163145,SWORDS,1800,15
26412,163153,through,1800,15
26413,163161,the,1800,15
26414,163165,hole,1800,15
26415,163172,Melanthius,1800,15
26416,163183,spots,1800,15
26417,163189,him,1800,15
26418,163194,raises,1800,15
26419,163201,a,1800,15
26420,163203,sword,1800,15
26421,163209,in,1800,15
26422,163212,defence,1800,15
26423,163227,Telemachus,1800,15
26424,163238,GRABS,1800,15
26425,163244,a,1800,15
26426,163246,sword,1800,15
26427,163252,from,1800,15
26428,163257,the,1800,15
26429,163261,pile,1800,15
26430,163274,INT,1801,15
26431,163279,MEGARON,1801,15
26432,163288,PALACE,1801,15
26433,163295,OF,1801,15
26434,163298,ITHACA,1801,15
26435,163307,CONTINUOUS,1801,15
26436,163321,Odysseus,1802,15
26437,163330,DUCKS,1802,15
26438,163336,spears,1802,15
26439,163343,as,1802,15
26440,163346,he,1802,15
26441,163349,SWINGS,1802,15
26442,163356,THE,1802,15
26443,163360,AXES,1802,15
26444,163366,taking,1802,15
26445,163373,out,1802,15
26446,163378,Suitors,1802,15
26447,163389,a,1802,15
26448,163391,SWORD,1802,15
26449,163397,hacks,1802,15
26450,163403,into,1802,15
26451,163408,his,1802,15
26452,163412,arm,1802,15
26453,163418,he,1802,15
26454,163421,looks,1802,15
26455,163427,up,1802,15
26456,163432,Antinous,1802,15
26457,163441,has,1802,15
26458,163446,a,1802,15
26459,163448,SWORD,1802,15
26460,163457,a,1802,15
26461,163459,suitor,1802,15
26462,163466,STANDS,1802,15
26463,163473,on,1802,15
26464,163476,the,1802,15
26465,163480,axe,1802,15
26466,163484,head,1802,15
26467,163491,PUSHES,1802,15
26468,163498,Odysseus,1802,15
26469,163508,from,1802,15
26470,163513,his,1802,15
26471,163517,axe,1802,15
26472,163522,Odysseus,1802,15
26473,163531,stumbles,1802,15
26474,163540,back,1802,15
26475,163546,tripping,1802,15
26476,163555,over,1802,15
26477,163560,bodies,1802,15
26478,163576,INT,1803,15
26479,163581,UPPER,1803,15
26480,163587,STORAGE,1803,15
26481,163595,ROOM,1803,15
26482,163602,CONTINUOUS,1803,15
26483,163616,Telemachus,1804,15
26484,163627,and,1804,15
26485,163631,Melanthius,1804,15
26486,163642,exchange,1804,15
26487,163651,blows,1804,15
26488,163663,INT,1805,15
26489,163668,MEGARON,1805,15
26490,163677,PALACE,1805,15
26491,163684,OF,1805,15
26492,163687,ITHACA,1805,15
26493,163696,CONTINUOUS,1805,15
26494,163710,Odysseus,1806,15
26495,163720,UNARMED,1806,15
26496,163729,steps,1806,15
26497,163735,back,1806,15
26498,163740,over,1806,15
26499,163745,the,1806,15
26500,163749,bodies,1806,15
26501,163757,Antinous,1806,15
26502,163766,and,1806,15
26503,163770,the,1806,15
26504,163775,last,1806,15
26505,163780,six,1806,15
26506,163784,fighting,1806,15
26507,163793,Suitors,1806,15
26508,163801,threatening,1806,15
26509,163813,with,1806,15
26510,163818,SPEARS,1806,15
26511,163825,and,1806,15
26512,163829,SWORDS,1806,15
26513,163838,Odysseus,1806,15
26514,163847,desperately,1806,15
26515,163859,looks,1806,15
26516,163865,for,1806,15
26517,163869,a,1806,15
26518,163871,weapon,1806,15
26519,163879,YANKS,1806,15
26520,163885,an,1806,15
26521,163888,arrow,1806,15
26522,163894,from,1806,15
26523,163899,a,1806,15
26524,163902,dead,1806,15
26525,163907,suitor,1806,15
26526,163915,holds,1806,15
26527,163921,it,1806,15
26528,163924,up,1806,15
26529,163927,like,1806,15
26530,163932,a,1806,15
26531,163934,dagger,1806,15
26532,163942,Antinous,1806,15
26533,163951,LAUGHS,1806,15
26534,163965,ANTINOUS,1807,15
26535,163975,Did,1807,15
26536,163979,you,1807,15
26537,163983,think,1807,15
26538,163989,you,1807,15
26539,163993,could,1807,15
26540,163999,kill,1807,15
26541,164004,all,1807,15
26542,164008,of,1807,15
26543,164011,us,1807,15
26544,164018,ODYSSEUS,1808,15
26545,164028,Long,1808,15
26546,164033,as,1808,15
26547,164036,I,1808,15
26548,164038,kill,1808,15
26549,164043,you,1808,15
26550,164051,They,1808,15
26551,164056,move,1808,15
26552,164061,closer,1808,15
26553,164068,and,1808,15
26554,164072,closer,1808,15
26555,164080,PRODDING,1808,15
26556,164089,him,1808,15
26557,164093,with,1808,15
26558,164098,spears,1808,15
26559,164107,DRAWING,1808,15
26560,164115,BLOOD,1808,15
26561,164125,like,1808,15
26562,164130,the,1808,15
26563,164134,end,1808,15
26564,164138,of,1808,15
26565,164141,a,1808,15
26566,164143,BEAR,1808,15
26567,164148,HUNT,1808,15
26568,164159,Odysseus,1808,15
26569,164169,looks,1808,15
26570,164175,around,1808,15
26571,164183,DESPERATE,1808,15
26572,164198,TELEMACHUS,1809,15
26573,164211,O,1810,15
26574,164213,S,1810,15
26575,164218,DAD,1811,15
26576,164226,Odysseus,1811,15
26577,164235,looks,1811,15
26578,164241,up,1811,15
26579,164246,Telemachus,1811,15
26580,164257,DROPS,1811,15
26581,164263,a,1811,15
26582,164265,BRONZE,1811,15
26583,164272,SWORD,1811,15
26584,164278,to,1811,15
26585,164282,Odysseus,1811,15
26586,164293,he,1811,15
26587,164296,CATCHES,1811,15
26588,164304,it,1811,15
26589,164308,CHOPS,1811,15
26590,164314,spears,1811,15
26591,164321,in,1811,15
26592,164324,half,1811,15
26593,164331,charges,1811,15
26594,164340,Antinous,1811,15
26595,164351,who,1811,15
26596,164355,tries,1811,15
26597,164361,to,1811,15
26598,164364,exchange,1811,15
26599,164373,blows,1811,15
26600,164379,with,1811,15
26601,164384,him,1811,15
26602,164389,but,1811,15
26603,164393,is,1811,15
26604,164396,forced,1811,15
26605,164403,back,1811,15
26606,164410,even,1811,15
26607,164415,as,1811,15
26608,164418,BROKEN,1811,15
26609,164425,SPEARS,1811,15
26610,164432,are,1811,15
26611,164436,THRUST,1811,15
26612,164443,at,1811,15
26613,164446,Odysseus,1811,15
26614,164455,s,1811,15
26615,164457,side,1811,15
26616,164462,and,1811,15
26617,164466,back,1811,15
26618,164474,Antinous,1811,15
26619,164483,goes,1811,15
26620,164488,down,1811,15
26621,164495,the,1811,15
26622,164499,SAVAGE,1811,15
26623,164506,ODYSSEUS,1811,15
26624,164515,on,1811,15
26625,164518,top,1811,15
26626,164522,of,1811,15
26627,164525,him,1811,15
26628,164531,broken,1811,15
26629,164538,spears,1811,15
26630,164545,sticking,1811,15
26631,164554,out,1811,15
26632,164558,of,1811,15
26633,164561,him,1811,15
26634,164565,LIKE,1811,15
26635,164570,A,1811,15
26636,164572,BULL,1811,15
26637,164577,AT,1811,15
26638,164580,ITS,1811,15
26639,164584,END,1811,15
26640,164588,IN,1811,15
26641,164592,THE,1811,15
26642,164596,RING,1811,15
26643,164604,Odysseus,1811,15
26644,164613,has,1811,15
26645,164617,his,1811,15
26646,164621,sword,1811,15
26647,164627,at,1811,15
26648,164630,Antinous,1811,15
26649,164639,s,1811,15
26650,164641,throat,1811,15
26651,164653,ODYSSEUS,1812,15
26652,164664,breathless,1812,15
26653,164675,rasp,1812,15
26654,164682,When,1812,15
26655,164687,you,1812,15
26656,164691,see,1812,15
26657,164695,Sinon,1812,15
26658,164701,in,1812,15
26659,164704,Hades,1812,15
26660,164716,Tell,1812,15
26661,164721,him,1812,15
26662,164725,I'll,1812,15
26663,164730,head,1812,15
26664,164735,west,1812,15
26665,164740,to,1812,15
26666,164744,honour,1812,15
26667,164751,my,1812,15
26668,164754,men,1812,15
26669,164764,He,1812,15
26670,164767,pulls,1812,15
26671,164773,out,1812,15
26672,164777,the,1812,15
26673,164781,wooden,1812,15
26674,164788,lot,1812,15
26675,164792,and,1812,15
26676,164797,with,1812,15
26677,164802,bloody,1812,15
26678,164809,fingers,1812,15
26679,164818,stuffs,1812,15
26680,164825,it,1812,15
26681,164828,into,1812,15
26682,164834,Antinous,1812,15
26683,164843,s,1812,15
26684,164845,mouth,1812,15
26685,164857,ODYSSEUS,1813,15
26686,164867,And,1813,15
26687,164871,that,1813,15
26688,164876,I,1813,15
26689,164878,gave,1813,15
26690,164883,you,1813,15
26691,164887,back,1813,15
26692,164892,your,1813,15
26693,164897,shame,1813,15
26694,164907,He,1813,15
26695,164910,RUNS,1813,15
26696,164915,the,1813,15
26697,164919,sword,1813,15
26698,164925,through,1813,15
26699,164933,Antinous,1813,15
26700,164943,ROLLS,1813,15
26701,164949,off,1813,15
26702,164953,him,1813,15
26703,164958,spears,1813,15
26704,164966,dislodging,1813,15
26705,164978,Stands,1813,15
26706,164986,pulling,1813,15
26707,164994,the,1813,15
26708,164998,remaining,1813,15
26709,165008,rags,1813,15
26710,165013,from,1813,15
26711,165018,his,1813,15
26712,165022,back,1813,15
26713,165029,BLOODY,1813,15
26714,165036,in,1813,15
26715,165039,his,1813,15
26716,165043,leather,1813,15
26717,165051,armour,1813,15
26718,165059,He,1813,15
26719,165062,surveys,1813,15
26720,165070,the,1813,15
26721,165074,CARNAGE,1813,15
26722,165082,in,1813,15
26723,165085,the,1813,15
26724,165089,hall,1813,15
26725,165099,the,1813,15
26726,165103,remaining,1813,15
26727,165113,Suitors,1813,15
26728,165121,are,1813,15
26729,165125,ON,1813,15
26730,165128,THEIR,1813,15
26731,165134,KNEES,1813,15
26732,165146,The,1813,15
26733,165150,THUNDER,1813,15
26734,165158,of,1813,15
26735,165161,Zeus,1813,15
26736,165166,ROLLS,1813,15
26737,165172,around,1813,15
26738,165179,the,1813,15
26739,165183,megaron,1813,15
26740,165198,Odysseus,1813,15
26741,165207,DROPS,1813,15
26742,165213,his,1813,15
26743,165217,bronze,1813,15
26744,165224,sword,1813,15
26745,165230,with,1813,15
26746,165235,a,1813,15
26747,165237,CLATTER,1813,15
26748,165248,STUMBLES,1813,15
26749,165257,BREATHLESSLY,1813,15
26750,165270,through,1813,15
26751,165278,the,1813,15
26752,165282,hall,1813,15
26753,165288,stepping,1813,15
26754,165297,over,1813,15
26755,165303,DEAD,1814,15
26756,165308,SUITORS,1814,15
26757,165322,Telemachus,1814,15
26758,165333,comes,1814,15
26759,165339,into,1814,15
26760,165344,the,1814,15
26761,165348,hall,1814,15
26762,165354,Sees,1814,15
26763,165359,his,1814,15
26764,165363,father,1814,15
26765,165370,walk,1814,15
26766,165376,Starts,1814,15
26767,165384,BANGING,1814,15
26768,165392,his,1814,15
26769,165396,sword,1814,15
26770,165402,against,1814,15
26771,165410,the,1814,15
26772,165414,ground,1814,15
26773,165421,in,1814,15
26774,165424,time,1814,15
26775,165429,with,1814,15
26776,165434,Odysseus,1814,15
26777,165443,s,1814,15
26778,165445,steps,1814,15
26779,165454,ODYSSEUS,1815,15
26780,165465,V,1816,15
26781,165467,O,1816,15
26782,165472,We,1816,15
26783,165475,broke,1816,15
26784,165481,the,1816,15
26785,165485,fragile,1816,15
26786,165493,bonds,1816,15
26787,165499,between,1816,15
26788,165507,men,1816,15
26789,165517,BANG,1816,15
26790,165523,BANG,1816,15
26791,165529,BANG,1816,15
26792,165535,The,1816,15
26793,165539,surviving,1816,15
26794,165549,suitors,1816,15
26795,165557,and,1816,15
26796,165561,servants,1816,15
26797,165570,SMACK,1816,15
26798,165577,the,1816,15
26799,165581,ground,1816,15
26800,165589,taking,1816,15
26801,165596,up,1816,15
26802,165599,the,1816,15
26803,165603,rhythm,1816,15
26804,165610,of,1816,15
26805,165613,Odysseus,1816,15
26806,165622,s,1816,15
26807,165624,PAINFUL,1816,15
26808,165632,WALK,1816,15
26809,165644,BANG,1816,15
26810,165650,INSERT,1816,15
26811,165657,CUT,1816,15
26812,165662,Greek,1816,15
26813,165668,Soldiers,1816,15
26814,165677,BEATING,1816,15
26815,165685,TIME,1816,15
26816,165690,with,1816,15
26817,165695,their,1816,15
26818,165702,SPEARS,1816,15
26819,165709,against,1816,15
26820,165717,wood,1816,15
26821,165722,as,1816,15
26822,165725,they,1816,15
26823,165730,LINE,1816,15
26824,165735,THE,1816,15
26825,165739,DOCK,1816,15
26826,165744,AT,1816,15
26827,165747,ITHACA,1816,15
26828,165760,As,1816,15
26829,165763,walks,1816,15
26830,165769,he,1816,15
26831,165772,looks,1816,15
26832,165778,at,1816,15
26833,165781,his,1816,15
26834,165785,son,1816,15
26835,165792,nods,1816,15
26836,165803,forces,1816,15
26837,165810,himself,1816,15
26838,165818,up,1816,15
26839,165821,the,1816,15
26840,165825,stairs,1816,15
26841,165834,his,1816,15
26842,165838,BLOODY,1816,15
26843,165845,HANDS,1816,15
26844,165851,FUMBLE,1816,15
26845,165858,in,1816,15
26846,165861,his,1816,15
26847,165865,belt,1816,15
26848,165878,ODYSSEUS,1817,15
26849,165889,V,1818,15
26850,165891,O,1818,15
26851,165896,And,1818,15
26852,165900,for,1818,15
26853,165904,centuries,1818,15
26854,165914,of,1818,15
26855,165917,darkness,1818,15
26856,165926,to,1818,15
26857,165929,follow,1818,15
26858,165937,the,1818,15
26859,165941,stories,1818,15
26860,165949,of,1818,15
26861,165952,Troy,1818,15
26862,165957,will,1818,15
26863,165963,only,1818,15
26864,165968,be,1818,15
26865,165971,sung,1818,15
26866,165982,BANG,1818,15
26867,165988,INSERT,1818,15
26868,165995,CUT,1818,15
26869,166000,Telemachus,1818,15
26870,166012,DRESSED,1818,15
26871,166020,AS,1818,15
26872,166023,A,1818,15
26873,166025,KING,1818,15
26874,166031,leads,1818,15
26875,166038,Penelope,1818,15
26876,166047,down,1818,15
26877,166052,the,1818,15
26878,166056,dock,1818,15
26879,166061,as,1818,15
26880,166064,the,1818,15
26881,166068,Soldiers,1818,15
26882,166077,BEAT,1818,15
26883,166082,TIME,1818,15
26884,166095,The,1818,15
26885,166099,heavy,1818,15
26886,166105,doors,1818,15
26887,166111,OPEN,1818,15
26888,166121,Penelope,1818,15
26889,166130,is,1818,15
26890,166133,there,1818,15
26891,166145,Odysseus,1818,15
26892,166157,STUMBLES,1818,15
26893,166166,towards,1818,15
26894,166174,her,1818,15
26895,166182,Eumaeus,1818,15
26896,166190,BEATS,1818,15
26897,166196,his,1818,15
26898,166200,stick,1818,15
26899,166206,against,1818,15
26900,166214,the,1818,15
26901,166218,floor,1818,15
26902,166232,BANG,1818,15
26903,166238,INSERT,1818,15
26904,166245,CUT,1818,15
26905,166250,Telemachus,1818,15
26906,166262,as,1818,15
26907,166265,king,1818,15
26908,166271,leads,1818,15
26909,166277,Penelope,1818,15
26910,166286,to,1818,15
26911,166289,a,1818,15
26912,166292,SHIP,1818,15
26913,166298,approaching,1818,15
26914,166310,a,1818,15
26915,166312,FIGURE,1818,15
26916,166319,from,1818,15
26917,166324,behind,1818,15
26918,166331,who,1818,15
26919,166335,is,1818,15
26920,166338,checking,1818,15
26921,166347,the,1818,15
26922,166352,rigging,1818,15
26923,166361,She,1818,15
26924,166365,turns,1818,15
26925,166371,to,1818,15
26926,166374,Telemachus,1818,15
26927,166386,TEARS,1818,15
26928,166392,STREAMING,1818,15
26929,166403,embraces,1818,15
26930,166412,her,1818,15
26931,166417,son,1818,15
26932,166427,BANG,1819,15
26933,166436,Odysseus,1819,15
26934,166445,STEPS,1819,15
26935,166451,towards,1819,15
26936,166459,Penelope,1819,15
26937,166469,raising,1819,15
26938,166477,a,1819,15
26939,166479,BLOODY,1819,15
26940,166486,HAND,1819,15
26941,166492,HOLDING,1820,15
26942,166500,A,1820,15
26943,166502,GOLDEN,1820,15
26944,166509,PIN,1820,15
26945,166519,The,1820,15
26946,166523,banging,1820,15
26947,166531,STOPS,1820,15
26948,166538,Silence,1820,15
26949,166550,Penelope,1820,15
26950,166559,takes,1820,15
26951,166565,the,1820,15
26952,166569,pin,1820,15
26953,166573,and,1820,15
26954,166577,looks,1820,15
26955,166583,down,1820,15
26956,166588,to,1820,15
26957,166591,see,1820,15
26958,166595,the,1820,15
26959,166599,GOLD,1820,15
26960,166604,ATHENA,1820,15
26961,166612,ENCIRCLED,1820,15
26962,166622,BY,1820,15
26963,166625,VINES,1820,15
26964,166635,she,1820,15
26965,166639,looks,1820,15
26966,166645,up,1820,15
26967,166648,at,1820,15
26968,166651,Odysseus,1820,15
26969,166661,MELTING,1820,15
26970,166676,He,1820,15
26971,166679,COLLAPSES,1820,15
26972,166690,slumped,1820,15
26973,166698,at,1820,15
26974,166701,the,1820,15
26975,166705,top,1820,15
26976,166709,of,1820,15
26977,166712,the,1820,15
26978,166716,steps,1820,15
26979,166728,Penelope,1820,15
26980,166737,takes,1820,15
26981,166743,him,1820,15
26982,166747,in,1820,15
26983,166750,her,1820,15
26984,166754,arms,1820,15
26985,166760,wiping,1820,15
26986,166767,blood,1820,15
26987,166773,from,1820,15
26988,166778,his,1820,15
26989,166782,eyes,1820,15
26990,166796,PENELOPE,1821,15
26991,166806,Odysseus,1821,15
26992,166816,My,1821,15
26993,166819,love,1821,15
26994,166825,you,1821,15
26995,166829,came,1821,15
26996,166834,back,1821,15
26997,166843,ODYSSEUS,1822,15
26998,166855,At,1822,15
26999,166858,last,1822,15
27000,166864,At,1822,15
27001,166867,the,1822,15
27002,166871,end,1822,15
27003,166881,to,1822,15
27004,166884,see,1822,15
27005,166888,my,1822,15
27006,166891,beloved,1822,15
27007,166899,Ithaca,1822,15
27008,166906,one,1822,15
27009,166910,last,1822,15
27010,166915,time,1822,15
27011,166928,Penelope,1822,15
27012,166937,RUNS,1822,15
27013,166942,her,1822,15
27014,166946,hands,1822,15
27015,166952,across,1822,15
27016,166959,him,1822,15
27017,166964,desperate,1822,15
27018,166983,PENELOPE,1823,15
27019,166993,No,1823,15
27020,166997,no,1823,15
27021,167001,no,1823,15
27022,167007,you,1823,15
27023,167011,can,1823,15
27024,167015,t,1823,15
27025,167018,not,1823,15
27026,167022,now,1823,15
27027,167027,I,1823,15
27028,167029,ve,1823,15
27029,167032,waited,1823,15
27030,167039,so,1823,15
27031,167042,long,1823,15
27032,167053,She,1823,15
27033,167057,holds,1823,15
27034,167063,his,1823,15
27035,167067,face,1823,15
27036,167073,looks,1823,15
27037,167079,into,1823,15
27038,167084,his,1823,15
27039,167088,face,1823,15
27040,167094,tears,1823,15
27041,167100,streaming,1823,15
27042,167119,PENELOPE,1824,15
27043,167129,You,1824,15
27044,167133,can,1824,15
27045,167137,t,1824,15
27046,167139,die,1824,15
27047,167149,ODYSSEUS,1825,15
27048,167161,Not,1825,15
27049,167165,death,1825,15
27050,167172,Exile,1825,15
27051,167182,And,1825,15
27052,167186,he,1825,15
27053,167189,SMILES,1825,15
27054,167196,at,1825,15
27055,167199,her,1825,15
27056,167209,BANG,1825,15
27057,167215,INSERT,1825,15
27058,167222,CUT,1825,15
27059,167227,as,1825,15
27060,167230,Penelope,1825,15
27061,167239,boards,1825,15
27062,167246,the,1825,15
27063,167250,ship,1825,15
27064,167256,the,1825,15
27065,167260,Figure,1825,15
27066,167267,turns,1825,15
27067,167274,from,1825,15
27068,167279,the,1825,15
27069,167283,rigging,1825,15
27070,167293,IT,1825,15
27071,167296,IS,1825,15
27072,167299,ODYSSEUS,1825,15
27073,167309,bandaged,1825,15
27074,167319,beard,1825,15
27075,167325,trimmed,1825,15
27076,167335,Telemachus,1825,15
27077,167346,is,1825,15
27078,167349,on,1825,15
27079,167352,the,1825,15
27080,167356,dock,1825,15
27081,167362,waving,1825,15
27082,167375,Penelope,1825,15
27083,167384,looks,1825,15
27084,167390,down,1825,15
27085,167395,at,1825,15
27086,167398,bloody,1825,15
27087,167405,Odysseus,1825,15
27088,167423,ODYSSEUS,1826,15
27089,167433,Telemachus,1826,15
27090,167444,will,1826,15
27091,167449,be,1826,15
27092,167452,king,1826,15
27093,167458,And,1826,15
27094,167462,we,1826,15
27095,167465,ll,1826,15
27096,167468,head,1826,15
27097,167473,into,1826,15
27098,167478,the,1826,15
27099,167482,unknown,1826,15
27100,167490,west,1826,15
27101,167496,to,1826,15
27102,167499,honour,1826,15
27103,167506,my,1826,15
27104,167509,men,1826,15
27105,167514,Together,1826,15
27106,167531,BANG,1826,15
27107,167537,INSERT,1826,15
27108,167544,CUT,1826,15
27109,167549,pushing,1826,15
27110,167557,LOW,1826,15
27111,167561,through,1826,15
27112,167569,WAVES,1826,15
27113,167575,at,1826,15
27114,167578,sunset,1826,15
27115,167591,She,1826,15
27116,167595,smiles,1826,15
27117,167602,at,1826,15
27118,167605,him,1826,15
27119,167615,PENELOPE,1827,15
27120,167625,Take,1827,15
27121,167630,your,1827,15
27122,167635,fastest,1827,15
27123,167643,ship,1827,15
27124,167648,and,1827,15
27125,167652,brightest,1827,15
27126,167662,crew,1827,15
27127,167667,and,1827,15
27128,167671,head,1827,15
27129,167676,for,1827,15
27130,167680,the,1827,15
27131,167684,horizon,1827,15
27132,167697,Odysseus,1827,15
27133,167706,nods,1827,15
27134,167713,ODYSSEUS,1828,15
27135,167725,Chasing,1828,15
27136,167733,the,1828,15
27137,167737,escaping,1828,15
27138,167746,sun,1828,15
27139,167758,EXT,1829,15
27140,167763,SHIP,1829,15
27141,167770,EVENING,1829,15
27142,167781,As,1830,15
27143,167784,the,1830,15
27144,167788,ship,1830,15
27145,167793,rows,1830,15
27146,167798,west,1830,15
27147,167804,Penelope,1830,15
27148,167813,and,1830,15
27149,167817,Odysseus,1830,15
27150,167826,stand,1830,15
27151,167832,at,1830,15
27152,167835,the,1830,15
27153,167839,front,1830,15
27154,167847,looking,1830,15
27155,167855,to,1830,15
27156,167858,the,1830,15
27157,167862,warming,1830,15
27158,167870,horizon,1830,15
27159,167886,PENELOPE,1831,15
27160,167896,Why,1831,15
27161,167900,will,1831,15
27162,167905,the,1831,15
27163,167909,stories,1831,15
27164,167917,only,1831,15
27165,167922,be,1831,15
27166,167925,sung,1831,15
27167,167934,ODYSSEUS,1832,15
27168,167944,Because,1832,15
27169,167952,songs,1832,15
27170,167958,will,1832,15
27171,167963,be,1832,15
27172,167966,all,1832,15
27173,167970,they,1832,15
27174,167975,have,1832,15
27175,167980,to,1832,15
27176,167983,remember,1832,15
27177,167992,those,1832,15
27178,167998,of,1832,15
27179,168001,us,1832,15
27180,168004,who,1832,15
27181,168009,could,1832,15
27182,168015,write,1832,15
27183,168025,Penelope,1832,15
27184,168034,looks,1832,15
27185,168040,at,1832,15
27186,168043,Odysseus,1832,15
27187,168058,takes,1832,15
27188,168064,his,1832,15
27189,168068,hands,1832,15
27190,168074,in,1832,15
27191,168077,hers,1832,15
27192,168090,PENELOPE,1833,15
27193,168100,Civilization,1833,15
27194,168113,will,1833,15
27195,168118,rise,1833,15
27196,168123,again,1833,15
27197,168135,Odysseus,1833,15
27198,168144,thinks,1833,15
27199,168154,nods,1833,15
27200,168165,EXT,1834,15
27201,168170,TROY,1834,15
27202,168177,NIGHT,1834,15
27203,168186,Odysseus,1835,15
27204,168195,STUMBLES,1835,15
27205,168204,in,1835,15
27206,168207,the,1835,15
27207,168211,FLAMING,1835,15
27208,168219,RUINS,1835,15
27209,168225,of,1835,15
27210,168228,Troy,1835,15
27211,168234,breathing,1835,15
27212,168245,hard,1835,15
27213,168251,on,1835,15
27214,168254,one,1835,15
27215,168258,knee,1835,15
27216,168264,sweaty,1835,15
27217,168271,in,1835,15
27218,168274,the,1835,15
27219,168278,firelight,1835,15
27220,168289,he,1835,15
27221,168292,looks,1835,15
27222,168298,up,1835,15
27223,168302,APPALLED,1835,15
27224,168315,ODYSSEUS,1836,15
27225,168326,V,1837,15
27226,168328,O,1837,15
27227,168333,A,1837,15
27228,168335,new,1837,15
27229,168339,dawn,1837,15
27230,168344,will,1837,15
27231,168349,break,1837,15
27232,168355,over,1837,15
27233,168360,the,1837,15
27234,168364,darkened,1837,15
27235,168373,world,1837,15
27236,168385,The,1837,15
27237,168389,Vast,1837,15
27238,168394,Wooden,1837,15
27239,168401,Horse,1837,15
27240,168408,AFLAME,1837,15
27241,168416,listing,1837,15
27242,168424,sickly,1837,15
27243,168432,FALLS,1837,15
27244,168438,SIDEWAYS,1837,15
27245,168449,SMOKE,1838,15
27246,168455,AND,1838,15
27247,168459,FLAME,1838,15
27248,168465,TRAILING,1838,15
27249,168482,ODYSSEUS,1839,15
27250,168493,V,1840,15
27251,168495,O,1840,15
27252,168500,And,1840,15
27253,168504,our,1840,15
27254,168508,mistakes,1840,15
27255,168517,will,1840,15
27256,168522,once,1840,15
27257,168527,again,1840,15
27258,168533,be,1840,15
27259,168536,forgotten,1840,15
27260,168550,The,1840,15
27261,168554,Horse,1840,15
27262,168560,JAMS,1840,15
27263,168565,against,1840,15
27264,168573,the,1840,15
27265,168577,Temple,1840,15
27266,168584,of,1840,15
27267,168587,Athena,1840,15
27268,168595,BURNING,1840,15
27269,168605,BURNING,1840,15
27270,168614,And,1840,15
27271,168618,we,1840,15
27272,168626,FADE,1841,15
27273,168631,OUT,1841,15
27274,168637,CREDITS,1842,15
27275,168649,END,1843,15
27276,168657,First,1843,15
27277,168663,published,1843,15
27278,168673,in,1843,15
27279,168676,2026,1843,15
27280,168682,by,1843,15
27281,168685,Faber,1843,15
27282,168693,Faber,1843,15
27283,168699,Ltd,1843,15
27284,168704,The,1843,15
27285,168708,Bindery,1843,15
27286,168717,51,1843,15
27287,168720,Hatton,1843,15
27288,168727,Garden,1843,15
27289,168735,London,1843,15
27290,168742,ECIN,1843,15
27291,168747,8HN,1843,15
27292,168754,First,1843,15
27293,168760,published,1843,15
27294,168770,in,1843,15
27295,168773,the,1843,15
27296,168777,USA,1843,15
27297,168781,in,1843,15
27298,168784,2026,1843,15
27299,168790,This,1843,15
27300,168795,ebook,1843,15
27301,168801,first,1843,15
27302,168807,published,1843,15
27303,168817,in,1843,15
27304,168820,2026,1843,15
27305,168828,All,1843,15
27306,168832,rights,1843,15
27307,168839,reserved,1843,15
27308,168851,2026,1843,15
27309,168856,Universal,1843,15
27310,168866,City,1843,15
27311,168871,Studios,1843,15
27312,168879,LLC,1843,15
27313,168886,Cover,1843,15
27314,168892,design,1843,15
27315,168899,adapted,1843,15
27316,168907,by,1843,15
27317,168910,Faber,1843,15
27318,168917,Copyright,1843,15
27319,168929,2026,1843,15
27320,168934,Universal,1843,15
27321,168944,City,1843,15
27322,168949,Studios,1843,15
27323,168957,LLC,1843,15
27324,168962,All,1843,15
27325,168966,Rights,1843,15
27326,168973,Reserved,1843,15
27327,168985,The,1843,15
27328,168989,right,1843,15
27329,168995,of,1843,15
27330,168998,Christopher,1843,15
27331,169010,Nolan,1843,15
27332,169016,to,1843,15
27333,169019,be,1843,15
27334,169022,identified,1843,15
27335,169033,as,1843,15
27336,169036,author,1843,15
27337,169043,of,1843,15
27338,169046,this,1843,15
27339,169051,work,1843,15
27340,169056,has,1843,15
27341,169060,been,1843,15
27342,169066,asserted,1843,15
27343,169075,in,1843,15
27344,169078,accordance,1843,15
27345,169089,with,1843,15
27346,169094,Section,1843,15
27347,169102,77,1843,15
27348,169105,of,1843,15
27349,169108,the,1843,15
27350,169112,Copyright,1843,15
27351,169123,Designs,1843,15
27352,169131,and,1843,15
27353,169135,Patents,1843,15
27354,169143,Act,1843,15
27355,169148,1988,1843,15
27356,169156,This,1843,15
27357,169161,ebook,1843,15
27358,169167,is,1843,15
27359,169170,copyright,1843,15
27360,169180,material,1843,15
27361,169189,and,1843,15
27362,169193,must,1843,15
27363,169198,not,1843,15
27364,169202,be,1843,15
27365,169205,copied,1843,15
27366,169213,reproduced,1843,15
27367,169225,transferred,1843,15
27368,169239,distributed,1843,15
27369,169252,leased,1843,15
27370,169260,licensed,1843,15
27371,169269,or,1843,15
27372,169272,publicly,1843,15
27373,169281,performed,1843,15
27374,169291,or,1843,15
27375,169294,used,1843,15
27376,169299,in,1843,15
27377,169302,any,1843,15
27378,169306,way,1843,15
27379,169310,except,1843,15
27380,169317,as,1843,15
27381,169321,specifically,1843,15
27382,169334,permitted,1843,15
27383,169344,in,1843,15
27384,169347,writing,1843,15
27385,169355,by,1843,15
27386,169358,the,1843,15
27387,169362,publishers,1843,15
27388,169374,as,1843,15
27389,169377,allowed,1843,15
27390,169385,under,1843,15
27391,169391,the,1843,15
27392,169395,terms,1843,15
27393,169401,and,1843,15
27394,169406,conditions,1843,15
27395,169417,under,1843,15
27396,169423,which,1843,15
27397,169429,it,1843,15
27398,169432,was,1843,15
27399,169436,purchased,1843,15
27400,169446,or,1843,15
27401,169449,as,1843,15
27402,169452,strictly,1843,15
27403,169461,permitted,1843,15
27404,169471,by,1843,15
27405,169474,applicable,1843,15
27406,169486,copyright,1843,15
27407,169496,law,1843,15
27408,169501,Any,1843,15
27409,169505,unauthorised,1843,15
27410,169518,distribution,1843,15
27411,169531,or,1843,15
27412,169534,use,1843,15
27413,169538,of,1843,15
27414,169541,this,1843,15
27415,169546,text,1843,15
27416,169551,may,1843,15
27417,169555,be,1843,15
27418,169558,a,1843,15
27419,169560,direct,1843,15
27420,169568,infringement,1843,15
27421,169581,of,1843,15
27422,169584,the,1843,15
27423,169588,author,1843,15
27424,169595,s,1843,15
27425,169597,and,1843,15
27426,169601,publisher,1843,15
27427,169611,s,1843,15
27428,169613,rights,1843,15
27429,169621,and,1843,15
27430,169625,those,1843,15
27431,169631,responsible,1843,15
27432,169643,may,1843,15
27433,169647,be,1843,15
27434,169651,liable,1843,15
27435,169658,in,1843,15
27436,169661,law,1843,15
27437,169665,accordingly,1843,15
27438,169680,ISBN,1844,15
27439,169685,978,1844,15
27440,169689,0,1844,15
27441,169691,57,1844,15
27442,169694,1,1844,15
27443,169696,40339,1844,15
27444,169702,4,1844,15
