word_idx,start_char,word,paragraph_idx,chapter_idx
0,2,A,0,14
1,5,DEATH,0,14
2,12,IN,0,14
3,16,THE,0,14
4,21,GUNJ,0,14
5,26,Written,1,14
6,34,by,1,14
7,37,Konkona,2,14
8,45,Sensharma,2,14
9,56,Additional,3,14
10,67,Screenplay,3,14
11,79,Disha,4,14
12,85,Rindani,4,14
13,93,Based,5,14
14,99,on,5,14
15,102,a,5,14
16,104,short,5,14
17,110,story,5,14
18,116,by,5,14
19,119,Mukul,5,14
20,125,Sharma,5,14
21,133,Draft,6,14
22,139,7,6,14
23,141,1,6,14
24,143,Date,7,14
25,150,21,7,14
26,153,01,7,14
27,156,2016,7,14
28,161,Registration,8,14
29,174,Number,8,14
30,182,L,8,14
31,184,58669,8,14
32,190,2014,8,14
33,195,A,9,14
34,197,1203,9,14
35,202,4,9,14
36,204,Poseidon,9,14
37,213,Apartments,9,14
38,224,Off,10,14
39,228,Yari,10,14
40,233,Road,10,14
41,239,Panch,10,14
42,245,Marg,10,14
43,250,Versova,11,14
44,259,Andheri,11,14
45,267,West,11,14
46,272,Mumbai,12,14
47,279,400061,12,14
48,286,022,13,14
49,290,26303212,13,14
50,299,ON,14,14
51,302,BLACK,14,14
52,308,Super,15,14
53,315,McCluskiegunj,15,14
54,330,1979,15,14
55,336,FADE,16,14
56,341,IN,16,14
57,345,EXT,17,0
58,350,UNDISCLOSED,17,0
59,362,LOCATION,17,0
60,372,DUSK1,17,0
61,378,1,17,0
62,380,An,17,0
63,383,old,17,0
64,388,blue,17,0
65,393,Ambassador,17,0
66,404,is,17,0
67,407,parked,17,0
68,414,in,17,0
69,417,the,17,0
70,421,middle,17,0
71,428,of,17,0
72,431,a,17,0
73,433,stark,17,0
74,440,and,17,0
75,444,barren,17,0
76,451,landscape,17,0
77,462,A,17,0
78,464,shabby,17,0
79,471,building,17,0
80,480,stands,17,0
81,487,at,17,0
82,490,a,17,0
83,492,distance,17,0
84,503,The,17,0
85,507,camera,17,0
86,514,is,17,0
87,517,in,17,0
88,520,the,17,0
89,524,boot,17,0
90,529,of,17,0
91,532,the,17,0
92,536,car,17,0
93,540,and,17,0
94,544,as,17,0
95,547,the,17,0
96,551,boot,17,0
97,556,is,17,0
98,560,lifted,17,0
99,568,we,17,0
100,571,see,17,0
101,575,Nandu,17,0
102,582,35,17,0
103,586,and,17,0
104,590,Brian,17,0
105,597,34,17,0
106,601,silhouetted,17,0
107,613,against,17,0
108,622,a,17,0
109,624,bright,17,0
110,631,afternoon,17,0
111,641,sky,17,0
112,646,Nandu,17,0
113,652,has,17,0
114,656,his,17,0
115,660,hands,17,0
116,666,on,17,0
117,669,his,17,0
118,673,hips,17,0
119,678,and,17,0
120,683,Brian,17,0
121,689,is,17,0
122,692,peering,17,0
123,700,into,17,0
124,705,the,17,0
125,709,boot,17,0
126,715,They,17,0
127,720,are,17,0
128,724,both,17,0
129,729,dressed,17,0
130,737,in,17,0
131,741,unkempt,17,0
132,749,winter,17,0
133,756,clothes,17,0
134,764,and,17,0
135,768,look,17,0
136,773,dishevelled,17,0
137,786,The,17,0
138,790,camera,17,0
139,797,is,17,0
140,800,behind,17,0
141,807,them,17,0
142,812,now,17,0
143,816,as,17,0
144,819,Nandu,17,0
145,825,and,17,0
146,829,Brian,17,0
147,835,awkwardly,17,0
148,846,struggle,17,0
149,855,to,17,0
150,858,hoist,17,0
151,864,a,17,0
152,866,dead,17,0
153,871,body,17,0
154,876,wrapped,17,0
155,884,in,17,0
156,887,a,17,0
157,889,sheet,17,0
158,895,into,17,0
159,900,the,17,0
160,905,trunk,17,0
161,912,It,17,0
162,915,does,17,0
163,920,not,17,0
164,924,fit,17,0
165,929,Nandu,17,0
166,935,holds,17,0
167,941,on,17,0
168,944,to,17,0
169,947,the,17,0
170,951,feet,17,0
171,956,that,17,0
172,961,stick,17,0
173,968,out,17,0
174,972,in,17,0
175,975,an,17,0
176,978,awkward,17,0
177,986,position,17,0
178,996,BRIAN,18,0
179,1003,Holding,18,0
180,1011,onto,18,0
181,1016,the,18,0
182,1020,head,18,0
183,1026,Why,18,0
184,1030,don,18,0
185,1034,t,18,0
186,1036,you,18,0
187,1040,bend,18,0
188,1045,the,18,0
189,1049,knees,18,0
190,1056,like,18,0
191,1062,in,18,0
192,1065,a,18,0
193,1067,foetal,18,0
194,1074,position,18,0
195,1084,They,18,0
196,1089,exchange,18,0
197,1098,a,18,0
198,1100,look,18,0
199,1106,They,18,0
200,1111,put,18,0
201,1115,the,18,0
202,1119,body,18,0
203,1124,in,18,0
204,1127,a,18,0
205,1129,foetal,18,0
206,1136,position,18,0
207,1147,it,18,0
208,1150,fits,18,0
209,1156,They,18,0
210,1161,slam,18,0
211,1166,the,18,0
212,1170,boot,18,0
213,1175,shut,18,0
214,1181,On,18,0
215,1184,black,18,0
216,1190,we,18,0
217,1193,hear,18,0
218,1199,BRIAN,19,0
219,1206,O,19,0
220,1208,C,19,0
221,1213,CONT,19,0
222,1218,D,19,0
223,1221,You,19,0
224,1225,re,19,0
225,1228,okay,19,0
226,1233,to,19,0
227,1236,drive,19,0
228,1243,NANDU,20,0
229,1250,O,20,0
230,1252,C,20,0
231,1256,Ya,20,0
232,1260,You,20,0
233,1264,got,20,0
234,1268,the,20,0
235,1272,papers,20,0
236,1279,right,20,0
237,1286,BRIAN,21,0
238,1293,O,21,0
239,1295,C,21,0
240,1299,Yup,21,0
241,1304,The,21,0
242,1308,doors,21,0
243,1314,close,21,0
244,1320,and,21,0
245,1324,the,21,0
246,1328,ignition,21,0
247,1337,starts,21,0
248,1345,As,21,0
249,1348,the,21,0
250,1352,blue,21,0
251,1358,ambassador,21,0
252,1369,drives,21,0
253,1376,away,21,0
254,1381,we,21,0
255,1384,see,21,0
256,1388,revealed,21,0
257,1397,the,21,0
258,1401,dilapidated,21,0
259,1413,sign,21,0
260,1420,Ranchi,21,0
261,1427,Morgue,21,0
262,1435,against,21,0
263,1443,a,21,0
264,1445,stark,21,0
265,1451,landscape,21,0
266,1462,CUT,22,0
267,1466,TO,22,0
268,1470,EXT,23,0
269,1475,RANCHI,23,0
270,1482,HIGHWAY,23,0
271,1491,DUSK,23,0
272,1496,2,23,0
273,1498,2,23,0
274,1500,In,24,0
275,1503,a,24,0
276,1505,series,24,0
277,1512,of,24,0
278,1515,long,24,0
279,1520,shots,24,0
280,1526,we,24,0
281,1529,see,24,0
282,1533,the,24,0
283,1537,same,24,0
284,1542,ambassador,24,0
285,1553,on,24,0
286,1556,a,24,0
287,1559,lonely,24,0
288,1566,stretch,24,0
289,1574,of,24,0
290,1577,a,24,0
291,1579,highway,24,0
292,1589,CUT,25,0
293,1593,TO,25,0
294,1597,INT,26,0
295,1601,EXT,26,0
296,1606,RANCHI,26,0
297,1613,HIGHWAY,26,0
298,1622,DUSK,26,0
299,1627,3,26,0
300,1629,3,26,0
301,1631,Through,27,0
302,1639,the,27,0
303,1643,window,27,0
304,1650,of,27,0
305,1653,the,27,0
306,1657,driver,27,0
307,1664,s,27,0
308,1666,seat,27,0
309,1671,we,27,0
310,1674,see,27,0
311,1678,Nandu,27,0
312,1684,driving,27,0
313,1694,Brian,27,0
314,1700,is,27,0
315,1703,sitting,27,0
316,1711,in,27,0
317,1714,the,27,0
318,1718,passenger,27,0
319,1728,s,27,0
320,1730,seat,27,0
321,1736,He,27,0
322,1739,lights,27,0
323,1746,two,27,0
324,1751,cigarettes,27,0
325,1762,and,27,0
326,1766,gives,27,0
327,1772,Nandu,27,0
328,1778,one,27,0
329,1786,CUT,28,0
330,1790,TO,28,0
331,1794,INT,29,0
332,1798,EXT,29,0
333,1803,RANCHI,29,0
334,1810,HIGHWAY,29,0
335,1819,DUSK,29,0
336,1824,4,29,0
337,1826,4,29,0
338,1828,Through,30,0
339,1836,the,30,0
340,1840,windscreen,30,0
341,1851,we,30,0
342,1854,see,30,0
343,1858,a,30,0
344,1860,third,30,0
345,1866,passenger,30,0
346,1876,in,30,0
347,1879,the,30,0
348,1884,backseat,30,0
349,1894,Shutu,30,0
350,1901,23,30,0
351,1906,wearing,30,0
352,1914,a,30,0
353,1916,green,30,0
354,1922,woollen,30,0
355,1930,sweater,30,0
356,1940,sitting,30,0
357,1948,at,30,0
358,1951,the,30,0
359,1955,edge,30,0
360,1960,of,30,0
361,1963,his,30,0
362,1967,seat,30,0
363,1973,He,30,0
364,1976,looks,30,0
365,1982,worried,30,0
366,1990,and,30,0
367,1994,scared,30,0
368,2003,We,30,0
369,2006,move,30,0
370,2011,to,30,0
371,2014,an,30,0
372,2017,extreme,30,0
373,2025,close,30,0
374,2031,up,30,0
375,2035,CUT,31,0
376,2039,TO,31,0
377,2043,EXT,32,0
378,2048,RANCHI,32,0
379,2055,HIGHWAY,32,0
380,2064,DUSK,32,0
381,2069,5,32,0
382,2071,5,32,0
383,2073,We,33,0
384,2076,are,33,0
385,2080,on,33,0
386,2083,a,33,0
387,2085,wide,33,0
388,2090,lens,33,0
389,2095,on,33,0
390,2098,the,33,0
391,2102,side,33,0
392,2107,of,33,0
393,2110,the,33,0
394,2114,road,33,0
395,2120,Highway,33,0
396,2128,in,33,0
397,2131,the,33,0
398,2136,foreground,33,0
399,2147,and,33,0
400,2151,landscape,33,0
401,2161,at,33,0
402,2164,the,33,0
403,2168,back,33,0
404,2174,The,33,0
405,2178,ambassador,33,0
406,2189,enters,33,0
407,2197,frame,33,0
408,2203,right,33,0
409,2209,and,33,0
410,2213,exits,33,0
411,2219,left,33,0
412,2225,The,33,0
413,2229,title,33,0
414,2235,fades,33,0
415,2241,in,33,0
416,2244,as,33,0
417,2247,though,33,0
418,2255,floating,33,0
419,2264,on,33,0
420,2267,the,33,0
421,2271,landscape,33,0
422,2281,at,33,0
423,2284,the,33,0
424,2288,back,33,0
425,2294,A,33,0
426,2296,DEATH,33,0
427,2302,IN,33,0
428,2305,THE,33,0
429,2309,GUNJ,33,0
430,2315,The,33,0
431,2319,frame,33,0
432,2325,bleaches,33,0
433,2334,to,33,0
434,2337,day,33,0
435,2341,as,33,0
436,2344,the,33,0
437,2348,titles,33,0
438,2355,fade,33,0
439,2360,out,33,0
440,2364,and,33,0
441,2368,the,33,0
442,2372,same,33,0
443,2377,5,33,0
444,2379,A,33,0
445,2381,5,33,0
446,2383,A,33,0
447,2385,car,33,0
448,2390,now,33,0
449,2394,quite,33,0
450,2400,dusty,33,0
451,2407,passes,33,0
452,2414,left,33,0
453,2419,to,33,0
454,2422,right,33,0
455,2430,CUT,34,0
456,2434,TO,34,0
457,2438,INT,35,0
458,2442,EXT,35,0
459,2447,RANCHI,35,0
460,2454,HIGHWAY,35,0
461,2463,DAY,35,0
462,2467,6,35,0
463,2469,6,35,0
464,2471,Inside,36,0
465,2478,the,36,0
466,2482,car,36,0
467,2486,Bonnie,36,0
468,2494,Nandu,36,0
469,2500,s,36,0
470,2502,wife,36,0
471,2508,sleeps,36,0
472,2515,with,36,0
473,2520,her,36,0
474,2524,head,36,0
475,2530,lolled,36,0
476,2537,back,36,0
477,2544,Super,36,0
478,2551,One,36,0
479,2555,week,36,0
480,2560,earlier,36,0
481,2569,Day,36,0
482,2573,One,36,0
483,2577,Monday,36,0
484,2585,27th,36,0
485,2590,DECEMBER,36,0
486,2600,Bonnie,36,0
487,2608,Barnali,36,0
488,2616,Bakshi,36,0
489,2624,is,36,0
490,2627,about,36,0
491,2633,34,36,0
492,2637,has,36,0
493,2641,a,36,0
494,2643,quirky,36,0
495,2651,pretty,36,0
496,2659,face,36,0
497,2664,and,36,0
498,2668,is,36,0
499,2671,wearing,36,0
500,2679,over,36,0
501,2684,sized,36,0
502,2690,sunglasses,36,0
503,2701,with,36,0
504,2706,a,36,0
505,2708,scarf,36,0
506,2714,tied,36,0
507,2720,under,36,0
508,2726,her,36,0
509,2730,chin,36,0
510,2736,Nandu,36,0
511,2742,and,36,0
512,2746,Bonnie,36,0
513,2753,s,36,0
514,2755,daughter,36,0
515,2765,Tania,36,0
516,2771,Bakshi,36,0
517,2779,7,36,0
518,2783,is,36,0
519,2786,asleep,36,0
520,2793,on,36,0
521,2796,her,36,0
522,2800,mother,36,0
523,2807,s,36,0
524,2809,lap,36,0
525,2814,clutching,36,0
526,2824,an,36,0
527,2827,old,36,0
528,2831,rag,36,0
529,2835,doll,36,0
530,2842,Their,36,0
531,2848,friend,36,0
532,2856,Mimi,36,0
533,2862,Mitali,36,0
534,2869,Basu,36,0
535,2876,34,36,0
536,2880,is,36,0
537,2883,also,36,0
538,2888,in,36,0
539,2891,the,36,0
540,2895,back,36,0
541,2901,seat,36,0
542,2907,Mimi,36,0
543,2912,is,36,0
544,2915,an,36,0
545,2918,abundantly,36,0
546,2929,sexy,36,0
547,2935,well,36,0
548,2940,turned,36,0
549,2947,out,36,0
550,2951,woman,36,0
551,2958,She,36,0
552,2963,has,36,0
553,2967,a,36,0
554,2969,book,36,0
555,2974,open,36,0
556,2979,on,36,0
557,2982,her,36,0
558,2986,lap,36,0
559,2991,though,36,0
560,2998,they,36,0
561,3003,are,36,0
562,3007,all,36,0
563,3011,sleeping,36,0
564,3022,They,36,0
565,3027,are,36,0
566,3031,wearing,36,0
567,3039,winter,36,0
568,3047,travelling,36,0
569,3058,clothes,36,0
570,3069,Nandu,36,0
571,3075,sits,36,0
572,3080,in,36,0
573,3083,front,36,0
574,3090,driving,36,0
575,3099,His,36,0
576,3103,shirt,36,0
577,3109,sleeves,36,0
578,3117,rolled,36,0
579,3124,up,36,0
580,3127,and,36,0
581,3132,a,36,0
582,3134,lit,36,0
583,3138,cigarette,36,0
584,3148,in,36,0
585,3151,one,36,0
586,3155,hand,36,0
587,3161,There,36,0
588,3167,are,36,0
589,3171,empty,36,0
590,3177,beer,36,0
591,3182,bottles,36,0
592,3191,clinking,36,0
593,3200,on,36,0
594,3203,the,36,0
595,3207,floor,36,0
596,3213,of,36,0
597,3216,the,36,0
598,3220,car,36,0
599,3226,Shutu,36,0
600,3232,sits,36,0
601,3237,in,36,0
602,3240,the,36,0
603,3244,front,36,0
604,3250,passenger,36,0
605,3260,seat,36,0
606,3266,He,36,0
607,3269,has,36,0
608,3273,a,36,0
609,3275,Rubik,36,0
610,3281,s,36,0
611,3283,cube,36,0
612,3289,in,36,0
613,3292,his,36,0
614,3296,hands,36,0
615,3302,though,36,0
616,3309,he,36,0
617,3312,is,36,0
618,3315,surreptitiously,36,0
619,3331,looking,36,0
620,3339,at,36,0
621,3342,MIMI,36,0
622,3347,s,36,0
623,3350,reflection,36,0
624,3361,in,36,0
625,3364,the,36,0
626,3368,rear,36,0
627,3373,view,36,0
628,3378,mirror,36,0
629,3387,2,36,0
630,3390,Nandu,36,0
631,3396,looks,36,0
632,3402,in,36,0
633,3405,the,36,0
634,3409,rear,36,0
635,3414,view,36,0
636,3419,mirror,36,0
637,3426,notices,36,0
638,3434,the,36,0
639,3438,girls,36,0
640,3444,huddled,36,0
641,3453,up,36,0
642,3456,in,36,0
643,3459,the,36,0
644,3463,cold,36,0
645,3469,sleeping,36,0
646,3478,at,36,0
647,3481,the,36,0
648,3485,back,36,0
649,3492,NANDU,37,0
650,3507,All,37,0
651,3511,out,37,0
652,3516,Shutu,37,0
653,3522,looks,37,0
654,3528,behind,37,0
655,3535,and,37,0
656,3539,turns,37,0
657,3545,back,37,0
658,3550,at,37,0
659,3553,Nandu,37,0
660,3560,smiles,37,0
661,3567,and,37,0
662,3571,goes,37,0
663,3577,back,37,0
664,3582,to,37,0
665,3585,his,37,0
666,3589,Rubik,37,0
667,3595,s,37,0
668,3597,cube,37,0
669,3603,CUT,38,0
670,3607,TO,38,0
671,3611,EXT,39,0
672,3616,HIGHWAY,39,0
673,3625,DAY,39,0
674,3629,7,39,0
675,3631,7,39,0
676,3633,The,40,0
677,3637,ambassador,40,0
678,3648,drives,40,0
679,3655,past,40,0
680,3660,a,40,0
681,3662,rusty,40,0
682,3668,signboard,40,0
683,3678,that,40,0
684,3683,reads,40,0
685,3692,McCluskiegunj,40,0
686,3707,your,40,0
687,3712,visit,40,0
688,3718,will,40,0
689,3723,surprise,40,0
690,3732,you,40,0
691,3738,with,40,0
692,3743,a,40,0
693,3745,map,40,0
694,3750,underneath,40,0
695,3762,We,40,0
696,3765,stay,40,0
697,3770,on,40,0
698,3773,the,40,0
699,3777,board,40,0
700,3783,as,40,0
701,3786,the,40,0
702,3790,car,40,0
703,3794,drives,40,0
704,3801,by,40,0
705,3806,Shutu,40,0
706,3812,leans,40,0
707,3818,out,40,0
708,3822,of,40,0
709,3825,his,40,0
710,3829,window,40,0
711,3836,to,40,0
712,3839,get,40,0
713,3843,a,40,0
714,3845,better,40,0
715,3852,look,40,0
716,3858,CUT,41,0
717,3862,TO,41,0
718,3866,EXT,42,0
719,3871,HIGHWAY,42,0
720,3880,DUSK,42,0
721,3885,8,42,0
722,3887,8,42,0
723,3889,In,43,0
724,3892,a,43,0
725,3894,long,43,0
726,3899,shot,43,0
727,3904,we,43,0
728,3907,see,43,0
729,3911,the,43,0
730,3915,car,43,0
731,3919,turning,43,0
732,3927,off,43,0
733,3931,the,43,0
734,3935,highway,43,0
735,3945,As,43,0
736,3948,the,43,0
737,3952,car,43,0
738,3956,approaches,43,0
739,3967,the,43,0
740,3971,little,43,0
741,3978,town,43,0
742,3984,the,43,0
743,3988,shops,43,0
744,3994,are,43,0
745,3998,closing,43,0
746,4008,Bonnie,43,0
747,4015,wakes,43,0
748,4021,up,43,0
749,4024,with,43,0
750,4029,a,43,0
751,4031,start,43,0
752,4038,smoothens,43,0
753,4048,out,43,0
754,4052,her,43,0
755,4056,clothes,43,0
756,4064,and,43,0
757,4069,ties,43,0
758,4074,her,43,0
759,4078,hair,43,0
760,4084,BONNIE,44,0
761,4091,We,44,0
762,4094,ve,44,0
763,4097,almost,44,0
764,4104,reached,44,0
765,4112,na,44,0
766,4118,Remember,44,0
767,4128,to,44,0
768,4131,stop,44,0
769,4136,at,44,0
770,4139,Curney,44,0
771,4146,s,44,0
772,4150,NANDU,45,0
773,4156,If,45,0
774,4159,it,45,0
775,4162,s,45,0
776,4164,still,45,0
777,4170,open,45,0
778,4176,A,45,0
779,4178,shutter,45,0
780,4186,comes,45,0
781,4192,down,45,0
782,4197,on,45,0
783,4200,a,45,0
784,4202,shop,45,0
785,4207,as,45,0
786,4210,Nandu,45,0
787,4216,slows,45,0
788,4222,the,45,0
789,4226,car,45,0
790,4230,down,45,0
791,4237,BONNIE,46,0
792,4244,No,46,0
793,4248,no,46,0
794,4252,It,46,0
795,4255,s,46,0
796,4257,up,46,0
797,4260,ahead,46,0
798,4267,TANI,47,0
799,4273,O,47,0
800,4275,C,47,0
801,4280,whispers,47,0
802,4291,Mama,47,0
803,4297,susu,47,0
804,4304,Nandu,47,0
805,4310,pulls,47,0
806,4316,up,47,0
807,4319,to,47,0
808,4322,a,47,0
809,4324,small,47,0
810,4330,house,47,0
811,4337,They,47,0
812,4342,all,47,0
813,4346,come,47,0
814,4351,out,47,0
815,4355,of,47,0
816,4358,the,47,0
817,4363,car,47,0
818,4368,shaking,47,0
819,4376,off,47,0
820,4380,the,47,0
821,4384,stupor,47,0
822,4391,of,47,0
823,4394,the,47,0
824,4398,long,47,0
825,4403,ride,47,0
826,4408,and,47,0
827,4412,stretch,47,0
828,4421,their,47,0
829,4427,legs,47,0
830,4433,CUT,48,0
831,4437,TO,48,0
832,4441,INT,49,0
833,4446,CURNEY,49,0
834,4453,HOUSE,49,0
835,4460,DUSK9,49,0
836,4466,9,49,0
837,4468,They,50,0
838,4473,enter,50,0
839,4479,a,50,0
840,4481,dilapidated,50,0
841,4493,house,50,0
842,4501,3,50,0
843,4504,BONNIE,51,0
844,4511,Mrs,51,0
845,4516,Curney,51,0
846,4524,Are,51,0
847,4528,you,51,0
848,4532,still,51,0
849,4538,open,51,0
850,4544,There,51,0
851,4550,is,51,0
852,4553,an,51,0
853,4556,old,51,0
854,4560,man,51,0
855,4565,Mr,51,0
856,4569,Curney,51,0
857,4577,huddled,51,0
858,4585,up,51,0
859,4588,in,51,0
860,4591,the,51,0
861,4595,corner,51,0
862,4604,who,51,0
863,4608,doesn,51,0
864,4614,t,51,0
865,4616,respond,51,0
866,4625,Hearing,51,0
867,4633,a,51,0
868,4635,sound,51,0
869,4642,Mrs,51,0
870,4647,Curney,51,0
871,4654,pops,51,0
872,4659,her,51,0
873,4664,head,51,0
874,4669,out,51,0
875,4673,from,51,0
876,4678,behind,51,0
877,4685,a,51,0
878,4687,tatty,51,0
879,4693,lace,51,0
880,4698,curtain,51,0
881,4708,MRS,52,0
882,4712,CURNEY,52,0
883,4719,Nandu,52,0
884,4726,You,52,0
885,4730,ll,52,0
886,4733,are,52,0
887,4737,finally,52,0
888,4745,here,52,0
889,4751,I,52,0
890,4753,was,52,0
891,4757,waiting,52,0
892,4765,for,52,0
893,4769,you,52,0
894,4773,folks,52,0
895,4781,Mrs,52,0
896,4785,Curney,52,0
897,4792,gives,52,0
898,4798,Tani,52,0
899,4803,a,52,0
900,4805,hug,52,0
901,4811,MRS,53,0
902,4815,CURNEY,53,0
903,4823,CONT,53,0
904,4828,D,53,0
905,4831,Hello,53,0
906,4837,deary,53,0
907,4844,Tani,53,0
908,4849,is,53,0
909,4852,stiff,53,0
910,4858,and,53,0
911,4862,looks,53,0
912,4868,away,53,0
913,4874,Bonnie,53,0
914,4881,smiles,53,0
915,4888,apologetically,53,0
916,4904,BONNIE,54,0
917,4911,She,54,0
918,4915,s,54,0
919,4917,been,54,0
920,4922,sleeping,54,0
921,4932,Is,54,0
922,4935,there,54,0
923,4941,a,54,0
924,4944,bathroom,54,0
925,4953,we,54,0
926,4956,can,54,0
927,4960,use,54,0
928,4965,MRS,55,0
929,4969,CURNEY,55,0
930,4976,Of,55,0
931,4979,course,55,0
932,4987,Come,55,0
933,4993,come,55,0
934,5000,Turning,55,0
935,5008,to,55,0
936,5011,the,55,0
937,5015,others,55,0
938,5023,Go,55,0
939,5026,ahead,55,0
940,5032,and,55,0
941,5036,have,55,0
942,5041,a,55,0
943,5043,look,55,0
944,5050,Mrs,55,0
945,5054,Curney,55,0
946,5061,trails,55,0
947,5068,off,55,0
948,5072,as,55,0
949,5075,she,55,0
950,5079,takes,55,0
951,5085,Bonnie,55,0
952,5092,and,55,0
953,5096,Tani,55,0
954,5101,to,55,0
955,5104,the,55,0
956,5109,bathroom,55,0
957,5120,MRS,56,0
958,5124,CURNEY,56,0
959,5132,CONT,56,0
960,5137,D,56,0
961,5141,It,56,0
962,5144,s,56,0
963,5146,a,56,0
964,5148,bit,56,0
965,5152,of,56,0
966,5155,a,56,0
967,5157,mess,56,0
968,5163,don,56,0
969,5167,t,56,0
970,5169,mind,56,0
971,5176,Mimi,56,0
972,5181,remains,56,0
973,5189,outside,56,0
974,5197,looking,56,0
975,5205,at,56,0
976,5208,an,56,0
977,5211,old,56,0
978,5215,picture,56,0
979,5223,of,56,0
980,5226,Mr,56,0
981,5230,and,56,0
982,5235,Mrs,56,0
983,5240,Curney,56,0
984,5247,with,56,0
985,5252,a,56,0
986,5254,little,56,0
987,5261,girl,56,0
988,5266,from,56,0
989,5271,a,56,0
990,5273,happier,56,0
991,5282,more,56,0
992,5288,prosperous,56,0
993,5299,time,56,0
994,5305,Mr,56,0
995,5309,Curney,56,0
996,5316,watches,56,0
997,5324,her,56,0
998,5328,blankly,56,0
999,5337,CUT,57,0
1000,5341,TO,57,0
1001,5345,INT,58,0
1002,5349,EXT,58,0
1003,5354,CURNEY,58,0
1004,5361,HOUSE,58,0
1005,5369,BAKERY,58,0
1006,5377,DUSK10,58,0
1007,5384,10,58,0
1008,5387,Shutu,59,0
1009,5393,is,59,0
1010,5396,looking,59,0
1011,5404,at,59,0
1012,5407,patties,59,0
1013,5415,and,59,0
1014,5419,cakes,59,0
1015,5425,under,59,0
1016,5431,the,59,0
1017,5435,old,59,0
1018,5439,fashioned,59,0
1019,5450,glass,59,0
1020,5456,counter,59,0
1021,5465,Mrs,59,0
1022,5469,Curney,59,0
1023,5476,bursts,59,0
1024,5483,back,59,0
1025,5488,in,59,0
1026,5491,startling,59,0
1027,5501,Shutu,59,0
1028,5507,in,59,0
1029,5511,the,59,0
1030,5515,process,59,0
1031,5524,MRS,60,0
1032,5528,CURNEY,60,0
1033,5535,Your,60,0
1034,5540,mother,60,0
1035,5547,mentioned,60,0
1036,5557,you,60,0
1037,5561,ll,60,0
1038,5564,were,60,0
1039,5570,coming,60,0
1040,5577,today,60,0
1041,5583,so,60,0
1042,5586,I,60,0
1043,5588,kept,60,0
1044,5593,a,60,0
1045,5595,loaf,60,0
1046,5600,aside,60,0
1047,5607,for,60,0
1048,5611,you,60,0
1049,5618,NANDU,61,0
1050,5625,Curney,61,0
1051,5632,s,61,0
1052,5634,special,61,0
1053,5642,loaf,61,0
1054,5648,Mrs,61,0
1055,5652,Curney,61,0
1056,5659,laughs,61,0
1057,5667,pleased,61,0
1058,5677,4,61,0
1059,5680,MRS,62,0
1060,5684,CURNEY,62,0
1061,5691,It,62,0
1062,5694,gets,62,0
1063,5699,sold,62,0
1064,5704,out,62,0
1065,5708,so,62,0
1066,5711,soon,62,0
1067,5717,You,62,0
1068,5721,know,62,0
1069,5727,the,62,0
1070,5731,holiday,62,0
1071,5739,season,62,0
1072,5748,NANDU,63,0
1073,5754,Of,63,0
1074,5757,course,63,0
1075,5765,You,63,0
1076,5769,remember,63,0
1077,5778,my,63,0
1078,5781,cousin,63,0
1079,5790,Shutu,63,0
1080,5797,SHUTU,64,0
1081,5803,Shyamal,64,0
1082,5812,Hello,64,0
1083,5819,Mrs,64,0
1084,5823,Curney,64,0
1085,5830,smiles,64,0
1086,5837,vaguely,64,0
1087,5845,at,64,0
1088,5848,Nandu,64,0
1089,5855,NANDU,65,0
1090,5861,He,65,0
1091,5864,s,65,0
1092,5866,not,65,0
1093,5870,been,65,0
1094,5875,in,65,0
1095,5878,a,65,0
1096,5880,while,65,0
1097,5887,actually,65,0
1098,5900,To,65,0
1099,5903,shutu,65,0
1100,5910,When,65,0
1101,5915,s,65,0
1102,5917,the,65,0
1103,5922,last,65,0
1104,5927,time,65,0
1105,5932,you,65,0
1106,5936,were,65,0
1107,5941,here,65,0
1108,5948,SHUTU,66,0
1109,5954,Err,66,0
1110,5961,Just,66,0
1111,5966,last,66,0
1112,5971,year,66,0
1113,5976,I,66,0
1114,5978,think,66,0
1115,5985,Bonnie,66,0
1116,5992,and,66,0
1117,5996,Tani,66,0
1118,6001,come,66,0
1119,6006,back,66,0
1120,6011,out,66,0
1121,6016,Nandu,66,0
1122,6022,takes,66,0
1123,6028,out,66,0
1124,6032,his,66,0
1125,6036,wallet,66,0
1126,6045,NANDU,67,0
1127,6051,We,67,0
1128,6054,d,67,0
1129,6056,better,67,0
1130,6063,hurry,67,0
1131,6069,before,67,0
1132,6076,it,67,0
1133,6079,gets,67,0
1134,6085,dark,67,0
1135,6092,Mrs,67,0
1136,6097,Curney,67,0
1137,6104,takes,67,0
1138,6110,out,67,0
1139,6114,a,67,0
1140,6116,small,67,0
1141,6122,Christmas,67,0
1142,6132,cake,67,0
1143,6137,and,67,0
1144,6141,places,67,0
1145,6148,it,67,0
1146,6151,on,67,0
1147,6155,the,67,0
1148,6159,counter,67,0
1149,6169,MRS,68,0
1150,6173,CURNEY,68,0
1151,6180,Why,68,0
1152,6184,don,68,0
1153,6188,t,68,0
1154,6190,you,68,0
1155,6194,take,68,0
1156,6199,this,68,0
1157,6204,also,68,0
1158,6210,Your,68,0
1159,6216,old,68,0
1160,6220,man,68,0
1161,6224,will,68,0
1162,6229,love,68,0
1163,6234,it,68,0
1164,6238,It,68,0
1165,6241,s,68,0
1166,6243,got,68,0
1167,6247,rum,68,0
1168,6252,in,68,0
1169,6255,it,68,0
1170,6260,Nandu,68,0
1171,6266,agrees,68,0
1172,6273,reluctantly,68,0
1173,6286,MRS,69,0
1174,6290,CURNEY,69,0
1175,6298,CONT,69,0
1176,6303,D,69,0
1177,6306,That,69,0
1178,6311,will,69,0
1179,6316,be,69,0
1180,6319,9,69,0
1181,6321,rupees,69,0
1182,6328,and,69,0
1183,6332,4,69,0
1184,6334,annas,69,0
1185,6341,only,69,0
1186,6348,CUT,70,0
1187,6352,TO,70,0
1188,6356,INT,71,0
1189,6361,MRS,71,0
1190,6366,CURNEY,71,0
1191,6373,S,71,0
1192,6375,BAKERY,71,0
1193,6383,DUSK11,71,0
1194,6390,11,71,0
1195,6393,Mrs,72,0
1196,6398,Curney,72,0
1197,6405,hums,72,0
1198,6410,a,72,0
1199,6412,tune,72,0
1200,6417,as,72,0
1201,6420,she,72,0
1202,6424,makes,72,0
1203,6430,her,72,0
1204,6434,way,72,0
1205,6438,to,72,0
1206,6441,the,72,0
1207,6445,back,72,0
1208,6450,of,72,0
1209,6454,the,72,0
1210,6458,shop,72,0
1211,6464,She,72,0
1212,6468,reaches,72,0
1213,6476,the,72,0
1214,6480,kitchen,72,0
1215,6488,and,72,0
1216,6492,puts,72,0
1217,6497,her,72,0
1218,6501,apron,72,0
1219,6507,on,72,0
1220,6511,She,72,0
1221,6516,picks,72,0
1222,6522,up,72,0
1223,6525,a,72,0
1224,6527,tied,72,0
1225,6532,up,72,0
1226,6536,half,72,0
1227,6541,dead,72,0
1228,6546,chicken,72,0
1229,6554,and,72,0
1230,6558,places,72,0
1231,6565,it,72,0
1232,6568,on,72,0
1233,6571,a,72,0
1234,6574,cutting,72,0
1235,6582,block,72,0
1236,6589,With,72,0
1237,6594,her,72,0
1238,6598,back,72,0
1239,6603,to,72,0
1240,6606,camera,72,0
1241,6614,she,72,0
1242,6618,raises,72,0
1243,6625,her,72,0
1244,6629,hand,72,0
1245,6635,and,72,0
1246,6639,brings,72,0
1247,6646,it,72,0
1248,6649,down,72,0
1249,6654,on,72,0
1250,6657,the,72,0
1251,6661,block,72,0
1252,6671,CUT,73,0
1253,6675,TO,73,0
1254,6679,5,74,0
1255,6682,EXT,75,0
1256,6687,NEAR,75,0
1257,6692,THE,75,0
1258,6696,HOUSE,75,0
1259,6703,DUSK12,75,0
1260,6710,12,75,0
1261,6713,The,76,0
1262,6717,car,76,0
1263,6721,is,76,0
1264,6724,going,76,0
1265,6730,down,76,0
1266,6735,a,76,0
1267,6737,dirt,76,0
1268,6742,road,76,0
1269,6747,at,76,0
1270,6750,the,76,0
1271,6754,end,76,0
1272,6758,of,76,0
1273,6761,which,76,0
1274,6767,is,76,0
1275,6771,Nandu,76,0
1276,6777,s,76,0
1277,6779,parent,76,0
1278,6786,s,76,0
1279,6788,house,76,0
1280,6795,It,76,0
1281,6798,is,76,0
1282,6801,a,76,0
1283,6803,lonely,76,0
1284,6811,isolated,76,0
1285,6820,property,76,0
1286,6830,with,76,0
1287,6835,few,76,0
1288,6839,neighbours,76,0
1289,6851,There,76,0
1290,6857,are,76,0
1291,6861,dense,76,0
1292,6867,forests,76,0
1293,6875,behind,76,0
1294,6882,the,76,0
1295,6887,house,76,0
1296,6894,The,76,0
1297,6898,car,76,0
1298,6902,reaches,76,0
1299,6910,the,76,0
1300,6914,worn,76,0
1301,6919,wooden,76,0
1302,6926,gate,76,0
1303,6931,and,76,0
1304,6935,honks,76,0
1305,6941,loudly,76,0
1306,6950,There,76,0
1307,6956,is,76,0
1308,6959,a,76,0
1309,6961,nameplate,76,0
1310,6971,which,76,0
1311,6977,reads,76,0
1312,6984,COL,76,0
1313,6990,Retd,76,0
1314,6996,O,76,0
1315,6998,P,76,0
1316,7000,Bakshi,76,0
1317,7009,EXT,77,1
1318,7014,MCCLUSKIEGUNJ,77,1
1319,7028,HOUSE,77,1
1320,7035,DUSK13,77,1
1321,7042,13,77,1
1322,7045,Maniya,78,1
1323,7053,45,78,1
1324,7058,the,78,1
1325,7062,Adivasi,78,1
1326,7070,caretaker,78,1
1327,7081,comes,78,1
1328,7087,out,78,1
1329,7091,onto,78,1
1330,7096,the,78,1
1331,7101,driveway,78,1
1332,7110,with,78,1
1333,7115,a,78,1
1334,7117,torch,78,1
1335,7123,to,78,1
1336,7126,open,78,1
1337,7131,the,78,1
1338,7135,gate,78,1
1339,7140,with,78,1
1340,7145,a,78,1
1341,7147,shy,78,1
1342,7151,smile,78,1
1343,7159,He,78,1
1344,7163,is,78,1
1345,7166,wearing,78,1
1346,7174,a,78,1
1347,7176,monkey,78,1
1348,7183,cap,78,1
1349,7187,and,78,1
1350,7191,muffler,78,1
1351,7200,Nandu,78,1
1352,7206,slows,78,1
1353,7212,the,78,1
1354,7216,car,78,1
1355,7220,down,78,1
1356,7226,and,78,1
1357,7230,Maniya,78,1
1358,7237,leans,78,1
1359,7243,in,78,1
1360,7247,NANDU,79,1
1361,7254,Kaisa,79,1
1362,7260,hain,79,1
1363,7265,Maniya,79,1
1364,7273,Mahua,79,1
1365,7279,ka,79,1
1366,7283,intezaam,79,1
1367,7292,ho,79,1
1368,7295,gaya,79,1
1369,7302,MANIYA,80,1
1370,7310,Haan,80,1
1371,7315,haan,80,1
1372,7323,Sabh,80,1
1373,7328,taiyyaar,80,1
1374,7337,hain,80,1
1375,7344,As,80,1
1376,7347,the,80,1
1377,7351,car,80,1
1378,7355,pulls,80,1
1379,7361,into,80,1
1380,7366,the,80,1
1381,7370,red,80,1
1382,7374,graveled,80,1
1383,7383,driveway,80,1
1384,7392,of,80,1
1385,7395,the,80,1
1386,7399,house,80,1
1387,7407,Maniya,80,1
1388,7414,shuts,80,1
1389,7420,the,80,1
1390,7424,gate,80,1
1391,7429,behind,80,1
1392,7436,them,80,1
1393,7442,A,80,1
1394,7444,couple,80,1
1395,7451,of,80,1
1396,7454,dogs,80,1
1397,7459,run,80,1
1398,7464,behind,80,1
1399,7471,the,80,1
1400,7475,car,80,1
1401,7479,and,80,1
1402,7483,bark,80,1
1403,7489,adding,80,1
1404,7496,to,80,1
1405,7499,the,80,1
1406,7503,commotion,80,1
1407,7515,We,80,1
1408,7518,see,80,1
1409,7522,the,80,1
1410,7526,house,80,1
1411,7532,lit,80,1
1412,7536,up,80,1
1413,7539,by,80,1
1414,7542,the,80,1
1415,7546,headlights,80,1
1416,7557,of,80,1
1417,7560,the,80,1
1418,7564,car,80,1
1419,7569,there,80,1
1420,7575,s,80,1
1421,7578,no,80,1
1422,7581,power,80,1
1423,7589,Nandu,80,1
1424,7595,s,80,1
1425,7597,parents,80,1
1426,7606,in,80,1
1427,7609,their,80,1
1428,7615,late,80,1
1429,7620,sixties,80,1
1430,7628,come,80,1
1431,7633,out,80,1
1432,7637,to,80,1
1433,7640,the,80,1
1434,7645,verandah,80,1
1435,7654,to,80,1
1436,7657,greet,80,1
1437,7663,them,80,1
1438,7669,holding,80,1
1439,7677,hurricanes,80,1
1440,7689,They,80,1
1441,7694,are,80,1
1442,7698,blinded,80,1
1443,7707,by,80,1
1444,7710,the,80,1
1445,7714,beam,80,1
1446,7719,of,80,1
1447,7722,light,80,1
1448,7728,from,80,1
1449,7733,the,80,1
1450,7737,car,80,1
1451,7743,Uncle,80,1
1452,7749,is,80,1
1453,7752,portly,80,1
1454,7760,balding,80,1
1455,7768,with,80,1
1456,7773,a,80,1
1457,7775,slight,80,1
1458,7782,paunch,80,1
1459,7790,Aunty,80,1
1460,7796,looks,80,1
1461,7803,frail,80,1
1462,7809,but,80,1
1463,7813,sturdy,80,1
1464,7821,She,80,1
1465,7825,is,80,1
1466,7828,wearing,80,1
1467,7836,a,80,1
1468,7838,sari,80,1
1469,7843,with,80,1
1470,7848,a,80,1
1471,7850,sweater,80,1
1472,7858,and,80,1
1473,7862,a,80,1
1474,7865,shawl,80,1
1475,7873,AUNTY,81,1
1476,7879,Manjari,81,1
1477,7888,aa,81,1
1478,7891,jao,81,1
1479,7896,Woh,81,1
1480,7900,log,81,1
1481,7904,aa,81,1
1482,7907,gaye,81,1
1483,7913,hain,81,1
1484,7920,Tani,81,1
1485,7925,runs,81,1
1486,7930,to,81,1
1487,7933,her,81,1
1488,7937,grandparents,81,1
1489,7950,with,81,1
1490,7955,her,81,1
1491,7959,rag,81,1
1492,7963,doll,81,1
1493,7968,in,81,1
1494,7971,hand,81,1
1495,7978,followed,81,1
1496,7987,by,81,1
1497,7990,Bonnie,81,1
1498,7998,Mimi,81,1
1499,8003,steps,81,1
1500,8009,out,81,1
1501,8013,with,81,1
1502,8018,her,81,1
1503,8022,vanity,81,1
1504,8029,case,81,1
1505,8034,in,81,1
1506,8038,hand,81,1
1507,8044,Nandu,81,1
1508,8050,throws,81,1
1509,8057,the,81,1
1510,8061,car,81,1
1511,8065,keys,81,1
1512,8070,to,81,1
1513,8073,Shutu,81,1
1514,8079,as,81,1
1515,8082,he,81,1
1516,8085,walks,81,1
1517,8091,to,81,1
1518,8094,the,81,1
1519,8099,verandah,81,1
1520,8108,with,81,1
1521,8113,a,81,1
1522,8115,bag,81,1
1523,8119,in,81,1
1524,8122,hand,81,1
1525,8129,NANDU,82,1
1526,8136,Open,82,1
1527,8141,the,82,1
1528,8145,dicky,82,1
1529,8151,for,82,1
1530,8155,Maniya,82,1
1531,8164,Shutu,82,1
1532,8170,catches,82,1
1533,8178,the,82,1
1534,8182,keys,82,1
1535,8188,As,82,1
1536,8191,he,82,1
1537,8194,opens,82,1
1538,8200,the,82,1
1539,8204,boot,82,1
1540,8210,he,82,1
1541,8213,stands,82,1
1542,8220,alone,82,1
1543,8227,and,82,1
1544,8231,watches,82,1
1545,8239,the,82,1
1546,8243,family,82,1
1547,8250,greet,82,1
1548,8256,each,82,1
1549,8261,other,82,1
1550,8268,From,82,1
1551,8273,his,82,1
1552,8277,POV,82,1
1553,8282,we,82,1
1554,8285,see,82,1
1555,8290,the,82,1
1556,8294,house,82,1
1557,8300,for,82,1
1558,8304,the,82,1
1559,8308,first,82,1
1560,8314,time,82,1
1561,8320,It,82,1
1562,8323,is,82,1
1563,8326,a,82,1
1564,8328,modest,82,1
1565,8335,bungalow,82,1
1566,8344,with,82,1
1567,8349,a,82,1
1568,8352,circuit,82,1
1569,8360,house,82,1
1570,8366,feel,82,1
1571,8373,UNCLE,83,1
1572,8380,O,83,1
1573,8382,C,83,1
1574,8386,Arrey,83,1
1575,8393,bada,83,1
1576,8398,time,83,1
1577,8403,lag,83,1
1578,8407,gaya,83,1
1579,8412,tum,83,1
1580,8416,logon,83,1
1581,8423,ko,83,1
1582,8428,6,83,1
1583,8431,AUNTY,84,1
1584,8438,O,84,1
1585,8440,C,84,1
1586,8444,Did,84,1
1587,8448,you,84,1
1588,8452,manage,84,1
1589,8459,to,84,1
1590,8462,leave,84,1
1591,8468,at,84,1
1592,8471,5,84,1
1593,8476,NANDU,85,1
1594,8483,O,85,1
1595,8485,C,85,1
1596,8489,By,85,1
1597,8492,the,85,1
1598,8496,time,85,1
1599,8501,we,85,1
1600,8504,left,85,1
1601,8510,it,85,1
1602,8513,was,85,1
1603,8517,almost,85,1
1604,8525,6,85,1
1605,8528,And,85,1
1606,8532,then,85,1
1607,8537,we,85,1
1608,8540,had,85,1
1609,8544,to,85,1
1610,8547,pick,85,1
1611,8552,up,85,1
1612,8555,this,85,1
1613,8561,Mimi,85,1
1614,8566,also,85,1
1615,8574,MIMI,86,1
1616,8579,Arrey,86,1
1617,8585,I,86,1
1618,8587,was,86,1
1619,8591,ready,86,1
1620,8597,and,86,1
1621,8601,waiting,86,1
1622,8609,for,86,1
1623,8614,you,86,1
1624,8618,guys,86,1
1625,8623,for,86,1
1626,8627,ages,86,1
1627,8633,Maniya,86,1
1628,8640,s,86,1
1629,8642,wife,86,1
1630,8648,Manjari,86,1
1631,8658,45,86,1
1632,8662,also,86,1
1633,8667,their,86,1
1634,8673,cook,86,1
1635,8679,comes,86,1
1636,8685,to,86,1
1637,8688,help,86,1
1638,8694,Shutu,86,1
1639,8700,with,86,1
1640,8705,the,86,1
1641,8709,luggage,86,1
1642,8718,Shutu,86,1
1643,8724,picks,86,1
1644,8730,up,86,1
1645,8733,his,86,1
1646,8737,backpack,86,1
1647,8746,and,86,1
1648,8751,proceeds,86,1
1649,8760,to,86,1
1650,8763,the,86,1
1651,8767,verandah,86,1
1652,8778,AUNTY,87,1
1653,8784,Ki,87,1
1654,8787,re,87,1
1655,8790,Shutu,87,1
1656,8797,Exams,87,1
1657,8803,over,87,1
1658,8809,SHUTU,88,1
1659,8816,Bends,88,1
1660,8822,down,88,1
1661,8827,to,88,1
1662,8830,touch,88,1
1663,8836,her,88,1
1664,8841,feet,88,1
1665,8847,Yes,88,1
1666,8852,Mashi,88,1
1667,8859,Thanks,88,1
1668,8867,AUNTY,89,1
1669,8873,Ma,89,1
1670,8876,bhalo,89,1
1671,8885,How,89,1
1672,8889,is,89,1
1673,8892,your,89,1
1674,8897,mother,89,1
1675,8905,all,89,1
1676,8909,well,89,1
1677,8916,SHUTU,90,1
1678,8922,Shob,90,1
1679,8927,bhalo,90,1
1680,8935,All,90,1
1681,8939,well,90,1
1682,8945,thanks,90,1
1683,8954,They,90,1
1684,8959,proceed,90,1
1685,8967,into,90,1
1686,8972,the,90,1
1687,8976,house,90,1
1688,8984,CUT,91,1
1689,8988,TO,91,1
1690,8992,INT,92,1
1691,8997,MCCLUSKIEGUNJ,92,1
1692,9011,HOUSE,92,1
1693,9018,DUSK14,92,1
1694,9025,14,92,1
1695,9028,Shutu,93,1
1696,9034,puts,93,1
1697,9039,a,93,1
1698,9041,few,93,1
1699,9045,bags,93,1
1700,9050,down,93,1
1701,9055,near,93,1
1702,9060,the,93,1
1703,9064,round,93,1
1704,9070,dining,93,1
1705,9077,table,93,1
1706,9083,on,93,1
1707,9087,which,93,1
1708,9093,lies,93,1
1709,9098,Aunty,93,1
1710,9104,s,93,1
1711,9106,knitting,93,1
1712,9115,kit,93,1
1713,9120,It,93,1
1714,9123,is,93,1
1715,9126,a,93,1
1716,9128,combined,93,1
1717,9137,living,93,1
1718,9144,and,93,1
1719,9149,dining,93,1
1720,9156,room,93,1
1721,9161,with,93,1
1722,9166,a,93,1
1723,9168,fireplace,93,1
1724,9178,and,93,1
1725,9182,a,93,1
1726,9184,bar,93,1
1727,9188,cabinet,93,1
1728,9196,in,93,1
1729,9199,a,93,1
1730,9201,corner,93,1
1731,9209,A,93,1
1732,9212,string,93,1
1733,9219,of,93,1
1734,9222,season,93,1
1735,9229,s,93,1
1736,9231,greetings,93,1
1737,9241,cards,93,1
1738,9247,hang,93,1
1739,9252,over,93,1
1740,9257,the,93,1
1741,9261,mantelpiece,93,1
1742,9275,Above,93,1
1743,9281,the,93,1
1744,9285,fireplace,93,1
1745,9295,is,93,1
1746,9298,mounted,93,1
1747,9306,a,93,1
1748,9308,rifle,93,1
1749,9315,a,93,1
1750,9318,30,93,1
1751,9321,semi,93,1
1752,9326,automatic,93,1
1753,9337,carbine,93,1
1754,9346,Shutu,93,1
1755,9352,pauses,93,1
1756,9359,to,93,1
1757,9362,look,93,1
1758,9367,at,93,1
1759,9370,a,93,1
1760,9372,few,93,1
1761,9376,family,93,1
1762,9383,photographs,93,1
1763,9395,mounted,93,1
1764,9403,on,93,1
1765,9407,the,93,1
1766,9411,wall,93,1
1767,9418,NANDU,94,1
1768,9424,Why,94,1
1769,9428,hasn,94,1
1770,9433,t,94,1
1771,9435,the,94,1
1772,9439,fire,94,1
1773,9444,been,94,1
1774,9449,lit,94,1
1775,9453,yet,94,1
1776,9460,UNCLE,95,1
1777,9466,Look,95,1
1778,9471,at,95,1
1779,9474,these,95,1
1780,9480,city,95,1
1781,9485,people,95,1
1782,9493,Arrey,95,1
1783,9500,yeh,95,1
1784,9504,thand,95,1
1785,9510,toh,95,1
1786,9514,kuch,95,1
1787,9519,bhi,95,1
1788,9523,nahi,95,1
1789,9529,hain,95,1
1790,9535,Abhi,95,1
1791,9540,January,95,1
1792,9548,aane,95,1
1793,9553,do,95,1
1794,9558,7,95,1
1795,9561,AUNTY,96,1
1796,9567,Don,96,1
1797,9571,t,96,1
1798,9573,worry,96,1
1799,9580,we,96,1
1800,9583,ll,96,1
1801,9586,put,96,1
1802,9590,hot,96,1
1803,9594,water,96,1
1804,9601,bottles,96,1
1805,9609,and,96,1
1806,9613,extra,96,1
1807,9619,blankets,96,1
1808,9628,in,96,1
1809,9631,your,96,1
1810,9637,rooms,96,1
1811,9644,Maniya,96,1
1812,9652,lakdi,96,1
1813,9658,leke,96,1
1814,9663,aao,96,1
1815,9669,NANDU,97,1
1816,9675,You,97,1
1817,9679,locked,97,1
1818,9686,it,97,1
1819,9690,SHUTU,98,1
1820,9696,Uh,98,1
1821,9701,No,98,1
1822,9705,NANDU,99,1
1823,9711,Go,99,1
1824,9714,and,99,1
1825,9718,lock,99,1
1826,9723,it,99,1
1827,9726,Shutu,99,1
1828,9733,This,99,1
1829,9738,is,99,1
1830,9742,Bihar,99,1
1831,9749,MIMI,100,1
1832,9754,And,100,1
1833,9758,nobody,100,1
1834,9765,ever,100,1
1835,9770,steals,100,1
1836,9777,anything,100,1
1837,9786,in,100,1
1838,9790,Cal,100,1
1839,9794,na,100,1
1840,9798,Mimi,100,1
1841,9803,walks,100,1
1842,9809,across,100,1
1843,9816,with,100,1
1844,9821,her,100,1
1845,9825,bag,100,1
1846,9831,AUNTY,101,1
1847,9837,Yes,101,1
1848,9842,please,101,1
1849,9849,lock,101,1
1850,9854,it,101,1
1851,9858,You,101,1
1852,9862,remember,101,1
1853,9872,when,101,1
1854,9877,we,101,1
1855,9880,found,101,1
1856,9886,that,101,1
1857,9891,man,101,1
1858,9895,sleeping,101,1
1859,9904,in,101,1
1860,9908,the,101,1
1861,9912,car,101,1
1862,9917,My,101,1
1863,9920,God,101,1
1864,9925,MIMI,102,1
1865,9930,What,102,1
1866,9936,Really,102,1
1867,9944,Shutu,102,1
1868,9950,looks,102,1
1869,9956,surprised,102,1
1870,9968,AUNTY,103,1
1871,9974,Why,103,1
1872,9978,do,103,1
1873,9981,you,103,1
1874,9985,think,103,1
1875,9991,we,103,1
1876,9994,re,103,1
1877,9997,raising,103,1
1878,10005,the,103,1
1879,10010,boundary,103,1
1880,10019,wall,103,1
1881,10025,UNCLE,104,1
1882,10031,10,104,1
1883,10034,000,104,1
1884,10038,rupees,104,1
1885,10045,we,104,1
1886,10048,re,104,1
1887,10051,spending,104,1
1888,10060,on,104,1
1889,10063,it,104,1
1890,10067,AUNTY,105,1
1891,10073,It,105,1
1892,10076,s,105,1
1893,10078,been,105,1
1894,10083,very,105,1
1895,10088,cold,105,1
1896,10093,off,105,1
1897,10097,late,105,1
1898,10104,UNCLE,106,1
1899,10110,I,106,1
1900,10112,don,106,1
1901,10116,t,106,1
1902,10118,care,106,1
1903,10123,how,106,1
1904,10127,cold,106,1
1905,10133,how,106,1
1906,10137,drunk,106,1
1907,10144,Thand,106,1
1908,10150,ho,106,1
1909,10153,toh,106,1
1910,10157,mere,106,1
1911,10162,gaadi,106,1
1912,10168,mein,106,1
1913,10173,soyega,106,1
1914,10181,kya,106,1
1915,10186,Kal,106,1
1916,10190,bolenge,106,1
1917,10198,mere,106,1
1918,10203,verandah,106,1
1919,10212,mein,106,1
1920,10218,sona,106,1
1921,10223,hain,106,1
1922,10230,Nandu,106,1
1923,10236,notices,106,1
1924,10244,that,106,1
1925,10249,Shutu,106,1
1926,10255,is,106,1
1927,10258,still,106,1
1928,10264,standing,106,1
1929,10273,there,106,1
1930,10279,and,106,1
1931,10284,listening,106,1
1932,10296,NANDU,107,1
1933,10302,Just,107,1
1934,10307,go,107,1
1935,10310,and,107,1
1936,10314,lock,107,1
1937,10319,it,107,1
1938,10322,up,107,1
1939,10325,Shutu,107,1
1940,10332,Shutu,107,1
1941,10338,abruptly,107,1
1942,10347,turns,107,1
1943,10353,around,107,1
1944,10360,to,107,1
1945,10363,go,107,1
1946,10366,outside,107,1
1947,10375,CUT,108,1
1948,10379,TO,108,1
1949,10383,8,109,1
1950,10386,INT,110,1
1951,10391,BONNIE,110,1
1952,10398,S,110,1
1953,10400,ROOM,110,1
1954,10406,NIGHT,110,1
1955,10412,15,110,1
1956,10415,15,110,1
1957,10418,Bonnie,111,1
1958,10425,is,111,1
1959,10428,unpacking,111,1
1960,10438,in,111,1
1961,10441,the,111,1
1962,10445,guest,111,1
1963,10451,bedroom,111,1
1964,10459,which,111,1
1965,10465,is,111,1
1966,10468,simple,111,1
1967,10475,yet,111,1
1968,10480,pretty,111,1
1969,10487,with,111,1
1970,10492,lace,111,1
1971,10497,curtains,111,1
1972,10506,and,111,1
1973,10510,some,111,1
1974,10515,basic,111,1
1975,10521,furniture,111,1
1976,10532,Tani,111,1
1977,10537,is,111,1
1978,10541,jumping,111,1
1979,10549,on,111,1
1980,10552,the,111,1
1981,10556,bed,111,1
1982,10560,where,111,1
1983,10566,some,111,1
1984,10571,toiletries,111,1
1985,10582,have,111,1
1986,10587,been,111,1
1987,10592,laid,111,1
1988,10597,out,111,1
1989,10605,BONNIE,112,1
1990,10613,Tani,112,1
1991,10619,get,112,1
1992,10623,out,112,1
1993,10627,of,112,1
1994,10630,those,112,1
1995,10636,filthy,112,1
1996,10644,clothes,112,1
1997,10652,first,112,1
1998,10659,Aunty,112,1
1999,10665,enters,112,1
2000,10672,with,112,1
2001,10677,blankets,112,1
2002,10686,and,112,1
2003,10690,places,112,1
2004,10697,it,112,1
2005,10700,down,112,1
2006,10705,on,112,1
2007,10708,the,112,1
2008,10712,bed,112,1
2009,10718,Bonnie,112,1
2010,10725,takes,112,1
2011,10731,out,112,1
2012,10735,few,112,1
2013,10739,tins,112,1
2014,10744,of,112,1
2015,10747,condensed,112,1
2016,10757,milk,112,1
2017,10763,some,112,1
2018,10768,lace,112,1
2019,10774,serviettes,112,1
2020,10786,a,112,1
2021,10788,bottle,112,1
2022,10795,of,112,1
2023,10798,cream,112,1
2024,10804,and,112,1
2025,10808,2,112,1
2026,10810,tins,112,1
2027,10815,of,112,1
2028,10818,Yardley,112,1
2029,10826,s,112,1
2030,10828,Talcum,112,1
2031,10836,powder,112,1
2032,10843,gives,112,1
2033,10849,it,112,1
2034,10852,to,112,1
2035,10855,Aunty,112,1
2036,10862,Inside,112,1
2037,10869,the,112,1
2038,10873,suitcase,112,1
2039,10882,we,112,1
2040,10885,can,112,1
2041,10889,see,112,1
2042,10894,bottles,112,1
2043,10902,of,112,1
2044,10905,alcohol,112,1
2045,10913,and,112,1
2046,10917,cigarette,112,1
2047,10927,supplies,112,1
2048,10938,AUNTY,113,1
2049,10944,Shonamuni,113,1
2050,10955,khe,113,1
2051,10959,cho,113,1
2052,10964,BONNIE,114,1
2053,10971,Maa,114,1
2054,10976,tomar,114,1
2055,10982,jeenish,114,1
2056,10990,gulo,114,1
2057,10996,AUNTY,115,1
2058,11002,Peyechish,115,1
2059,11013,Can,115,1
2060,11017,t,115,1
2061,11019,get,115,1
2062,11023,anything,115,1
2063,11032,in,115,1
2064,11036,this,115,1
2065,11041,godforsaken,115,1
2066,11053,place,115,1
2067,11060,Cha,115,1
2068,11064,khabi,115,1
2069,11071,toh,115,1
2070,11076,BONNIE,116,1
2071,11083,No,116,1
2072,11087,we,116,1
2073,11090,ll,116,1
2074,11093,have,116,1
2075,11098,dinner,116,1
2076,11105,soon,116,1
2077,11110,na,116,1
2078,11115,Aunty,116,1
2079,11121,makes,116,1
2080,11127,a,116,1
2081,11129,move,116,1
2082,11134,to,116,1
2083,11137,go,116,1
2084,11141,BONNIE,117,1
2085,11149,CONT,117,1
2086,11154,D,117,1
2087,11157,Oh,117,1
2088,11160,and,117,1
2089,11164,we,117,1
2090,11167,ve,117,1
2091,11170,got,117,1
2092,11174,some,117,1
2093,11179,Christmas,117,1
2094,11190,Cake,117,1
2095,11195,also,117,1
2096,11201,Curney,117,1
2097,11208,managed,117,1
2098,11216,to,117,1
2099,11219,palm,117,1
2100,11225,it,117,1
2101,11228,off,117,1
2102,11232,to,117,1
2103,11235,Nandu,117,1
2104,11243,AUNTY,118,1
2105,11249,Uff,118,1
2106,11253,Curney,118,1
2107,11263,Aunty,118,1
2108,11269,looks,118,1
2109,11275,at,118,1
2110,11278,Tani,118,1
2111,11283,and,118,1
2112,11287,smiles,118,1
2113,11295,AUNTY,119,1
2114,11302,CONT,119,1
2115,11307,D,119,1
2116,11310,Ek,119,1
2117,11313,anna,119,1
2118,11318,ka,119,1
2119,11321,fika,119,1
2120,11326,chai,119,1
2121,11332,Ek,119,1
2122,11335,anna,119,1
2123,11340,ka,119,1
2124,11343,fulauri,119,1
2125,11352,Tani,119,1
2126,11357,joins,119,1
2127,11363,in,119,1
2128,11367,jumping,119,1
2129,11375,with,119,1
2130,11380,glee,119,1
2131,11387,BONNIE,120,1
2132,11394,Maa,120,1
2133,11399,you,120,1
2134,11403,don,120,1
2135,11407,t,120,1
2136,11409,teach,120,1
2137,11415,her,120,1
2138,11419,these,120,1
2139,11426,things,120,1
2140,11435,Aunty,120,1
2141,11441,walks,120,1
2142,11447,away,120,1
2143,11452,laughing,120,1
2144,11463,CUT,121,1
2145,11467,TO,121,1
2146,11471,9,122,1
2147,11474,INT,123,1
2148,11479,MCCLUSKIEGUNJ,123,1
2149,11493,HOUSE,123,1
2150,11501,LIVING,123,1
2151,11508,ROOM,123,1
2152,11514,NIGHT,123,1
2153,11520,16,123,1
2154,11523,16,123,1
2155,11526,Shutu,124,1
2156,11532,is,124,1
2157,11535,huddled,124,1
2158,11543,at,124,1
2159,11546,the,124,1
2160,11550,fire,124,1
2161,11555,that,124,1
2162,11560,has,124,1
2163,11564,just,124,1
2164,11569,been,124,1
2165,11574,lit,124,1
2166,11579,Nandu,124,1
2167,11585,is,124,1
2168,11589,pouring,124,1
2169,11597,the,124,1
2170,11601,drinks,124,1
2171,11608,and,124,1
2172,11612,looks,124,1
2173,11618,anxiously,124,1
2174,11628,at,124,1
2175,11631,his,124,1
2176,11635,father,124,1
2177,11643,Aunty,124,1
2178,11650,walks,124,1
2179,11656,in,124,1
2180,11659,with,124,1
2181,11664,serviettes,124,1
2182,11676,NANDU,125,1
2183,11683,How,125,1
2184,11687,is,125,1
2185,11690,your,125,1
2186,11695,knee,125,1
2187,11700,Baba,125,1
2188,11706,Better,125,1
2189,11715,UNCLE,126,1
2190,11722,Grunts,126,1
2191,11730,At,126,1
2192,11733,my,126,1
2193,11736,age,126,1
2194,11740,nothing,126,1
2195,11748,gets,126,1
2196,11753,better,126,1
2197,11761,NANDU,127,1
2198,11767,Face,127,1
2199,11772,it,127,1
2200,11775,Ma,127,1
2201,11779,you,127,1
2202,11783,guys,127,1
2203,11788,will,127,1
2204,11793,have,127,1
2205,11798,to,127,1
2206,11802,move,127,1
2207,11807,back,127,1
2208,11812,to,127,1
2209,11815,Cal,127,1
2210,11819,sooner,127,1
2211,11826,or,127,1
2212,11829,later,127,1
2213,11836,AUNTY,128,1
2214,11842,Oof,128,1
2215,11847,You,128,1
2216,11851,ve,128,1
2217,11854,started,128,1
2218,11862,already,128,1
2219,11871,UNCLE,129,1
2220,11877,Arrey,129,1
2221,11883,tumhe,129,1
2222,11889,kis,129,1
2223,11893,baat,129,1
2224,11898,ki,129,1
2225,11901,chinta,129,1
2226,11909,hain,129,1
2227,11915,Doctor,129,1
2228,11922,Goswami,129,1
2229,11930,aata,129,1
2230,11936,rehta,129,1
2231,11942,hain,129,1
2232,11947,na,129,1
2233,11950,yaha,129,1
2234,11957,AUNTY,130,1
2235,11963,Ha,130,1
2236,11967,ha,130,1
2237,11970,aata,130,1
2238,11975,rehta,130,1
2239,11981,hain,130,1
2240,11989,Roj,130,1
2241,11993,aata,130,1
2242,11999,hain,130,1
2243,12004,aur,130,1
2244,12008,roj,130,1
2245,12012,hamara,130,1
2246,12019,ek,130,1
2247,12022,bottle,130,1
2248,12029,daru,130,1
2249,12035,pee,130,1
2250,12039,jata,130,1
2251,12044,hain,130,1
2252,12052,NANDU,131,1
2253,12059,Laughing,131,1
2254,12069,Baba,131,1
2255,12075,agar,131,1
2256,12080,aapko,131,1
2257,12086,peena,131,1
2258,12092,hain,131,1
2259,12097,toh,131,1
2260,12101,Dr,131,1
2261,12106,Uncle,131,1
2262,12112,ke,131,1
2263,12115,saath,131,1
2264,12121,piyo,131,1
2265,12129,To,131,1
2266,12132,Aunty,131,1
2267,12139,But,131,1
2268,12143,if,131,1
2269,12146,something,131,1
2270,12156,happens,131,1
2271,12165,you,131,1
2272,12169,re,131,1
2273,12173,going,131,1
2274,12179,to,131,1
2275,12182,call,131,1
2276,12187,Vikram,131,1
2277,12194,only,131,1
2278,12199,na,131,1
2279,12202,to,131,1
2280,12206,drive,131,1
2281,12212,him,131,1
2282,12216,to,131,1
2283,12219,Maandar,131,1
2284,12229,AUNTY,132,1
2285,12235,Not,132,1
2286,12239,that,132,1
2287,12244,Vikram,132,1
2288,12251,is,132,1
2289,12254,going,132,1
2290,12260,to,132,1
2291,12263,be,132,1
2292,12266,any,132,1
2293,12271,less,132,1
2294,12276,drunk,132,1
2295,12285,Turning,132,1
2296,12293,to,132,1
2297,12296,Shutu,132,1
2298,12303,Shutu,132,1
2299,12309,go,132,1
2300,12312,and,132,1
2301,12316,put,132,1
2302,12320,on,132,1
2303,12323,a,132,1
2304,12325,sweater,132,1
2305,12335,The,132,1
2306,12339,approaching,132,1
2307,12351,headlights,132,1
2308,12362,of,132,1
2309,12365,a,132,1
2310,12367,jeep,132,1
2311,12372,shine,132,1
2312,12378,into,132,1
2313,12383,the,132,1
2314,12387,living,132,1
2315,12395,room,132,1
2316,12400,from,132,1
2317,12405,outside,132,1
2318,12415,AUNTY,133,1
2319,12422,CONT,133,1
2320,12427,D,133,1
2321,12430,Whose,133,1
2322,12436,car,133,1
2323,12440,is,133,1
2324,12443,that,133,1
2325,12449,CUT,134,1
2326,12453,TO,134,1
2327,12457,INT,135,1
2328,12462,MCCLUSKIEGUNJ,135,1
2329,12476,HOUSE,135,1
2330,12483,NIGHT17,135,1
2331,12491,17,135,1
2332,12494,Nandu,136,1
2333,12500,opens,136,1
2334,12506,the,136,1
2335,12510,front,136,1
2336,12516,door,136,1
2337,12522,The,136,1
2338,12526,jeep,136,1
2339,12531,halts,136,1
2340,12537,at,136,1
2341,12540,the,136,1
2342,12544,verandah,136,1
2343,12555,Their,136,1
2344,12561,local,136,1
2345,12567,friends,136,1
2346,12575,Brian,136,1
2347,12581,and,136,1
2348,12585,Vikram,136,1
2349,12592,step,136,1
2350,12597,out,136,1
2351,12601,of,136,1
2352,12604,the,136,1
2353,12608,jeep,136,1
2354,12615,10,136,1
2355,12619,Vikramjit,136,1
2356,12629,Choudhary,136,1
2357,12640,38,136,1
2358,12645,a,136,1
2359,12647,moustached,136,1
2360,12658,man,136,1
2361,12662,wears,136,1
2362,12668,a,136,1
2363,12670,rugged,136,1
2364,12678,leather,136,1
2365,12686,jacket,136,1
2366,12694,faded,136,1
2367,12700,jeans,136,1
2368,12706,and,136,1
2369,12710,boots,136,1
2370,12717,Brian,136,1
2371,12723,McKenzie,136,1
2372,12733,34,136,1
2373,12738,a,136,1
2374,12741,pleasant,136,1
2375,12750,faced,136,1
2376,12757,burly,136,1
2377,12763,Anglo,136,1
2378,12769,Indian,136,1
2379,12776,man,136,1
2380,12780,wears,136,1
2381,12786,a,136,1
2382,12788,hand,136,1
2383,12793,knitted,136,1
2384,12802,sweater,136,1
2385,12810,and,136,1
2386,12814,has,136,1
2387,12818,a,136,1
2388,12820,distinct,136,1
2389,12829,small,136,1
2390,12835,town,136,1
2391,12840,demeanor,136,1
2392,12849,in,136,1
2393,12852,comparison,136,1
2394,12864,to,136,1
2395,12867,Vikram's,136,1
2396,12876,confident,136,1
2397,12886,swagger,136,1
2398,12896,NANDU,137,1
2399,12902,Arrey,137,1
2400,12908,Jamai,137,1
2401,12914,babu,137,1
2402,12920,Where,137,1
2403,12926,s,137,1
2404,12928,your,137,1
2405,12934,ghodi,137,1
2406,12942,Vikram,137,1
2407,12949,laughs,137,1
2408,12956,sheepishly,137,1
2409,12967,and,137,1
2410,12971,hugs,137,1
2411,12976,Nandu,137,1
2412,12984,Vikram,137,1
2413,12991,holds,137,1
2414,12998,Nandu,137,1
2415,13004,s,137,1
2416,13006,face,137,1
2417,13011,in,137,1
2418,13014,both,137,1
2419,13019,his,137,1
2420,13023,hands,137,1
2421,13029,and,137,1
2422,13033,kisses,137,1
2423,13040,his,137,1
2424,13044,cheeks,137,1
2425,13051,loudly,137,1
2426,13059,BRIAN,138,1
2427,13065,Ghodi,138,1
2428,13071,ya,138,1
2429,13074,gaadi,138,1
2430,13081,Dekho,138,1
2431,13087,jamai,138,1
2432,13093,babu,138,1
2433,13098,ko,138,1
2434,13102,dowry,138,1
2435,13108,mein,138,1
2436,13113,kya,138,1
2437,13117,mila,138,1
2438,13123,Brian,138,1
2439,13129,gestures,138,1
2440,13138,to,138,1
2441,13141,VIKRAM,138,1
2442,13148,s,138,1
2443,13150,new,138,1
2444,13154,jeep,138,1
2445,13161,VIKRAM,139,1
2446,13168,Kya,139,1
2447,13172,mila,139,1
2448,13178,Yaha,139,1
2449,13183,toh,139,1
2450,13187,dena,139,1
2451,13192,pada,139,1
2452,13199,NANDU,140,1
2453,13205,Made,140,1
2454,13210,a,140,1
2455,13212,killing,140,1
2456,13220,ha,140,1
2457,13224,What,140,1
2458,13229,happened,140,1
2459,13238,to,140,1
2460,13242,Stella,140,1
2461,13251,Nandu,140,1
2462,13257,hugs,140,1
2463,13262,Brian,140,1
2464,13268,slapping,140,1
2465,13277,him,140,1
2466,13281,on,140,1
2467,13284,his,140,1
2468,13288,back,140,1
2469,13294,The,140,1
2470,13298,three,140,1
2471,13304,of,140,1
2472,13307,them,140,1
2473,13313,greet,140,1
2474,13319,each,140,1
2475,13324,other,140,1
2476,13330,boisterously,140,1
2477,13344,NANDU,141,1
2478,13351,CONT,141,1
2479,13356,D,141,1
2480,13359,Brian,141,1
2481,13366,Good,141,1
2482,13371,to,141,1
2483,13374,see,141,1
2484,13378,you,141,1
2485,13382,man,141,1
2486,13387,Nandu,141,1
2487,13393,notices,141,1
2488,13401,Vikram,141,1
2489,13408,taking,141,1
2490,13415,out,141,1
2491,13419,a,141,1
2492,13421,big,141,1
2493,13425,box,141,1
2494,13429,from,141,1
2495,13434,the,141,1
2496,13438,back,141,1
2497,13443,seat,141,1
2498,13449,of,141,1
2499,13452,his,141,1
2500,13456,jeep,141,1
2501,13463,NANDU,142,1
2502,13470,CONT,142,1
2503,13475,D,142,1
2504,13478,What,142,1
2505,13483,the,142,1
2506,13487,fuck,142,1
2507,13492,is,142,1
2508,13495,that,142,1
2509,13502,VIKRAM,143,1
2510,13509,He,143,1
2511,13512,he,143,1
2512,13516,Wait,143,1
2513,13521,till,143,1
2514,13526,Aunty,143,1
2515,13532,sees,143,1
2516,13537,this,143,1
2517,13543,NANDU,144,1
2518,13549,So,144,1
2519,13552,much,144,1
2520,13557,maska,144,1
2521,13563,you,144,1
2522,13567,maaro,144,1
2523,13573,na,144,1
2524,13579,They,144,1
2525,13584,laugh,144,1
2526,13590,as,144,1
2527,13593,they,144,1
2528,13598,walk,144,1
2529,13603,towards,144,1
2530,13611,the,144,1
2531,13615,main,144,1
2532,13620,door,144,1
2533,13625,from,144,1
2534,13630,where,144,1
2535,13637,Shutu,144,1
2536,13643,watches,144,1
2537,13651,their,144,1
2538,13657,exchange,144,1
2539,13666,shyly,144,1
2540,13674,VIKRAM,145,1
2541,13681,You,145,1
2542,13685,could,145,1
2543,13691,use,145,1
2544,13695,Stella,145,1
2545,13702,while,145,1
2546,13708,you,145,1
2547,13712,re,145,1
2548,13716,here,145,1
2549,13722,Vikram,145,1
2550,13729,notices,145,1
2551,13737,Shutu,145,1
2552,13744,He,145,1
2553,13747,points,145,1
2554,13754,to,145,1
2555,13757,something,145,1
2556,13767,on,145,1
2557,13770,Shutu,145,1
2558,13776,s,145,1
2559,13779,shirt,145,1
2560,13786,Shutu,145,1
2561,13792,looks,145,1
2562,13798,down,145,1
2563,13803,and,145,1
2564,13807,Vikram,145,1
2565,13814,flicks,145,1
2566,13821,him,145,1
2567,13825,on,145,1
2568,13828,his,145,1
2569,13832,chin,145,1
2570,13838,VIKRAM,146,1
2571,13846,CONT,146,1
2572,13851,D,146,1
2573,13854,How,146,1
2574,13858,re,146,1
2575,13861,you,146,1
2576,13865,pehelwan,146,1
2577,13875,Dekh,146,1
2578,13880,isko,146,1
2579,13885,itna,146,1
2580,13891,daadi,146,1
2581,13897,aa,146,1
2582,13900,gaya,146,1
2583,13906,11,146,1
2584,13910,Shutu,146,1
2585,13917,somewhat,146,1
2586,13926,irked,146,1
2587,13933,gives,146,1
2588,13939,him,146,1
2589,13943,a,146,1
2590,13945,tight,146,1
2591,13951,smile,146,1
2592,13957,while,146,1
2593,13963,Brian,146,1
2594,13970,musses,146,1
2595,13977,his,146,1
2596,13981,hair,146,1
2597,13987,He,146,1
2598,13990,watches,146,1
2599,13998,as,146,1
2600,14001,the,146,1
2601,14005,three,146,1
2602,14011,of,146,1
2603,14014,them,146,1
2604,14019,go,146,1
2605,14022,inside,146,1
2606,14029,to,146,1
2607,14033,greet,146,1
2608,14039,Aunty,146,1
2609,14045,and,146,1
2610,14049,Uncle,146,1
2611,14057,UNCLE,147,1
2612,14064,O,147,1
2613,14066,C,147,1
2614,14070,Arrey,147,1
2615,14076,Vikram,147,1
2616,14083,beta,147,1
2617,14088,aa,147,1
2618,14091,gaye,147,1
2619,14097,Bahu,147,1
2620,14102,ko,147,1
2621,14106,ghar,147,1
2622,14111,lekar,147,1
2623,14117,aa,147,1
2624,14120,gaye,147,1
2625,14127,CUT,148,1
2626,14131,TO,148,1
2627,14135,INT,149,1
2628,14140,MCCLUSKIEGUNJ,149,1
2629,14154,HOUSE,149,1
2630,14162,LIVING,149,1
2631,14169,ROOM,149,1
2632,14175,NIGHT,149,1
2633,14181,18,149,1
2634,14184,18,149,1
2635,14187,UNCLE,150,1
2636,14193,Aur,150,1
2637,14197,sabh,150,1
2638,14202,kaisa,150,1
2639,14208,raha,150,1
2640,14214,Sabh,150,1
2641,14219,theek,150,1
2642,14225,se,150,1
2643,14229,ho,150,1
2644,14232,gaya,150,1
2645,14237,na,150,1
2646,14240,shaadi,150,1
2647,14247,mein,150,1
2648,14254,Vikram,150,1
2649,14261,and,150,1
2650,14265,Brian,150,1
2651,14271,hug,150,1
2652,14275,Uncle,150,1
2653,14281,and,150,1
2654,14285,Aunty,150,1
2655,14293,VIKRAM,151,1
2656,14301,Giving,151,1
2657,14308,Aunty,151,1
2658,14314,a,151,1
2659,14316,kiss,151,1
2660,14322,Good,151,1
2661,14327,good,151,1
2662,14333,Very,151,1
2663,14338,hectic,151,1
2664,14347,AUNTY,152,1
2665,14353,What,152,1
2666,14358,s,152,1
2667,14360,this,152,1
2668,14365,Vikram,152,1
2669,14373,Vikram,152,1
2670,14380,starts,152,1
2671,14387,to,152,1
2672,14390,open,152,1
2673,14395,the,152,1
2674,14399,box,152,1
2675,14404,VIKRAM,153,1
2676,14411,Tan,153,1
2677,14415,ta,153,1
2678,14418,da,153,1
2679,14423,Vikram,153,1
2680,14430,unwraps,153,1
2681,14438,a,153,1
2682,14440,shiny,153,1
2683,14446,new,153,1
2684,14450,cassette,153,1
2685,14459,player,153,1
2686,14467,He,153,1
2687,14470,places,153,1
2688,14477,it,153,1
2689,14480,on,153,1
2690,14484,the,153,1
2691,14488,coffee,153,1
2692,14495,table,153,1
2693,14503,AUNTY,154,1
2694,14510,Delighted,154,1
2695,14520,but,154,1
2696,14524,a,154,1
2697,14526,little,154,1
2698,14534,embarrassed,154,1
2699,14547,Beta,154,1
2700,14553,we,154,1
2701,14556,should,154,1
2702,14563,be,154,1
2703,14566,giving,154,1
2704,14573,you,154,1
2705,14578,presents,154,1
2706,14590,You,154,1
2707,14594,shouldn,154,1
2708,14602,t,154,1
2709,14604,have,154,1
2710,14610,VIKRAM,155,1
2711,14617,Arrey,155,1
2712,14623,Aunty,155,1
2713,14630,I,155,1
2714,14632,got,155,1
2715,14636,two,155,1
2716,14640,of,155,1
2717,14643,these,155,1
2718,14649,for,155,1
2719,14654,the,155,1
2720,14658,wedding,155,1
2721,14667,Besides,155,1
2722,14676,this,155,1
2723,14681,is,155,1
2724,14684,my,155,1
2725,14688,second,155,1
2726,14695,home,155,1
2727,14700,isn,155,1
2728,14704,t,155,1
2729,14706,it,155,1
2730,14710,AUNTY,156,1
2731,14717,While,156,1
2732,14723,kissing,156,1
2733,14731,him,156,1
2734,14736,What,156,1
2735,14741,second,156,1
2736,14748,home,156,1
2737,14754,We,156,1
2738,14757,only,156,1
2739,14762,see,156,1
2740,14766,you,156,1
2741,14771,when,156,1
2742,14776,Nandu,156,1
2743,14782,is,156,1
2744,14785,in,156,1
2745,14788,town,156,1
2746,14794,UNCLE,157,1
2747,14800,He,157,1
2748,14803,s,157,1
2749,14805,a,157,1
2750,14807,busy,157,1
2751,14812,man,157,1
2752,14816,now,157,1
2753,14820,Anu,157,1
2754,14825,very,157,1
2755,14830,busy,157,1
2756,14837,Huh,157,1
2757,14842,AUNTY,158,1
2758,14848,Not,158,1
2759,14852,too,158,1
2760,14856,busy,158,1
2761,14861,to,158,1
2762,14864,see,158,1
2763,14868,us,158,1
2764,14872,And,158,1
2765,14876,when,158,1
2766,14881,do,158,1
2767,14885,we,158,1
2768,14888,get,158,1
2769,14892,to,158,1
2770,14895,meet,158,1
2771,14900,the,158,1
2772,14904,missus,158,1
2773,14912,Why,158,1
2774,14917,didn,158,1
2775,14922,t,158,1
2776,14924,you,158,1
2777,14928,bring,158,1
2778,14934,her,158,1
2779,14939,12,158,1
2780,14943,VIKRAM,159,1
2781,14950,No,159,1
2782,14954,no,159,1
2783,14958,I,159,1
2784,14960,just,159,1
2785,14965,dropped,159,1
2786,14973,in,159,1
2787,14976,on,159,1
2788,14979,my,159,1
2789,14982,way,159,1
2790,14987,back,159,1
2791,14992,from,159,1
2792,14997,work,159,1
2793,15003,Besides,159,1
2794,15011,she,159,1
2795,15015,s,159,1
2796,15017,still,159,1
2797,15024,recovering,159,1
2798,15035,from,159,1
2799,15040,the,159,1
2800,15044,wedding,159,1
2801,15054,BRIAN,160,1
2802,15060,So,160,1
2803,15063,am,160,1
2804,15066,I,160,1
2805,15069,We,160,1
2806,15072,really,160,1
2807,15079,missed,160,1
2808,15086,you,160,1
2809,15090,guys,160,1
2810,15096,VIKRAM,161,1
2811,15104,looking,161,1
2812,15112,around,161,1
2813,15119,for,161,1
2814,15123,the,161,1
2815,15128,others,161,1
2816,15136,Ya,161,1
2817,15140,ya,161,1
2818,15144,We,161,1
2819,15147,really,161,1
2820,15154,did,161,1
2821,15160,AUNTY,162,1
2822,15166,What,162,1
2823,15171,to,162,1
2824,15174,do,162,1
2825,15177,beta,162,1
2826,15183,Uncle,162,1
2827,15189,s,162,1
2828,15191,knees,162,1
2829,15197,you,162,1
2830,15202,know,162,1
2831,15207,na,162,1
2832,15214,NANDU,163,1
2833,15220,Tch,163,1
2834,15225,Bonnie,163,1
2835,15232,really,163,1
2836,15239,wanted,163,1
2837,15246,to,163,1
2838,15249,make,163,1
2839,15255,it,163,1
2840,15261,just,163,1
2841,15266,couldn,163,1
2842,15273,t,163,1
2843,15275,get,163,1
2844,15279,leave,163,1
2845,15285,ya,163,1
2846,15289,AUNTY,164,1
2847,15295,Anyway,164,1
2848,15303,this,164,1
2849,15308,week,164,1
2850,15313,we,164,1
2851,15316,re,164,1
2852,15319,doing,164,1
2853,15326,dinner,164,1
2854,15333,at,164,1
2855,15336,home,164,1
2856,15343,NANDU,165,1
2857,15349,You,165,1
2858,15353,say,165,1
2859,15357,when,165,1
2860,15362,you,165,1
2861,15366,are,165,1
2862,15370,free,165,1
2863,15377,Tomorrow,165,1
2864,15387,Day,165,1
2865,15391,after,165,1
2866,15398,Oh,165,1
2867,15401,31st,165,1
2868,15407,UNCLE,166,1
2869,15413,Yes,166,1
2870,15418,done,166,1
2871,15423,done,166,1
2872,15429,New,166,1
2873,15433,Year,166,1
2874,15438,party,166,1
2875,15444,ghar,166,1
2876,15450,pe,166,1
2877,15453,hoga,166,1
2878,15460,VIKRAM,167,1
2879,15467,Arrey,167,1
2880,15473,I,167,1
2881,15475,m,167,1
2882,15477,free,167,1
2883,15482,only,167,1
2884,15488,ask,167,1
2885,15492,this,167,1
2886,15497,Brian,167,1
2887,15504,fucker,167,1
2888,15512,He,167,1
2889,15515,s,167,1
2890,15517,a,167,1
2891,15519,chupa,167,1
2892,15525,rustom,167,1
2893,15533,Tell,167,1
2894,15539,them,167,1
2895,15544,your,167,1
2896,15549,big,167,1
2897,15553,news,167,1
2898,15561,Distracted,167,1
2899,15573,Where,167,1
2900,15579,are,167,1
2901,15583,the,167,1
2902,15587,girls,167,1
2903,15594,Vikram,167,1
2904,15601,walks,167,1
2905,15607,away,167,1
2906,15612,inside,167,1
2907,15620,Everyone,167,1
2908,15629,turns,167,1
2909,15635,to,167,1
2910,15638,Brian,167,1
2911,15644,curiously,167,1
2912,15657,Brian,167,1
2913,15663,looks,167,1
2914,15669,sheepish,167,1
2915,15680,NANDU,168,1
2916,15687,What,168,1
2917,15692,plans,168,1
2918,15699,You,168,1
2919,15703,re,168,1
2920,15706,also,168,1
2921,15711,getting,168,1
2922,15720,married,168,1
2923,15729,BRIAN,169,1
2924,15735,Vikram,169,1
2925,15742,man,169,1
2926,15747,Nothing,169,1
2927,15755,yaa,169,1
2928,15762,I,169,1
2929,15764,may,169,1
2930,15769,finally,169,1
2931,15777,have,169,1
2932,15782,a,169,1
2933,15784,job,169,1
2934,15790,UNCLE,170,1
2935,15797,O,170,1
2936,15799,C,170,1
2937,15803,Arrey,170,1
2938,15809,well,170,1
2939,15814,done,170,1
2940,15819,beta,170,1
2941,15825,Challo,170,1
2942,15832,let,170,1
2943,15836,s,170,1
2944,15839,have,170,1
2945,15844,some,170,1
2946,15849,daaru,170,1
2947,15855,shaaru,170,1
2948,15863,CUT,171,1
2949,15867,TO,171,1
2950,15871,13,172,1
2951,15875,INT,173,1
2952,15880,BONNIE,173,1
2953,15887,S,173,1
2954,15889,BEDROOM,173,1
2955,15898,NIGHT,173,1
2956,15904,19,173,1
2957,15907,19,173,1
2958,15910,Tani,174,1
2959,15915,has,174,1
2960,15919,changed,174,1
2961,15927,and,174,1
2962,15931,unenthusiastically,174,1
2963,15950,eats,174,1
2964,15955,an,174,1
2965,15958,omelette,174,1
2966,15969,BONNIE,175,1
2967,15977,You,175,1
2968,15981,better,175,1
2969,15988,finish,175,1
2970,15995,that,175,1
2971,16000,whole,175,1
2972,16006,thing,175,1
2973,16013,Tani,175,1
2974,16019,TANI,176,1
2975,16024,I,176,1
2976,16026,can,176,1
2977,16030,t,176,1
2978,16032,have,176,1
2979,16037,anymore,176,1
2980,16046,I,176,1
2981,16048,m,176,1
2982,16050,going,176,1
2983,16056,to,176,1
2984,16060,do,176,1
2985,16063,ulti,176,1
2986,16069,BONNIE,177,1
2987,16077,OK,177,1
2988,16081,OK,177,1
2989,16084,leave,177,1
2990,16090,it,177,1
2991,16094,Go,177,1
2992,16097,and,177,1
2993,16101,brush,177,1
2994,16107,your,177,1
2995,16113,teeth,177,1
2996,16120,Bonnie,177,1
2997,16127,hands,177,1
2998,16133,her,177,1
2999,16137,a,177,1
3000,16139,toothbrush,177,1
3001,16150,and,177,1
3002,16154,starts,177,1
3003,16161,to,177,1
3004,16164,comb,177,1
3005,16169,her,177,1
3006,16173,own,177,1
3007,16177,hair,177,1
3008,16183,when,177,1
3009,16188,she,177,1
3010,16192,hears,177,1
3011,16198,something,177,1
3012,16208,from,177,1
3013,16213,the,177,1
3014,16217,corridor,177,1
3015,16227,Vikram,177,1
3016,16234,walks,177,1
3017,16240,in,177,1
3018,16244,with,177,1
3019,16249,a,177,1
3020,16251,lantern,177,1
3021,16261,VIKRAM,178,1
3022,16268,Fee,178,1
3023,16272,Fi,178,1
3024,16275,Fo,178,1
3025,16278,Fum,178,1
3026,16283,I,178,1
3027,16285,smell,178,1
3028,16291,the,178,1
3029,16295,blood,178,1
3030,16301,of,178,1
3031,16305,an,178,1
3032,16308,English,178,1
3033,16316,mem,178,1
3034,16322,Vikram,178,1
3035,16329,puts,178,1
3036,16334,the,178,1
3037,16338,lantern,178,1
3038,16346,down,178,1
3039,16351,and,178,1
3040,16355,goes,178,1
3041,16360,to,178,1
3042,16363,tickle,178,1
3043,16370,Tani,178,1
3044,16376,Tani,178,1
3045,16382,squeals,178,1
3046,16390,and,178,1
3047,16394,hides,178,1
3048,16400,behind,178,1
3049,16407,a,178,1
3050,16409,pillow,178,1
3051,16416,as,178,1
3052,16419,he,178,1
3053,16422,attacks,178,1
3054,16430,her,178,1
3055,16436,BONNIE,179,1
3056,16445,laughing,179,1
3057,16455,Where,179,1
3058,16461,s,179,1
3059,16463,your,179,1
3060,16468,wife,179,1
3061,16474,She,179,1
3062,16478,s,179,1
3063,16480,outside,179,1
3064,16489,Bonnie,179,1
3065,16496,peeks,179,1
3066,16502,behind,179,1
3067,16509,him,179,1
3068,16513,expectantly,179,1
3069,16527,VIKRAM,180,1
3070,16535,Taking,180,1
3071,16542,out,180,1
3072,16546,a,180,1
3073,16548,chocolate,180,1
3074,16559,from,180,1
3075,16564,his,180,1
3076,16568,pocket,180,1
3077,16576,No,180,1
3078,16580,no,180,1
3079,16584,I,180,1
3080,16586,couldn,180,1
3081,16593,t,180,1
3082,16595,get,180,1
3083,16599,her,180,1
3084,16603,today,180,1
3085,16611,They,180,1
3086,16616,are,180,1
3087,16620,planning,180,1
3088,16629,some,180,1
3089,16634,dinner,180,1
3090,16642,shinner,180,1
3091,16650,outide,180,1
3092,16658,You,180,1
3093,16662,ll,180,1
3094,16665,see,180,1
3095,16669,her,180,1
3096,16674,soon,180,1
3097,16680,Where,180,1
3098,16686,is,180,1
3099,16689,Mimi,180,1
3100,16695,Bonnie,180,1
3101,16702,gives,180,1
3102,16708,him,180,1
3103,16712,a,180,1
3104,16714,funny,180,1
3105,16720,look,180,1
3106,16725,and,180,1
3107,16729,points,180,1
3108,16736,to,180,1
3109,16739,another,180,1
3110,16747,room,180,1
3111,16753,BONNIE,181,1
3112,16761,She,181,1
3113,16765,s,181,1
3114,16767,inside,181,1
3115,16775,in,181,1
3116,16778,Uncle,181,1
3117,16784,s,181,1
3118,16786,study,181,1
3119,16793,CUT,182,1
3120,16797,TO,182,1
3121,16801,INT,183,1
3122,16806,SHUTU,183,1
3123,16812,S,183,1
3124,16814,ROOM,183,1
3125,16820,NIGHT,183,1
3126,16826,20,183,1
3127,16829,20,183,1
3128,16832,Shutu,184,1
3129,16838,is,184,1
3130,16841,alone,184,1
3131,16847,in,184,1
3132,16850,his,184,1
3133,16854,poky,184,1
3134,16859,little,184,1
3135,16866,ante,184,1
3136,16871,room,184,1
3137,16876,rummaging,184,1
3138,16886,through,184,1
3139,16895,his,184,1
3140,16899,backpack,184,1
3141,16909,He,184,1
3142,16912,takes,184,1
3143,16918,out,184,1
3144,16922,a,184,1
3145,16924,sweater,184,1
3146,16932,and,184,1
3147,16936,puts,184,1
3148,16941,it,184,1
3149,16944,on,184,1
3150,16948,He,184,1
3151,16951,keeps,184,1
3152,16958,a,184,1
3153,16960,few,184,1
3154,16964,books,184,1
3155,16970,on,184,1
3156,16973,the,184,1
3157,16977,desk,184,1
3158,16983,He,184,1
3159,16986,takes,184,1
3160,16992,out,184,1
3161,16996,his,184,1
3162,17000,toothbrush,184,1
3163,17012,a,184,1
3164,17014,few,184,1
3165,17019,clothes,184,1
3166,17027,and,184,1
3167,17031,opens,184,1
3168,17037,the,184,1
3169,17041,cupboard,184,1
3170,17052,Inside,184,1
3171,17059,he,184,1
3172,17062,finds,184,1
3173,17068,a,184,1
3174,17070,pile,184,1
3175,17075,of,184,1
3176,17078,warm,184,1
3177,17083,clothes,184,1
3178,17091,and,184,1
3179,17095,some,184,1
3180,17100,miscellaneous,184,1
3181,17115,items,184,1
3182,17123,14,184,1
3183,17127,He,184,1
3184,17130,puts,184,1
3185,17135,his,184,1
3186,17139,clothes,184,1
3187,17147,on,184,1
3188,17150,a,184,1
3189,17152,shelf,184,1
3190,17158,and,184,1
3191,17162,runs,184,1
3192,17167,his,184,1
3193,17171,hands,184,1
3194,17177,through,184,1
3195,17185,the,184,1
3196,17190,woollens,184,1
3197,17200,He,184,1
3198,17203,notices,184,1
3199,17211,one,184,1
3200,17215,he,184,1
3201,17218,recognizes,184,1
3202,17229,and,184,1
3203,17233,pulls,184,1
3204,17239,it,184,1
3205,17242,out,184,1
3206,17247,He,184,1
3207,17251,looks,184,1
3208,17257,at,184,1
3209,17260,it,184,1
3210,17263,for,184,1
3211,17267,a,184,1
3212,17269,moment,184,1
3213,17276,and,184,1
3214,17280,then,184,1
3215,17285,smells,184,1
3216,17292,it,184,1
3217,17296,He,184,1
3218,17299,quickly,184,1
3219,17307,takes,184,1
3220,17314,off,184,1
3221,17318,the,184,1
3222,17322,sweater,184,1
3223,17330,he,184,1
3224,17333,is,184,1
3225,17336,wearing,184,1
3226,17344,and,184,1
3227,17348,puts,184,1
3228,17353,on,184,1
3229,17356,the,184,1
3230,17360,other,184,1
3231,17366,one,184,1
3232,17371,It,184,1
3233,17375,is,184,1
3234,17378,a,184,1
3235,17380,hand,184,1
3236,17385,knit,184,1
3237,17391,moth,184,1
3238,17396,eaten,184,1
3239,17403,olive,184,1
3240,17409,green,184,1
3241,17415,sweater,184,1
3242,17425,He,184,1
3243,17428,hugs,184,1
3244,17433,himself,184,1
3245,17441,and,184,1
3246,17445,is,184,1
3247,17448,still,184,1
3248,17454,for,184,1
3249,17458,a,184,1
3250,17460,moment,184,1
3251,17468,leaning,184,1
3252,17476,into,184,1
3253,17481,the,184,1
3254,17486,open,184,1
3255,17491,cupboard,184,1
3256,17502,CUT,185,1
3257,17506,TO,185,1
3258,17510,INT,186,1
3259,17515,MIMI,186,1
3260,17520,S,186,1
3261,17522,ROOM,186,1
3262,17528,NIGHT21,186,1
3263,17536,21,186,1
3264,17539,Mimi,187,1
3265,17544,has,187,1
3266,17548,emptied,187,1
3267,17556,her,187,1
3268,17560,duffel,187,1
3269,17567,bag,187,1
3270,17572,She,187,1
3271,17576,is,187,1
3272,17579,standing,187,1
3273,17588,on,187,1
3274,17591,a,187,1
3275,17593,stool,187,1
3276,17601,and,187,1
3277,17605,attempting,187,1
3278,17616,to,187,1
3279,17619,store,187,1
3280,17625,it,187,1
3281,17628,away,187,1
3282,17633,above,187,1
3283,17639,the,187,1
3284,17643,cupboard,187,1
3285,17653,As,187,1
3286,17656,she,187,1
3287,17661,raises,187,1
3288,17668,her,187,1
3289,17672,arms,187,1
3290,17678,her,187,1
3291,17682,waist,187,1
3292,17688,is,187,1
3293,17691,exposed,187,1
3294,17700,Vikram,187,1
3295,17707,sees,187,1
3296,17712,this,187,1
3297,17717,as,187,1
3298,17720,he,187,1
3299,17724,comes,187,1
3300,17730,and,187,1
3301,17734,leans,187,1
3302,17740,at,187,1
3303,17743,the,187,1
3304,17747,door,187,1
3305,17753,VIKRAM,188,1
3306,17760,Need,188,1
3307,17765,any,188,1
3308,17769,help,188,1
3309,17775,Mimi,188,1
3310,17780,turns,188,1
3311,17786,around,188,1
3312,17793,and,188,1
3313,17797,smiles,188,1
3314,17806,MIMI,189,1
3315,17811,Mr,189,1
3316,17815,Vikramjit,189,1
3317,17825,Choudhury,189,1
3318,17836,She,189,1
3319,17840,jumps,189,1
3320,17846,off,189,1
3321,17850,the,189,1
3322,17854,stool,189,1
3323,17860,and,189,1
3324,17864,comes,189,1
3325,17870,across,189,1
3326,17877,to,189,1
3327,17880,hug,189,1
3328,17884,him,189,1
3329,17890,MIMI,190,1
3330,17896,CONT,190,1
3331,17901,D,190,1
3332,17904,Congratulations,190,1
3333,17921,How,190,1
3334,17925,was,190,1
3335,17929,the,190,1
3336,17934,honeymoon,190,1
3337,17945,She,190,1
3338,17949,leans,190,1
3339,17955,in,190,1
3340,17958,to,190,1
3341,17961,kiss,190,1
3342,17966,him,190,1
3343,17970,on,190,1
3344,17973,the,190,1
3345,17977,cheek,190,1
3346,17984,Vikram,190,1
3347,17991,kisses,190,1
3348,17998,Mimi,190,1
3349,18003,on,190,1
3350,18007,the,190,1
3351,18011,lips,190,1
3352,18017,surprising,190,1
3353,18028,her,190,1
3354,18032,but,190,1
3355,18036,she,190,1
3356,18040,lets,190,1
3357,18045,him,190,1
3358,18050,CUT,191,1
3359,18054,TO,191,1
3360,18058,INT,192,1
3361,18063,CORRIDOR,192,1
3362,18074,OUTSIDE,192,1
3363,18082,MIMI,192,1
3364,18087,S,192,1
3365,18089,ROOM,192,1
3366,18095,NIGHT22,192,1
3367,18103,22,192,1
3368,18106,Shutu,193,1
3369,18112,who,193,1
3370,18116,was,193,1
3371,18120,passing,193,1
3372,18128,through,193,1
3373,18136,the,193,1
3374,18140,corridor,193,1
3375,18149,happens,193,1
3376,18157,to,193,1
3377,18160,see,193,1
3378,18164,the,193,1
3379,18169,couple,193,1
3380,18177,He,193,1
3381,18180,looks,193,1
3382,18186,on,193,1
3383,18189,intensely,193,1
3384,18201,CUT,194,1
3385,18205,TO,194,1
3386,18209,INT,195,1
3387,18214,CORRIDOR,195,1
3388,18225,OUTSIDE,195,1
3389,18233,MIMI,195,1
3390,18238,S,195,1
3391,18240,ROOM,195,1
3392,18246,NIGHT,195,1
3393,18252,23,195,1
3394,18255,23,195,1
3395,18258,Shutu,196,1
3396,18264,s,196,1
3397,18266,POV,196,1
3398,18271,As,196,1
3399,18274,the,196,1
3400,18278,couple,196,1
3401,18285,kiss,196,1
3402,18291,the,196,1
3403,18295,lights,196,1
3404,18302,flicker,196,1
3405,18310,a,196,1
3406,18312,few,196,1
3407,18317,times,196,1
3408,18323,and,196,1
3409,18327,the,196,1
3410,18331,power,196,1
3411,18337,comes,196,1
3412,18343,back,196,1
3413,18348,dimly,196,1
3414,18355,Shutu,196,1
3415,18361,steps,196,1
3416,18367,back,196,1
3417,18372,into,196,1
3418,18378,the,196,1
3419,18382,shadow,196,1
3420,18390,There,196,1
3421,18396,are,196,1
3422,18400,cheers,196,1
3423,18407,from,196,1
3424,18412,outside,196,1
3425,18421,AUNTY,197,1
3426,18428,O,197,1
3427,18430,C,197,1
3428,18434,Batti,197,1
3429,18440,aa,197,1
3430,18443,gayi,197,1
3431,18448,Manjari,197,1
3432,18457,Khana,197,1
3433,18463,laga,197,1
3434,18469,do,197,1
3435,18474,15,197,1
3436,18478,From,197,1
3437,18483,outside,197,1
3438,18491,the,197,1
3439,18495,door,197,1
3440,18500,we,197,1
3441,18503,see,197,1
3442,18507,Vikram,197,1
3443,18514,and,197,1
3444,18518,Mimi,197,1
3445,18523,kiss,197,1
3446,18528,until,197,1
3447,18535,Vikram,197,1
3448,18542,reaches,197,1
3449,18550,back,197,1
3450,18555,to,197,1
3451,18558,shut,197,1
3452,18563,the,197,1
3453,18567,door,197,1
3454,18573,without,197,1
3455,18581,a,197,1
3456,18583,sound,197,1
3457,18591,CUT,198,1
3458,18595,TO,198,1
3459,18599,INT,199,1
3460,18604,DINING,199,1
3461,18611,TABLE,199,1
3462,18618,NIGHT24,199,1
3463,18626,24,199,1
3464,18629,As,200,1
3465,18632,Shutu,200,1
3466,18638,walks,200,1
3467,18644,in,200,1
3468,18648,others,200,1
3469,18655,have,200,1
3470,18660,gathered,200,1
3471,18669,around,200,1
3472,18676,the,200,1
3473,18680,dining,200,1
3474,18688,table,200,1
3475,18695,sitting,200,1
3476,18703,down,200,1
3477,18708,for,200,1
3478,18712,dinner,200,1
3479,18721,BONNIE,201,1
3480,18728,So,201,1
3481,18731,Australia,201,1
3482,18742,So,201,1
3483,18745,far,201,1
3484,18750,You,201,1
3485,18754,ll,201,1
3486,18757,be,201,1
3487,18761,taking,201,1
3488,18768,Aunty,201,1
3489,18774,with,201,1
3490,18779,you,201,1
3491,18784,BRIAN,202,1
3492,18790,Let,202,1
3493,18794,s,202,1
3494,18796,see,202,1
3495,18800,once,202,1
3496,18805,I,202,1
3497,18807,get,202,1
3498,18811,there,202,1
3499,18818,NANDU,203,1
3500,18824,I,203,1
3501,18826,m,203,1
3502,18828,glad,203,1
3503,18833,you,203,1
3504,18837,re,203,1
3505,18840,getting,203,1
3506,18848,out,203,1
3507,18852,of,203,1
3508,18856,here,203,1
3509,18862,When,203,1
3510,18867,s,203,1
3511,18869,your,203,1
3512,18874,joining,203,1
3513,18882,date,203,1
3514,18888,BRIAN,204,1
3515,18894,Feb,204,1
3516,18898,onwards,204,1
3517,18907,I,204,1
3518,18909,think,204,1
3519,18917,SHUTU,205,1
3520,18924,sits,205,1
3521,18929,down,205,1
3522,18934,next,205,1
3523,18939,to,205,1
3524,18942,Brian,205,1
3525,18949,Congratulations,205,1
3526,18965,Brian,205,1
3527,18972,AUNTY,206,1
3528,18978,Arrey,206,1
3529,18985,eta,206,1
3530,18989,Baba,206,1
3531,18994,r,206,1
3532,18996,sweater,206,1
3533,19004,na,206,1
3534,19009,This,206,1
3535,19014,is,206,1
3536,19017,your,206,1
3537,19022,father,206,1
3538,19029,s,206,1
3539,19032,sweater,206,1
3540,19041,isn,206,1
3541,19045,t,206,1
3542,19047,it,206,1
3543,19052,Shutu,206,1
3544,19058,smiles,206,1
3545,19065,at,206,1
3546,19068,Aunty,206,1
3547,19074,as,206,1
3548,19077,she,206,1
3549,19081,starts,206,1
3550,19088,to,206,1
3551,19091,serve,206,1
3552,19097,him,206,1
3553,19102,Vikram,206,1
3554,19110,walks,206,1
3555,19116,in,206,1
3556,19120,Mimi,206,1
3557,19125,follows,206,1
3558,19134,Shutu,206,1
3559,19140,looks,206,1
3560,19146,at,206,1
3561,19149,them,206,1
3562,19154,curiously,206,1
3563,19165,Vikram,206,1
3564,19173,picks,206,1
3565,19179,up,206,1
3566,19182,some,206,1
3567,19187,salad,206,1
3568,19193,from,206,1
3569,19198,Bonnie,206,1
3570,19205,s,206,1
3571,19207,plate,206,1
3572,19214,We,206,1
3573,19217,pull,206,1
3574,19222,back,206,1
3575,19227,to,206,1
3576,19230,a,206,1
3577,19233,wider,206,1
3578,19239,frame,206,1
3579,19245,as,206,1
3580,19248,all,206,1
3581,19252,of,206,1
3582,19255,them,206,1
3583,19260,have,206,1
3584,19265,dinner,206,1
3585,19274,CUT,207,1
3586,19278,TO,207,1
3587,19282,EXT,208,2
3588,19287,GATE,208,2
3589,19293,NIGHT,208,2
3590,19299,25,208,2
3591,19302,25,208,2
3592,19305,Exterior,209,2
3593,19314,shot,209,2
3594,19319,of,209,2
3595,19322,the,209,2
3596,19326,house,209,2
3597,19332,at,209,2
3598,19335,night,209,2
3599,19341,taken,209,2
3600,19347,from,209,2
3601,19352,the,209,2
3602,19356,gate,209,2
3603,19363,There,209,2
3604,19369,are,209,2
3605,19373,warm,209,2
3606,19379,yellow,209,2
3607,19386,lights,209,2
3608,19393,inside,209,2
3609,19400,the,209,2
3610,19404,house,209,2
3611,19411,We,209,2
3612,19414,can,209,2
3613,19418,hear,209,2
3614,19424,cicadas,209,2
3615,19433,Even,209,2
3616,19438,though,209,2
3617,19445,it,209,2
3618,19448,is,209,2
3619,19451,a,209,2
3620,19453,symmetrical,209,2
3621,19465,frame,209,2
3622,19472,we,209,2
3623,19475,get,209,2
3624,19479,the,209,2
3625,19484,feeling,209,2
3626,19492,that,209,2
3627,19497,something,209,2
3628,19507,is,209,2
3629,19510,amiss,209,2
3630,19517,FADE,210,2
3631,19522,OUT,210,2
3632,19527,EXT,211,2
3633,19532,MCCLUSKIEGUNJ,211,2
3634,19546,HOUSE,211,2
3635,19554,ORCHARDS,211,2
3636,19565,DAY,211,2
3637,19569,26,211,2
3638,19572,26,211,2
3639,19575,Fade,212,2
3640,19580,in,212,2
3641,19585,16,212,2
3642,19589,Shutu,212,2
3643,19595,and,212,2
3644,19599,Tani,212,2
3645,19604,walk,212,2
3646,19609,down,212,2
3647,19614,a,212,2
3648,19616,path,212,2
3649,19621,off,212,2
3650,19625,the,212,2
3651,19629,backyard,212,2
3652,19639,lined,212,2
3653,19645,by,212,2
3654,19648,a,212,2
3655,19651,series,212,2
3656,19658,of,212,2
3657,19661,trees,212,2
3658,19668,He,212,2
3659,19671,has,212,2
3660,19675,a,212,2
3661,19677,rope,212,2
3662,19682,strung,212,2
3663,19689,around,212,2
3664,19696,his,212,2
3665,19700,shoulder,212,2
3666,19710,while,212,2
3667,19716,he,212,2
3668,19719,tries,212,2
3669,19725,to,212,2
3670,19728,roll,212,2
3671,19733,a,212,2
3672,19735,tire,212,2
3673,19740,ahead,212,2
3674,19746,of,212,2
3675,19749,him,212,2
3676,19754,Tani,212,2
3677,19759,helps,212,2
3678,19765,him,212,2
3679,19771,Shutu,212,2
3680,19777,sets,212,2
3681,19782,the,212,2
3682,19786,tire,212,2
3683,19791,down,212,2
3684,19797,jumps,212,2
3685,19803,and,212,2
3686,19807,tries,212,2
3687,19813,to,212,2
3688,19816,touch,212,2
3689,19822,the,212,2
3690,19826,branch,212,2
3691,19834,of,212,2
3692,19837,a,212,2
3693,19839,tree,212,2
3694,19845,He,212,2
3695,19848,can,212,2
3696,19852,t,212,2
3697,19854,reach,212,2
3698,19860,it,212,2
3699,19867,The,212,2
3700,19871,super,212,2
3701,19877,reads,212,2
3702,19883,Day,212,2
3703,19887,2,212,2
3704,19889,Tuesday,212,2
3705,19898,28th,212,2
3706,19903,DECEMBER,212,2
3707,19913,TANI,213,2
3708,19918,Where,213,2
3709,19924,s,213,2
3710,19926,the,213,2
3711,19930,family,213,2
3712,19937,tree,213,2
3713,19943,SHUTU,214,2
3714,19949,It,214,2
3715,19952,s,214,2
3716,19954,ahead,214,2
3717,19963,She,214,2
3718,19967,looks,214,2
3719,19973,around,214,2
3720,19980,and,214,2
3721,19984,runs,214,2
3722,19989,towards,214,2
3723,19997,a,214,2
3724,19999,tree,214,2
3725,20004,with,214,2
3726,20009,a,214,2
3727,20011,large,214,2
3728,20017,trunk,214,2
3729,20025,Some,214,2
3730,20030,names,214,2
3731,20036,have,214,2
3732,20041,been,214,2
3733,20046,scratched,214,2
3734,20056,onto,214,2
3735,20061,the,214,2
3736,20065,bark,214,2
3737,20071,She,214,2
3738,20075,runs,214,2
3739,20080,around,214,2
3740,20088,the,214,2
3741,20092,trunk,214,2
3742,20099,reading,214,2
3743,20107,the,214,2
3744,20111,names,214,2
3745,20117,aloud,214,2
3746,20124,TANI,215,2
3747,20129,Anupama,215,2
3748,20138,O,215,2
3749,20140,P,215,2
3750,20143,Nandu,215,2
3751,20150,Bonnie,215,2
3752,20158,Tani,215,2
3753,20165,Shutu,215,2
3754,20171,goes,215,2
3755,20176,towards,215,2
3756,20184,a,215,2
3757,20186,low,215,2
3758,20190,lying,215,2
3759,20196,branch,215,2
3760,20204,He,215,2
3761,20207,jumps,215,2
3762,20213,and,215,2
3763,20217,hangs,215,2
3764,20224,from,215,2
3765,20229,it,215,2
3766,20234,BONNIE,216,2
3767,20242,O,216,2
3768,20244,C,216,2
3769,20248,Tani,216,2
3770,20254,Come,216,2
3771,20259,for,216,2
3772,20263,a,216,2
3773,20265,bath,216,2
3774,20272,TANI,217,2
3775,20277,No,217,2
3776,20280,Mamma,217,2
3777,20287,not,217,2
3778,20291,now,217,2
3779,20296,CUT,218,2
3780,20300,TO,218,2
3781,20304,EXT,219,2
3782,20309,BACKYARD,219,2
3783,20319,DAY27,219,2
3784,20325,27,219,2
3785,20328,In,220,2
3786,20331,the,220,2
3787,20335,backyard,220,2
3788,20345,Bonnie,220,2
3789,20352,picks,220,2
3790,20358,up,220,2
3791,20361,a,220,2
3792,20363,tin,220,2
3793,20367,bucket,220,2
3794,20374,warming,220,2
3795,20382,in,220,2
3796,20385,the,220,2
3797,20390,sun,220,2
3798,20394,and,220,2
3799,20398,goes,220,2
3800,20403,inside,220,2
3801,20410,through,220,2
3802,20418,the,220,2
3803,20422,back,220,2
3804,20427,door,220,2
3805,20432,of,220,2
3806,20435,the,220,2
3807,20439,kitchen,220,2
3808,20448,BONNIE,221,2
3809,20455,I,221,2
3810,20457,m,221,2
3811,20459,going,221,2
3812,20465,in,221,2
3813,20469,You,221,2
3814,20473,come,221,2
3815,20478,in,221,2
3816,20481,5,221,2
3817,20484,minutes,221,2
3818,20494,CUT,222,2
3819,20498,TO,222,2
3820,20502,EXT,223,2
3821,20507,ORCHARDS,223,2
3822,20517,DAY,223,2
3823,20521,28,223,2
3824,20524,28,223,2
3825,20527,TANI,224,2
3826,20532,Where,224,2
3827,20538,s,224,2
3828,20540,your,224,2
3829,20545,name,224,2
3830,20551,SHUTU,225,2
3831,20557,Uh,225,2
3832,20563,It,225,2
3833,20566,s,225,2
3834,20568,not,225,2
3835,20572,there,225,2
3836,20579,Shutu,225,2
3837,20585,is,225,2
3838,20588,tying,225,2
3839,20594,a,225,2
3840,20596,knot,225,2
3841,20601,around,225,2
3842,20608,the,225,2
3843,20612,tyre,225,2
3844,20619,TANI,226,2
3845,20624,No,226,2
3846,20629,17,226,2
3847,20633,Suddenly,226,2
3848,20643,there,226,2
3849,20649,is,226,2
3850,20652,a,226,2
3851,20654,shriek,226,2
3852,20661,from,226,2
3853,20666,inside,226,2
3854,20673,the,226,2
3855,20677,house,226,2
3856,20684,They,226,2
3857,20689,turn,226,2
3858,20695,around,226,2
3859,20702,to,226,2
3860,20705,look,226,2
3861,20712,CUT,227,2
3862,20716,TO,227,2
3863,20720,INT,228,2
3864,20725,BONNIE,228,2
3865,20732,S,228,2
3866,20734,ROOM,228,2
3867,20740,DAY29,228,2
3868,20746,29,228,2
3869,20749,Bonnie,229,2
3870,20756,is,229,2
3871,20759,terrified,229,2
3872,20769,and,229,2
3873,20773,is,229,2
3874,20776,looking,229,2
3875,20784,at,229,2
3876,20787,something,229,2
3877,20797,inside,229,2
3878,20804,the,229,2
3879,20809,bathroom,229,2
3880,20818,from,229,2
3881,20823,the,229,2
3882,20827,door,229,2
3883,20833,Nandu,229,2
3884,20839,rushes,229,2
3885,20846,into,229,2
3886,20851,the,229,2
3887,20855,room,229,2
3888,20861,He,229,2
3889,20864,has,229,2
3890,20869,half,229,2
3891,20874,his,229,2
3892,20878,face,229,2
3893,20883,covered,229,2
3894,20891,in,229,2
3895,20894,shaving,229,2
3896,20902,foam,229,2
3897,20907,and,229,2
3898,20911,a,229,2
3899,20913,brush,229,2
3900,20919,in,229,2
3901,20922,his,229,2
3902,20927,hand,229,2
3903,20935,NANDU,230,2
3904,20941,What,230,2
3905,20947,What,230,2
3906,20952,happened,230,2
3907,20963,BONNIE,231,2
3908,20971,Frog,231,2
3909,20977,Frog,231,2
3910,20983,There,231,2
3911,20989,s,231,2
3912,20991,a,231,2
3913,20993,frog,231,2
3914,20998,inside,231,2
3915,21006,Aunty,231,2
3916,21012,rushes,231,2
3917,21019,into,231,2
3918,21024,the,231,2
3919,21028,room,231,2
3920,21036,AUNTY,232,2
3921,21042,What,232,2
3922,21047,happened,232,2
3923,21057,What,232,2
3924,21062,happened,232,2
3925,21072,NANDU,233,2
3926,21079,Dismissively,233,2
3927,21092,walking,233,2
3928,21101,away,233,2
3929,21107,Nothing,233,2
3930,21116,It,233,2
3931,21119,s,233,2
3932,21121,just,233,2
3933,21126,a,233,2
3934,21128,damn,233,2
3935,21133,frog,233,2
3936,21140,Can,233,2
3937,21144,t,233,2
3938,21146,expect,233,2
3939,21153,to,233,2
3940,21156,come,233,2
3941,21161,to,233,2
3942,21165,McCluskiegunj,233,2
3943,21179,and,233,2
3944,21183,not,233,2
3945,21187,find,233,2
3946,21192,a,233,2
3947,21194,frog,233,2
3948,21201,AUNTY,234,2
3949,21208,Alarmed,234,2
3950,21217,Manjari,234,2
3951,21226,Jaldi,234,2
3952,21232,aao,234,2
3953,21237,Yeh,234,2
3954,21241,andar,234,2
3955,21247,kaise,234,2
3956,21254,aayaa,234,2
3957,21261,Manjari,234,2
3958,21269,walks,234,2
3959,21275,in,234,2
3960,21278,and,234,2
3961,21282,stands,234,2
3962,21289,there,234,2
3963,21295,impassively,234,2
3964,21308,Tani,234,2
3965,21313,and,234,2
3966,21317,Shutu,234,2
3967,21324,run,234,2
3968,21328,in,234,2
3969,21332,TANI,235,2
3970,21337,What,235,2
3971,21342,happened,235,2
3972,21351,Mama,235,2
3973,21357,AUNTY,236,2
3974,21363,Arrey,236,2
3975,21369,Manjari,236,2
3976,21378,khade,236,2
3977,21384,khade,236,2
3978,21390,kya,236,2
3979,21394,dekh,236,2
3980,21400,rahe,236,2
3981,21405,ho,236,2
3982,21409,jhadu,236,2
3983,21415,toh,236,2
3984,21419,leke,236,2
3985,21424,aao,236,2
3986,21429,Ye,236,2
3987,21433,andar,236,2
3988,21439,kaise,236,2
3989,21445,aaya,236,2
3990,21452,Manjari,236,2
3991,21460,exits,236,2
3992,21466,to,236,2
3993,21469,get,236,2
3994,21473,the,236,2
3995,21477,broom,236,2
3996,21484,Shutu,236,2
3997,21490,takes,236,2
3998,21496,off,236,2
3999,21500,his,236,2
4000,21504,slipper,236,2
4001,21513,and,236,2
4002,21517,treads,236,2
4003,21524,carefully,236,2
4004,21534,into,236,2
4005,21539,the,236,2
4006,21543,bathroom,236,2
4007,21552,in,236,2
4008,21555,an,236,2
4009,21558,attempt,236,2
4010,21566,to,236,2
4011,21569,chase,236,2
4012,21576,it,236,2
4013,21579,away,236,2
4014,21586,BONNIE,237,2
4015,21594,Oh,237,2
4016,21597,no,237,2
4017,21601,It,237,2
4018,21604,s,237,2
4019,21606,gone,237,2
4020,21611,behind,237,2
4021,21618,the,237,2
4022,21622,commode,237,2
4023,21631,now,237,2
4024,21637,Yelps,237,2
4025,21644,It,237,2
4026,21647,s,237,2
4027,21649,looking,237,2
4028,21657,straight,237,2
4029,21667,at,237,2
4030,21670,me,237,2
4031,21674,Tani,237,2
4032,21679,starts,237,2
4033,21686,jumping,237,2
4034,21694,adding,237,2
4035,21701,to,237,2
4036,21704,the,237,2
4037,21708,chaos,237,2
4038,21716,18,237,2
4039,21720,TANI,238,2
4040,21725,I,238,2
4041,21727,saw,238,2
4042,21731,it,238,2
4043,21735,There,238,2
4044,21741,it,238,2
4045,21744,is,238,2
4046,21748,I,238,2
4047,21750,saw,238,2
4048,21754,it,238,2
4049,21759,Manjari,238,2
4050,21767,comes,238,2
4051,21773,back,238,2
4052,21778,with,238,2
4053,21783,a,238,2
4054,21785,broom,238,2
4055,21791,and,238,2
4056,21795,goes,238,2
4057,21800,into,238,2
4058,21805,the,238,2
4059,21809,bathroom,238,2
4060,21820,She,238,2
4061,21824,makes,238,2
4062,21830,a,238,2
4063,21832,gesture,238,2
4064,21840,for,238,2
4065,21844,Shutu,238,2
4066,21850,to,238,2
4067,21853,leave,238,2
4068,21860,Shutu,238,2
4069,21866,meekly,238,2
4070,21873,steps,238,2
4071,21880,outside,238,2
4072,21889,AUNTY,239,2
4073,21896,O,239,2
4074,21898,C,239,2
4075,21902,Hum,239,2
4076,21906,bole,239,2
4077,21911,the,239,2
4078,21915,na,239,2
4079,21918,bada,239,2
4080,21923,naali,239,2
4081,21929,ko,239,2
4082,21932,bandh,239,2
4083,21939,rakhne,239,2
4084,21946,ke,239,2
4085,21949,liye,239,2
4086,21955,sabh,239,2
4087,21960,bathroom,239,2
4088,21969,mein,239,2
4089,21976,Kisne,239,2
4090,21982,khola,239,2
4091,21988,isko,239,2
4092,21994,Voh,239,2
4093,21998,lakdi,239,2
4094,22004,ka,239,2
4095,22008,tukda,239,2
4096,22014,kaha,239,2
4097,22019,gaya,239,2
4098,22025,TANI,240,2
4099,22030,Oh,240,2
4100,22033,now,240,2
4101,22037,it,240,2
4102,22040,s,240,2
4103,22042,gone,240,2
4104,22047,behind,240,2
4105,22054,the,240,2
4106,22058,bucket,240,2
4107,22066,Close,240,2
4108,22072,shot,240,2
4109,22077,of,240,2
4110,22080,a,240,2
4111,22082,large,240,2
4112,22089,ugly,240,2
4113,22094,toad,240,2
4114,22099,looking,240,2
4115,22107,balefully,240,2
4116,22117,into,240,2
4117,22123,camera,240,2
4118,22131,CUT,241,2
4119,22135,TO,241,2
4120,22139,INT,242,2
4121,22144,SHUTU,242,2
4122,22150,S,242,2
4123,22152,ROOM,242,2
4124,22158,AFTERNOON,242,2
4125,22168,30,242,2
4126,22171,30,242,2
4127,22174,Shutu,243,2
4128,22180,is,243,2
4129,22183,sitting,243,2
4130,22191,at,243,2
4131,22194,a,243,2
4132,22196,desk,243,2
4133,22201,by,243,2
4134,22204,the,243,2
4135,22208,window,243,2
4136,22215,of,243,2
4137,22218,his,243,2
4138,22222,tiny,243,2
4139,22227,room,243,2
4140,22233,He,243,2
4141,22237,is,243,2
4142,22240,wearing,243,2
4143,22248,his,243,2
4144,22252,moth,243,2
4145,22257,eaten,243,2
4146,22263,sweater,243,2
4147,22272,There,243,2
4148,22278,are,243,2
4149,22282,a,243,2
4150,22284,couple,243,2
4151,22291,of,243,2
4152,22295,books,243,2
4153,22301,in,243,2
4154,22304,front,243,2
4155,22310,of,243,2
4156,22313,him,243,2
4157,22318,including,243,2
4158,22328,a,243,2
4159,22330,thick,243,2
4160,22336,mathematics,243,2
4161,22349,textbook,243,2
4162,22359,a,243,2
4163,22361,collection,243,2
4164,22372,of,243,2
4165,22375,essays,243,2
4166,22383,a,243,2
4167,22385,slim,243,2
4168,22390,volume,243,2
4169,22397,of,243,2
4170,22400,poetry,243,2
4171,22408,He,243,2
4172,22412,is,243,2
4173,22415,drawing,243,2
4174,22423,a,243,2
4175,22425,frog,243,2
4176,22430,over,243,2
4177,22435,and,243,2
4178,22439,over,243,2
4179,22444,again,243,2
4180,22450,in,243,2
4181,22453,his,243,2
4182,22457,journal,243,2
4183,22465,when,243,2
4184,22470,he,243,2
4185,22474,takes,243,2
4186,22480,out,243,2
4187,22484,a,243,2
4188,22486,folded,243,2
4189,22493,sheet,243,2
4190,22499,of,243,2
4191,22502,paper,243,2
4192,22508,from,243,2
4193,22513,it,243,2
4194,22517,He,243,2
4195,22520,stares,243,2
4196,22527,at,243,2
4197,22530,it,243,2
4198,22534,first,243,2
4199,22541,then,243,2
4200,22546,absentmindedly,243,2
4201,22561,starts,243,2
4202,22568,to,243,2
4203,22571,doodle,243,2
4204,22578,on,243,2
4205,22581,it,243,2
4206,22585,We,243,2
4207,22588,see,243,2
4208,22593,that,243,2
4209,22598,it,243,2
4210,22601,is,243,2
4211,22604,his,243,2
4212,22608,mark,243,2
4213,22613,sheet,243,2
4214,22619,of,243,2
4215,22622,his,243,2
4216,22626,M,243,2
4217,22628,Sc,243,2
4218,22632,final,243,2
4219,22638,year,243,2
4220,22643,that,243,2
4221,22648,he,243,2
4222,22651,has,243,2
4223,22656,failed,243,2
4224,22664,His,243,2
4225,22668,elaborate,243,2
4226,22678,doodle,243,2
4227,22685,has,243,2
4228,22689,engulfed,243,2
4229,22698,his,243,2
4230,22702,name,243,2
4231,22708,Shyamal,243,2
4232,22717,Chatterjee,243,2
4233,22729,to,243,2
4234,22732,a,243,2
4235,22734,point,243,2
4236,22740,that,243,2
4237,22745,it,243,2
4238,22748,is,243,2
4239,22751,barely,243,2
4240,22758,legible,243,2
4241,22767,Suddenly,243,2
4242,22777,the,243,2
4243,22781,door,243,2
4244,22786,opens,243,2
4245,22792,and,243,2
4246,22796,Tani,243,2
4247,22801,peeps,243,2
4248,22807,in,243,2
4249,22811,Shutu,243,2
4250,22817,looks,243,2
4251,22823,at,243,2
4252,22826,the,243,2
4253,22830,door,243,2
4254,22836,while,243,2
4255,22842,folding,243,2
4256,22850,the,243,2
4257,22854,mark,243,2
4258,22859,sheet,243,2
4259,22865,away,243,2
4260,22872,TANI,244,2
4261,22878,making,244,2
4262,22885,a,244,2
4263,22887,sad,244,2
4264,22891,face,244,2
4265,22897,I,244,2
4266,22899,m,244,2
4267,22901,bored,244,2
4268,22908,Tani,244,2
4269,22913,comes,244,2
4270,22919,in,244,2
4271,22922,and,244,2
4272,22926,lies,244,2
4273,22931,down,244,2
4274,22936,on,244,2
4275,22939,his,244,2
4276,22943,bed,244,2
4277,22948,Shutu,244,2
4278,22954,closes,244,2
4279,22961,his,244,2
4280,22966,journal,244,2
4281,22974,and,244,2
4282,22978,looks,244,2
4283,22984,at,244,2
4284,22987,her,244,2
4285,22991,seriously,244,2
4286,23002,SHUTU,245,2
4287,23008,What,245,2
4288,23013,happened,245,2
4289,23023,TANI,246,2
4290,23028,I,246,2
4291,23030,don,246,2
4292,23034,t,246,2
4293,23036,like,246,2
4294,23041,it,246,2
4295,23044,over,246,2
4296,23049,here,246,2
4297,23056,SHUTU,247,2
4298,23062,Why,247,2
4299,23067,TANI,248,2
4300,23072,There,248,2
4301,23078,are,248,2
4302,23082,insects,248,2
4303,23090,everywhere,248,2
4304,23103,There,248,2
4305,23109,s,248,2
4306,23111,no,248,2
4307,23114,cement,248,2
4308,23122,No,248,2
4309,23125,T,248,2
4310,23127,V,248,2
4311,23129,19,248,2
4312,23133,SHUTU,249,2
4313,23139,No,249,2
4314,23142,cement,249,2
4315,23150,Where,249,2
4316,23156,s,249,2
4317,23158,Bonnie,249,2
4318,23165,di,249,2
4319,23169,TANI,250,2
4320,23174,Sleeping,250,2
4321,23184,SHUTU,251,2
4322,23190,Baba,251,2
4323,23196,TANI,252,2
4324,23201,Sleeping,252,2
4325,23211,SHUTU,253,2
4326,23217,Hmm,253,2
4327,23223,TANI,254,2
4328,23228,What,254,2
4329,23233,were,254,2
4330,23238,you,254,2
4331,23242,doing,254,2
4332,23249,SHUTU,255,2
4333,23255,I,255,2
4334,23257,was,255,2
4335,23261,er,255,2
4336,23267,Shutu,255,2
4337,23273,flips,255,2
4338,23279,his,255,2
4339,23283,journal,255,2
4340,23291,open,255,2
4341,23297,It,255,2
4342,23300,is,255,2
4343,23303,full,255,2
4344,23308,of,255,2
4345,23311,random,255,2
4346,23318,scribbling,255,2
4347,23330,and,255,2
4348,23334,drawings,255,2
4349,23344,It,255,2
4350,23347,opens,255,2
4351,23353,on,255,2
4352,23356,a,255,2
4353,23358,page,255,2
4354,23363,where,255,2
4355,23369,Shutu,255,2
4356,23375,has,255,2
4357,23379,sketched,255,2
4358,23389,many,255,2
4359,23394,frogs,255,2
4360,23401,SHUTU,256,2
4361,23408,CONT,256,2
4362,23413,D,256,2
4363,23416,I,256,2
4364,23418,was,256,2
4365,23422,trying,256,2
4366,23429,to,256,2
4367,23432,draw,256,2
4368,23437,the,256,2
4369,23441,frog,256,2
4370,23447,see,256,2
4371,23453,Tani,256,2
4372,23458,gets,256,2
4373,23463,up,256,2
4374,23466,and,256,2
4375,23470,comes,256,2
4376,23476,over,256,2
4377,23481,to,256,2
4378,23484,the,256,2
4379,23488,desk,256,2
4380,23494,delighted,256,2
4381,23506,TANI,257,2
4382,23511,I,257,2
4383,23513,like,257,2
4384,23518,this,257,2
4385,23523,one,257,2
4386,23529,She,257,2
4387,23533,looks,257,2
4388,23539,at,257,2
4389,23542,a,257,2
4390,23544,few,257,2
4391,23548,other,257,2
4392,23554,drawings,257,2
4393,23564,TANI,258,2
4394,23570,CONT,258,2
4395,23575,D,258,2
4396,23578,What,258,2
4397,23583,s,258,2
4398,23585,this,258,2
4399,23591,She,258,2
4400,23595,points,258,2
4401,23602,to,258,2
4402,23605,a,258,2
4403,23607,list,258,2
4404,23612,of,258,2
4405,23615,words,258,2
4406,23622,all,258,2
4407,23626,starting,258,2
4408,23635,with,258,2
4409,23640,the,258,2
4410,23644,letter,258,2
4411,23653,E,259,2
4412,23657,SHUTU,260,2
4413,23663,Those,260,2
4414,23669,are,260,2
4415,23673,my,260,2
4416,23676,e,260,2
4417,23678,words,260,2
4418,23685,Words,260,2
4419,23691,I,260,2
4420,23693,like,260,2
4421,23699,that,260,2
4422,23704,start,260,2
4423,23710,with,260,2
4424,23716,E,260,2
4425,23720,Tani,260,2
4426,23725,starts,260,2
4427,23732,reading,260,2
4428,23740,the,260,2
4429,23744,words,260,2
4430,23750,aloud,260,2
4431,23756,as,260,2
4432,23759,we,260,2
4433,23762,pull,260,2
4434,23767,back,260,2
4435,23772,to,260,2
4436,23775,see,260,2
4437,23780,the,260,2
4438,23784,two,260,2
4439,23788,of,260,2
4440,23791,them,260,2
4441,23796,poring,260,2
4442,23803,over,260,2
4443,23808,the,260,2
4444,23812,notebook,260,2
4445,23821,together,260,2
4446,23830,in,260,2
4447,23833,a,260,2
4448,23835,quiet,260,2
4449,23842,corner,260,2
4450,23849,of,260,2
4451,23852,the,260,2
4452,23856,room,260,2
4453,23862,Tani,260,2
4454,23867,starts,260,2
4455,23874,reading,260,2
4456,23882,the,260,2
4457,23886,words,260,2
4458,23892,aloud,260,2
4459,23900,stumbling,260,2
4460,23910,over,260,2
4461,23915,the,260,2
4462,23919,pronunciations,260,2
4463,23935,We,260,2
4464,23938,can,260,2
4465,23942,hear,260,2
4466,23947,gentle,260,2
4467,23954,snoring,260,2
4468,23963,coming,260,2
4469,23970,from,260,2
4470,23975,one,260,2
4471,23979,of,260,2
4472,23982,the,260,2
4473,23986,bedrooms,260,2
4474,23996,TANI,261,2
4475,24001,Entropy,261,2
4476,24010,Ersatz,261,2
4477,24018,Ennui,261,2
4478,24027,CUT,262,2
4479,24031,TO,262,2
4480,24035,20,263,2
4481,24039,INT,264,2
4482,24044,LIVING,264,2
4483,24051,ROOM,264,2
4484,24057,NIGHT,264,2
4485,24063,31,264,2
4486,24066,31,264,2
4487,24069,Uncle,265,2
4488,24076,Aunty,265,2
4489,24083,Brian,265,2
4490,24089,and,265,2
4491,24093,Bonnie,265,2
4492,24100,are,265,2
4493,24104,playing,265,2
4494,24112,bluff,265,2
4495,24118,at,265,2
4496,24121,the,265,2
4497,24126,table,265,2
4498,24133,Tani,265,2
4499,24138,has,265,2
4500,24142,fallen,265,2
4501,24149,asleep,265,2
4502,24156,on,265,2
4503,24159,the,265,2
4504,24163,sofa,265,2
4505,24169,Vikram,265,2
4506,24177,Mimi,265,2
4507,24182,and,265,2
4508,24187,Nandu,265,2
4509,24193,are,265,2
4510,24197,drinking,265,2
4511,24206,and,265,2
4512,24210,chatting,265,2
4513,24220,Uncle,265,2
4514,24226,dramatically,265,2
4515,24239,puts,265,2
4516,24244,down,265,2
4517,24250,his,265,2
4518,24254,last,265,2
4519,24259,four,265,2
4520,24264,cards,265,2
4521,24271,UNCLE,266,2
4522,24277,4,266,2
4523,24279,kings,266,2
4524,24286,AUNTY,267,2
4525,24292,Arrey,267,2
4526,24299,What,267,2
4527,24304,do,267,2
4528,24307,you,267,2
4529,24311,mean,267,2
4530,24316,4,267,2
4531,24318,kings,267,2
4532,24325,BONNIE,268,2
4533,24332,You,268,2
4534,24336,just,268,2
4535,24341,put,268,2
4536,24345,down,268,2
4537,24350,4,268,2
4538,24352,kings,268,2
4539,24359,Ma,268,2
4540,24363,he,268,2
4541,24366,s,268,2
4542,24369,lying,268,2
4543,24376,He,268,2
4544,24379,s,268,2
4545,24381,lying,268,2
4546,24388,AUNTY,269,2
4547,24394,I,269,2
4548,24396,know,269,2
4549,24401,he,269,2
4550,24404,s,269,2
4551,24406,lying,269,2
4552,24413,Check,269,2
4553,24419,those,269,2
4554,24426,cards,269,2
4555,24433,Bonnie,269,2
4556,24440,goes,269,2
4557,24445,to,269,2
4558,24448,check,269,2
4559,24454,the,269,2
4560,24458,cards,269,2
4561,24466,UNCLE,270,2
4562,24472,You,270,2
4563,24476,can,270,2
4564,24480,t,270,2
4565,24482,touch,270,2
4566,24488,those,270,2
4567,24494,cards,270,2
4568,24501,Those,270,2
4569,24508,are,270,2
4570,24512,pass,270,2
4571,24517,cards,270,2
4572,24524,Challenge,270,2
4573,24534,karo,270,2
4574,24541,Utha,270,2
4575,24546,ke,270,2
4576,24549,dekh,270,2
4577,24554,lo,270,2
4578,24559,AUNTY,271,2
4579,24565,I,271,2
4580,24567,challenge,271,2
4581,24577,you,271,2
4582,24582,Challenge,271,2
4583,24594,BRIAN,272,2
4584,24600,Aunty,272,2
4585,24606,don,272,2
4586,24610,t,272,2
4587,24612,do,272,2
4588,24615,it,272,2
4589,24619,I,272,2
4590,24621,m,272,2
4591,24623,telling,272,2
4592,24631,you,272,2
4593,24636,Aunty,272,2
4594,24642,turns,272,2
4595,24648,over,272,2
4596,24653,the,272,2
4597,24657,cards,272,2
4598,24663,which,272,2
4599,24669,turn,272,2
4600,24674,out,272,2
4601,24678,to,272,2
4602,24681,be,272,2
4603,24684,4,272,2
4604,24686,kings,272,2
4605,24695,AUNTY,273,2
4606,24701,Well,273,2
4607,24707,at,273,2
4608,24710,least,273,2
4609,24716,I,273,2
4610,24718,didn,273,2
4611,24723,t,273,2
4612,24725,cheat,273,2
4613,24733,UNCLE,274,2
4614,24739,Who,274,2
4615,24743,s,274,2
4616,24745,cheating,274,2
4617,24755,I,274,2
4618,24757,never,274,2
4619,24763,cheat,274,2
4620,24771,AUNTY,275,2
4621,24777,Chalo,275,2
4622,24783,you,275,2
4623,24787,guys,275,2
4624,24792,carry,275,2
4625,24798,on,275,2
4626,24802,I,275,2
4627,24804,m,275,2
4628,24806,going,275,2
4629,24813,to,275,2
4630,24816,go,275,2
4631,24819,to,275,2
4632,24822,bed,275,2
4633,24826,now,275,2
4634,24831,Good,275,2
4635,24836,night,275,2
4636,24843,BONNIE,276,2
4637,24850,Good,276,2
4638,24855,night,276,2
4639,24861,Ma,276,2
4640,24865,Aunty,276,2
4641,24871,gets,276,2
4642,24876,up,276,2
4643,24879,to,276,2
4644,24882,go,276,2
4645,24886,Uncle,276,2
4646,24892,follows,276,2
4647,24902,BRIAN,277,2
4648,24908,See,277,2
4649,24912,you,277,2
4650,24916,at,277,2
4651,24919,lunch,277,2
4652,24925,tomorrow,277,2
4653,24935,Uncle,277,2
4654,24942,UNCLE,278,2
4655,24948,Yes,278,2
4656,24953,yes,278,2
4657,24958,Good,278,2
4658,24963,night,278,2
4659,24969,Dylan,278,2
4660,24976,21,278,2
4661,24980,Brian,278,2
4662,24986,reacts,278,2
4663,24994,mildly,278,2
4664,25001,amused,278,2
4665,25008,at,278,2
4666,25011,Uncle,278,2
4667,25018,Bonnie,278,2
4668,25025,gets,278,2
4669,25030,up,278,2
4670,25033,to,278,2
4671,25036,pick,278,2
4672,25042,up,278,2
4673,25045,the,278,2
4674,25049,sleeping,278,2
4675,25058,Tani,278,2
4676,25064,Seeing,278,2
4677,25071,them,278,2
4678,25076,Vikram,278,2
4679,25083,takes,278,2
4680,25089,his,278,2
4681,25093,cue,278,2
4682,25097,to,278,2
4683,25101,leave,278,2
4684,25108,VIKRAM,279,2
4685,25115,We,279,2
4686,25118,should,279,2
4687,25125,also,279,2
4688,25130,be,279,2
4689,25133,heading,279,2
4690,25141,out,279,2
4691,25145,now,279,2
4692,25150,MIMI,280,2
4693,25155,Arrey,280,2
4694,25161,it,280,2
4695,25164,s,280,2
4696,25166,only,280,2
4697,25171,10,280,2
4698,25174,30,280,2
4699,25180,BONNIE,281,2
4700,25188,Don,281,2
4701,25192,t,281,2
4702,25194,you,281,2
4703,25198,guys,281,2
4704,25203,dare,281,2
4705,25208,go,281,2
4706,25211,anywhere,281,2
4707,25222,I,281,2
4708,25224,m,281,2
4709,25226,just,281,2
4710,25231,putting,281,2
4711,25239,Tani,281,2
4712,25244,to,281,2
4713,25247,bed,281,2
4714,25251,and,281,2
4715,25256,coming,281,2
4716,25263,back,281,2
4717,25269,Bonnie,281,2
4718,25276,exits,281,2
4719,25282,carrying,281,2
4720,25291,the,281,2
4721,25295,sleeping,281,2
4722,25304,child,281,2
4723,25311,VIKRAM,282,2
4724,25318,Fine,282,2
4725,25324,Give,282,2
4726,25329,me,282,2
4727,25332,another,282,2
4728,25340,drink,282,2
4729,25346,in,282,2
4730,25349,that,282,2
4731,25355,case,282,2
4732,25362,Mimi,282,2
4733,25367,gladly,282,2
4734,25374,gets,282,2
4735,25379,up,282,2
4736,25382,to,282,2
4737,25385,make,282,2
4738,25390,Vikram,282,2
4739,25397,another,282,2
4740,25405,drink,282,2
4741,25412,CUT,283,2
4742,25416,TO,283,2
4743,25420,INT,284,2
4744,25425,BONNIE,284,2
4745,25432,S,284,2
4746,25434,BEDROOM,284,2
4747,25443,NIGHT32,284,2
4748,25451,32,284,2
4749,25454,As,285,2
4750,25457,Bonnie,285,2
4751,25464,puts,285,2
4752,25469,Tani,285,2
4753,25474,down,285,2
4754,25479,on,285,2
4755,25482,her,285,2
4756,25486,bed,285,2
4757,25491,she,285,2
4758,25495,wakes,285,2
4759,25501,up,285,2
4760,25505,BONNIE,286,2
4761,25513,Shh,286,2
4762,25520,Go,286,2
4763,25523,back,286,2
4764,25528,to,286,2
4765,25531,sleep,286,2
4766,25538,TANI,287,2
4767,25543,Mama,287,2
4768,25549,don,287,2
4769,25553,t,287,2
4770,25555,go,287,2
4771,25559,Don,287,2
4772,25563,t,287,2
4773,25565,leave,287,2
4774,25571,me,287,2
4775,25575,Bonnie,287,2
4776,25582,sits,287,2
4777,25587,down,287,2
4778,25592,next,287,2
4779,25597,to,287,2
4780,25600,her,287,2
4781,25604,and,287,2
4782,25608,strokes,287,2
4783,25616,her,287,2
4784,25620,hair,287,2
4785,25626,BONNIE,288,2
4786,25634,Come,288,2
4787,25639,on,288,2
4788,25643,you,288,2
4789,25647,re,288,2
4790,25650,almost,288,2
4791,25657,7,288,2
4792,25659,years,288,2
4793,25665,old,288,2
4794,25671,Big,288,2
4795,25675,girl,288,2
4796,25681,TANI,289,2
4797,25691,Clinging,289,2
4798,25700,to,289,2
4799,25703,Bonnie,289,2
4800,25710,s,289,2
4801,25712,neck,289,2
4802,25718,No,289,2
4803,25722,no,289,2
4804,25726,I,289,2
4805,25728,m,289,2
4806,25730,not,289,2
4807,25734,big,289,2
4808,25739,BONNIE,290,2
4809,25747,But,290,2
4810,25751,you,290,2
4811,25755,re,290,2
4812,25758,so,290,2
4813,25761,brave,290,2
4814,25767,at,290,2
4815,25770,home,290,2
4816,25776,What,290,2
4817,25782,are,290,2
4818,25786,you,290,2
4819,25790,so,290,2
4820,25793,scared,290,2
4821,25800,of,290,2
4822,25804,TANI,291,2
4823,25810,looks,291,2
4824,25816,at,291,2
4825,25819,the,291,2
4826,25823,window,291,2
4827,25831,That,291,2
4828,25836,window,291,2
4829,25844,CUT,292,2
4830,25848,TO,292,2
4831,25852,22,293,2
4832,25856,EXT,294,2
4833,25861,OUTSIDE,294,2
4834,25869,THE,294,2
4835,25873,WINDOW,294,2
4836,25881,NIGHT33,294,2
4837,25889,33,294,2
4838,25892,Shutu,295,2
4839,25898,is,295,2
4840,25901,out,295,2
4841,25905,for,295,2
4842,25909,a,295,2
4843,25911,cigarette,295,2
4844,25922,From,295,2
4845,25927,his,295,2
4846,25931,POV,295,2
4847,25935,we,295,2
4848,25938,see,295,2
4849,25942,Bonnie,295,2
4850,25949,as,295,2
4851,25953,she,295,2
4852,25957,walks,295,2
4853,25963,over,295,2
4854,25968,to,295,2
4855,25971,the,295,2
4856,25975,window,295,2
4857,25982,to,295,2
4858,25985,close,295,2
4859,25991,the,295,2
4860,25995,curtains,295,2
4861,26006,BONNIE,296,2
4862,26015,muffled,296,2
4863,26024,See,296,2
4864,26029,I,296,2
4865,26031,m,296,2
4866,26033,drawing,296,2
4867,26041,the,296,2
4868,26045,curtains,296,2
4869,26056,Better,296,2
4870,26064,CUT,297,2
4871,26068,TO,297,2
4872,26072,INT,298,2
4873,26077,LIVING,298,2
4874,26084,ROOM,298,2
4875,26090,NIGHT,298,2
4876,26096,34,298,2
4877,26099,34,298,2
4878,26102,Vikram,299,2
4879,26109,is,299,2
4880,26112,in,299,2
4881,26115,the,299,2
4882,26119,midst,299,2
4883,26125,of,299,2
4884,26128,an,299,2
4885,26131,anecdote,299,2
4886,26140,with,299,2
4887,26145,the,299,2
4888,26149,others,299,2
4889,26156,cosily,299,2
4890,26164,sitting,299,2
4891,26172,around,299,2
4892,26179,the,299,2
4893,26183,coffee,299,2
4894,26190,table,299,2
4895,26197,the,299,2
4896,26201,fire,299,2
4897,26206,lit,299,2
4898,26210,behind,299,2
4899,26217,them,299,2
4900,26224,Mimi,299,2
4901,26229,has,299,2
4902,26233,a,299,2
4903,26235,shawl,299,2
4904,26241,wrapped,299,2
4905,26249,around,299,2
4906,26256,and,299,2
4907,26260,her,299,2
4908,26264,hair,299,2
4909,26269,falls,299,2
4910,26275,loosely,299,2
4911,26284,over,299,2
4912,26289,her,299,2
4913,26293,shoulders,299,2
4914,26304,She,299,2
4915,26308,sits,299,2
4916,26313,cross,299,2
4917,26319,legged,299,2
4918,26326,on,299,2
4919,26329,the,299,2
4920,26333,carpeted,299,2
4921,26343,floor,299,2
4922,26350,Shutu,299,2
4923,26357,also,299,2
4924,26362,sits,299,2
4925,26367,on,299,2
4926,26370,the,299,2
4927,26374,floor,299,2
4928,26380,and,299,2
4929,26384,stares,299,2
4930,26391,at,299,2
4931,26394,Vikram,299,2
4932,26402,with,299,2
4933,26407,wide,299,2
4934,26412,eyed,299,2
4935,26417,concentration,299,2
4936,26433,VIKRAM,300,2
4937,26441,I,300,2
4938,26443,swear,300,2
4939,26450,it,300,2
4940,26453,was,300,2
4941,26457,a,300,2
4942,26459,table,300,2
4943,26465,like,300,2
4944,26470,this,300,2
4945,26476,one,300,2
4946,26481,It,300,2
4947,26484,just,300,2
4948,26489,went,300,2
4949,26494,off,300,2
4950,26498,the,300,2
4951,26502,ground,300,2
4952,26511,Like,300,2
4953,26516,so,300,2
4954,26519,much,300,2
4955,26525,Demonstrates,300,2
4956,26538,with,300,2
4957,26543,his,300,2
4958,26548,hands,300,2
4959,26556,NANDU,301,2
4960,26562,Balls,301,2
4961,26569,How,301,2
4962,26573,do,301,2
4963,26576,you,301,2
4964,26580,know,301,2
4965,26585,someone,301,2
4966,26594,wasn,301,2
4967,26599,t,301,2
4968,26601,lifting,301,2
4969,26609,it,301,2
4970,26612,with,301,2
4971,26617,their,301,2
4972,26623,knees,301,2
4973,26630,BRIAN,302,2
4974,26636,Even,302,2
4975,26641,I,302,2
4976,26643,was,302,2
4977,26647,there,302,2
4978,26654,No,302,2
4979,26657,one,302,2
4980,26661,was,302,2
4981,26666,lifting,302,2
4982,26674,it,302,2
4983,26677,for,302,2
4984,26681,Christ,302,2
4985,26688,s,302,2
4986,26690,sake,302,2
4987,26696,BONNIE,303,2
4988,26705,Walking,303,2
4989,26713,into,303,2
4990,26718,the,303,2
4991,26722,room,303,2
4992,26729,interrupting,303,2
4993,26743,Who,303,2
4994,26748,Who,303,2
4995,26753,What,303,2
4996,26758,happened,303,2
4997,26768,MIMI,304,2
4998,26773,So,304,2
4999,26776,you,304,2
5000,26780,re,304,2
5001,26783,saying,304,2
5002,26790,that,304,2
5003,26795,your,304,2
5004,26801,neighbor,304,2
5005,26811,Uncle,304,2
5006,26817,Harris,304,2
5007,26825,re,304,2
5008,26829,established,304,2
5009,26841,contact,304,2
5010,26849,with,304,2
5011,26854,the,304,2
5012,26858,living,304,2
5013,26866,world,304,2
5014,26872,as,304,2
5015,26875,a,304,2
5016,26877,wooden,304,2
5017,26884,table,304,2
5018,26892,VIKRAM,305,2
5019,26899,Well,305,2
5020,26905,Mrs,305,2
5021,26910,Harris,305,2
5022,26917,continues,305,2
5023,26927,to,305,2
5024,26931,believe,305,2
5025,26939,that,305,2
5026,26945,The,305,2
5027,26949,other,305,2
5028,26955,day,305,2
5029,26959,she,305,2
5030,26964,asked,305,2
5031,26970,if,305,2
5032,26973,I,305,2
5033,26975,d,305,2
5034,26977,like,305,2
5035,26982,to,305,2
5036,26985,join,305,2
5037,26991,them,305,2
5038,26998,for,305,2
5039,27002,tea,305,2
5040,27007,BONNIE,306,2
5041,27015,Are,306,2
5042,27019,you,306,2
5043,27023,serious,306,2
5044,27032,She,306,2
5045,27036,and,306,2
5046,27040,her,306,2
5047,27044,dead,306,2
5048,27050,husband,306,2
5049,27059,Everyone,306,2
5050,27068,laughs,306,2
5051,27076,23,306,2
5052,27080,BRIAN,307,2
5053,27086,But,307,2
5054,27090,it,307,2
5055,27093,s,307,2
5056,27095,true,307,2
5057,27101,These,307,2
5058,27107,things,307,2
5059,27115,happen,307,2
5060,27125,Sometimes,307,2
5061,27135,spirits,307,2
5062,27143,inhabit,307,2
5063,27152,people,307,2
5064,27159,or,307,2
5065,27162,objects,307,2
5066,27170,and,307,2
5067,27174,just,307,2
5068,27179,never,307,2
5069,27186,ever,307,2
5070,27191,leave,307,2
5071,27201,SHUTU,308,2
5072,27207,Why,308,2
5073,27211,would,308,2
5074,27217,they,308,2
5075,27222,come,308,2
5076,27227,back,308,2
5077,27232,at,308,2
5078,27235,all,308,2
5079,27240,VIKRAM,309,2
5080,27248,Looks,309,2
5081,27254,at,309,2
5082,27257,Shutu,309,2
5083,27263,teasingly,309,2
5084,27274,Unfinished,309,2
5085,27285,business,309,2
5086,27295,I,309,2
5087,27297,guess,309,2
5088,27305,MIMI,310,2
5089,27310,Okay,310,2
5090,27315,okay,310,2
5091,27321,Let,310,2
5092,27325,s,310,2
5093,27327,just,310,2
5094,27332,start,310,2
5095,27338,now,310,2
5096,27344,Nandu,310,2
5097,27351,come,310,2
5098,27356,sit,310,2
5099,27360,down,310,2
5100,27365,here,310,2
5101,27372,Mimi,310,2
5102,27377,pats,310,2
5103,27382,the,310,2
5104,27386,carpet,310,2
5105,27393,next,310,2
5106,27398,to,310,2
5107,27401,her,310,2
5108,27406,Nandu,310,2
5109,27412,looks,310,2
5110,27418,at,310,2
5111,27421,her,310,2
5112,27425,from,310,2
5113,27430,his,310,2
5114,27435,arm,310,2
5115,27439,chair,310,2
5116,27445,but,310,2
5117,27449,doesn,310,2
5118,27455,t,310,2
5119,27457,budge,310,2
5120,27465,BRIAN,311,2
5121,27471,Oh,311,2
5122,27474,no,311,2
5123,27477,let,311,2
5124,27481,s,311,2
5125,27483,not,311,2
5126,27488,I,311,2
5127,27490,have,311,2
5128,27495,to,311,2
5129,27498,go,311,2
5130,27501,back,311,2
5131,27507,and,311,2
5132,27511,sleep,311,2
5133,27517,alone,311,2
5134,27525,VIKRAM,312,2
5135,27532,You,312,2
5136,27536,sleep,312,2
5137,27542,with,312,2
5138,27547,your,312,2
5139,27552,mother,312,2
5140,27559,tonight,312,2
5141,27569,BONNIE,313,2
5142,27576,Do,313,2
5143,27579,we,313,2
5144,27582,have,313,2
5145,27587,to,313,2
5146,27590,make,313,2
5147,27595,a,313,2
5148,27597,chart,313,2
5149,27603,with,313,2
5150,27608,ABC,313,2
5151,27613,and,313,2
5152,27617,all,313,2
5153,27622,BRIAN,314,2
5154,27628,You,314,2
5155,27632,can,314,2
5156,27636,do,314,2
5157,27639,it,314,2
5158,27642,through,314,2
5159,27650,a,314,2
5160,27652,medium,314,2
5161,27659,also,314,2
5162,27665,na,314,2
5163,27669,Like,314,2
5164,27674,in,314,2
5165,27677,Exorcist,314,2
5166,27689,BONNIE,315,2
5167,27697,Fuck,315,2
5168,27705,That,315,2
5169,27710,movie,315,2
5170,27720,VIKRAM,316,2
5171,27728,Interrupting,316,2
5172,27742,Okay,316,2
5173,27747,okay,316,2
5174,27755,but,316,2
5175,27759,who,316,2
5176,27763,are,316,2
5177,27767,we,316,2
5178,27770,calling,316,2
5179,27779,tonight,316,2
5180,27789,NANDU,317,2
5181,27795,Ya,317,2
5182,27799,because,317,2
5183,27807,I,317,2
5184,27809,m,317,2
5185,27811,not,317,2
5186,27815,doing,317,2
5187,27821,a,317,2
5188,27824,planchet,317,2
5189,27833,for,317,2
5190,27837,just,317,2
5191,27842,anyone,317,2
5192,27851,BONNIE,318,2
5193,27859,Should,318,2
5194,27866,we,318,2
5195,27869,call,318,2
5196,27874,Elvis,318,2
5197,27882,NANDU,319,2
5198,27888,Are,319,2
5199,27892,we,319,2
5200,27895,even,319,2
5201,27900,sure,319,2
5202,27905,he,319,2
5203,27908,s,319,2
5204,27910,really,319,2
5205,27917,dead,319,2
5206,27923,VIKRAM,320,2
5207,27930,Arrey,320,2
5208,27936,let,320,2
5209,27940,s,320,2
5210,27942,call,320,2
5211,27947,someone,320,2
5212,27955,closer,320,2
5213,27963,home,320,2
5214,27968,man,320,2
5215,27974,24,320,2
5216,27978,NANDU,321,2
5217,27984,Okay,321,2
5218,27990,Nehru,321,2
5219,27996,then,321,2
5220,28002,MIMI,322,2
5221,28008,Ya,322,2
5222,28012,Nehru,322,2
5223,28018,really,322,2
5224,28025,needs,322,2
5225,28031,to,322,2
5226,28034,have,322,2
5227,28039,a,322,2
5228,28042,chat,322,2
5229,28047,with,322,2
5230,28052,his,322,2
5231,28056,daughter,322,2
5232,28066,Everyone,322,2
5233,28075,breaks,322,2
5234,28082,into,322,2
5235,28087,laughter,322,2
5236,28096,except,322,2
5237,28103,Shutu,322,2
5238,28110,Shutu,322,2
5239,28116,looks,322,2
5240,28123,uneasy,322,2
5241,28131,VIKRAM,323,2
5242,28138,Okay,323,2
5243,28144,so,323,2
5244,28147,who,323,2
5245,28151,will,323,2
5246,28156,be,323,2
5247,28159,the,323,2
5248,28163,medium,323,2
5249,28171,Everyone,323,2
5250,28180,looks,323,2
5251,28186,expectantly,323,2
5252,28198,at,323,2
5253,28201,each,323,2
5254,28206,other,323,2
5255,28213,Vikram,323,2
5256,28220,looks,323,2
5257,28226,around,323,2
5258,28234,but,323,2
5259,28238,his,323,2
5260,28242,gaze,323,2
5261,28247,stops,323,2
5262,28253,at,323,2
5263,28256,Shutu,323,2
5264,28263,With,323,2
5265,28268,him,323,2
5266,28273,everyone,323,2
5267,28282,looks,323,2
5268,28288,at,323,2
5269,28292,Shutu,323,2
5270,28299,Shutu,323,2
5271,28305,feels,323,2
5272,28311,everyone,323,2
5273,28320,s,323,2
5274,28322,gaze,323,2
5275,28327,upon,323,2
5276,28332,him,323,2
5277,28337,Looks,323,2
5278,28344,uncomfortable,323,2
5279,28358,and,323,2
5280,28362,laughs,323,2
5281,28369,nervously,323,2
5282,28381,SHUTU,324,2
5283,28387,No,324,2
5284,28391,no,324,2
5285,28394,I,324,2
5286,28396,don,324,2
5287,28400,t,324,2
5288,28402,want,324,2
5289,28407,to,324,2
5290,28410,take,324,2
5291,28415,part,324,2
5292,28420,in,324,2
5293,28424,all,324,2
5294,28428,this,324,2
5295,28434,BRIAN,325,2
5296,28440,Chal,325,2
5297,28446,ok,325,2
5298,28449,you,325,2
5299,28453,don,325,2
5300,28457,t,325,2
5301,28459,have,325,2
5302,28464,to,325,2
5303,28467,be,325,2
5304,28470,a,325,2
5305,28473,medium,325,2
5306,28483,BONNIE,326,2
5307,28491,Shutuuu,326,2
5308,28502,Why,326,2
5309,28508,SHUTU,327,2
5310,28515,hesitant,327,2
5311,28525,No,327,2
5312,28528,no,327,2
5313,28531,it,327,2
5314,28537,I,327,2
5315,28539,believe,327,2
5316,28547,it,327,2
5317,28550,causes,327,2
5318,28558,them,327,2
5319,28563,a,327,2
5320,28565,lot,327,2
5321,28569,of,327,2
5322,28572,pain,327,2
5323,28577,or,327,2
5324,28580,something,327,2
5325,28592,The,327,2
5326,28596,others,327,2
5327,28603,laugh,327,2
5328,28610,Vikram,327,2
5329,28617,and,327,2
5330,28621,Nandu,327,2
5331,28627,exchange,327,2
5332,28636,a,327,2
5333,28638,look,327,2
5334,28644,BRIAN,328,2
5335,28650,But,328,2
5336,28654,they,328,2
5337,28659,re,328,2
5338,28662,dead,328,2
5339,28667,ya,328,2
5340,28671,How,328,2
5341,28675,can,328,2
5342,28679,they,328,2
5343,28685,feel,328,2
5344,28690,pain,328,2
5345,28696,SHUTU,329,2
5346,28703,While,329,2
5347,28709,getting,329,2
5348,28717,up,329,2
5349,28721,You,329,2
5350,28725,all,329,2
5351,28729,carry,329,2
5352,28735,on,329,2
5353,28738,I,329,2
5354,28740,m,329,2
5355,28742,going,329,2
5356,28749,I,329,2
5357,28751,m,329,2
5358,28754,quite,329,2
5359,28760,sleepy,329,2
5360,28770,VIKRAM,330,2
5361,28777,Sleepy,330,2
5362,28787,or,330,2
5363,28790,scared,330,2
5364,28798,SHUTU,331,2
5365,28804,No,331,2
5366,28808,no,331,2
5367,28812,Nothing,331,2
5368,28820,like,331,2
5369,28825,that,331,2
5370,28834,MIMI,332,2
5371,28839,Come,332,2
5372,28844,on,332,2
5373,28847,Shutu,332,2
5374,28854,Grow,332,2
5375,28859,up,332,2
5376,28864,Shutu,332,2
5377,28870,smiles,332,2
5378,28877,and,332,2
5379,28881,sits,332,2
5380,28886,back,332,2
5381,28891,down,332,2
5382,28896,reluctantly,332,2
5383,28911,25,332,2
5384,28915,BRIAN,333,2
5385,28921,But,333,2
5386,28925,wait,333,2
5387,28931,do,333,2
5388,28934,we,333,2
5389,28937,have,333,2
5390,28942,to,333,2
5391,28945,make,333,2
5392,28950,a,333,2
5393,28953,chart,333,2
5394,28959,and,333,2
5395,28963,all,333,2
5396,28967,now,333,2
5397,28973,VIKRAM,334,2
5398,28981,Clearing,334,2
5399,28990,the,334,2
5400,28994,table,334,2
5401,29001,No,334,2
5402,29005,we,334,2
5403,29008,ll,334,2
5404,29011,do,334,2
5405,29014,it,334,2
5406,29017,like,334,2
5407,29022,this,334,2
5408,29028,Let,334,2
5409,29032,s,334,2
5410,29035,all,334,2
5411,29039,hold,334,2
5412,29044,hands,334,2
5413,29052,Everyone,334,2
5414,29061,sits,334,2
5415,29066,around,334,2
5416,29073,the,334,2
5417,29077,coffee,334,2
5418,29084,table,334,2
5419,29090,and,334,2
5420,29094,holds,334,2
5421,29100,hands,334,2
5422,29107,BONNIE,335,2
5423,29115,Okay,335,2
5424,29121,Eyes,335,2
5425,29126,closed,335,2
5426,29134,Eyes,335,2
5427,29139,closed,335,2
5428,29148,There,335,2
5429,29154,are,335,2
5430,29158,some,335,2
5431,29163,muffled,335,2
5432,29171,giggles,335,2
5433,29179,and,335,2
5434,29183,whispers,335,2
5435,29194,VIKRAM,336,2
5436,29201,Shhh,336,2
5437,29208,Clears,336,2
5438,29215,his,336,2
5439,29219,throat,336,2
5440,29227,after,336,2
5441,29234,a,336,2
5442,29236,few,336,2
5443,29240,moments,336,2
5444,29249,Panditiji,336,2
5445,29260,are,336,2
5446,29264,you,336,2
5447,29268,here,336,2
5448,29275,Everyone,336,2
5449,29284,breaks,336,2
5450,29291,into,336,2
5451,29296,giggles,336,2
5452,29304,which,336,2
5453,29310,is,336,2
5454,29313,interrupted,336,2
5455,29325,by,336,2
5456,29328,a,336,2
5457,29330,sudden,336,2
5458,29338,sound,336,2
5459,29345,Everybody,336,2
5460,29355,startles,336,2
5461,29364,and,336,2
5462,29368,looks,336,2
5463,29374,at,336,2
5464,29377,the,336,2
5465,29381,door,336,2
5466,29387,The,336,2
5467,29391,main,336,2
5468,29397,door,336,2
5469,29402,is,336,2
5470,29405,opened,336,2
5471,29412,from,336,2
5472,29417,outside,336,2
5473,29426,Maniya,336,2
5474,29433,walks,336,2
5475,29439,in,336,2
5476,29442,with,336,2
5477,29447,some,336,2
5478,29453,firewood,336,2
5479,29463,He,336,2
5480,29466,is,336,2
5481,29469,surprised,336,2
5482,29479,to,336,2
5483,29482,find,336,2
5484,29487,everyone,336,2
5485,29496,s,336,2
5486,29498,gaze,336,2
5487,29503,on,336,2
5488,29506,him,336,2
5489,29514,NANDU,337,2
5490,29520,Oh,337,2
5491,29523,Maniya,337,2
5492,29533,MANIYA,338,2
5493,29540,Sahab,338,2
5494,29547,gate,338,2
5495,29552,bandh,338,2
5496,29558,kardein,338,2
5497,29568,NANDU,339,2
5498,29574,Chaabi,339,2
5499,29581,rakh,339,2
5500,29586,do,339,2
5501,29590,hum,339,2
5502,29594,kar,339,2
5503,29598,lenge,339,2
5504,29606,VIKRAM,340,2
5505,29613,Aur,340,2
5506,29617,Maniya,340,2
5507,29625,mombatti,340,2
5508,29634,leke,340,2
5509,29639,aao,340,2
5510,29645,Maniya,340,2
5511,29652,exits,340,2
5512,29658,from,340,2
5513,29663,the,340,2
5514,29667,back,340,2
5515,29672,corridor,340,2
5516,29683,BONNIE,341,2
5517,29691,Mombatti,341,2
5518,29701,VIKRAM,342,2
5519,29708,If,342,2
5520,29711,we,342,2
5521,29714,re,342,2
5522,29717,doing,342,2
5523,29723,this,342,2
5524,29729,let,342,2
5525,29733,s,342,2
5526,29735,do,342,2
5527,29738,this,342,2
5528,29744,right,342,2
5529,29751,Put,342,2
5530,29755,off,342,2
5531,29759,the,342,2
5532,29763,big,342,2
5533,29767,light,342,2
5534,29773,and,342,2
5535,29778,let,342,2
5536,29782,s,342,2
5537,29784,sit,342,2
5538,29788,around,342,2
5539,29795,the,342,2
5540,29799,dining,342,2
5541,29806,table,342,2
5542,29814,NANDU,343,2
5543,29820,Hang,343,2
5544,29825,on,343,2
5545,29829,Let,343,2
5546,29833,s,343,2
5547,29835,get,343,2
5548,29839,our,343,2
5549,29843,refills,343,2
5550,29852,before,343,2
5551,29859,starting,343,2
5552,29869,Nandu,343,2
5553,29876,Mimi,343,2
5554,29881,and,343,2
5555,29885,Vikram,343,2
5556,29892,go,343,2
5557,29895,to,343,2
5558,29898,the,343,2
5559,29902,bar,343,2
5560,29907,Bonnie,343,2
5561,29914,and,343,2
5562,29918,Brian,343,2
5563,29924,move,343,2
5564,29930,to,343,2
5565,29933,the,343,2
5566,29937,dining,343,2
5567,29944,table,343,2
5568,29951,Shutu,343,2
5569,29957,doesn,343,2
5570,29963,t,343,2
5571,29965,move,343,2
5572,29970,from,343,2
5573,29975,the,343,2
5574,29979,sofa,343,2
5575,29986,BONNIE,344,2
5576,29995,O,344,2
5577,29997,C,344,2
5578,30000,Shutu,344,2
5579,30007,come,344,2
5580,30012,na,344,2
5581,30016,Pull,344,2
5582,30021,up,344,2
5583,30024,that,344,2
5584,30029,stool,344,2
5585,30036,26,344,2
5586,30040,BRIAN,345,2
5587,30046,Come,345,2
5588,30051,on,345,2
5589,30054,guys,345,2
5590,30060,Hurry,345,2
5591,30066,up,345,2
5592,30070,Maniya,345,2
5593,30077,lights,345,2
5594,30084,the,345,2
5595,30088,candle,345,2
5596,30095,at,345,2
5597,30098,the,345,2
5598,30102,table,345,2
5599,30109,Vikram,345,2
5600,30116,is,345,2
5601,30119,doing,345,2
5602,30126,something,345,2
5603,30136,at,345,2
5604,30139,the,345,2
5605,30143,bar,345,2
5606,30149,VIKRAM,346,2
5607,30157,Whispering,346,2
5608,30168,to,346,2
5609,30171,Nandu,346,2
5610,30177,and,346,2
5611,30181,Mimi,346,2
5612,30187,You,346,2
5613,30191,guys,346,2
5614,30196,sit,346,2
5615,30201,I,346,2
5616,30203,m,346,2
5617,30205,coming,346,2
5618,30214,Nandu,346,2
5619,30220,and,346,2
5620,30224,Mimi,346,2
5621,30229,walk,346,2
5622,30234,towards,346,2
5623,30242,the,346,2
5624,30246,dining,346,2
5625,30253,table,346,2
5626,30260,drinks,346,2
5627,30267,in,346,2
5628,30270,hand,346,2
5629,30277,Maniya,346,2
5630,30284,walks,346,2
5631,30290,in,346,2
5632,30293,with,346,2
5633,30298,the,346,2
5634,30302,candles,346,2
5635,30311,Vikram,346,2
5636,30318,comes,346,2
5637,30324,and,346,2
5638,30328,sits,346,2
5639,30333,at,346,2
5640,30337,the,346,2
5641,30341,table,346,2
5642,30347,as,346,2
5643,30350,Maniya,346,2
5644,30357,lights,346,2
5645,30364,the,346,2
5646,30368,last,346,2
5647,30373,candle,346,2
5648,30380,and,346,2
5649,30384,leaves,346,2
5650,30394,VIKRAM,347,2
5651,30402,CONT,347,2
5652,30407,D,347,2
5653,30410,Maniya,347,2
5654,30418,woh,347,2
5655,30422,light,347,2
5656,30428,off,347,2
5657,30432,kardo,347,2
5658,30440,Maniya,347,2
5659,30447,raises,347,2
5660,30454,his,347,2
5661,30458,hand,347,2
5662,30463,to,347,2
5663,30466,switch,347,2
5664,30473,off,347,2
5665,30477,the,347,2
5666,30481,light,347,2
5667,30487,and,347,2
5668,30491,looks,347,2
5669,30497,over,347,2
5670,30503,his,347,2
5671,30507,shoulder,347,2
5672,30517,From,347,2
5673,30522,Maniya,347,2
5674,30529,s,347,2
5675,30531,POV,347,2
5676,30536,Everyone,347,2
5677,30545,is,347,2
5678,30548,settling,347,2
5679,30557,down,347,2
5680,30564,holding,347,2
5681,30572,hands,347,2
5682,30578,around,347,2
5683,30585,the,347,2
5684,30589,table,347,2
5685,30596,Their,347,2
5686,30602,faces,347,2
5687,30608,only,347,2
5688,30613,visible,347,2
5689,30621,in,347,2
5690,30625,the,347,2
5691,30629,dim,347,2
5692,30633,candle,347,2
5693,30640,light,347,2
5694,30646,as,347,2
5695,30649,Maniya,347,2
5696,30656,switches,347,2
5697,30665,off,347,2
5698,30669,the,347,2
5699,30673,light,347,2
5700,30682,CUT,348,2
5701,30686,TO,348,2
5702,30690,EXT,349,2
5703,30695,BACKYARD,349,2
5704,30705,NIGHT35,349,2
5705,30713,35,349,2
5706,30716,Maniya,350,2
5707,30723,makes,350,2
5708,30729,his,350,2
5709,30733,way,350,2
5710,30737,though,350,2
5711,30744,a,350,2
5712,30746,dirt,350,2
5713,30751,track,350,2
5714,30757,leading,350,2
5715,30765,to,350,2
5716,30768,his,350,2
5717,30772,hut,350,2
5718,30778,The,350,2
5719,30782,torchlight,350,2
5720,30793,illuminates,350,2
5721,30805,the,350,2
5722,30809,path,350,2
5723,30814,in,350,2
5724,30817,flashes,350,2
5725,30826,glimpses,350,2
5726,30835,of,350,2
5727,30839,the,350,2
5728,30843,backyard,350,2
5729,30853,a,350,2
5730,30855,mound,350,2
5731,30861,of,350,2
5732,30864,cement,350,2
5733,30871,and,350,2
5734,30875,a,350,2
5735,30877,few,350,2
5736,30881,bricks,350,2
5737,30888,in,350,2
5738,30891,a,350,2
5739,30893,corner,350,2
5740,30902,dense,350,2
5741,30908,forest,350,2
5742,30915,cover,350,2
5743,30921,beyond,350,2
5744,30929,The,350,2
5745,30933,sound,350,2
5746,30939,of,350,2
5747,30942,cicadas,350,2
5748,30950,grows,350,2
5749,30957,gradually,350,2
5750,30967,as,350,2
5751,30970,he,350,2
5752,30973,reaches,350,2
5753,30981,his,350,2
5754,30985,hut,350,2
5755,30990,CUT,351,2
5756,30994,TO,351,2
5757,30998,INT,352,2
5758,31003,MANIYA,352,2
5759,31010,S,352,2
5760,31012,HUT,352,2
5761,31017,NIGHT,352,2
5762,31023,36,352,2
5763,31026,36,352,2
5764,31029,Manjari,353,2
5765,31037,has,353,2
5766,31041,worn,353,2
5767,31046,a,353,2
5768,31048,bright,353,2
5769,31055,sari,353,2
5770,31060,and,353,2
5771,31064,is,353,2
5772,31067,putting,353,2
5773,31075,flowers,353,2
5774,31083,in,353,2
5775,31086,her,353,2
5776,31091,hair,353,2
5777,31097,Maniya,353,2
5778,31104,switches,353,2
5779,31113,off,353,2
5780,31117,the,353,2
5781,31121,torch,353,2
5782,31127,in,353,2
5783,31130,the,353,2
5784,31134,hut,353,2
5785,31138,that,353,2
5786,31143,is,353,2
5787,31146,dimly,353,2
5788,31153,lit,353,2
5789,31157,by,353,2
5790,31160,a,353,2
5791,31162,kerosene,353,2
5792,31171,lamp,353,2
5793,31178,MANJARI,354,2
5794,31186,Sab,354,2
5795,31190,sueet,354,2
5796,31196,gele,354,2
5797,31201,hai,354,2
5798,31206,MANIYA,355,2
5799,31214,while,355,2
5800,31220,locking,355,2
5801,31228,his,355,2
5802,31232,door,355,2
5803,31238,Kaha,355,2
5804,31243,sutle,355,2
5805,31252,Daaru,355,2
5806,31258,piyat,355,2
5807,31264,hain,355,2
5808,31271,Bhoot,355,2
5809,31277,bulawat,355,2
5810,31285,hain,355,2
5811,31292,CUT,356,2
5812,31296,TO,356,2
5813,31300,INT,357,3
5814,31305,BUNGALOW,357,3
5815,31316,DINING,357,3
5816,31323,ROOM,357,3
5817,31329,NIGHT,357,3
5818,31335,37,357,3
5819,31338,37,357,3
5820,31341,Everyone,358,3
5821,31350,is,358,3
5822,31353,seated,358,3
5823,31360,around,358,3
5824,31367,the,358,3
5825,31371,dining,358,3
5826,31378,table,358,3
5827,31385,their,358,3
5828,31391,grim,358,3
5829,31396,and,358,3
5830,31401,serious,358,3
5831,31409,faces,358,3
5832,31415,illuminated,358,3
5833,31427,only,358,3
5834,31432,by,358,3
5835,31435,candle,358,3
5836,31442,light,358,3
5837,31450,27,358,3
5838,31454,Everyone,358,3
5839,31463,s,358,3
5840,31465,eyes,358,3
5841,31470,are,358,3
5842,31474,closed,358,3
5843,31482,holding,358,3
5844,31490,hands,358,3
5845,31497,Vikram,358,3
5846,31504,and,358,3
5847,31508,Nandu,358,3
5848,31515,are,358,3
5849,31519,sitting,358,3
5850,31527,beside,358,3
5851,31534,each,358,3
5852,31539,other,358,3
5853,31548,VIKRAM,359,3
5854,31555,Is,359,3
5855,31558,anybody,359,3
5856,31566,here,359,3
5857,31572,Silence,359,3
5858,31581,A,359,3
5859,31583,beat,359,3
5860,31588,later,359,3
5861,31598,VIKRAM,360,3
5862,31606,CONT,360,3
5863,31611,D,360,3
5864,31615,Any,360,3
5865,31619,spirit,360,3
5866,31626,passing,360,3
5867,31634,by,360,3
5868,31638,BRIAN,361,3
5869,31645,whispering,361,3
5870,31657,Ask,361,3
5871,31661,if,361,3
5872,31664,any,361,3
5873,31668,good,361,3
5874,31673,spirit,361,3
5875,31680,is,361,3
5876,31683,passing,361,3
5877,31692,by,361,3
5878,31696,NANDU,362,3
5879,31702,Good,362,3
5880,31707,spirits,362,3
5881,31715,don,362,3
5882,31719,t,362,3
5883,31721,come,362,3
5884,31726,so,362,3
5885,31729,easily,362,3
5886,31738,It,362,3
5887,31741,s,362,3
5888,31743,the,362,3
5889,31747,evil,362,3
5890,31752,ones,362,3
5891,31757,who,362,3
5892,31761,are,362,3
5893,31766,restless,362,3
5894,31776,wanting,362,3
5895,31784,to,362,3
5896,31787,communicate,362,3
5897,31802,Nandu,362,3
5898,31808,looks,362,3
5899,31814,at,362,3
5900,31817,Shutu,362,3
5901,31824,who,362,3
5902,31828,looks,362,3
5903,31834,spooked,362,3
5904,31843,A,362,3
5905,31845,prolonged,362,3
5906,31855,silence,362,3
5907,31865,VIKRAM,363,3
5908,31872,Is,363,3
5909,31875,any,363,3
5910,31879,spirit,363,3
5911,31887,good,363,3
5912,31892,or,363,3
5913,31895,evil,363,3
5914,31902,passing,363,3
5915,31910,by,363,3
5916,31914,A,363,3
5917,31916,longer,363,3
5918,31923,interval,363,3
5919,31932,and,363,3
5920,31936,then,363,3
5921,31941,a,363,3
5922,31943,sudden,363,3
5923,31950,knocking,363,3
5924,31959,sound,363,3
5925,31966,Everyone,363,3
5926,31976,opens,363,3
5927,31982,their,363,3
5928,31988,eyes,363,3
5929,31993,in,363,3
5930,31996,a,363,3
5931,31998,start,363,3
5932,32005,Shutu,363,3
5933,32011,looks,363,3
5934,32017,alarmed,363,3
5935,32026,Brian,363,3
5936,32032,looks,363,3
5937,32039,accusingly,363,3
5938,32050,at,363,3
5939,32053,Vikram,363,3
5940,32060,first,363,3
5941,32066,and,363,3
5942,32070,then,363,3
5943,32075,Nandu,363,3
5944,32082,BRIAN,364,3
5945,32088,Aye,364,3
5946,32092,Bugger,364,3
5947,32100,you,364,3
5948,32104,made,364,3
5949,32109,that,364,3
5950,32114,noise,364,3
5951,32121,Nandu,364,3
5952,32127,raises,364,3
5953,32134,his,364,3
5954,32138,hands,364,3
5955,32144,to,364,3
5956,32147,show,364,3
5957,32152,Brian,364,3
5958,32159,Brian,364,3
5959,32165,looks,364,3
5960,32171,around,364,3
5961,32178,and,364,3
5962,32183,checks,364,3
5963,32190,under,364,3
5964,32196,the,364,3
5965,32200,table,364,3
5966,32207,NANDU,365,3
5967,32213,I,365,3
5968,32215,m,365,3
5969,32217,not,365,3
5970,32221,doing,365,3
5971,32227,anything,365,3
5972,32237,Vikram,365,3
5973,32244,gives,365,3
5974,32250,Brian,365,3
5975,32256,a,365,3
5976,32258,look,365,3
5977,32264,Brian,365,3
5978,32270,catches,365,3
5979,32278,on,365,3
5980,32281,and,365,3
5981,32285,plays,365,3
5982,32291,along,365,3
5983,32299,SHUTU,366,3
5984,32305,Somebody,366,3
5985,32314,made,366,3
5986,32319,that,366,3
5987,32324,sound,366,3
5988,32330,right,366,3
5989,32337,VIKRAM,367,3
5990,32344,The,367,3
5991,32348,sound,367,3
5992,32354,didn,367,3
5993,32359,t,367,3
5994,32361,even,367,3
5995,32366,come,367,3
5996,32371,from,367,3
5997,32377,here,367,3
5998,32383,BONNIE,368,3
5999,32391,Ya,368,3
6000,32395,the,368,3
6001,32399,sound,368,3
6002,32405,came,368,3
6003,32410,from,368,3
6004,32415,that,368,3
6005,32420,side,368,3
6006,32427,MIMI,369,3
6007,32432,Wait,369,3
6008,32438,wait,369,3
6009,32444,Let,369,3
6010,32448,s,369,3
6011,32450,try,369,3
6012,32454,again,369,3
6013,32461,NANDU,370,3
6014,32467,Shh,370,3
6015,32474,Concentrate,370,3
6016,32486,now,370,3
6017,32491,28,370,3
6018,32495,VIKRAM,371,3
6019,32502,Don,371,3
6020,32506,t,371,3
6021,32508,break,371,3
6022,32514,the,371,3
6023,32518,circle,371,3
6024,32526,otherwise,371,3
6025,32537,the,371,3
6026,32541,spirit,371,3
6027,32548,can,371,3
6028,32552,get,371,3
6029,32556,trapped,371,3
6030,32564,here,371,3
6031,32572,Pause,371,3
6032,32580,Everyone,371,3
6033,32589,close,371,3
6034,32595,your,371,3
6035,32600,eyes,371,3
6036,32607,Everyone,371,3
6037,32616,closes,371,3
6038,32623,their,371,3
6039,32629,eyes,371,3
6040,32634,again,371,3
6041,32641,After,371,3
6042,32647,a,371,3
6043,32649,few,371,3
6044,32653,moments,371,3
6045,32662,VIKRAM,372,3
6046,32670,CONT,372,3
6047,32675,D,372,3
6048,32678,Any,372,3
6049,32682,spirit,372,3
6050,32689,passing,372,3
6051,32697,by,372,3
6052,32701,Please,372,3
6053,32709,communicate,372,3
6054,32721,with,372,3
6055,32726,us,372,3
6056,32731,A,372,3
6057,32733,beat,372,3
6058,32739,A,372,3
6059,32741,continuous,372,3
6060,32752,knocking,372,3
6061,32761,sound,372,3
6062,32768,Everyone,372,3
6063,32777,opens,372,3
6064,32783,their,372,3
6065,32790,eyes,372,3
6066,32795,and,372,3
6067,32799,looks,372,3
6068,32805,at,372,3
6069,32808,each,372,3
6070,32813,other,372,3
6071,32819,alarmed,372,3
6072,32829,NANDU,373,3
6073,32836,Urgently,373,3
6074,32846,Someone,373,3
6075,32854,s,373,3
6076,32856,come,373,3
6077,32863,BONNIE,374,3
6078,32871,They,374,3
6079,32876,re,374,3
6080,32879,trying,374,3
6081,32886,to,374,3
6082,32889,communicate,374,3
6083,32902,The,374,3
6084,32906,knocking,374,3
6085,32915,sound,374,3
6086,32921,stops,374,3
6087,32928,VIKRAM,375,3
6088,32935,Is,375,3
6089,32938,a,375,3
6090,32940,spirit,375,3
6091,32947,present,375,3
6092,32956,There,375,3
6093,32962,is,375,3
6094,32965,a,375,3
6095,32967,single,375,3
6096,32975,definite,375,3
6097,32984,sharp,375,3
6098,32990,knock,375,3
6099,32997,VIKRAM,376,3
6100,33005,CONT,376,3
6101,33010,D,376,3
6102,33013,Is,376,3
6103,33016,that,376,3
6104,33021,a,376,3
6105,33024,YES,376,3
6106,33030,Another,376,3
6107,33038,sharp,376,3
6108,33044,knock,376,3
6109,33051,VIKRAM,377,3
6110,33059,CONT,377,3
6111,33064,D,377,3
6112,33067,Are,377,3
6113,33071,you,377,3
6114,33075,a,377,3
6115,33077,man,377,3
6116,33083,NANDU,378,3
6117,33090,Looking,378,3
6118,33098,at,378,3
6119,33101,VIKRAM,378,3
6120,33109,WERE,378,3
6121,33114,you,378,3
6122,33118,a,378,3
6123,33120,man,378,3
6124,33126,VIKRAM,379,3
6125,33133,Okay,379,3
6126,33138,ya,379,3
6127,33144,Were,379,3
6128,33149,you,379,3
6129,33153,a,379,3
6130,33155,man,379,3
6131,33160,A,379,3
6132,33162,beat,379,3
6133,33167,and,379,3
6134,33171,two,379,3
6135,33175,knocks,379,3
6136,33182,indicating,379,3
6137,33193,a,379,3
6138,33195,no,379,3
6139,33199,VIKRAM,380,3
6140,33207,CONT,380,3
6141,33212,D,380,3
6142,33215,Is,380,3
6143,33218,that,380,3
6144,33223,a,380,3
6145,33226,NO,380,3
6146,33231,One,380,3
6147,33235,sharp,380,3
6148,33241,knock,380,3
6149,33247,indicating,380,3
6150,33258,yes,380,3
6151,33263,VIKRAM,381,3
6152,33271,CONT,381,3
6153,33276,D,381,3
6154,33279,Were,381,3
6155,33284,you,381,3
6156,33288,a,381,3
6157,33290,woman,381,3
6158,33297,A,381,3
6159,33299,definite,381,3
6160,33308,knock,381,3
6161,33314,indicating,381,3
6162,33325,a,381,3
6163,33327,yes,381,3
6164,33333,29,381,3
6165,33337,Under,381,3
6166,33343,the,381,3
6167,33347,table,381,3
6168,33354,the,381,3
6169,33358,camera,381,3
6170,33365,follows,381,3
6171,33373,the,381,3
6172,33377,string,381,3
6173,33384,from,381,3
6174,33389,VIKRAM,381,3
6175,33396,s,381,3
6176,33399,little,381,3
6177,33406,finger,381,3
6178,33413,till,381,3
6179,33418,across,381,3
6180,33425,the,381,3
6181,33429,hallway,381,3
6182,33438,down,381,3
6183,33443,on,381,3
6184,33446,the,381,3
6185,33450,floor,381,3
6186,33458,wedged,381,3
6187,33465,behind,381,3
6188,33472,a,381,3
6189,33474,door,381,3
6190,33479,we,381,3
6191,33482,see,381,3
6192,33486,the,381,3
6193,33490,cigarette,381,3
6194,33500,tin,381,3
6195,33505,On,381,3
6196,33508,these,381,3
6197,33515,visuals,381,3
6198,33523,we,381,3
6199,33526,hear,381,3
6200,33531,the,381,3
6201,33535,ongoing,381,3
6202,33543,conversation,381,3
6203,33556,with,381,3
6204,33561,the,381,3
6205,33565,spirit,381,3
6206,33573,VIKRAM,382,3
6207,33581,CONT,382,3
6208,33586,D,382,3
6209,33589,Did,382,3
6210,33593,you,382,3
6211,33597,die,382,3
6212,33601,of,382,3
6213,33604,natural,382,3
6214,33612,causes,382,3
6215,33620,A,382,3
6216,33622,beat,382,3
6217,33627,and,382,3
6218,33631,two,382,3
6219,33635,knocks,382,3
6220,33642,indicating,382,3
6221,33653,no,382,3
6222,33658,BONNIE,383,3
6223,33666,That,383,3
6224,33671,s,383,3
6225,33673,a,383,3
6226,33675,no,383,3
6227,33678,right,383,3
6228,33685,VIKRAM,384,3
6229,33692,How,384,3
6230,33696,did,384,3
6231,33700,you,384,3
6232,33704,die,384,3
6233,33709,A,384,3
6234,33711,prolonged,384,3
6235,33721,silence,384,3
6236,33731,MIMI,385,3
6237,33736,That,385,3
6238,33741,s,385,3
6239,33743,not,385,3
6240,33747,a,385,3
6241,33749,yes,385,3
6242,33753,or,385,3
6243,33756,no,385,3
6244,33759,question,385,3
6245,33770,NANDU,386,3
6246,33776,Shhhhh,386,3
6247,33785,VIKRAM,387,3
6248,33792,Okay,387,3
6249,33798,okay,387,3
6250,33804,Were,387,3
6251,33809,you,387,3
6252,33813,killed,387,3
6253,33821,The,387,3
6254,33825,tin,387,3
6255,33829,is,387,3
6256,33832,tugged,387,3
6257,33839,twice,387,3
6258,33845,indicating,387,3
6259,33856,no,387,3
6260,33861,VIKRAM,388,3
6261,33869,CONT,388,3
6262,33874,D,388,3
6263,33877,Did,388,3
6264,33881,you,388,3
6265,33885,kill,388,3
6266,33890,yourself,388,3
6267,33901,The,388,3
6268,33905,tin,388,3
6269,33909,is,388,3
6270,33912,tugged,388,3
6271,33919,once,388,3
6272,33924,indicating,388,3
6273,33935,yes,388,3
6274,33941,Gasps,388,3
6275,33947,from,388,3
6276,33952,the,388,3
6277,33956,table,388,3
6278,33963,There,388,3
6279,33969,is,388,3
6280,33972,an,388,3
6281,33975,uncomfortable,388,3
6282,33989,silence,388,3
6283,33997,as,388,3
6284,34001,Bonnie,388,3
6285,34008,exchanges,388,3
6286,34018,a,388,3
6287,34020,suspicious,388,3
6288,34031,look,388,3
6289,34036,with,388,3
6290,34041,Brian,388,3
6291,34050,VIKRAM,389,3
6292,34058,CONT,389,3
6293,34063,D,389,3
6294,34066,Have,389,3
6295,34071,you,389,3
6296,34075,been,389,3
6297,34080,watching,389,3
6298,34089,us,389,3
6299,34093,Silence,389,3
6300,34102,A,389,3
6301,34104,definite,389,3
6302,34113,knock,389,3
6303,34119,indicating,389,3
6304,34130,a,389,3
6305,34132,yes,389,3
6306,34138,VIKRAM,390,3
6307,34146,CONT,390,3
6308,34151,D,390,3
6309,34154,Who,390,3
6310,34158,in,390,3
6311,34161,this,390,3
6312,34166,room,390,3
6313,34171,will,390,3
6314,34176,die,390,3
6315,34180,first,390,3
6316,34188,PAUSE,391,3
6317,34195,Will,391,3
6318,34200,it,391,3
6319,34203,be,391,3
6320,34206,me,391,3
6321,34210,Two,391,3
6322,34214,knocks,391,3
6323,34221,indicating,391,3
6324,34232,a,391,3
6325,34234,no,391,3
6326,34239,VIKRAM,392,3
6327,34247,CONT,392,3
6328,34252,D,392,3
6329,34255,Nandu,392,3
6330,34262,Two,392,3
6331,34266,knocks,392,3
6332,34274,Nandu,392,3
6333,34280,and,392,3
6334,34284,Vikram,392,3
6335,34291,exchange,392,3
6336,34300,a,392,3
6337,34302,look,392,3
6338,34308,VIKRAM,393,3
6339,34316,CONT,393,3
6340,34321,D,393,3
6341,34324,Brian,393,3
6342,34331,Two,393,3
6343,34335,knocks,393,3
6344,34343,30,393,3
6345,34347,VIKRAM,394,3
6346,34355,CONT,394,3
6347,34360,D,394,3
6348,34363,Mimi,394,3
6349,34369,Two,394,3
6350,34373,knocks,394,3
6351,34381,VIKRAM,395,3
6352,34389,CONT,395,3
6353,34394,D,395,3
6354,34397,Bonnie,395,3
6355,34406,Shutu,395,3
6356,34413,who,395,3
6357,34417,is,395,3
6358,34420,sitting,395,3
6359,34428,next,395,3
6360,34433,to,395,3
6361,34436,Bonnie,395,3
6362,34443,breaks,395,3
6363,34450,into,395,3
6364,34455,a,395,3
6365,34457,sweat,395,3
6366,34463,as,395,3
6367,34467,he,395,3
6368,34470,realizes,395,3
6369,34479,he,395,3
6370,34482,is,395,3
6371,34485,the,395,3
6372,34489,last,395,3
6373,34494,one,395,3
6374,34498,left,395,3
6375,34504,His,395,3
6376,34508,face,395,3
6377,34513,is,395,3
6378,34516,tense,395,3
6379,34524,Two,395,3
6380,34528,knocks,395,3
6381,34535,indicating,395,3
6382,34546,a,395,3
6383,34548,no,395,3
6384,34552,VIKRAM,396,3
6385,34560,CONT,396,3
6386,34565,D,396,3
6387,34568,Shutu,396,3
6388,34575,A,396,3
6389,34577,prolonged,396,3
6390,34587,silence,396,3
6391,34596,A,396,3
6392,34598,single,396,3
6393,34605,knock,396,3
6394,34611,indicating,396,3
6395,34622,yes,396,3
6396,34627,Shutu,396,3
6397,34633,gets,396,3
6398,34638,up,396,3
6399,34641,immediately,396,3
6400,34654,pushing,396,3
6401,34662,his,396,3
6402,34666,chair,396,3
6403,34672,back,396,3
6404,34677,with,396,3
6405,34682,a,396,3
6406,34684,loud,396,3
6407,34690,sound,396,3
6408,34698,SHUTU,397,3
6409,34705,In,397,3
6410,34708,a,397,3
6411,34710,strangled,397,3
6412,34720,voice,397,3
6413,34727,I,397,3
6414,34729,m,397,3
6415,34731,going,397,3
6416,34737,to,397,3
6417,34740,bed,397,3
6418,34746,As,397,3
6419,34749,Shutu,397,3
6420,34755,exits,397,3
6421,34762,Bonnie,397,3
6422,34769,realizes,397,3
6423,34778,it,397,3
6424,34781,s,397,3
6425,34783,a,397,3
6426,34785,prank,397,3
6427,34791,as,397,3
6428,34794,they,397,3
6429,34799,all,397,3
6430,34804,start,397,3
6431,34810,laughing,397,3
6432,34820,CUT,398,3
6433,34824,TO,398,3
6434,34828,INT,399,3
6435,34833,BUNGALOW,399,3
6436,34844,CORRIDOR,399,3
6437,34854,NIGHT,399,3
6438,34860,38,399,3
6439,34863,38,399,3
6440,34866,A,400,3
6441,34868,visibly,400,3
6442,34876,disturbed,400,3
6443,34886,Shutu,400,3
6444,34892,leaves,400,3
6445,34899,the,400,3
6446,34903,room,400,3
6447,34908,with,400,3
6448,34913,an,400,3
6449,34916,urgency,400,3
6450,34924,and,400,3
6451,34929,goes,400,3
6452,34934,into,400,3
6453,34939,his,400,3
6454,34943,room,400,3
6455,34949,He,400,3
6456,34952,gets,400,3
6457,34957,under,400,3
6458,34963,the,400,3
6459,34967,mosquito,400,3
6460,34976,net,400,3
6461,34980,and,400,3
6462,34984,hides,400,3
6463,34991,under,400,3
6464,34997,the,400,3
6465,35001,blanket,400,3
6466,35010,INT,401,3
6467,35015,BONNIE,401,3
6468,35022,S,401,3
6469,35024,ROOM,401,3
6470,35030,NIGHT38,401,3
6471,35039,A,401,3
6472,35041,38,401,3
6473,35045,A,401,3
6474,35047,Tani,402,3
6475,35052,is,402,3
6476,35055,asleep,402,3
6477,35063,We,402,3
6478,35066,track,402,3
6479,35072,back,402,3
6480,35077,from,402,3
6481,35082,her,402,3
6482,35086,to,402,3
6483,35089,include,402,3
6484,35097,the,402,3
6485,35101,window,402,3
6486,35110,There,402,3
6487,35116,is,402,3
6488,35119,muffled,402,3
6489,35127,laughter,402,3
6490,35136,from,402,3
6491,35141,out,402,3
6492,35145,side,402,3
6493,35152,CUT,403,3
6494,35156,TO,403,3
6495,35160,OMITTED39,404,3
6496,35170,39,404,3
6497,35173,EXT,405,3
6498,35178,MCCLUSKIEGUNJ,405,3
6499,35192,HOUSE,405,3
6500,35199,NIGHT,405,3
6501,35205,40,405,3
6502,35208,40,405,3
6503,35211,Brian,406,3
6504,35217,has,406,3
6505,35221,picked,406,3
6506,35228,a,406,3
6507,35230,couple,406,3
6508,35237,of,406,3
6509,35240,stones,406,3
6510,35247,and,406,3
6511,35251,is,406,3
6512,35254,aiming,406,3
6513,35261,at,406,3
6514,35264,a,406,3
6515,35267,window,406,3
6516,35276,BONNIE,407,3
6517,35285,In,407,3
6518,35288,a,407,3
6519,35290,panic,407,3
6520,35297,What,407,3
6521,35302,are,407,3
6522,35306,you,407,3
6523,35310,doing,407,3
6524,35318,Tani,407,3
6525,35323,will,407,3
6526,35328,wake,407,3
6527,35333,up,407,3
6528,35338,31,407,3
6529,35342,Vikram,407,3
6530,35349,sniggers,407,3
6531,35358,and,407,3
6532,35362,goes,407,3
6533,35367,ahead,407,3
6534,35374,Brian,407,3
6535,35380,guffaws,407,3
6536,35388,at,407,3
6537,35391,his,407,3
6538,35395,mistake,407,3
6539,35408,VIKRAM,408,3
6540,35416,pointing,408,3
6541,35425,to,408,3
6542,35428,another,408,3
6543,35437,window,408,3
6544,35445,Guys,408,3
6545,35451,it,408,3
6546,35454,s,408,3
6547,35456,this,408,3
6548,35461,one,408,3
6549,35465,here,408,3
6550,35472,BONNIE,409,3
6551,35480,Shh,409,3
6552,35487,Guys,409,3
6553,35492,stop,409,3
6554,35497,it,409,3
6555,35500,now,409,3
6556,35505,Brian,409,3
6557,35511,listens,409,3
6558,35519,to,409,3
6559,35522,Bonnie,409,3
6560,35529,and,409,3
6561,35533,throws,409,3
6562,35540,his,409,3
6563,35544,stone,409,3
6564,35550,away,409,3
6565,35555,but,409,3
6566,35559,Vikram,409,3
6567,35567,throws,409,3
6568,35574,a,409,3
6569,35576,stone,409,3
6570,35582,at,409,3
6571,35585,Shutu,409,3
6572,35591,s,409,3
6573,35593,window,409,3
6574,35600,and,409,3
6575,35604,misses,409,3
6576,35612,Nandu,409,3
6577,35618,and,409,3
6578,35622,Mimi,409,3
6579,35628,are,409,3
6580,35632,a,409,3
6581,35634,few,409,3
6582,35638,steps,409,3
6583,35644,ahead,409,3
6584,35651,They,409,3
6585,35656,hear,409,3
6586,35661,faint,409,3
6587,35667,singing,409,3
6588,35675,from,409,3
6589,35680,afar,409,3
6590,35686,accompanied,409,3
6591,35698,by,409,3
6592,35701,a,409,3
6593,35703,Maadol,409,3
6594,35711,native,409,3
6595,35718,drum,409,3
6596,35725,MIMI,410,3
6597,35730,Wow,410,3
6598,35735,It,410,3
6599,35738,s,410,3
6600,35740,a,410,3
6601,35742,full,410,3
6602,35747,moon,410,3
6603,35752,night,410,3
6604,35761,Pause,410,3
6605,35768,Hey,410,3
6606,35773,what,410,3
6607,35778,s,410,3
6608,35780,that,410,3
6609,35785,sound,410,3
6610,35792,NANDU,411,3
6611,35798,Arrey,411,3
6612,35804,Maniya,411,3
6613,35811,and,411,3
6614,35815,all,411,3
6615,35819,are,411,3
6616,35823,awake,411,3
6617,35830,Come,411,3
6618,35835,guys,411,3
6619,35841,let,411,3
6620,35845,s,411,3
6621,35847,crash,411,3
6622,35853,Maniya,411,3
6623,35860,s,411,3
6624,35863,party,411,3
6625,35871,Nandu,411,3
6626,35877,and,411,3
6627,35881,Mimi,411,3
6628,35886,walk,411,3
6629,35891,ahead,411,3
6630,35897,with,411,3
6631,35902,Brian,411,3
6632,35908,and,411,3
6633,35912,Bonnie,411,3
6634,35919,following,411,3
6635,35931,Vikram,411,3
6636,35938,takes,411,3
6637,35944,aim,411,3
6638,35948,at,411,3
6639,35951,Shutu,411,3
6640,35957,s,411,3
6641,35959,window,411,3
6642,35966,once,411,3
6643,35971,again,411,3
6644,35979,CUT,412,3
6645,35983,TO,412,3
6646,35987,INT,413,3
6647,35992,SHUTU,413,3
6648,35998,S,413,3
6649,36000,ROOM,413,3
6650,36006,NIGHT,413,3
6651,36012,41,413,3
6652,36015,41,413,3
6653,36018,Shutu,414,3
6654,36024,watches,414,3
6655,36032,the,414,3
6656,36036,strange,414,3
6657,36044,pattern,414,3
6658,36052,of,414,3
6659,36055,shadows,414,3
6660,36063,on,414,3
6661,36066,the,414,3
6662,36070,ceiling,414,3
6663,36080,His,414,3
6664,36084,eyes,414,3
6665,36089,widen,414,3
6666,36095,with,414,3
6667,36100,alarm,414,3
6668,36106,as,414,3
6669,36109,he,414,3
6670,36112,hears,414,3
6671,36118,a,414,3
6672,36120,sharp,414,3
6673,36126,sound,414,3
6674,36132,from,414,3
6675,36137,his,414,3
6676,36142,window,414,3
6677,36150,He,414,3
6678,36153,stares,414,3
6679,36160,ahead,414,3
6680,36167,rigid,414,3
6681,36173,with,414,3
6682,36178,fear,414,3
6683,36185,CUT,415,3
6684,36189,TO,415,3
6685,36193,EXT,416,3
6686,36198,MANIYA,416,3
6687,36205,S,416,3
6688,36207,HUT,416,3
6689,36212,NIGHT,416,3
6690,36218,42,416,3
6691,36221,42,416,3
6692,36224,Maniya,417,3
6693,36232,Manjari,417,3
6694,36240,and,417,3
6695,36244,some,417,3
6696,36249,of,417,3
6697,36252,their,417,3
6698,36258,friends,417,3
6699,36266,are,417,3
6700,36270,drinking,417,3
6701,36279,Mahua,417,3
6702,36287,They,417,3
6703,36292,are,417,3
6704,36296,dancing,417,3
6705,36304,around,417,3
6706,36311,a,417,3
6707,36313,bonfire,417,3
6708,36322,with,417,3
6709,36327,their,417,3
6710,36333,arms,417,3
6711,36338,linked,417,3
6712,36347,Nandu,417,3
6713,36353,and,417,3
6714,36357,Mimi,417,3
6715,36363,their,417,3
6716,36369,cheeks,417,3
6717,36376,flushed,417,3
6718,36384,from,417,3
6719,36389,the,417,3
6720,36393,cold,417,3
6721,36398,and,417,3
6722,36402,the,417,3
6723,36407,alcohol,417,3
6724,36416,grin,417,3
6725,36421,widely,417,3
6726,36428,and,417,3
6727,36432,clap,417,3
6728,36437,along,417,3
6729,36444,Vikram,417,3
6730,36452,Brian,417,3
6731,36458,and,417,3
6732,36462,Bonnie,417,3
6733,36470,catch,417,3
6734,36476,up,417,3
6735,36479,with,417,3
6736,36484,Nandu,417,3
6737,36490,and,417,3
6738,36494,Mimi,417,3
6739,36500,BONNIE,418,3
6740,36509,Going,418,3
6741,36515,up,418,3
6742,36518,to,418,3
6743,36521,the,418,3
6744,36525,circle,418,3
6745,36532,of,418,3
6746,36536,dancers,418,3
6747,36546,Oh,418,3
6748,36549,wow,418,3
6749,36555,Manjari,418,3
6750,36563,offers,418,3
6751,36570,her,418,3
6752,36574,arm,418,3
6753,36578,to,418,3
6754,36581,include,418,3
6755,36589,Bonnie,418,3
6756,36597,She,418,3
6757,36601,joins,418,3
6758,36607,them,418,3
6759,36613,enthusiastically,418,3
6760,36636,They,418,3
6761,36641,all,418,3
6762,36645,join,418,3
6763,36650,the,418,3
6764,36654,circle,418,3
6765,36662,trying,418,3
6766,36669,to,418,3
6767,36672,learn,418,3
6768,36678,the,418,3
6769,36682,song,418,3
6770,36689,Toot,418,3
6771,36695,Gachhe,418,3
6772,36702,Bhoot,418,3
6773,36708,Nache,418,3
6774,36715,and,418,3
6775,36719,match,418,3
6776,36725,steps,418,3
6777,36733,32,418,3
6778,36737,Some,418,3
6779,36742,of,418,3
6780,36745,them,418,3
6781,36750,are,418,3
6782,36754,smoking,418,3
6783,36762,ganja,418,3
6784,36769,Unnoticed,418,3
6785,36779,by,418,3
6786,36782,others,418,3
6787,36790,Mimi,418,3
6788,36795,and,418,3
6789,36800,Vikram,418,3
6790,36807,have,418,3
6791,36812,an,418,3
6792,36815,intimate,418,3
6793,36824,moment,418,3
6794,36832,Maniya,418,3
6795,36839,passes,418,3
6796,36846,them,418,3
6797,36851,Mahua,418,3
6798,36857,with,418,3
6799,36863,some,418,3
6800,36868,coarse,418,3
6801,36875,salt,418,3
6802,36880,and,418,3
6803,36884,chilli,418,3
6804,36891,on,418,3
6805,36894,a,418,3
6806,36896,Saal,418,3
6807,36901,leaf,418,3
6808,36907,Nandu,418,3
6809,36913,takes,418,3
6810,36919,out,418,3
6811,36924,his,418,3
6812,36928,own,418,3
6813,36932,bottle,418,3
6814,36939,from,418,3
6815,36944,deep,418,3
6816,36949,within,418,3
6817,36956,his,418,3
6818,36960,jacket,418,3
6819,36967,and,418,3
6820,36971,offers,418,3
6821,36978,it,418,3
6822,36981,to,418,3
6823,36985,them,418,3
6824,36992,The,418,3
6825,36996,dancing,418,3
6826,37004,and,418,3
6827,37008,chanting,418,3
6828,37017,reaches,418,3
6829,37025,a,418,3
6830,37027,frenzied,418,3
6831,37036,pitch,418,3
6832,37044,In,418,3
6833,37047,a,418,3
6834,37049,wide,418,3
6835,37054,shot,418,3
6836,37060,we,418,3
6837,37063,see,418,3
6838,37067,the,418,3
6839,37071,dark,418,3
6840,37076,house,418,3
6841,37083,the,418,3
6842,37087,drunken,418,3
6843,37095,whirling,418,3
6844,37105,and,418,3
6845,37109,the,418,3
6846,37113,quiet,418,3
6847,37119,forest,418,3
6848,37126,beyond,418,3
6849,37135,CUT,419,3
6850,37139,TO,419,3
6851,37143,INT,420,3
6852,37148,BUNGALOW,420,3
6853,37159,LIVING,420,3
6854,37166,ROOM,420,3
6855,37172,NIGHT,420,3
6856,37178,43,420,3
6857,37181,43,420,3
6858,37184,The,421,3
6859,37188,fire,421,3
6860,37193,is,421,3
6861,37196,out,421,3
6862,37201,The,421,3
6863,37205,sound,421,3
6864,37211,of,421,3
6865,37214,a,421,3
6866,37216,heartbeat,421,3
6867,37226,gradually,421,3
6868,37236,increases,421,3
6869,37247,in,421,3
6870,37250,intensity,421,3
6871,37261,On,421,3
6872,37264,the,421,3
6873,37268,mantle,421,3
6874,37275,piece,421,3
6875,37281,we,421,3
6876,37284,see,421,3
6877,37288,dusty,421,3
6878,37294,memorabilia,421,3
6879,37307,like,421,3
6880,37312,army,421,3
6881,37317,medals,421,3
6882,37325,photographs,421,3
6883,37337,and,421,3
6884,37341,a,421,3
6885,37343,plaque,421,3
6886,37351,Above,421,3
6887,37357,that,421,3
6888,37362,is,421,3
6889,37366,mounted,421,3
6890,37374,the,421,3
6891,37378,Rifle,421,3
6892,37385,A,421,3
6893,37387,hand,421,3
6894,37392,enters,421,3
6895,37399,frame,421,3
6896,37405,and,421,3
6897,37409,plucks,421,3
6898,37416,the,421,3
6899,37420,rifle,421,3
6900,37427,off,421,3
6901,37431,the,421,3
6902,37435,wall,421,3
6903,37441,We,421,3
6904,37444,follow,421,3
6905,37451,the,421,3
6906,37455,hand,421,3
6907,37460,through,421,3
6908,37468,the,421,3
6909,37472,corridor,421,3
6910,37481,into,421,3
6911,37487,Shutu,421,3
6912,37493,s,421,3
6913,37495,room,421,3
6914,37501,One,421,3
6915,37505,hand,421,3
6916,37510,holds,421,3
6917,37516,the,421,3
6918,37520,rifle,421,3
6919,37527,the,421,3
6920,37531,other,421,3
6921,37537,lifts,421,3
6922,37543,the,421,3
6923,37548,mosquito,421,3
6924,37557,net,421,3
6925,37562,The,421,3
6926,37566,hand,421,3
6927,37571,pulls,421,3
6928,37577,down,421,3
6929,37582,the,421,3
6930,37586,blanket,421,3
6931,37594,from,421,3
6932,37599,Shutu,421,3
6933,37605,s,421,3
6934,37608,face,421,3
6935,37614,It,421,3
6936,37617,turns,421,3
6937,37623,Shutu,421,3
6938,37629,s,421,3
6939,37631,face,421,3
6940,37636,towards,421,3
6941,37644,camera,421,3
6942,37651,with,421,3
6943,37656,the,421,3
6944,37660,barrel,421,3
6945,37667,of,421,3
6946,37671,the,421,3
6947,37675,rifle,421,3
6948,37682,Shutu,421,3
6949,37688,s,421,3
6950,37690,face,421,3
6951,37695,lolls,421,3
6952,37701,back,421,3
6953,37706,in,421,3
6954,37709,such,421,3
6955,37714,a,421,3
6956,37716,way,421,3
6957,37721,we,421,3
6958,37724,realize,421,3
6959,37733,he,421,3
6960,37736,is,421,3
6961,37739,already,421,3
6962,37747,dead,421,3
6963,37754,CUT,422,3
6964,37758,TO,422,3
6965,37762,INT,423,3
6966,37767,BUNGALOW,423,3
6967,37778,SHUTU,423,3
6968,37784,S,423,3
6969,37786,ROOM,423,3
6970,37792,NIGHT44,423,3
6971,37800,44,423,3
6972,37803,From,424,3
6973,37808,outside,424,3
6974,37816,the,424,3
6975,37820,mosquito,424,3
6976,37829,net,424,3
6977,37834,we,424,3
6978,37837,see,424,3
6979,37841,Shutu,424,3
6980,37847,enter,424,3
6981,37853,frame,424,3
6982,37859,as,424,3
6983,37862,he,424,3
6984,37867,sits,424,3
6985,37872,up,424,3
6986,37875,sweating,424,3
6987,37884,and,424,3
6988,37888,panting,424,3
6989,37897,The,424,3
6990,37901,sound,424,3
6991,37907,of,424,3
6992,37910,the,424,3
6993,37914,heartbeat,424,3
6994,37924,is,424,3
6995,37928,mixed,424,3
6996,37934,with,424,3
6997,37939,the,424,3
6998,37943,chanting,424,3
6999,37952,outside,424,3
7000,37962,CUT,425,3
7001,37966,TO,425,3
7002,37970,EXT,426,3
7003,37975,GATE,426,3
7004,37981,NIGHT,426,3
7005,37987,45,426,3
7006,37990,45,426,3
7007,37993,SHOT,427,3
7008,37998,of,427,3
7009,38001,the,427,3
7010,38005,Bungalow,427,3
7011,38014,from,427,3
7012,38019,the,427,3
7013,38023,gate,427,3
7014,38029,Full,427,3
7015,38034,Moon,427,3
7016,38040,FADE,428,3
7017,38045,OUT,428,3
7018,38050,INT,429,3
7019,38055,BUNGALOW,429,3
7020,38066,LIVING,429,3
7021,38073,ROOM,429,3
7022,38079,DAY46,429,3
7023,38085,46,429,3
7024,38088,Fade,430,3
7025,38093,in,430,3
7026,38097,Nandu,430,3
7027,38103,dismounts,430,3
7028,38113,the,430,3
7029,38117,rifle,430,3
7030,38123,from,430,3
7031,38128,the,430,3
7032,38132,wall,430,3
7033,38138,He,430,3
7034,38141,blows,430,3
7035,38148,away,430,3
7036,38153,the,430,3
7037,38157,dust,430,3
7038,38162,from,430,3
7039,38167,it,430,3
7040,38172,The,430,3
7041,38176,super,430,3
7042,38182,reads,430,3
7043,38188,Day,430,3
7044,38192,3,430,3
7045,38194,Wednesday,430,3
7046,38205,29th,430,3
7047,38210,DECEMBER,430,3
7048,38221,NANDU,431,3
7049,38228,O,431,3
7050,38230,C,431,3
7051,38234,Look,431,3
7052,38239,at,431,3
7053,38242,the,431,3
7054,38246,state,431,3
7055,38252,of,431,3
7056,38255,this,431,3
7057,38260,rifle,431,3
7058,38268,Baba,431,3
7059,38274,Kaise,431,3
7060,38280,pada,431,3
7061,38285,hua,431,3
7062,38289,hain,431,3
7063,38296,33,431,3
7064,38300,UNCLE,432,3
7065,38307,O,432,3
7066,38309,C,432,3
7067,38314,Interjecting,432,3
7068,38328,taking,432,3
7069,38335,the,432,3
7070,38340,rifle,432,3
7071,38346,back,432,3
7072,38351,from,432,3
7073,38356,Nandu,432,3
7074,38363,Kahe,432,3
7075,38368,ka,432,3
7076,38371,working,432,3
7077,38379,rifle,432,3
7078,38386,Poora,432,3
7079,38392,jung,432,3
7080,38398,lag,432,3
7081,38402,chuka,432,3
7082,38408,hain,432,3
7083,38414,Ammunition,432,3
7084,38425,bhi,432,3
7085,38429,pata,432,3
7086,38435,nahi,432,3
7087,38440,kaha,432,3
7088,38445,hain,432,3
7089,38452,Shutu,432,3
7090,38458,follows,432,3
7091,38466,the,432,3
7092,38470,action,432,3
7093,38477,closely,432,3
7094,38487,NANDU,433,3
7095,38494,O,433,3
7096,38496,C,433,3
7097,38500,Main,433,3
7098,38505,saaf,433,3
7099,38510,kar,433,3
7100,38514,deta,433,3
7101,38519,hoon,433,3
7102,38524,na,433,3
7103,38528,UNCLE,434,3
7104,38535,O,434,3
7105,38537,C,434,3
7106,38541,Nahi,434,3
7107,38547,nahi,434,3
7108,38553,Leave,434,3
7109,38559,it,434,3
7110,38563,These,434,3
7111,38569,things,434,3
7112,38577,let,434,3
7113,38581,me,434,3
7114,38584,only,434,3
7115,38589,do,434,3
7116,38595,Keeping,434,3
7117,38603,the,434,3
7118,38607,rifle,434,3
7119,38613,away,434,3
7120,38619,Aur,434,3
7121,38623,kis,434,3
7122,38627,ke,434,3
7123,38630,liye,434,3
7124,38635,use,434,3
7125,38639,karenge,434,3
7126,38647,isko,434,3
7127,38654,Murgi,434,3
7128,38660,maarne,434,3
7129,38667,ke,434,3
7130,38670,liye,434,3
7131,38677,Shutu,434,3
7132,38683,looks,434,3
7133,38689,up,434,3
7134,38692,as,434,3
7135,38695,Mimi,434,3
7136,38700,walks,434,3
7137,38706,in,434,3
7138,38710,wearing,434,3
7139,38718,a,434,3
7140,38720,tight,434,3
7141,38726,turtle,434,3
7142,38733,neck,434,3
7143,38739,and,434,3
7144,38743,a,434,3
7145,38745,pair,434,3
7146,38750,of,434,3
7147,38753,fitted,434,3
7148,38760,bell,434,3
7149,38765,bottom,434,3
7150,38772,jeans,434,3
7151,38779,Mimi,434,3
7152,38784,picks,434,3
7153,38790,up,434,3
7154,38793,a,434,3
7155,38796,cigarette,434,3
7156,38806,and,434,3
7157,38810,looks,434,3
7158,38816,for,434,3
7159,38820,a,434,3
7160,38822,lighter,434,3
7161,38831,Shutu,434,3
7162,38837,eagerly,434,3
7163,38845,removes,434,3
7164,38853,a,434,3
7165,38856,matchbox,434,3
7166,38865,from,434,3
7167,38870,his,434,3
7168,38874,pocket,434,3
7169,38881,and,434,3
7170,38885,lights,434,3
7171,38892,Mimi,434,3
7172,38897,s,434,3
7173,38899,cigarette,434,3
7174,38910,MIMI,435,3
7175,38915,Why,435,3
7176,38920,Vikram,435,3
7177,38927,and,435,3
7178,38931,his,435,3
7179,38935,gang,435,3
7180,38940,go,435,3
7181,38943,for,435,3
7182,38948,shikaar,435,3
7183,38956,quite,435,3
7184,38962,often,435,3
7185,38969,They,435,3
7186,38974,hunt,435,3
7187,38979,for,435,3
7188,38984,wild,435,3
7189,38989,boar,435,3
7190,38994,and,435,3
7191,38998,all,435,3
7192,39004,Aunty,435,3
7193,39010,comes,435,3
7194,39016,out,435,3
7195,39020,of,435,3
7196,39023,her,435,3
7197,39027,bedroom,435,3
7198,39036,hurriedly,435,3
7199,39046,putting,435,3
7200,39054,on,435,3
7201,39057,her,435,3
7202,39062,watch,435,3
7203,39070,AUNTY,436,3
7204,39076,Everyone,436,3
7205,39085,ready,436,3
7206,39092,Manjari,436,3
7207,39101,E,436,3
7208,39103,ki,436,3
7209,39107,Shutu,436,3
7210,39114,shave,436,3
7211,39120,korbi,436,3
7212,39126,na,436,3
7213,39131,Aren,436,3
7214,39136,t,436,3
7215,39138,you,436,3
7216,39143,going,436,3
7217,39149,to,436,3
7218,39152,shave,436,3
7219,39160,Shutu,436,3
7220,39166,who,436,3
7221,39170,is,436,3
7222,39173,still,436,3
7223,39179,wearing,436,3
7224,39187,his,436,3
7225,39191,green,436,3
7226,39197,sweater,436,3
7227,39206,smiles,436,3
7228,39214,sheepishly,436,3
7229,39227,NANDU,437,3
7230,39234,Yelling,437,3
7231,39242,out,437,3
7232,39247,Bonnie,437,3
7233,39255,How,437,3
7234,39259,much,437,3
7235,39264,longer,437,3
7236,39272,Tani,437,3
7237,39277,runs,437,3
7238,39282,out,437,3
7239,39286,and,437,3
7240,39290,Bonnie,437,3
7241,39297,follows,437,3
7242,39306,flustered,437,3
7243,39317,BONNIE,438,3
7244,39324,Some,438,3
7245,39329,of,438,3
7246,39332,us,438,3
7247,39335,believe,438,3
7248,39343,in,438,3
7249,39346,having,438,3
7250,39353,a,438,3
7251,39356,bath,438,3
7252,39362,you,438,3
7253,39366,know,438,3
7254,39372,NANDU,439,3
7255,39378,Even,439,3
7256,39383,in,439,3
7257,39386,winter,439,3
7258,39394,CUT,440,3
7259,39398,TO,440,3
7260,39402,34,441,3
7261,39406,EXT,442,3
7262,39411,VERANDAH,442,3
7263,39421,DAY47,442,3
7264,39427,47,442,3
7265,39430,Aunty,443,3
7266,39436,and,443,3
7267,39440,Manjari,443,3
7268,39448,are,443,3
7269,39452,in,443,3
7270,39455,the,443,3
7271,39459,verandah,443,3
7272,39469,Bonnie,443,3
7273,39476,and,443,3
7274,39480,Mimi,443,3
7275,39485,have,443,3
7276,39491,walked,443,3
7277,39498,ahead,443,3
7278,39504,on,443,3
7279,39507,the,443,3
7280,39511,driveway,443,3
7281,39522,AUNTY,444,3
7282,39529,Dekho,444,3
7283,39535,yeh,444,3
7284,39539,majdoor,444,3
7285,39547,log,444,3
7286,39551,aaj,444,3
7287,39555,bhi,444,3
7288,39559,late,444,3
7289,39565,aaye,444,3
7290,39570,hain,444,3
7291,39576,Manjari,444,3
7292,39585,kaam,444,3
7293,39590,late,444,3
7294,39595,tak,444,3
7295,39600,chalega,444,3
7296,39608,toh,444,3
7297,39613,tala,444,3
7298,39618,laga,444,3
7299,39623,dena,444,3
7300,39628,kidhar,444,3
7301,39636,bhi,444,3
7302,39640,jaao,444,3
7303,39646,Hum,444,3
7304,39650,shaam,444,3
7305,39656,tak,444,3
7306,39660,aa,444,3
7307,39663,jayenge,444,3
7308,39674,Manjari,444,3
7309,39682,is,444,3
7310,39685,silent,444,3
7311,39694,AUNTY,445,3
7312,39701,CONT,445,3
7313,39706,D,445,3
7314,39709,Kya,445,3
7315,39713,hua,445,3
7316,39718,Sir,445,3
7317,39722,abhi,445,3
7318,39727,bhi,445,3
7319,39731,dukh,445,3
7320,39736,raha,445,3
7321,39742,hain,445,3
7322,39748,Dawa,445,3
7323,39753,de,445,3
7324,39756,du,445,3
7325,39760,Manjari,445,3
7326,39768,shakes,445,3
7327,39775,her,445,3
7328,39779,head,445,3
7329,39784,and,445,3
7330,39788,leaves,445,3
7331,39796,Aunty,445,3
7332,39802,looks,445,3
7333,39808,exasperatedly,445,3
7334,39823,at,445,3
7335,39826,Tani,445,3
7336,39831,who,445,3
7337,39835,holds,445,3
7338,39841,her,445,3
7339,39845,hand,445,3
7340,39850,and,445,3
7341,39854,walks,445,3
7342,39860,down,445,3
7343,39865,the,445,3
7344,39869,steps,445,3
7345,39877,AUNTY,446,3
7346,39884,CONT,446,3
7347,39889,D,446,3
7348,39892,You,446,3
7349,39896,just,446,3
7350,39901,never,446,3
7351,39907,know,446,3
7352,39912,what,446,3
7353,39917,these,446,3
7354,39924,people,446,3
7355,39931,are,446,3
7356,39935,thinking,446,3
7357,39946,Aunty,446,3
7358,39952,goes,446,3
7359,39957,up,446,3
7360,39960,to,446,3
7361,39963,the,446,3
7362,39967,car,446,3
7363,39971,in,446,3
7364,39974,which,446,3
7365,39980,Nandu,446,3
7366,39986,and,446,3
7367,39990,Uncle,446,3
7368,39996,are,446,3
7369,40000,already,446,3
7370,40009,seated,446,3
7371,40018,NANDU,447,3
7372,40024,Come,447,3
7373,40029,on,447,3
7374,40032,Ma,447,3
7375,40036,AUNTY,448,3
7376,40042,I,448,3
7377,40044,m,448,3
7378,40046,coming,448,3
7379,40054,I,448,3
7380,40056,m,448,3
7381,40058,going,448,3
7382,40064,to,448,3
7383,40067,drive,448,3
7384,40074,You,448,3
7385,40079,sit,448,3
7386,40083,at,448,3
7387,40086,the,448,3
7388,40090,back,448,3
7389,40097,NANDU,449,3
7390,40103,But,449,3
7391,40107,you,449,3
7392,40111,haven,449,3
7393,40117,t,449,3
7394,40119,driven,449,3
7395,40126,in,449,3
7396,40129,so,449,3
7397,40132,long,449,3
7398,40139,Ma,449,3
7399,40144,AUNTY,450,3
7400,40150,So,450,3
7401,40153,what,450,3
7402,40159,You,450,3
7403,40163,never,450,3
7404,40169,forget,450,3
7405,40176,how,450,3
7406,40180,to,450,3
7407,40184,drive,450,3
7408,40192,Nandu,450,3
7409,40198,and,450,3
7410,40202,Uncle,450,3
7411,40208,exchange,450,3
7412,40217,a,450,3
7413,40219,look,450,3
7414,40226,EXT,451,3
7415,40231,MCCLUSKIEGUNJ,451,3
7416,40245,HOUSE,451,3
7417,40252,DAY,451,3
7418,40256,47,451,3
7419,40260,A,451,3
7420,40262,47,451,3
7421,40266,A,451,3
7422,40268,The,452,3
7423,40272,car,452,3
7424,40276,drives,452,3
7425,40283,off,452,3
7426,40287,as,452,3
7427,40290,Shutu,452,3
7428,40296,closes,452,3
7429,40303,the,452,3
7430,40307,gate,452,3
7431,40312,behind,452,3
7432,40319,it,452,3
7433,40324,EXT,453,4
7434,40329,BRIAN,453,4
7435,40335,S,453,4
7436,40337,HOUSE,453,4
7437,40345,STREAM,453,4
7438,40353,DAY48,453,4
7439,40359,48,453,4
7440,40362,Brian,454,4
7441,40369,Vikram,454,4
7442,40377,Nandu,454,4
7443,40383,and,454,4
7444,40387,Mimi,454,4
7445,40392,are,454,4
7446,40396,horsing,454,4
7447,40404,around,454,4
7448,40411,at,454,4
7449,40414,the,454,4
7450,40419,stream,454,4
7451,40427,Vikram,454,4
7452,40434,and,454,4
7453,40438,Nandu,454,4
7454,40444,are,454,4
7455,40448,trying,454,4
7456,40455,to,454,4
7457,40458,get,454,4
7458,40462,Brian,454,4
7459,40468,wet,454,4
7460,40472,and,454,4
7461,40476,take,454,4
7462,40482,off,454,4
7463,40486,his,454,4
7464,40490,shirt,454,4
7465,40496,which,454,4
7466,40502,happens,454,4
7467,40510,to,454,4
7468,40513,rip,454,4
7469,40517,apart,454,4
7470,40524,35,454,4
7471,40528,MRS,455,4
7472,40533,MCKENZIE,455,4
7473,40543,O,455,4
7474,40545,C,455,4
7475,40548,Kitty,455,4
7476,40556,CUT,456,4
7477,40560,TO,456,4
7478,40564,EXT,457,4
7479,40569,BRIAN,457,4
7480,40575,S,457,4
7481,40577,HOUSE,457,4
7482,40584,DAY49,457,4
7483,40590,49,457,4
7484,40593,Mrs,458,4
7485,40598,McKenzie,458,4
7486,40608,Brian,458,4
7487,40614,s,458,4
7488,40616,widowed,458,4
7489,40624,mother,458,4
7490,40631,is,458,4
7491,40634,a,458,4
7492,40636,lady,458,4
7493,40641,in,458,4
7494,40644,her,458,4
7495,40648,late,458,4
7496,40654,sixties,458,4
7497,40663,She,458,4
7498,40667,is,458,4
7499,40670,a,458,4
7500,40672,bit,458,4
7501,40676,of,458,4
7502,40679,a,458,4
7503,40681,memsahib,458,4
7504,40691,who,458,4
7505,40695,is,458,4
7506,40698,fussily,458,4
7507,40706,arranging,458,4
7508,40717,napkins,458,4
7509,40725,at,458,4
7510,40728,the,458,4
7511,40732,makeshift,458,4
7512,40742,dining,458,4
7513,40749,tables,458,4
7514,40756,set,458,4
7515,40760,up,458,4
7516,40763,in,458,4
7517,40766,their,458,4
7518,40772,front,458,4
7519,40779,lawn,458,4
7520,40787,MRS,459,4
7521,40792,MCKENZIE,459,4
7522,40801,We,459,4
7523,40804,ll,459,4
7524,40807,serve,459,4
7525,40813,the,459,4
7526,40817,mulligatawny,459,4
7527,40830,first,459,4
7528,40838,I,459,4
7529,40840,need,459,4
7530,40845,one,459,4
7531,40849,more,459,4
7532,40854,soup,459,4
7533,40859,spoon,459,4
7534,40865,please,459,4
7535,40874,Kitty,459,4
7536,40880,is,459,4
7537,40883,the,459,4
7538,40887,capable,459,4
7539,40896,catholic,459,4
7540,40905,house,459,4
7541,40911,help,459,4
7542,40916,who,459,4
7543,40920,is,459,4
7544,40923,hovering,459,4
7545,40933,around,459,4
7546,40940,Mrs,459,4
7547,40945,McKenzie,459,4
7548,40955,awaiting,459,4
7549,40964,instruction,459,4
7550,40978,KITTY,460,4
7551,40984,What,460,4
7552,40989,you,460,4
7553,40993,want,460,4
7554,40998,to,460,4
7555,41001,put,460,4
7556,41005,the,460,4
7557,41009,chicken,460,4
7558,41018,in,460,4
7559,41022,MRS,461,4
7560,41027,MCKENZIE,461,4
7561,41036,I,461,4
7562,41038,ve,461,4
7563,41041,put,461,4
7564,41045,out,461,4
7565,41049,the,461,4
7566,41053,Doulton,461,4
7567,41061,casserole,461,4
7568,41073,Bring,461,4
7569,41079,it,461,4
7570,41082,in,461,4
7571,41085,that,461,4
7572,41091,EXT,462,4
7573,41096,LAWN,462,4
7574,41102,DAY,462,4
7575,41106,49,462,4
7576,41110,A,462,4
7577,41112,49,462,4
7578,41116,A,462,4
7579,41118,Bonnie,463,4
7580,41125,walks,463,4
7581,41131,up,463,4
7582,41134,to,463,4
7583,41137,Shutu,463,4
7584,41143,and,463,4
7585,41147,watches,463,4
7586,41155,the,463,4
7587,41159,others,463,4
7588,41166,over,463,4
7589,41171,at,463,4
7590,41174,the,463,4
7591,41179,stream,463,4
7592,41188,BONNIE,464,4
7593,41197,Shouting,464,4
7594,41206,out,464,4
7595,41211,Isn,464,4
7596,41215,t,464,4
7597,41217,the,464,4
7598,41221,water,464,4
7599,41227,too,464,4
7600,41231,cold,464,4
7601,41237,MIMI,465,4
7602,41242,It,465,4
7603,41245,s,465,4
7604,41247,fun,465,4
7605,41252,Come,465,4
7606,41257,na,465,4
7607,41260,Bonnie,465,4
7608,41268,BONNIE,466,4
7609,41277,To,466,4
7610,41280,Shutu,466,4
7611,41287,Aashbi,466,4
7612,41296,Shutu,466,4
7613,41302,smiles,466,4
7614,41309,and,466,4
7615,41313,shakes,466,4
7616,41320,his,466,4
7617,41324,head,466,4
7618,41330,BONNIE,467,4
7619,41338,CONT,467,4
7620,41343,D,467,4
7621,41346,Tani,467,4
7622,41351,ke,467,4
7623,41354,dekhish,467,4
7624,41362,toh,467,4
7625,41368,Bonnie,467,4
7626,41375,joins,467,4
7627,41381,the,467,4
7628,41385,others,467,4
7629,41392,in,467,4
7630,41395,the,467,4
7631,41399,stream,467,4
7632,41407,Shutu,467,4
7633,41413,looks,467,4
7634,41419,over,467,4
7635,41424,at,467,4
7636,41428,Tani,467,4
7637,41434,absorbed,467,4
7638,41443,with,467,4
7639,41448,the,467,4
7640,41452,puppies,467,4
7641,41462,36,467,4
7642,41466,EXT,468,4
7643,41471,LAWN,468,4
7644,41477,DAY,468,4
7645,41481,49,468,4
7646,41485,B,468,4
7647,41487,49,468,4
7648,41491,B,468,4
7649,41493,Brian,469,4
7650,41499,is,469,4
7651,41502,in,469,4
7652,41505,the,469,4
7653,41509,lawn,469,4
7654,41514,where,469,4
7655,41520,Tani,469,4
7656,41525,is,469,4
7657,41528,playing,469,4
7658,41536,with,469,4
7659,41541,a,469,4
7660,41543,few,469,4
7661,41547,puppies,469,4
7662,41556,in,469,4
7663,41559,a,469,4
7664,41561,basket,469,4
7665,41569,Mrs,469,4
7666,41574,McKenzie,469,4
7667,41584,Uncle,469,4
7668,41590,and,469,4
7669,41594,Aunty,469,4
7670,41600,are,469,4
7671,41604,sitting,469,4
7672,41612,on,469,4
7673,41616,white,469,4
7674,41622,cane,469,4
7675,41627,chairs,469,4
7676,41634,and,469,4
7677,41638,chatting,469,4
7678,41648,There,469,4
7679,41654,is,469,4
7680,41657,a,469,4
7681,41659,bowl,469,4
7682,41664,of,469,4
7683,41667,chips,469,4
7684,41674,a,469,4
7685,41677,peeled,469,4
7686,41685,half,469,4
7687,41690,eaten,469,4
7688,41696,orange,469,4
7689,41703,and,469,4
7690,41707,a,469,4
7691,41709,few,469,4
7692,41713,glasses,469,4
7693,41721,of,469,4
7694,41724,juice,469,4
7695,41730,in,469,4
7696,41733,front,469,4
7697,41740,of,469,4
7698,41743,them,469,4
7699,41750,TANI,470,4
7700,41755,Brian,470,4
7701,41761,uncle,470,4
7702,41768,what,470,4
7703,41773,are,470,4
7704,41777,their,470,4
7705,41783,names,470,4
7706,41790,BRIAN,471,4
7707,41796,They,471,4
7708,41801,don,471,4
7709,41805,t,471,4
7710,41807,have,471,4
7711,41812,names,471,4
7712,41819,We,471,4
7713,41822,are,471,4
7714,41827,giving,471,4
7715,41834,them,471,4
7716,41839,away,471,4
7717,41845,TANI,472,4
7718,41850,You,472,4
7719,41854,won,472,4
7720,41858,t,472,4
7721,41860,keep,472,4
7722,41865,even,472,4
7723,41870,one,472,4
7724,41874,of,472,4
7725,41877,them,472,4
7726,41883,BRIAN,473,4
7727,41889,This,473,4
7728,41894,one,473,4
7729,41898,hasn,473,4
7730,41903,t,473,4
7731,41905,found,473,4
7732,41911,a,473,4
7733,41913,home,473,4
7734,41918,yet,473,4
7735,41924,so,473,4
7736,41927,I,473,4
7737,41929,guess,473,4
7738,41935,he,473,4
7739,41938,can,473,4
7740,41942,stay,473,4
7741,41947,here,473,4
7742,41952,with,473,4
7743,41958,us,473,4
7744,41962,Brian,473,4
7745,41968,notices,473,4
7746,41976,Tani,473,4
7747,41981,s,473,4
7748,41983,sympathetic,473,4
7749,41995,face,473,4
7750,42002,BRIAN,474,4
7751,42009,CONT,474,4
7752,42014,D,474,4
7753,42017,Unless,474,4
7754,42027,you,474,4
7755,42031,want,474,4
7756,42036,to,474,4
7757,42039,keep,474,4
7758,42044,him,474,4
7759,42049,TANI,475,4
7760,42055,Breaking,475,4
7761,42064,into,475,4
7762,42069,a,475,4
7763,42071,shy,475,4
7764,42075,grin,475,4
7765,42081,Can,475,4
7766,42085,I,475,4
7767,42088,Shutu,475,4
7768,42095,Shutu,475,4
7769,42102,Shutu,475,4
7770,42108,doesn,475,4
7771,42114,t,475,4
7772,42116,hear,475,4
7773,42121,her,475,4
7774,42125,and,475,4
7775,42129,is,475,4
7776,42132,still,475,4
7777,42138,looking,475,4
7778,42146,at,475,4
7779,42149,the,475,4
7780,42153,others,475,4
7781,42162,CUT,476,4
7782,42166,TO,476,4
7783,42170,EXT,477,4
7784,42175,STREAM,477,4
7785,42184,DAY50,477,4
7786,42190,50,477,4
7787,42193,Bonnie,478,4
7788,42200,is,478,4
7789,42203,ankle,478,4
7790,42209,deep,478,4
7791,42214,in,478,4
7792,42217,the,478,4
7793,42221,water,478,4
7794,42227,near,478,4
7795,42232,Mimi,478,4
7796,42238,contemplating,478,4
7797,42253,whether,478,4
7798,42261,she,478,4
7799,42265,should,478,4
7800,42272,go,478,4
7801,42275,in,478,4
7802,42278,further,478,4
7803,42288,VIKRAM,479,4
7804,42295,Arrey,479,4
7805,42301,come,479,4
7806,42306,on,479,4
7807,42309,in,479,4
7808,42312,Bonnie,479,4
7809,42320,BONNIE,480,4
7810,42328,No,480,4
7811,42331,baba,480,4
7812,42337,It,480,4
7813,42340,s,480,4
7814,42342,too,480,4
7815,42346,cold,480,4
7816,42352,Earlier,480,4
7817,42361,we,480,4
7818,42364,ve,480,4
7819,42367,gone,480,4
7820,42372,in,480,4
7821,42375,even,480,4
7822,42380,till,480,4
7823,42385,here,480,4
7824,42390,also,480,4
7825,42398,Indicating,480,4
7826,42409,her,480,4
7827,42413,hip,480,4
7828,42418,Ask,480,4
7829,42422,him,480,4
7830,42427,NANDU,481,4
7831,42433,Ya,481,4
7832,42436,and,481,4
7833,42440,she,481,4
7834,42444,swam,481,4
7835,42449,to,481,4
7836,42452,Chatti,481,4
7837,42459,Nadi,481,4
7838,42466,37,481,4
7839,42470,MIMI,482,4
7840,42476,Teeth,482,4
7841,42482,chattering,482,4
7842,42494,I,482,4
7843,42496,can,482,4
7844,42500,t,482,4
7845,42502,feel,482,4
7846,42507,my,482,4
7847,42510,feet,482,4
7848,42515,anymore,482,4
7849,42524,I,482,4
7850,42526,m,482,4
7851,42529,going,482,4
7852,42535,back,482,4
7853,42540,now,482,4
7854,42545,VIKRAM,483,4
7855,42552,Oh,483,4
7856,42555,yeah,483,4
7857,42562,Vikram,483,4
7858,42569,turns,483,4
7859,42575,to,483,4
7860,42578,Mimi,483,4
7861,42583,and,483,4
7862,42587,scoops,483,4
7863,42594,her,483,4
7864,42598,up,483,4
7865,42601,in,483,4
7866,42604,his,483,4
7867,42608,arms,483,4
7868,42613,swiftly,483,4
7869,42623,Mimi,483,4
7870,42628,bursts,483,4
7871,42635,into,483,4
7872,42640,giggles,483,4
7873,42648,and,483,4
7874,42652,squeals,483,4
7875,42660,while,483,4
7876,42666,she,483,4
7877,42670,clings,483,4
7878,42677,to,483,4
7879,42681,Vikram,483,4
7880,42688,s,483,4
7881,42690,neck,483,4
7882,42696,They,483,4
7883,42701,all,483,4
7884,42705,laugh,483,4
7885,42711,and,483,4
7886,42715,Nandu,483,4
7887,42721,and,483,4
7888,42725,Bonnie,483,4
7889,42732,exchange,483,4
7890,42741,a,483,4
7891,42744,look,483,4
7892,42751,CUT,484,4
7893,42755,TO,484,4
7894,42759,OMITTED51,485,4
7895,42769,51,485,4
7896,42772,EXT,486,4
7897,42777,STREAM,486,4
7898,42786,DAY,486,4
7899,42790,52,486,4
7900,42793,52,486,4
7901,42796,Nandu,487,4
7902,42802,and,487,4
7903,42806,Vikram,487,4
7904,42813,wear,487,4
7905,42818,their,487,4
7906,42824,shoes,487,4
7907,42831,drying,487,4
7908,42838,themselves,487,4
7909,42849,in,487,4
7910,42852,the,487,4
7911,42857,sun,487,4
7912,42862,They,487,4
7913,42867,are,487,4
7914,42871,watching,487,4
7915,42880,Bonnie,487,4
7916,42887,and,487,4
7917,42891,Mimi,487,4
7918,42896,walking,487,4
7919,42904,in,487,4
7920,42907,the,487,4
7921,42912,distance,487,4
7922,42922,Vikram,487,4
7923,42929,s,487,4
7924,42931,gaze,487,4
7925,42936,is,487,4
7926,42939,fixed,487,4
7927,42945,on,487,4
7928,42948,Mimi,487,4
7929,42954,Nandu,487,4
7930,42960,notices,487,4
7931,42968,him,487,4
7932,42975,NANDU,488,4
7933,42981,Nice,488,4
7934,42986,view,488,4
7935,42991,huh,488,4
7936,42996,VIKRAM,489,4
7937,43003,Ya,489,4
7938,43007,it,489,4
7939,43010,s,489,4
7940,43012,nice,489,4
7941,43019,NANDU,490,4
7942,43026,Looking,490,4
7943,43034,pointedly,490,4
7944,43044,at,490,4
7945,43048,VIKRAM,491,4
7946,43056,So,491,4
7947,43062,When,491,4
7948,43067,do,491,4
7949,43070,we,491,4
7950,43073,get,491,4
7951,43077,to,491,4
7952,43080,meet,491,4
7953,43088,the,491,4
7954,43093,Mrs,491,4
7955,43098,VIKRAM,492,4
7956,43106,Looks,492,4
7957,43112,at,492,4
7958,43115,Nandu,492,4
7959,43121,sharply,492,4
7960,43130,Purnima,492,4
7961,43141,Looking,492,4
7962,43149,back,492,4
7963,43154,at,492,4
7964,43157,the,492,4
7965,43162,girls,492,4
7966,43169,I,492,4
7967,43171,ll,492,4
7968,43174,get,492,4
7969,43178,her,492,4
7970,43182,along,492,4
7971,43188,one,492,4
7972,43192,of,492,4
7973,43195,these,492,4
7974,43202,days,492,4
7975,43208,NANDU,493,4
7976,43214,Question,493,4
7977,43223,is,493,4
7978,43226,why,493,4
7979,43230,didn,493,4
7980,43235,t,493,4
7981,43237,you,493,4
7982,43241,get,493,4
7983,43245,her,493,4
7984,43250,along,493,4
7985,43256,today,493,4
7986,43263,MRS,494,4
7987,43267,MCKENZIE,494,4
7988,43277,O,494,4
7989,43279,C,494,4
7990,43283,Lunch,494,4
7991,43289,is,494,4
7992,43292,ready,494,4
7993,43300,VIKRAM,495,4
7994,43307,Lunch,495,4
7995,43313,is,495,4
7996,43316,ready,495,4
7997,43323,I,495,4
7998,43325,m,495,4
7999,43327,hungry,495,4
8000,43336,38,495,4
8001,43340,Vikram,495,4
8002,43347,smiles,495,4
8003,43354,at,495,4
8004,43357,Nandu,495,4
8005,43365,CUT,496,4
8006,43369,TO,496,4
8007,43373,EXT,497,4
8008,43378,LAWN,497,4
8009,43385,DAY53,497,4
8010,43391,53,497,4
8011,43394,The,498,4
8012,43398,food,498,4
8013,43403,has,498,4
8014,43407,been,498,4
8015,43412,laid,498,4
8016,43417,out,498,4
8017,43421,on,498,4
8018,43424,the,498,4
8019,43428,dining,498,4
8020,43435,table,498,4
8021,43442,Bonnie,498,4
8022,43450,Tani,498,4
8023,43457,Uncle,498,4
8024,43463,and,498,4
8025,43467,Aunty,498,4
8026,43473,are,498,4
8027,43477,already,498,4
8028,43485,seated,498,4
8029,43495,MRS,499,4
8030,43499,MCKENZIE,499,4
8031,43508,Hurry,499,4
8032,43514,up,499,4
8033,43518,Hurry,499,4
8034,43524,up,499,4
8035,43528,Before,499,4
8036,43535,the,499,4
8037,43539,soup,499,4
8038,43545,gets,499,4
8039,43550,cold,499,4
8040,43556,Brian,499,4
8041,43562,pull,499,4
8042,43567,up,499,4
8043,43570,a,499,4
8044,43572,chair,499,4
8045,43580,AUNTY,500,4
8046,43586,Brian,500,4
8047,43593,you,500,4
8048,43597,re,500,4
8049,43600,really,500,4
8050,43607,going,500,4
8051,43613,to,500,4
8052,43616,miss,500,4
8053,43622,your,500,4
8054,43627,mom,500,4
8055,43631,s,500,4
8056,43633,cooking,500,4
8057,43641,over,500,4
8058,43646,there,500,4
8059,43654,Think,500,4
8060,43660,about,500,4
8061,43666,it,500,4
8062,43670,TANI,501,4
8063,43675,Please,501,4
8064,43682,Mama,501,4
8065,43688,All,501,4
8066,43692,my,501,4
8067,43695,friends,501,4
8068,43703,have,501,4
8069,43709,pets,501,4
8070,43715,BONNIE,502,4
8071,43722,First,502,4
8072,43728,you,502,4
8073,43732,tell,502,4
8074,43737,me,502,4
8075,43740,what,502,4
8076,43745,you,502,4
8077,43749,want,502,4
8078,43754,to,502,4
8079,43758,eat,502,4
8080,43763,I,502,4
8081,43765,ll,502,4
8082,43768,give,502,4
8083,43773,you,502,4
8084,43777,chicken,502,4
8085,43785,and,502,4
8086,43790,rice,502,4
8087,43796,Nandu,502,4
8088,43803,Mimi,502,4
8089,43808,and,502,4
8090,43812,Shutu,502,4
8091,43818,are,502,4
8092,43822,joining,502,4
8093,43830,the,502,4
8094,43834,others,502,4
8095,43841,as,502,4
8096,43844,Vikram,502,4
8097,43851,talks,502,4
8098,43858,to,502,4
8099,43861,Uncle,502,4
8100,43869,MIMI,503,4
8101,43874,Umm,503,4
8102,43879,Pepper,503,4
8103,43886,chicken,503,4
8104,43895,coconut,503,4
8105,43904,rice,503,4
8106,43913,NANDU,504,4
8107,43919,Cutlets,504,4
8108,43928,Nandu,504,4
8109,43934,reaches,504,4
8110,43942,out,504,4
8111,43946,to,504,4
8112,43949,pick,504,4
8113,43954,up,504,4
8114,43957,a,504,4
8115,43959,cutlet,504,4
8116,43966,and,504,4
8117,43970,sits,504,4
8118,43975,down,504,4
8119,43980,next,504,4
8120,43985,to,504,4
8121,43989,Mimi,504,4
8122,43995,Shutu,504,4
8123,44001,is,504,4
8124,44004,about,504,4
8125,44010,to,504,4
8126,44013,sit,504,4
8127,44017,on,504,4
8128,44020,the,504,4
8129,44024,other,504,4
8130,44030,side,504,4
8131,44035,of,504,4
8132,44038,Mimi,504,4
8133,44045,BONNIE,505,4
8134,44052,Shutu,505,4
8135,44058,just,505,4
8136,44063,get,505,4
8137,44067,my,505,4
8138,44070,shawl,505,4
8139,44076,na,505,4
8140,44080,It,505,4
8141,44083,s,505,4
8142,44085,on,505,4
8143,44089,that,505,4
8144,44094,chair,505,4
8145,44102,Shutu,505,4
8146,44108,who,505,4
8147,44112,was,505,4
8148,44116,about,505,4
8149,44122,to,505,4
8150,44125,sit,505,4
8151,44129,down,505,4
8152,44135,goes,505,4
8153,44140,to,505,4
8154,44143,get,505,4
8155,44147,the,505,4
8156,44151,shawl,505,4
8157,44159,Vikram,505,4
8158,44166,casually,505,4
8159,44175,sits,505,4
8160,44180,down,505,4
8161,44185,next,505,4
8162,44190,to,505,4
8163,44193,Mimi,505,4
8164,44199,Mrs,505,4
8165,44203,McKenzie,505,4
8166,44213,continues,505,4
8167,44223,to,505,4
8168,44226,serve,505,4
8169,44232,others,505,4
8170,44239,with,505,4
8171,44244,the,505,4
8172,44248,help,505,4
8173,44253,of,505,4
8174,44256,Kitty,505,4
8175,44265,TANI,506,4
8176,44271,Turning,506,4
8177,44279,Bonnie,506,4
8178,44286,s,506,4
8179,44288,face,506,4
8180,44294,Please,506,4
8181,44301,mama,506,4
8182,44307,I,506,4
8183,44309,ll,506,4
8184,44312,take,506,4
8185,44317,him,506,4
8186,44321,to,506,4
8187,44324,do,506,4
8188,44328,susu,506,4
8189,44334,potty,506,4
8190,44340,everything,506,4
8191,44352,Shutu,506,4
8192,44358,will,506,4
8193,44364,help,506,4
8194,44369,me,506,4
8195,44373,Na,506,4
8196,44376,Shutu,506,4
8197,44383,Shutu,506,4
8198,44389,hands,506,4
8199,44395,Bonnie,506,4
8200,44402,the,506,4
8201,44406,shawl,506,4
8202,44412,and,506,4
8203,44416,gets,506,4
8204,44421,pulled,506,4
8205,44428,into,506,4
8206,44433,this,506,4
8207,44439,conversation,506,4
8208,44454,39,506,4
8209,44458,SHUTU,507,4
8210,44464,Ya,507,4
8211,44468,I,507,4
8212,44470,ll,507,4
8213,44473,help,507,4
8214,44478,you,507,4
8215,44483,Come,507,4
8216,44488,on,507,4
8217,44491,Bonnie,507,4
8218,44499,di,507,4
8219,44505,Bonnie,507,4
8220,44512,rolls,507,4
8221,44518,her,507,4
8222,44522,eyes,507,4
8223,44527,at,507,4
8224,44530,Shutu,507,4
8225,44538,BONNIE,508,4
8226,44545,Now,508,4
8227,44549,you,508,4
8228,44553,don,508,4
8229,44557,t,508,4
8230,44559,start,508,4
8231,44566,TANI,509,4
8232,44571,But,509,4
8233,44575,you,509,4
8234,44579,only,509,4
8235,44584,keep,509,4
8236,44589,saying,509,4
8237,44596,I,509,4
8238,44598,m,509,4
8239,44600,an,509,4
8240,44604,only,509,4
8241,44609,child,509,4
8242,44617,BONNIE,510,4
8243,44624,Oof,510,4
8244,44629,This,510,4
8245,44634,girl,510,4
8246,44639,won,510,4
8247,44643,t,510,4
8248,44645,leave,510,4
8249,44651,me,510,4
8250,44654,in,510,4
8251,44658,peace,510,4
8252,44667,Okay,510,4
8253,44673,Maybe,510,4
8254,44680,We,510,4
8255,44683,ll,510,4
8256,44686,see,510,4
8257,44692,Tani,510,4
8258,44697,considers,510,4
8259,44707,this,510,4
8260,44712,an,510,4
8261,44715,approval,510,4
8262,44724,and,510,4
8263,44728,gets,510,4
8264,44733,up,510,4
8265,44737,Shutu,510,4
8266,44743,smiles,510,4
8267,44751,looking,510,4
8268,44759,at,510,4
8269,44762,Tani,510,4
8270,44769,BONNIE,511,4
8271,44777,CONT,511,4
8272,44782,D,511,4
8273,44785,Arrey,511,4
8274,44791,I,511,4
8275,44793,didn,511,4
8276,44798,t,511,4
8277,44800,say,511,4
8278,44804,yes,511,4
8279,44809,First,511,4
8280,44815,come,511,4
8281,44821,back,511,4
8282,44826,here,511,4
8283,44831,and,511,4
8284,44835,finish,511,4
8285,44842,your,511,4
8286,44847,food,511,4
8287,44853,CUT,512,4
8288,44857,TO,512,4
8289,44861,EXT,513,4
8290,44866,LAWN,513,4
8291,44873,DAY54,513,4
8292,44879,54,513,4
8293,44882,In,514,4
8294,44885,the,514,4
8295,44889,foreground,514,4
8296,44901,we,514,4
8297,44904,see,514,4
8298,44908,a,514,4
8299,44910,glass,514,4
8300,44916,of,514,4
8301,44919,juice,514,4
8302,44925,knocked,514,4
8303,44933,over,514,4
8304,44938,on,514,4
8305,44942,the,514,4
8306,44946,rug,514,4
8307,44951,flies,514,4
8308,44957,hovering,514,4
8309,44966,around,514,4
8310,44973,a,514,4
8311,44975,half,514,4
8312,44980,eaten,514,4
8313,44986,orange,514,4
8314,44994,the,514,4
8315,44998,pages,514,4
8316,45005,of,514,4
8317,45008,Shutu,514,4
8318,45014,s,514,4
8319,45016,novel,514,4
8320,45022,flutter,514,4
8321,45030,in,514,4
8322,45033,the,514,4
8323,45037,breeze,514,4
8324,45045,In,514,4
8325,45048,the,514,4
8326,45052,background,514,4
8327,45064,we,514,4
8328,45068,see,514,4
8329,45072,the,514,4
8330,45076,dining,514,4
8331,45083,table,514,4
8332,45089,in,514,4
8333,45092,a,514,4
8334,45094,blur,514,4
8335,45100,Tani,514,4
8336,45105,and,514,4
8337,45109,the,514,4
8338,45113,dogs,514,4
8339,45118,running,514,4
8340,45127,around,514,4
8341,45134,it,514,4
8342,45137,with,514,4
8343,45142,abandon,514,4
8344,45151,CUT,515,4
8345,45155,TO,515,4
8346,45159,EXT,516,4
8347,45164,LAWN,516,4
8348,45170,DAY,516,4
8349,45174,55,516,4
8350,45177,55,516,4
8351,45180,Post,517,4
8352,45185,lunch,517,4
8353,45192,Uncle,517,4
8354,45198,has,517,4
8355,45202,nodded,517,4
8356,45209,off,517,4
8357,45213,in,517,4
8358,45216,his,517,4
8359,45220,arm,517,4
8360,45224,chair,517,4
8361,45231,The,517,4
8362,45235,others,517,4
8363,45243,are,517,4
8364,45247,sitting,517,4
8365,45255,around,517,4
8366,45262,and,517,4
8367,45266,having,517,4
8368,45273,desert,517,4
8369,45280,on,517,4
8370,45283,the,517,4
8371,45287,chairs,517,4
8372,45295,Shutu,517,4
8373,45301,is,517,4
8374,45305,lying,517,4
8375,45311,on,517,4
8376,45314,the,517,4
8377,45318,rug,517,4
8378,45323,reading,517,4
8379,45331,20,517,4
8380,45334,000,517,4
8381,45338,Leagues,517,4
8382,45346,Under,517,4
8383,45352,the,517,4
8384,45356,Sea,517,4
8385,45360,by,517,4
8386,45364,Jules,517,4
8387,45370,Verne,517,4
8388,45377,Mimi,517,4
8389,45382,notices,517,4
8390,45390,his,517,4
8391,45394,book,517,4
8392,45399,as,517,4
8393,45402,she,517,4
8394,45406,takes,517,4
8395,45412,out,517,4
8396,45416,cream,517,4
8397,45423,from,517,4
8398,45428,her,517,4
8399,45432,handbag,517,4
8400,45441,MIMI,518,4
8401,45446,What,518,4
8402,45451,are,518,4
8403,45455,you,518,4
8404,45459,reading,518,4
8405,45468,Shutu,518,4
8406,45474,shows,518,4
8407,45480,her,518,4
8408,45484,the,518,4
8409,45488,book,518,4
8410,45495,SHUTU,519,4
8411,45501,I,519,4
8412,45503,m,519,4
8413,45505,just,519,4
8414,45510,reading,519,4
8415,45518,it,519,4
8416,45521,again,519,4
8417,45529,40,519,4
8418,45533,MIMI,520,4
8419,45538,You,520,4
8420,45542,should,520,4
8421,45549,have,520,4
8422,45554,really,520,4
8423,45561,studied,520,4
8424,45570,Literature,520,4
8425,45582,You,520,4
8426,45586,re,520,4
8427,45589,what,520,4
8428,45595,third,520,4
8429,45601,year,520,4
8430,45607,now,520,4
8431,45612,SHUTU,521,4
8432,45619,laughs,521,4
8433,45627,No,521,4
8434,45631,no,521,4
8435,45635,I,521,4
8436,45637,just,521,4
8437,45642,finished,521,4
8438,45651,my,521,4
8439,45654,M,521,4
8440,45656,Sc,521,4
8441,45661,I,521,4
8442,45663,ll,521,4
8443,45666,be,521,4
8444,45669,applying,521,4
8445,45678,for,521,4
8446,45682,a,521,4
8447,45684,Ph,521,4
8448,45687,D,521,4
8449,45690,soon,521,4
8450,45696,MIMI,522,4
8451,45701,You,522,4
8452,45705,re,522,4
8453,45708,toh,522,4
8454,45712,always,522,4
8455,45719,first,522,4
8456,45725,class,522,4
8457,45731,first,522,4
8458,45738,na,522,4
8459,45742,Weren,522,4
8460,45748,t,522,4
8461,45750,you,522,4
8462,45754,planning,522,4
8463,45763,to,522,4
8464,45766,go,522,4
8465,45770,abroad,522,4
8466,45777,or,522,4
8467,45780,something,522,4
8468,45791,SHUTU,523,4
8469,45797,Ya,523,4
8470,45801,I,523,4
8471,45803,ll,523,4
8472,45806,be,523,4
8473,45809,applying,523,4
8474,45818,for,523,4
8475,45822,a,523,4
8476,45825,scholarship,523,4
8477,45838,MIMI,524,4
8478,45843,And,524,4
8479,45847,if,524,4
8480,45850,you,524,4
8481,45854,don,524,4
8482,45858,t,524,4
8483,45860,get,524,4
8484,45864,that,524,4
8485,45870,Shutu,524,4
8486,45876,smiles,524,4
8487,45883,and,524,4
8488,45887,shrugs,524,4
8489,45896,MIMI,525,4
8490,45902,CONT,525,4
8491,45907,D,525,4
8492,45911,teasingly,525,4
8493,45922,Does,525,4
8494,45927,that,525,4
8495,45932,leave,525,4
8496,45938,you,525,4
8497,45942,much,525,4
8498,45947,time,525,4
8499,45952,for,525,4
8500,45956,a,525,4
8501,45959,girlfriend,525,4
8502,45971,Shutu,525,4
8503,45977,laughs,525,4
8504,45984,sheepishly,525,4
8505,45996,MIMI,526,4
8506,46002,CONT,526,4
8507,46007,D,526,4
8508,46010,Come,526,4
8509,46015,on,526,4
8510,46019,a,526,4
8511,46021,handsome,526,4
8512,46030,boy,526,4
8513,46034,like,526,4
8514,46039,you,526,4
8515,46044,At,526,4
8516,46047,this,526,4
8517,46052,point,526,4
8518,46058,Aunty,526,4
8519,46064,calls,526,4
8520,46070,out,526,4
8521,46074,to,526,4
8522,46077,Shutu,526,4
8523,46084,holding,526,4
8524,46092,out,526,4
8525,46096,her,526,4
8526,46101,desert,526,4
8527,46108,dish,526,4
8528,46115,AUNTY,527,4
8529,46121,Shutu,527,4
8530,46128,get,527,4
8531,46132,me,527,4
8532,46135,a,527,4
8533,46137,second,527,4
8534,46144,helping,527,4
8535,46153,please,527,4
8536,46161,SHUTU,528,4
8537,46168,to,528,4
8538,46171,MIMI,528,4
8539,46177,I,528,4
8540,46179,ll,528,4
8541,46182,be,528,4
8542,46185,right,528,4
8543,46191,back,528,4
8544,46197,CUT,529,4
8545,46201,TO,529,4
8546,46205,INT,530,4
8547,46210,BRIAN,530,4
8548,46216,S,530,4
8549,46218,HOUSE,530,4
8550,46225,DAY56,530,4
8551,46231,56,530,4
8552,46234,Shutu,531,4
8553,46240,enters,531,4
8554,46247,a,531,4
8555,46249,long,531,4
8556,46255,gloomy,531,4
8557,46262,corridor,531,4
8558,46272,The,531,4
8559,46276,walls,531,4
8560,46282,have,531,4
8561,46287,old,531,4
8562,46292,family,531,4
8563,46299,photographs,531,4
8564,46311,hanging,531,4
8565,46320,As,531,4
8566,46323,he,531,4
8567,46326,turns,531,4
8568,46332,into,531,4
8569,46337,the,531,4
8570,46341,kitchen,531,4
8571,46351,Vikram,531,4
8572,46358,comes,531,4
8573,46364,out,531,4
8574,46368,from,531,4
8575,46373,an,531,4
8576,46376,inner,531,4
8577,46382,bathroom,531,4
8578,46391,into,531,4
8579,46396,the,531,4
8580,46400,corridor,531,4
8581,46410,A,531,4
8582,46413,muted,531,4
8583,46419,flush,531,4
8584,46425,is,531,4
8585,46428,heard,531,4
8586,46435,Vikram,531,4
8587,46442,hears,531,4
8588,46448,a,531,4
8589,46450,sound,531,4
8590,46456,from,531,4
8591,46461,the,531,4
8592,46465,kitchen,531,4
8593,46474,and,531,4
8594,46478,goes,531,4
8595,46483,in,531,4
8596,46486,that,531,4
8597,46491,direction,531,4
8598,46502,He,531,4
8599,46505,stands,531,4
8600,46512,at,531,4
8601,46515,the,531,4
8602,46519,door,531,4
8603,46524,of,531,4
8604,46527,the,531,4
8605,46532,kitchen,531,4
8606,46540,and,531,4
8607,46544,watches,531,4
8608,46552,Shutu,531,4
8609,46558,taking,531,4
8610,46565,out,531,4
8611,46569,some,531,4
8612,46574,desert,531,4
8613,46582,With,531,4
8614,46587,a,531,4
8615,46590,mischievous,531,4
8616,46602,glint,531,4
8617,46608,in,531,4
8618,46611,his,531,4
8619,46615,eye,531,4
8620,46620,Vikram,531,4
8621,46627,picks,531,4
8622,46633,up,531,4
8623,46636,an,531,4
8624,46639,empty,531,4
8625,46645,glass,531,4
8626,46652,from,531,4
8627,46657,the,531,4
8628,46661,side,531,4
8629,46666,board,531,4
8630,46672,and,531,4
8631,46676,rolls,531,4
8632,46682,it,531,4
8633,46685,across,531,4
8634,46692,the,531,4
8635,46696,kitchen,531,4
8636,46704,floor,531,4
8637,46712,41,531,4
8638,46716,Shutu,531,4
8639,46722,reacts,531,4
8640,46729,to,531,4
8641,46732,the,531,4
8642,46736,eerie,531,4
8643,46742,sound,531,4
8644,46748,with,531,4
8645,46753,fear,531,4
8646,46759,As,531,4
8647,46762,the,531,4
8648,46766,glass,531,4
8649,46773,touches,531,4
8650,46781,Shutu,531,4
8651,46787,s,531,4
8652,46789,feet,531,4
8653,46795,he,531,4
8654,46798,almost,531,4
8655,46805,trips,531,4
8656,46811,and,531,4
8657,46815,drops,531,4
8658,46821,the,531,4
8659,46825,desert,531,4
8660,46833,bowl,531,4
8661,46839,Vikram,531,4
8662,46846,laughs,531,4
8663,46853,loudly,531,4
8664,46860,as,531,4
8665,46863,he,531,4
8666,46866,slaps,531,4
8667,46872,Shutu,531,4
8668,46878,on,531,4
8669,46881,the,531,4
8670,46885,back,531,4
8671,46890,and,531,4
8672,46895,walks,531,4
8673,46901,down,531,4
8674,46906,the,531,4
8675,46910,corridor,531,4
8676,46919,into,531,4
8677,46924,the,531,4
8678,46928,burnt,531,4
8679,46934,out,531,4
8680,46938,exterior,531,4
8681,46949,Shutu,531,4
8682,46955,bends,531,4
8683,46961,down,531,4
8684,46966,to,531,4
8685,46969,pick,531,4
8686,46974,up,531,4
8687,46977,the,531,4
8688,46981,broken,531,4
8689,46988,bowl,531,4
8690,46994,The,531,4
8691,46998,camera,531,4
8692,47005,lingers,531,4
8693,47013,on,531,4
8694,47016,the,531,4
8695,47020,glass,531,4
8696,47027,still,531,4
8697,47033,rolling,531,4
8698,47041,gently,531,4
8699,47048,on,531,4
8700,47051,the,531,4
8701,47056,sloping,531,4
8702,47064,kitchen,531,4
8703,47072,floor,531,4
8704,47080,CUT,532,4
8705,47084,TO,532,4
8706,47088,OMITTED57,533,4
8707,47098,57,533,4
8708,47101,EXT,534,4
8709,47106,BRIAN,534,4
8710,47112,S,534,4
8711,47114,HOUSE,534,4
8712,47121,DAY58,534,4
8713,47127,58,534,4
8714,47130,Tani,535,4
8715,47135,is,535,4
8716,47138,sitting,535,4
8717,47146,behind,535,4
8718,47153,the,535,4
8719,47157,wheel,535,4
8720,47163,of,535,4
8721,47166,Nandu,535,4
8722,47172,s,535,4
8723,47174,car,535,4
8724,47179,parked,535,4
8725,47186,near,535,4
8726,47192,the,535,4
8727,47196,gate,535,4
8728,47202,Shutu,535,4
8729,47208,gets,535,4
8730,47213,in,535,4
8731,47216,the,535,4
8732,47220,passenger,535,4
8733,47230,seat,535,4
8734,47236,SHUTU,536,4
8735,47242,Lets,536,4
8736,47247,go,536,4
8737,47250,home,536,4
8738,47255,Tani,536,4
8739,47261,Shutu,536,4
8740,47267,slides,536,4
8741,47274,down,536,4
8742,47279,on,536,4
8743,47282,the,536,4
8744,47286,seat,536,4
8745,47292,almost,536,4
8746,47299,lying,536,4
8747,47305,down,536,4
8748,47311,TANI,537,4
8749,47316,Come,537,4
8750,47321,on,537,4
8751,47325,let,537,4
8752,47329,s,537,4
8753,47331,go,537,4
8754,47334,Baba,537,4
8755,47341,She,537,4
8756,47345,blares,537,4
8757,47352,the,537,4
8758,47356,horn,537,4
8759,47361,loudly,537,4
8760,47368,as,537,4
8761,47371,she,537,4
8762,47375,calls,537,4
8763,47381,out,537,4
8764,47385,to,537,4
8765,47388,her,537,4
8766,47392,father,537,4
8767,47400,from,537,4
8768,47405,the,537,4
8769,47409,window,537,4
8770,47417,Nandu,537,4
8771,47423,comes,537,4
8772,47429,up,537,4
8773,47432,to,537,4
8774,47435,the,537,4
8775,47439,car,537,4
8776,47443,with,537,4
8777,47448,a,537,4
8778,47450,drink,537,4
8779,47456,in,537,4
8780,47460,his,537,4
8781,47464,hand,537,4
8782,47470,amused,537,4
8783,47477,at,537,4
8784,47480,Tani,537,4
8785,47485,behind,537,4
8786,47492,the,537,4
8787,47496,wheel,537,4
8788,47503,He,537,4
8789,47506,leans,537,4
8790,47512,in,537,4
8791,47515,at,537,4
8792,47518,her,537,4
8793,47523,window,537,4
8794,47532,NANDU,538,4
8795,47538,They,538,4
8796,47543,re,538,4
8797,47546,still,538,4
8798,47552,saying,538,4
8799,47559,bye,538,4
8800,47565,He,538,4
8801,47568,opens,538,4
8802,47575,the,538,4
8803,47579,door,538,4
8804,47585,Move,538,4
8805,47590,in,538,4
8806,47594,Unless,538,4
8807,47601,you,538,4
8808,47605,want,538,4
8809,47611,to,538,4
8810,47614,drive,538,4
8811,47620,us,538,4
8812,47623,home,538,4
8813,47629,Tani,538,4
8814,47634,giggles,538,4
8815,47642,at,538,4
8816,47645,the,538,4
8817,47649,suggestion,538,4
8818,47660,as,538,4
8819,47663,she,538,4
8820,47667,sidles,538,4
8821,47674,up,538,4
8822,47677,to,538,4
8823,47680,Shutu,538,4
8824,47686,to,538,4
8825,47690,makes,538,4
8826,47696,space,538,4
8827,47702,for,538,4
8828,47706,her,538,4
8829,47710,father,538,4
8830,47719,NANDU,539,4
8831,47726,CONT,539,4
8832,47731,D,539,4
8833,47734,No,539,4
8834,47738,What,539,4
8835,47743,about,539,4
8836,47749,you,539,4
8837,47753,Shutu,539,4
8838,47760,Hmm,539,4
8839,47765,Its,539,4
8840,47770,a,539,4
8841,47772,short,539,4
8842,47778,distance,539,4
8843,47788,Shutu,539,4
8844,47794,brushes,539,4
8845,47802,off,539,4
8846,47806,the,539,4
8847,47810,suggestion,539,4
8848,47821,with,539,4
8849,47826,a,539,4
8850,47828,smile,539,4
8851,47835,SHUTU,540,4
8852,47841,Oh,540,4
8853,47844,no,540,4
8854,47848,I,540,4
8855,47850,ve,540,4
8856,47853,not,540,4
8857,47857,had,540,4
8858,47861,any,540,4
8859,47865,practice,540,4
8860,47875,since,540,4
8861,47884,NANDU,541,4
8862,47890,Well,541,4
8863,47895,it,541,4
8864,47898,s,541,4
8865,47900,about,541,4
8866,47906,time,541,4
8867,47911,you,541,4
8868,47915,did,541,4
8869,47921,Shutu,541,4
8870,47927,looks,541,4
8871,47933,unsure,541,4
8872,47941,Tani,541,4
8873,47946,climbs,541,4
8874,47953,over,541,4
8875,47958,to,541,4
8876,47961,the,541,4
8877,47965,backseat,541,4
8878,47975,very,541,4
8879,47981,excited,541,4
8880,47990,42,541,4
8881,47994,TANI,542,4
8882,47999,Come,542,4
8883,48004,on,542,4
8884,48007,Shutu,542,4
8885,48014,Nandu,542,4
8886,48020,and,542,4
8887,48024,Shutu,542,4
8888,48030,get,542,4
8889,48034,out,542,4
8890,48038,and,542,4
8891,48042,cross,542,4
8892,48048,over,542,4
8893,48053,to,542,4
8894,48056,exchange,542,4
8895,48065,places,542,4
8896,48074,Nandu,542,4
8897,48080,hands,542,4
8898,48086,him,542,4
8899,48090,the,542,4
8900,48094,keys,542,4
8901,48099,as,542,4
8902,48102,they,542,4
8903,48107,cross,542,4
8904,48114,Shutu,542,4
8905,48120,gets,542,4
8906,48125,in,542,4
8907,48128,the,542,4
8908,48133,driver,542,4
8909,48140,s,542,4
8910,48142,seat,542,4
8911,48149,NANDU,543,4
8912,48155,Let,543,4
8913,48159,s,543,4
8914,48161,back,543,4
8915,48166,it,543,4
8916,48169,out,543,4
8917,48173,of,543,4
8918,48176,the,543,4
8919,48180,gate,543,4
8920,48187,We,543,4
8921,48190,ll,543,4
8922,48193,take,543,4
8923,48198,a,543,4
8924,48200,quick,543,4
8925,48206,chakker,543,4
8926,48215,Shutu,543,4
8927,48221,fiddles,543,4
8928,48229,with,543,4
8929,48234,the,543,4
8930,48238,gear,543,4
8931,48244,trying,543,4
8932,48251,all,543,4
8933,48255,the,543,4
8934,48259,other,543,4
8935,48265,gear,543,4
8936,48271,positions,543,4
8937,48281,before,543,4
8938,48288,getting,543,4
8939,48296,into,543,4
8940,48301,reverse,543,4
8941,48310,As,543,4
8942,48313,soon,543,4
8943,48318,as,543,4
8944,48321,he,543,4
8945,48324,starts,543,4
8946,48332,the,543,4
8947,48336,car,543,4
8948,48340,and,543,4
8949,48344,begins,543,4
8950,48351,to,543,4
8951,48354,reverse,543,4
8952,48363,the,543,4
8953,48367,engine,543,4
8954,48374,goes,543,4
8955,48379,off,543,4
8956,48384,He,543,4
8957,48388,nervously,543,4
8958,48398,starts,543,4
8959,48405,the,543,4
8960,48409,car,543,4
8961,48413,again,543,4
8962,48420,Nandu,543,4
8963,48426,and,543,4
8964,48430,Tani,543,4
8965,48435,both,543,4
8966,48440,look,543,4
8967,48445,at,543,4
8968,48449,him,543,4
8969,48453,apprehensively,543,4
8970,48469,Nandu,543,4
8971,48475,looks,543,4
8972,48481,behind,543,4
8973,48488,to,543,4
8974,48491,try,543,4
8975,48495,to,543,4
8976,48498,direct,543,4
8977,48505,him,543,4
8978,48510,NANDU,544,4
8979,48517,CONT,544,4
8980,48522,D,544,4
8981,48525,Ok,544,4
8982,48529,easy,544,4
8983,48534,now,544,4
8984,48539,Watch,544,4
8985,48545,out,544,4
8986,48549,for,544,4
8987,48553,that,544,4
8988,48559,rock,544,4
8989,48566,The,544,4
8990,48570,car,544,4
8991,48574,moves,544,4
8992,48580,back,544,4
8993,48585,jerkily,544,4
8994,48593,with,544,4
8995,48598,a,544,4
8996,48600,loud,544,4
8997,48605,noise,544,4
8998,48611,of,544,4
8999,48614,the,544,4
9000,48619,accelerator,544,4
9001,48631,being,544,4
9002,48637,pushed,544,4
9003,48644,too,544,4
9004,48648,hard,544,4
9005,48654,NANDU,545,4
9006,48661,CONT,545,4
9007,48666,D,545,4
9008,48669,Stop,545,4
9009,48675,Stop,545,4
9010,48681,Relax,545,4
9011,48688,Start,545,4
9012,48694,again,545,4
9013,48702,Adjust,545,4
9014,48709,the,545,4
9015,48713,rear,545,4
9016,48718,view,545,4
9017,48723,mirror,545,4
9018,48731,Side,545,4
9019,48737,view,545,4
9020,48742,mirror,545,4
9021,48750,Hand,545,4
9022,48755,brake,545,4
9023,48763,Shutu,545,4
9024,48769,is,545,4
9025,48772,beginning,545,4
9026,48782,to,545,4
9027,48785,sweat,545,4
9028,48792,He,545,4
9029,48795,adjusts,545,4
9030,48803,the,545,4
9031,48807,mirrors,545,4
9032,48816,He,545,4
9033,48820,starts,545,4
9034,48827,the,545,4
9035,48831,car,545,4
9036,48835,again,545,4
9037,48841,but,545,4
9038,48845,the,545,4
9039,48849,engine,545,4
9040,48856,goes,545,4
9041,48861,off,545,4
9042,48866,NANDU,546,4
9043,48873,CONT,546,4
9044,48878,D,546,4
9045,48881,Put,546,4
9046,48885,the,546,4
9047,48889,gear,546,4
9048,48894,in,546,4
9049,48897,neutral,546,4
9050,48905,Shutu,546,4
9051,48913,Shutu,546,4
9052,48919,fumbles,546,4
9053,48927,with,546,4
9054,48932,the,546,4
9055,48936,gear,546,4
9056,48942,He,546,4
9057,48945,is,546,4
9058,48948,about,546,4
9059,48954,to,546,4
9060,48957,start,546,4
9061,48963,again,546,4
9062,48970,NANDU,547,4
9063,48977,CONT,547,4
9064,48982,D,547,4
9065,48985,10,547,4
9066,48988,and,547,4
9067,48992,2,547,4
9068,48996,Shutu,547,4
9069,49002,looks,547,4
9070,49008,at,547,4
9071,49011,him,547,4
9072,49015,blankly,547,4
9073,49024,Nandu,547,4
9074,49030,gets,547,4
9075,49035,more,547,4
9076,49040,exasperated,547,4
9077,49053,NANDU,548,4
9078,49060,CONT,548,4
9079,49065,D,548,4
9080,49068,Hand,548,4
9081,49073,position,548,4
9082,49082,Shutu,548,4
9083,49089,10,548,4
9084,49092,and,548,4
9085,49096,2,548,4
9086,49099,Nandu,548,4
9087,49105,places,548,4
9088,49112,Shutu,548,4
9089,49118,s,548,4
9090,49120,hands,548,4
9091,49126,in,548,4
9092,49129,the,548,4
9093,49133,correct,548,4
9094,49141,position,548,4
9095,49151,NANDU,549,4
9096,49158,CONT,549,4
9097,49163,D,549,4
9098,49166,Come,549,4
9099,49171,on,549,4
9100,49174,come,549,4
9101,49179,on,549,4
9102,49183,Be,549,4
9103,49186,grateful,549,4
9104,49195,my,549,4
9105,49198,dad,549,4
9106,49203,isn,549,4
9107,49207,t,549,4
9108,49209,teaching,549,4
9109,49218,you,549,4
9110,49223,You,549,4
9111,49227,know,549,4
9112,49232,what,549,4
9113,49238,he,549,4
9114,49241,did,549,4
9115,49245,when,549,4
9116,49250,I,549,4
9117,49252,made,549,4
9118,49257,a,549,4
9119,49259,mistake,549,4
9120,49268,Nandu,549,4
9121,49274,raps,549,4
9122,49279,Shutu,549,4
9123,49285,on,549,4
9124,49288,the,549,4
9125,49292,back,549,4
9126,49297,of,549,4
9127,49300,his,549,4
9128,49304,head,549,4
9129,49310,lightly,549,4
9130,49320,TANI,550,4
9131,49325,Baba,550,4
9132,49331,43,550,4
9133,49335,Shutu,550,4
9134,49341,summons,550,4
9135,49349,up,550,4
9136,49352,his,550,4
9137,49356,last,550,4
9138,49361,shred,550,4
9139,49367,of,550,4
9140,49370,confidence,550,4
9141,49381,and,550,4
9142,49385,jerkily,550,4
9143,49394,reverses,550,4
9144,49403,the,550,4
9145,49407,car,550,4
9146,49412,Nandu,550,4
9147,49418,quickly,550,4
9148,49426,takes,550,4
9149,49432,the,550,4
9150,49436,glass,550,4
9151,49442,back,550,4
9152,49447,from,550,4
9153,49452,the,550,4
9154,49457,dash,550,4
9155,49462,board,550,4
9156,49470,NANDU,551,4
9157,49476,Relax,551,4
9158,49482,Tani,551,4
9159,49488,this,551,4
9160,49493,is,551,4
9161,49496,how,551,4
9162,49500,you,551,4
9163,49504,learn,551,4
9164,49512,Hey,551,4
9165,49517,Nandu,551,4
9166,49523,looks,551,4
9167,49529,alarmed,551,4
9168,49537,as,551,4
9169,49540,the,551,4
9170,49544,car,551,4
9171,49548,moves,551,4
9172,49554,unsteadily,551,4
9173,49565,towards,551,4
9174,49573,the,551,4
9175,49578,gate,551,4
9176,49585,NANDU,552,4
9177,49592,CONT,552,4
9178,49597,D,552,4
9179,49600,Slow,552,4
9180,49605,down,552,4
9181,49611,slow,552,4
9182,49616,down,552,4
9183,49622,Stay,552,4
9184,49627,left,552,4
9185,49634,left,552,4
9186,49640,Brake,552,4
9187,49647,Brake,552,4
9188,49654,Everyone,552,4
9189,49663,at,552,4
9190,49666,the,552,4
9191,49670,lawn,552,4
9192,49675,reacts,552,4
9193,49682,to,552,4
9194,49685,the,552,4
9195,49689,crashing,552,4
9196,49698,sound,552,4
9197,49705,In,552,4
9198,49708,a,552,4
9199,49710,wide,552,4
9200,49716,shot,552,4
9201,49721,we,552,4
9202,49724,see,552,4
9203,49728,Shutu,552,4
9204,49734,has,552,4
9205,49738,lost,552,4
9206,49743,control,552,4
9207,49751,of,552,4
9208,49754,the,552,4
9209,49758,car,552,4
9210,49763,The,552,4
9211,49767,left,552,4
9212,49772,tail,552,4
9213,49778,light,552,4
9214,49784,breaks,552,4
9215,49791,and,552,4
9216,49795,the,552,4
9217,49799,car,552,4
9218,49803,comes,552,4
9219,49809,to,552,4
9220,49812,an,552,4
9221,49815,abrupt,552,4
9222,49822,halt,552,4
9223,49828,Nandu,552,4
9224,49834,gets,552,4
9225,49840,out,552,4
9226,49844,and,552,4
9227,49848,slams,552,4
9228,49854,the,552,4
9229,49858,door,552,4
9230,49863,in,552,4
9231,49866,irritation,552,4
9232,49878,NANDU,553,4
9233,49885,O,553,4
9234,49887,C,553,4
9235,49892,CONT,553,4
9236,49897,D,553,4
9237,49900,Jesus,553,4
9238,49906,Shutu,553,4
9239,49913,Get,553,4
9240,49917,out,553,4
9241,49921,of,553,4
9242,49924,the,553,4
9243,49928,car,553,4
9244,49934,CUT,554,4
9245,49938,TO,554,4
9246,49942,EXT,555,4
9247,49947,MCCLUSKIEGUNJ,555,4
9248,49961,STREETS,555,4
9249,49970,DAY58,555,4
9250,49976,A,555,4
9251,49978,58,555,4
9252,49981,A,555,4
9253,49983,Nandu,556,4
9254,49989,drives,556,4
9255,49996,disdainfully,556,4
9256,50009,with,556,4
9257,50014,Uncle,556,4
9258,50021,Aunty,556,4
9259,50027,and,556,4
9260,50031,Tani,556,4
9261,50036,in,556,4
9262,50039,the,556,4
9263,50044,back,556,4
9264,50049,seat,556,4
9265,50055,Tani,556,4
9266,50060,is,556,4
9267,50063,holding,556,4
9268,50071,a,556,4
9269,50073,basket,556,4
9270,50080,with,556,4
9271,50085,the,556,4
9272,50089,puppy,556,4
9273,50095,in,556,4
9274,50098,it,556,4
9275,50102,At,556,4
9276,50106,one,556,4
9277,50110,point,556,4
9278,50116,they,556,4
9279,50121,over,556,4
9280,50126,take,556,4
9281,50131,Bonnie,556,4
9282,50139,Mimi,556,4
9283,50144,and,556,4
9284,50148,Shutu,556,4
9285,50154,who,556,4
9286,50158,are,556,4
9287,50163,walking,556,4
9288,50171,back,556,4
9289,50176,home,556,4
9290,50183,INT,557,5
9291,50188,MCCLUSKIEGUNJ,557,5
9292,50202,HOUSE,557,5
9293,50210,BONNIE,557,5
9294,50217,S,557,5
9295,50219,ROOM,557,5
9296,50225,NIGHT,557,5
9297,50231,59,557,5
9298,50234,59,557,5
9299,50237,Tani,558,5
9300,50242,is,558,5
9301,50245,sitting,558,5
9302,50253,on,558,5
9303,50256,the,558,5
9304,50260,bed,558,5
9305,50264,like,558,5
9306,50269,a,558,5
9307,50271,proud,558,5
9308,50277,mother,558,5
9309,50284,with,558,5
9310,50289,the,558,5
9311,50293,puppy,558,5
9312,50300,asleep,558,5
9313,50307,on,558,5
9314,50310,her,558,5
9315,50314,lap,558,5
9316,50319,Aunty,558,5
9317,50325,sits,558,5
9318,50330,behind,558,5
9319,50337,her,558,5
9320,50342,combing,558,5
9321,50350,her,558,5
9322,50354,long,558,5
9323,50360,hair,558,5
9324,50366,Tani,558,5
9325,50371,is,558,5
9326,50374,trying,558,5
9327,50381,hard,558,5
9328,50386,to,558,5
9329,50389,stay,558,5
9330,50394,still,558,5
9331,50400,so,558,5
9332,50403,that,558,5
9333,50408,the,558,5
9334,50412,puppy,558,5
9335,50419,doesn,558,5
9336,50425,t,558,5
9337,50427,wake,558,5
9338,50432,up,558,5
9339,50436,Mimi,558,5
9340,50441,is,558,5
9341,50444,lying,558,5
9342,50450,on,558,5
9343,50453,the,558,5
9344,50457,bed,558,5
9345,50461,as,558,5
9346,50464,Bonnie,558,5
9347,50471,tidies,558,5
9348,50478,up,558,5
9349,50482,the,558,5
9350,50486,room,558,5
9351,50492,MIMI,559,5
9352,50497,I,559,5
9353,50499,hope,559,5
9354,50504,this,559,5
9355,50509,one,559,5
9356,50513,has,559,5
9357,50517,better,559,5
9358,50524,luck,559,5
9359,50530,than,559,5
9360,50535,your,559,5
9361,50540,previous,559,5
9362,50549,pets,559,5
9363,50556,BONNIE,560,5
9364,50565,Frowning,560,5
9365,50574,at,560,5
9366,50577,MIMI,560,5
9367,50583,Chico,560,5
9368,50589,is,560,5
9369,50592,very,560,5
9370,50597,happy,560,5
9371,50603,in,560,5
9372,50606,doggy,560,5
9373,50613,heaven,560,5
9374,50621,thank,560,5
9375,50627,you,560,5
9376,50633,MIMI,561,5
9377,50638,Of,561,5
9378,50641,course,561,5
9379,50649,Along,561,5
9380,50655,with,561,5
9381,50660,Wolfie,561,5
9382,50669,Sheeba,561,5
9383,50676,and,561,5
9384,50680,what,561,5
9385,50685,was,561,5
9386,50689,the,561,5
9387,50693,name,561,5
9388,50698,of,561,5
9389,50702,that,561,5
9390,50707,tortoise,561,5
9391,50717,BONNIE,562,5
9392,50724,They,562,5
9393,50729,re,562,5
9394,50732,keeping,562,5
9395,50740,each,562,5
9396,50745,other,562,5
9397,50751,company,562,5
9398,50760,44,562,5
9399,50764,AUNTY,563,5
9400,50770,Kalidas,563,5
9401,50779,Poor,563,5
9402,50784,fellow,563,5
9403,50792,he,563,5
9404,50795,must,563,5
9405,50800,still,563,5
9406,50807,be,563,5
9407,50810,wandering,563,5
9408,50820,around,563,5
9409,50827,these,563,5
9410,50833,parts,563,5
9411,50840,Tani,563,5
9412,50845,follows,563,5
9413,50853,the,563,5
9414,50857,conversation,563,5
9415,50870,suspiciously,563,5
9416,50885,TANI,564,5
9417,50890,Why,564,5
9418,50895,What,564,5
9419,50900,happened,564,5
9420,50909,to,564,5
9421,50912,Kalidas,564,5
9422,50921,BONNIE,565,5
9423,50929,Nothing,565,5
9424,50938,He,565,5
9425,50941,just,565,5
9426,50946,went,565,5
9427,50951,for,565,5
9428,50955,a,565,5
9429,50957,walk,565,5
9430,50963,and,565,5
9431,50967,never,565,5
9432,50973,came,565,5
9433,50978,back,565,5
9434,50984,MIMI,566,5
9435,50989,Ya,566,5
9436,50992,because,566,5
9437,51000,we,566,5
9438,51003,all,566,5
9439,51007,forgot,566,5
9440,51014,to,566,5
9441,51017,bring,566,5
9442,51024,him,566,5
9443,51028,back,566,5
9444,51034,TANI,567,5
9445,51040,deeply,567,5
9446,51047,disapproving,567,5
9447,51061,You,567,5
9448,51065,forgot,567,5
9449,51072,to,567,5
9450,51075,bring,567,5
9451,51081,him,567,5
9452,51085,back,567,5
9453,51091,AUNTY,568,5
9454,51097,Don,568,5
9455,51101,t,568,5
9456,51103,worry,568,5
9457,51110,he,568,5
9458,51113,s,568,5
9459,51115,alive,568,5
9460,51122,Tortoises,568,5
9461,51133,live,568,5
9462,51138,to,568,5
9463,51141,be,568,5
9464,51144,more,568,5
9465,51149,than,568,5
9466,51154,a,568,5
9467,51156,hundred,568,5
9468,51165,years,568,5
9469,51172,Maybe,568,5
9470,51178,he,568,5
9471,51181,ll,568,5
9472,51184,come,568,5
9473,51189,back,568,5
9474,51194,one,568,5
9475,51199,day,568,5
9476,51204,MIMI,569,5
9477,51209,Come,569,5
9478,51214,back,569,5
9479,51220,I,569,5
9480,51222,m,569,5
9481,51224,sure,569,5
9482,51229,the,569,5
9483,51233,adivasis,569,5
9484,51243,have,569,5
9485,51248,eaten,569,5
9486,51254,him,569,5
9487,51258,by,569,5
9488,51261,now,569,5
9489,51266,Tani,569,5
9490,51271,looks,569,5
9491,51277,horrified,569,5
9492,51288,BONNIE,570,5
9493,51296,Never,570,5
9494,51302,mind,570,5
9495,51308,So,570,5
9496,51311,what,570,5
9497,51316,are,570,5
9498,51320,we,570,5
9499,51323,naming,570,5
9500,51331,this,570,5
9501,51336,one,570,5
9502,51342,TANI,571,5
9503,51347,Fluffy,571,5
9504,51355,BONNIE,572,5
9505,51364,making,572,5
9506,51371,a,572,5
9507,51373,face,572,5
9508,51379,Fluffy,572,5
9509,51387,MIMI,573,5
9510,51392,And,573,5
9511,51396,who,573,5
9512,51400,s,573,5
9513,51402,going,573,5
9514,51408,to,573,5
9515,51411,look,573,5
9516,51416,after,573,5
9517,51422,him,573,5
9518,51427,once,573,5
9519,51432,we,573,5
9520,51435,go,573,5
9521,51438,back,573,5
9522,51444,BONNIE,574,5
9523,51453,shrugs,574,5
9524,51460,with,574,5
9525,51465,a,574,5
9526,51467,grin,574,5
9527,51473,Shutu,574,5
9528,51481,They,574,5
9529,51486,break,574,5
9530,51492,into,574,5
9531,51497,laughter,574,5
9532,51507,TANI,575,5
9533,51512,Oh,575,5
9534,51515,Mama,575,5
9535,51520,he,575,5
9536,51523,s,575,5
9537,51525,done,575,5
9538,51530,susu,575,5
9539,51535,on,575,5
9540,51538,me,575,5
9541,51543,45,575,5
9542,51547,BONNIE,576,5
9543,51555,This,576,5
9544,51560,is,576,5
9545,51563,why,576,5
9546,51567,I,576,5
9547,51569,d,576,5
9548,51571,said,576,5
9549,51576,not,576,5
9550,51580,on,576,5
9551,51583,the,576,5
9552,51588,bed,576,5
9553,51594,Bonnie,576,5
9554,51601,gives,576,5
9555,51607,the,576,5
9556,51611,puppy,576,5
9557,51617,to,576,5
9558,51620,Mimi,576,5
9559,51627,BONNIE,577,5
9560,51635,CONT,577,5
9561,51640,D,577,5
9562,51643,Get,577,5
9563,51647,up,577,5
9564,51651,Let,577,5
9565,51655,s,577,5
9566,51657,get,577,5
9567,51661,you,577,5
9568,51665,changed,577,5
9569,51674,AUNTY,578,5
9570,51680,Wait,578,5
9571,51686,I,578,5
9572,51688,ll,578,5
9573,51691,organize,578,5
9574,51700,some,578,5
9575,51705,bedding,578,5
9576,51714,MIMI,579,5
9577,51720,FRENCH,579,5
9578,51728,Who,579,5
9579,51732,s,579,5
9580,51734,going,579,5
9581,51740,to,579,5
9582,51743,stay,579,5
9583,51748,with,579,5
9584,51753,you,579,5
9585,51757,now,579,5
9586,51762,I,579,5
9587,51765,have,579,5
9588,51770,to,579,5
9589,51773,go,579,5
9590,51776,work,579,5
9591,51781,now,579,5
9592,51787,Aunty,579,5
9593,51793,gets,579,5
9594,51798,up,579,5
9595,51802,Bonnie,579,5
9596,51809,and,579,5
9597,51813,Tani,579,5
9598,51818,go,579,5
9599,51821,into,579,5
9600,51826,the,579,5
9601,51830,bathroom,579,5
9602,51840,Mimi,579,5
9603,51846,lies,579,5
9604,51851,down,579,5
9605,51856,on,579,5
9606,51859,the,579,5
9607,51863,bed,579,5
9608,51867,with,579,5
9609,51872,the,579,5
9610,51876,puppy,579,5
9611,51882,curled,579,5
9612,51889,up,579,5
9613,51892,on,579,5
9614,51895,her,579,5
9615,51899,chest,579,5
9616,51908,CUT,580,5
9617,51912,TO,580,5
9618,51916,INT,581,5
9619,51921,MCCLUSKIEGUNJ,581,5
9620,51935,HOUSE,581,5
9621,51943,BONNIE,581,5
9622,51950,S,581,5
9623,51952,ROOM,581,5
9624,51959,NIGHT60,581,5
9625,51967,60,581,5
9626,51970,Tani,582,5
9627,51975,is,582,5
9628,51978,fast,582,5
9629,51983,asleep,582,5
9630,51990,as,582,5
9631,51993,Bonnie,582,5
9632,52000,tosses,582,5
9633,52007,and,582,5
9634,52011,turns,582,5
9635,52017,beside,582,5
9636,52024,her,582,5
9637,52030,The,582,5
9638,52034,puppy,582,5
9639,52040,s,582,5
9640,52042,whimpers,582,5
9641,52051,are,582,5
9642,52055,relentless,582,5
9643,52066,and,582,5
9644,52070,grow,582,5
9645,52075,in,582,5
9646,52078,desperation,582,5
9647,52092,At,582,5
9648,52095,one,582,5
9649,52099,point,582,5
9650,52106,Bonnie,582,5
9651,52113,sits,582,5
9652,52118,up,582,5
9653,52121,and,582,5
9654,52125,looks,582,5
9655,52131,at,582,5
9656,52134,the,582,5
9657,52138,pup,582,5
9658,52142,with,582,5
9659,52148,exasperation,582,5
9660,52163,CUT,583,5
9661,52167,TO,583,5
9662,52171,INT,584,5
9663,52176,MCCLUSKIEGUNJ,584,5
9664,52190,HOUSE,584,5
9665,52198,LIVING,584,5
9666,52205,ROOM,584,5
9667,52211,NIGHT,584,5
9668,52218,LOAD,584,5
9669,52223,SHEDDING,584,5
9670,52232,61,584,5
9671,52235,61,584,5
9672,52238,In,585,5
9673,52241,the,585,5
9674,52245,dimly,585,5
9675,52251,lit,585,5
9676,52255,room,585,5
9677,52261,Shutu,585,5
9678,52267,sits,585,5
9679,52272,on,585,5
9680,52275,a,585,5
9681,52277,stool,585,5
9682,52283,and,585,5
9683,52287,Nandu,585,5
9684,52293,on,585,5
9685,52296,his,585,5
9686,52301,arm,585,5
9687,52305,chair,585,5
9688,52312,They,585,5
9689,52317,are,585,5
9690,52321,absorbed,585,5
9691,52330,in,585,5
9692,52333,a,585,5
9693,52335,game,585,5
9694,52340,of,585,5
9695,52343,chess,585,5
9696,52349,with,585,5
9697,52354,just,585,5
9698,52359,a,585,5
9699,52362,few,585,5
9700,52366,chessmen,585,5
9701,52375,remaining,585,5
9702,52386,Nandu,585,5
9703,52392,sips,585,5
9704,52397,his,585,5
9705,52401,drink,585,5
9706,52407,and,585,5
9707,52411,observes,585,5
9708,52421,Shutu,585,5
9709,52427,s,585,5
9710,52429,move,585,5
9711,52436,NANDU,586,5
9712,52442,Hmm,586,5
9713,52449,at,586,5
9714,52452,least,586,5
9715,52458,your,586,5
9716,52463,chess,586,5
9717,52469,is,586,5
9718,52473,better,586,5
9719,52480,than,586,5
9720,52485,your,586,5
9721,52490,driving,586,5
9722,52499,They,586,5
9723,52504,hear,586,5
9724,52509,footsteps,586,5
9725,52519,from,586,5
9726,52524,the,586,5
9727,52528,corridor,586,5
9728,52538,Uncle,586,5
9729,52544,walks,586,5
9730,52550,into,586,5
9731,52555,the,586,5
9732,52560,living,586,5
9733,52567,room,586,5
9734,52572,wearing,586,5
9735,52580,his,586,5
9736,52584,flannel,586,5
9737,52592,dressing,586,5
9738,52601,gown,586,5
9739,52606,and,586,5
9740,52610,a,586,5
9741,52612,miner,586,5
9742,52618,s,586,5
9743,52621,helmet,586,5
9744,52628,with,586,5
9745,52633,a,586,5
9746,52635,torch,586,5
9747,52642,He,586,5
9748,52645,goes,586,5
9749,52650,up,586,5
9750,52653,to,586,5
9751,52656,a,586,5
9752,52658,cabinet,586,5
9753,52667,opens,586,5
9754,52673,a,586,5
9755,52675,drawer,586,5
9756,52683,and,586,5
9757,52687,looks,586,5
9758,52693,for,586,5
9759,52697,something,586,5
9760,52710,NANDU,587,5
9761,52717,CONT,587,5
9762,52722,D,587,5
9763,52725,Kya,587,5
9764,52729,hua,587,5
9765,52733,Baba,587,5
9766,52739,Can,587,5
9767,52743,t,587,5
9768,52745,sleep,587,5
9769,52752,UNCLE,588,5
9770,52758,No,588,5
9771,52762,no,588,5
9772,52765,nothing,588,5
9773,52774,I,588,5
9774,52776,just,588,5
9775,52781,came,588,5
9776,52786,to,588,5
9777,52789,get,588,5
9778,52794,my,588,5
9779,52801,Uncle,588,5
9780,52807,looks,588,5
9781,52813,vaguely,588,5
9782,52821,at,588,5
9783,52824,the,588,5
9784,52828,shelf,588,5
9785,52834,as,588,5
9786,52837,if,588,5
9787,52840,he,588,5
9788,52843,can,588,5
9789,52847,t,588,5
9790,52849,quite,588,5
9791,52856,remember,588,5
9792,52867,46,588,5
9793,52871,NANDU,589,5
9794,52877,What,589,5
9795,52883,What,589,5
9796,52888,do,589,5
9797,52891,you,589,5
9798,52895,need,589,5
9799,52902,NANDU,590,5
9800,52909,CONT,590,5
9801,52914,D,590,5
9802,52917,Go,590,5
9803,52920,to,590,5
9804,52923,sleep,590,5
9805,52929,Baba,590,5
9806,52935,We,590,5
9807,52938,ll,590,5
9808,52941,look,590,5
9809,52946,for,590,5
9810,52950,it,590,5
9811,52954,in,590,5
9812,52957,the,590,5
9813,52961,morning,590,5
9814,52971,Uncle,590,5
9815,52977,shuffles,590,5
9816,52986,off,590,5
9817,52990,towards,590,5
9818,52998,his,590,5
9819,53002,own,590,5
9820,53006,room,590,5
9821,53012,Nandu,590,5
9822,53018,looks,590,5
9823,53024,back,590,5
9824,53029,at,590,5
9825,53033,the,590,5
9826,53037,board,590,5
9827,53043,and,590,5
9828,53047,is,590,5
9829,53050,just,590,5
9830,53055,about,590,5
9831,53061,to,590,5
9832,53064,make,590,5
9833,53069,his,590,5
9834,53073,next,590,5
9835,53078,move,590,5
9836,53083,when,590,5
9837,53088,he,590,5
9838,53092,hears,590,5
9839,53098,footsteps,590,5
9840,53108,again,590,5
9841,53115,His,590,5
9842,53119,concentration,590,5
9843,53133,is,590,5
9844,53136,broken,590,5
9845,53145,NANDU,591,5
9846,53152,CONT,591,5
9847,53157,D,591,5
9848,53160,Tch,591,5
9849,53169,Bonnie,591,5
9850,53176,walks,591,5
9851,53182,in,591,5
9852,53185,holding,591,5
9853,53193,the,591,5
9854,53197,bedding,591,5
9855,53205,with,591,5
9856,53210,the,591,5
9857,53214,puppy,591,5
9858,53220,in,591,5
9859,53223,it,591,5
9860,53228,BONNIE,592,5
9861,53237,Handing,592,5
9862,53245,over,592,5
9863,53250,the,592,5
9864,53254,bedding,592,5
9865,53263,to,592,5
9866,53266,Shutu,592,5
9867,53273,Here,592,5
9868,53279,I,592,5
9869,53281,ve,592,5
9870,53284,had,592,5
9871,53288,enough,592,5
9872,53296,Now,592,5
9873,53300,you,592,5
9874,53304,deal,592,5
9875,53310,with,592,5
9876,53315,this,592,5
9877,53323,Bonnie,592,5
9878,53330,walks,592,5
9879,53336,away,592,5
9880,53342,Nandu,592,5
9881,53348,is,592,5
9882,53351,clearly,592,5
9883,53359,annoyed,592,5
9884,53368,He,592,5
9885,53371,goes,592,5
9886,53376,back,592,5
9887,53381,and,592,5
9888,53386,completes,592,5
9889,53396,his,592,5
9890,53400,move,592,5
9891,53406,Shutu,592,5
9892,53413,stroking,592,5
9893,53422,the,592,5
9894,53426,puppy,592,5
9895,53432,gently,592,5
9896,53441,concentrates,592,5
9897,53454,on,592,5
9898,53457,the,592,5
9899,53461,board,592,5
9900,53469,The,592,5
9901,53473,loud,592,5
9902,53478,sound,592,5
9903,53484,of,592,5
9904,53487,a,592,5
9905,53489,sputtering,592,5
9906,53500,bike,592,5
9907,53505,rings,592,5
9908,53511,through,592,5
9909,53519,the,592,5
9910,53523,night,592,5
9911,53531,Nandu,592,5
9912,53537,sits,592,5
9913,53542,up,592,5
9914,53545,erect,592,5
9915,53551,on,592,5
9916,53554,his,592,5
9917,53558,arm,592,5
9918,53562,chair,592,5
9919,53568,and,592,5
9920,53572,looks,592,5
9921,53578,in,592,5
9922,53581,that,592,5
9923,53587,direction,592,5
9924,53598,NANDU,593,5
9925,53604,Stella,593,5
9926,53612,CUT,594,5
9927,53616,TO,594,5
9928,53620,INT,595,5
9929,53625,MIMI,595,5
9930,53630,S,595,5
9931,53632,BEDROOM,595,5
9932,53641,NIGHT,595,5
9933,53648,62,595,5
9934,53651,62,595,5
9935,53654,Mimi,596,5
9936,53659,is,596,5
9937,53662,in,596,5
9938,53665,her,596,5
9939,53669,room,596,5
9940,53674,alone,596,5
9941,53681,working,596,5
9942,53690,She,596,5
9943,53694,is,596,5
9944,53697,writing,596,5
9945,53705,something,596,5
9946,53716,at,596,5
9947,53719,her,596,5
9948,53723,desk,596,5
9949,53728,when,596,5
9950,53733,she,596,5
9951,53737,suddenly,596,5
9952,53746,hears,596,5
9953,53752,the,596,5
9954,53756,motorcycle,596,5
9955,53767,and,596,5
9956,53771,turns,596,5
9957,53778,to,596,5
9958,53781,the,596,5
9959,53785,window,596,5
9960,53793,She,596,5
9961,53797,sees,596,5
9962,53802,Vikram,596,5
9963,53809,zipping,596,5
9964,53817,across,596,5
9965,53824,on,596,5
9966,53827,the,596,5
9967,53831,bike,596,5
9968,53838,EXT,597,5
9969,53843,FRONT,597,5
9970,53849,VERANDAH,597,5
9971,53859,NIGHT,597,5
9972,53865,62,597,5
9973,53869,A,597,5
9974,53871,62,597,5
9975,53875,A,597,5
9976,53877,The,598,5
9977,53881,bike,598,5
9978,53886,passes,598,5
9979,53893,across,598,5
9980,53900,the,598,5
9981,53904,front,598,5
9982,53910,verandah,598,5
9983,53921,EXT,599,5
9984,53926,SIDE,599,5
9985,53931,CORRIDOR,599,5
9986,53941,NIGHT62,599,5
9987,53950,B,599,5
9988,53952,62,599,5
9989,53956,B,599,5
9990,53958,Vikram,600,5
9991,53965,zips,600,5
9992,53970,across,600,5
9993,53977,on,600,5
9994,53980,his,600,5
9995,53984,bike,600,5
9996,53991,EXT,601,5
9997,53996,BACK,601,5
9998,54001,CORRIDOR,601,5
9999,54011,NIGHT62,601,5
10000,54020,C,601,5
10001,54022,62,601,5
10002,54026,C,601,5
10003,54028,The,602,5
10004,54032,bike,602,5
10005,54037,passes,602,5
10006,54044,across,602,5
10007,54051,the,602,5
10008,54055,back,602,5
10009,54060,corridor,602,5
10010,54070,47,602,5
10011,54074,EXT,603,5
10012,54079,MCCLUSKIEGUNJ,603,5
10013,54093,HOUSE,603,5
10014,54100,GATE,603,5
10015,54106,NIGHT,603,5
10016,54113,63,603,5
10017,54116,63,603,5
10018,54119,Vikram,604,5
10019,54126,is,604,5
10020,54129,circling,604,5
10021,54138,the,604,5
10022,54142,garden,604,5
10023,54149,area,604,5
10024,54155,on,604,5
10025,54158,his,604,5
10026,54162,motorcycle,604,5
10027,54174,He,604,5
10028,54177,is,604,5
10029,54181,clearly,604,5
10030,54189,inebriated,604,5
10031,54201,Nandu,604,5
10032,54207,comes,604,5
10033,54213,down,604,5
10034,54218,the,604,5
10035,54222,verandah,604,5
10036,54231,steps,604,5
10037,54238,followed,604,5
10038,54247,by,604,5
10039,54250,Shutu,604,5
10040,54258,NANDU,605,5
10041,54265,delighted,605,5
10042,54276,Fucker,605,5
10043,54284,everyone,605,5
10044,54293,will,605,5
10045,54298,wake,605,5
10046,54303,up,605,5
10047,54307,Vikram,605,5
10048,54314,stops,605,5
10049,54320,the,605,5
10050,54324,bike,605,5
10051,54329,at,605,5
10052,54332,the,605,5
10053,54336,verandah,605,5
10054,54347,VIKRAM,606,5
10055,54355,To,606,5
10056,54358,Nandu,606,5
10057,54365,Come,606,5
10058,54370,on,606,5
10059,54374,Let,606,5
10060,54378,s,606,5
10061,54380,take,606,5
10062,54385,her,606,5
10063,54389,for,606,5
10064,54393,a,606,5
10065,54395,spin,606,5
10066,54402,NANDU,607,5
10067,54408,It,607,5
10068,54411,s,607,5
10069,54413,freezing,607,5
10070,54423,VIKRAM,608,5
10071,54430,Don,608,5
10072,54434,t,608,5
10073,54436,be,608,5
10074,54439,a,608,5
10075,54441,pussy,608,5
10076,54448,Stella,608,5
10077,54455,is,608,5
10078,54458,nice,608,5
10079,54464,and,608,5
10080,54468,warm,608,5
10081,54473,for,608,5
10082,54477,you,608,5
10083,54483,Shutu,608,5
10084,54489,looks,608,5
10085,54495,at,608,5
10086,54498,the,608,5
10087,54502,bike,608,5
10088,54507,curiously,608,5
10089,54518,Vikram,608,5
10090,54525,pulls,608,5
10091,54531,out,608,5
10092,54535,a,608,5
10093,54537,hip,608,5
10094,54542,flask,608,5
10095,54548,and,608,5
10096,54552,gives,608,5
10097,54558,it,608,5
10098,54561,to,608,5
10099,54564,Nandu,608,5
10100,54572,NANDU,609,5
10101,54578,Fuck,609,5
10102,54583,off,609,5
10103,54587,man,609,5
10104,54594,VIKRAM,610,5
10105,54601,Take,610,5
10106,54606,a,610,5
10107,54608,sip,610,5
10108,54613,you,610,5
10109,54617,won,610,5
10110,54621,t,610,5
10111,54623,feel,610,5
10112,54628,so,610,5
10113,54631,cold,610,5
10114,54637,Nandu,610,5
10115,54643,takes,610,5
10116,54649,a,610,5
10117,54651,sip,610,5
10118,54655,and,610,5
10119,54659,grimaces,610,5
10120,54670,NANDU,611,5
10121,54676,Ahh,611,5
10122,54681,Let,611,5
10123,54685,me,611,5
10124,54688,get,611,5
10125,54692,my,611,5
10126,54695,jacket,611,5
10127,54704,Nandu,611,5
10128,54710,goes,611,5
10129,54715,in,611,5
10130,54719,passing,611,5
10131,54727,Mimi,611,5
10132,54732,who,611,5
10133,54736,has,611,5
10134,54740,come,611,5
10135,54745,out,611,5
10136,54749,wearing,611,5
10137,54757,a,611,5
10138,54760,jacket,611,5
10139,54768,Vikram,611,5
10140,54775,starts,611,5
10141,54782,the,611,5
10142,54786,engine,611,5
10143,54796,VIKRAM,612,5
10144,54803,Ah,612,5
10145,54807,see,612,5
10146,54811,how,612,5
10147,54815,she,612,5
10148,54819,purrs,612,5
10149,54825,for,612,5
10150,54829,me,612,5
10151,54833,Have,612,5
10152,54838,you,612,5
10153,54842,ever,612,5
10154,54847,ridden,612,5
10155,54854,one,612,5
10156,54859,Shutu,612,5
10157,54865,smiles,612,5
10158,54872,shyly,612,5
10159,54879,he,612,5
10160,54882,reaches,612,5
10161,54890,out,612,5
10162,54894,to,612,5
10163,54897,touch,612,5
10164,54903,the,612,5
10165,54907,handlebars,612,5
10166,54920,Vikram,612,5
10167,54927,flicks,612,5
10168,54934,his,612,5
10169,54938,hand,612,5
10170,54943,away,612,5
10171,54949,VIKRAM,613,5
10172,54957,CONT,613,5
10173,54962,D,613,5
10174,54965,Aye,613,5
10175,54970,don,613,5
10176,54974,t,613,5
10177,54976,touch,613,5
10178,54982,her,613,5
10179,54988,Mimi,613,5
10180,54993,comes,613,5
10181,54999,and,613,5
10182,55003,sits,613,5
10183,55008,on,613,5
10184,55011,the,613,5
10185,55015,bike,613,5
10186,55020,and,613,5
10187,55024,holds,613,5
10188,55030,Vikram,613,5
10189,55038,MIMI,614,5
10190,55043,You,614,5
10191,55047,never,614,5
10192,55053,minded,614,5
10193,55060,me,614,5
10194,55063,touching,614,5
10195,55072,her,614,5
10196,55077,Vikram,614,5
10197,55084,laughs,614,5
10198,55091,and,614,5
10199,55095,revs,614,5
10200,55100,the,614,5
10201,55104,engine,614,5
10202,55112,Nandu,614,5
10203,55118,comes,614,5
10204,55124,back,614,5
10205,55129,out,614,5
10206,55133,and,614,5
10207,55138,raises,614,5
10208,55145,his,614,5
10209,55149,eyebrows,614,5
10210,55158,at,614,5
10211,55161,the,614,5
10212,55165,sight,614,5
10213,55171,of,614,5
10214,55174,Mimi,614,5
10215,55179,on,614,5
10216,55182,the,614,5
10217,55186,bike,614,5
10218,55191,holding,614,5
10219,55200,Vikram,614,5
10220,55208,Vikram,614,5
10221,55215,looks,614,5
10222,55221,a,614,5
10223,55223,little,614,5
10224,55230,uncomfortable,614,5
10225,55245,48,614,5
10226,55249,VIKRAM,615,5
10227,55257,in,615,5
10228,55260,a,615,5
10229,55262,low,615,5
10230,55266,voice,615,5
10231,55273,Come,615,5
10232,55278,on,615,5
10233,55281,Mimi,615,5
10234,55287,get,615,5
10235,55291,off,615,5
10236,55296,Mimi,615,5
10237,55301,looks,615,5
10238,55307,at,615,5
10239,55310,Vikram,615,5
10240,55317,but,615,5
10241,55321,he,615,5
10242,55324,doesn,615,5
10243,55330,t,615,5
10244,55332,meet,615,5
10245,55337,her,615,5
10246,55341,eyes,615,5
10247,55347,Mimi,615,5
10248,55352,gets,615,5
10249,55358,off,615,5
10250,55363,NANDU,616,5
10251,55369,Move,616,5
10252,55374,back,616,5
10253,55380,Vikram,616,5
10254,55387,moves,616,5
10255,55393,back,616,5
10256,55398,as,616,5
10257,55401,Nandu,616,5
10258,55407,sits,616,5
10259,55412,in,616,5
10260,55415,front,616,5
10261,55423,NANDU,617,5
10262,55430,CONT,617,5
10263,55435,D,617,5
10264,55438,Shutu,617,5
10265,55444,lock,617,5
10266,55449,the,617,5
10267,55453,door,617,5
10268,55459,I,617,5
10269,55461,have,617,5
10270,55466,the,617,5
10271,55471,keys,617,5
10272,55478,SHUTU,618,5
10273,55484,Oh,618,5
10274,55488,Okay,618,5
10275,55493,Dada,618,5
10276,55500,As,618,5
10277,55503,Nandu,618,5
10278,55509,rides,618,5
10279,55515,the,618,5
10280,55519,bike,618,5
10281,55524,out,618,5
10282,55528,of,618,5
10283,55531,the,618,5
10284,55535,driveway,618,5
10285,55545,Mimi,618,5
10286,55550,goes,618,5
10287,55555,into,618,5
10288,55561,the,618,5
10289,55565,house,618,5
10290,55571,past,618,5
10291,55576,Shutu,618,5
10292,55582,as,618,5
10293,55585,he,618,5
10294,55588,watches,618,5
10295,55596,the,618,5
10296,55600,gate,618,5
10297,55607,CUT,619,5
10298,55611,TO,619,5
10299,55615,INT,620,5
10300,55620,LIVING,620,5
10301,55627,ROOM,620,5
10302,55633,NIGHT,620,5
10303,55639,64,620,5
10304,55642,64,620,5
10305,55645,Mimi,621,5
10306,55650,pours,621,5
10307,55656,herself,621,5
10308,55664,a,621,5
10309,55666,drink,621,5
10310,55672,at,621,5
10311,55675,the,621,5
10312,55679,bar,621,5
10313,55684,Shutu,621,5
10314,55690,is,621,5
10315,55693,clearing,621,5
10316,55702,up,621,5
10317,55706,the,621,5
10318,55710,chess,621,5
10319,55716,pieces,621,5
10320,55723,near,621,5
10321,55728,a,621,5
10322,55730,dying,621,5
10323,55736,fire,621,5
10324,55742,Mimi,621,5
10325,55747,sits,621,5
10326,55752,down,621,5
10327,55757,in,621,5
10328,55760,an,621,5
10329,55764,armchair,621,5
10330,55775,MIMI,622,5
10331,55780,So,622,5
10332,55783,who,622,5
10333,55787,was,622,5
10334,55791,winning,622,5
10335,55800,SHUTU,623,5
10336,55806,Me,623,5
10337,55810,Shutu,623,5
10338,55816,smiles,623,5
10339,55823,at,623,5
10340,55826,her,623,5
10341,55830,and,623,5
10342,55834,goes,623,5
10343,55839,back,623,5
10344,55844,to,623,5
10345,55847,putting,623,5
10346,55855,the,623,5
10347,55859,pieces,623,5
10348,55866,away,623,5
10349,55873,Mimi,623,5
10350,55878,looks,623,5
10351,55884,at,623,5
10352,55887,Shutu,623,5
10353,55893,moodily,623,5
10354,55901,for,623,5
10355,55905,a,623,5
10356,55907,few,623,5
10357,55911,moments,623,5
10358,55920,MIMI,624,5
10359,55925,You,624,5
10360,55929,re,624,5
10361,55932,so,624,5
10362,55935,pretty,624,5
10363,55943,you,624,5
10364,55947,could,624,5
10365,55953,be,624,5
10366,55956,a,624,5
10367,55959,girl,624,5
10368,55965,Shutu,624,5
10369,55971,looks,624,5
10370,55977,at,624,5
10371,55980,her,624,5
10372,55984,with,624,5
10373,55989,an,624,5
10374,55992,unsure,624,5
10375,55999,smile,624,5
10376,56006,CUT,625,5
10377,56010,TO,625,5
10378,56014,INT,626,5
10379,56019,MCCLUSKIEGUNJ,626,5
10380,56033,HOUSE,626,5
10381,56041,SHUTU,626,5
10382,56047,S,626,5
10383,56049,ROOM,626,5
10384,56056,NIGHT64,626,5
10385,56065,A,626,5
10386,56067,64,626,5
10387,56071,A,626,5
10388,56073,Shutu,627,5
10389,56079,is,627,5
10390,56082,unable,627,5
10391,56089,to,627,5
10392,56092,sleep,627,5
10393,56098,while,627,5
10394,56104,a,627,5
10395,56106,train,627,5
10396,56112,rushes,627,5
10397,56119,by,627,5
10398,56122,in,627,5
10399,56125,the,627,5
10400,56130,distance,627,5
10401,56142,49,627,5
10402,56146,EXT,628,5
10403,56151,MCCLUSKIEGUNJ,628,5
10404,56165,HOUSE,628,5
10405,56172,NIGHT,628,5
10406,56178,65,628,5
10407,56181,65,628,5
10408,56184,Exterior,629,5
10409,56193,shot,629,5
10410,56198,of,629,5
10411,56201,the,629,5
10412,56205,house,629,5
10413,56211,at,629,5
10414,56214,night,629,5
10415,56220,from,629,5
10416,56225,the,629,5
10417,56229,gate,629,5
10418,56235,A,629,5
10419,56237,dog,629,5
10420,56242,howls,629,5
10421,56248,in,629,5
10422,56251,the,629,5
10423,56255,distance,629,5
10424,56265,FADE,629,5
10425,56270,OUT,629,5
10426,56275,EXT,630,5
10427,56280,MCCLUSKIEGUNJ,630,5
10428,56294,HOUSE,630,5
10429,56302,GATE,630,5
10430,56308,DAY65,630,5
10431,56315,A,630,5
10432,56317,65,630,5
10433,56321,A,630,5
10434,56323,In,631,5
10435,56326,a,631,5
10436,56328,long,631,5
10437,56333,shot,631,5
10438,56339,Maniya,631,5
10439,56346,enters,631,5
10440,56353,the,631,5
10441,56357,gate,631,5
10442,56362,on,631,5
10443,56365,his,631,5
10444,56369,cycle,631,5
10445,56377,INT,632,5
10446,56382,MCCLUSKIEGUNJ,632,5
10447,56396,HOUSE,632,5
10448,56404,DINING,632,5
10449,56411,ROOM,632,5
10450,56417,DAY65,632,5
10451,56424,B,632,5
10452,56426,65,632,5
10453,56430,B,632,5
10454,56432,Maniya,633,5
10455,56439,keeps,633,5
10456,56445,a,633,5
10457,56447,few,633,5
10458,56451,letters,633,5
10459,56459,on,633,5
10460,56462,the,633,5
10461,56466,dining,633,5
10462,56473,table,633,5
10463,56481,EXT,634,5
10464,56486,MCCLUSKIEGUNJ,634,5
10465,56500,HOUSE,634,5
10466,56508,BACKYARD,634,5
10467,56518,DAY66,634,5
10468,56524,66,634,5
10469,56527,Fade,635,5
10470,56532,in,635,5
10471,56536,Shutu,635,5
10472,56542,and,635,5
10473,56546,Tani,635,5
10474,56551,sits,635,5
10475,56556,inside,635,5
10476,56563,an,635,5
10477,56566,old,635,5
10478,56570,bathtub,635,5
10479,56579,reading,635,5
10480,56587,a,635,5
10481,56590,book,635,5
10482,56597,The,635,5
10483,56601,super,635,5
10484,56607,reads,635,5
10485,56613,Day,635,5
10486,56617,4,635,5
10487,56619,Thursday,635,5
10488,56629,30th,635,5
10489,56634,DECEMBER,635,5
10490,56644,In,635,5
10491,56647,a,635,5
10492,56649,corner,635,5
10493,56656,is,635,5
10494,56659,Maniya,635,5
10495,56666,s,635,5
10496,56668,hut,635,5
10497,56673,in,635,5
10498,56676,front,635,5
10499,56682,of,635,5
10500,56685,it,635,5
10501,56689,a,635,5
10502,56691,vegetable,635,5
10503,56702,patch,635,5
10504,56708,and,635,5
10505,56712,some,635,5
10506,56717,chickens,635,5
10507,56727,Manjari,635,5
10508,56735,is,635,5
10509,56738,filling,635,5
10510,56746,out,635,5
10511,56750,the,635,5
10512,56754,buckets,635,5
10513,56764,The,635,5
10514,56768,clothes,635,5
10515,56776,on,635,5
10516,56779,the,635,5
10517,56783,line,635,5
10518,56789,gently,635,5
10519,56796,flutter,635,5
10520,56804,in,635,5
10521,56807,the,635,5
10522,56811,breeze,635,5
10523,56819,The,635,5
10524,56824,two,635,5
10525,56828,dogs,635,5
10526,56833,are,635,5
10527,56837,sleeping,635,5
10528,56846,curled,635,5
10529,56853,up,635,5
10530,56856,in,635,5
10531,56859,the,635,5
10532,56863,sun,635,5
10533,56868,Maniya,635,5
10534,56875,enters,635,5
10535,56882,the,635,5
10536,56887,backyard,635,5
10537,56896,and,635,5
10538,56900,resumes,635,5
10539,56908,his,635,5
10540,56912,work,635,5
10541,56919,Suddenly,635,5
10542,56929,the,635,5
10543,56933,mesh,635,5
10544,56938,door,635,5
10545,56943,opens,635,5
10546,56949,and,635,5
10547,56953,Brian,635,5
10548,56959,comes,635,5
10549,56965,out,635,5
10550,56969,from,635,5
10551,56974,the,635,5
10552,56979,kitchen,635,5
10553,56987,explaining,635,5
10554,56998,something,635,5
10555,57008,with,635,5
10556,57013,a,635,5
10557,57015,lot,635,5
10558,57019,of,635,5
10559,57022,enthusiasm,635,5
10560,57034,He,635,5
10561,57037,is,635,5
10562,57041,followed,635,5
10563,57050,by,635,5
10564,57053,Mimi,635,5
10565,57059,Vikram,635,5
10566,57067,Nandu,635,5
10567,57073,and,635,5
10568,57077,Bonnie,635,5
10569,57084,who,635,5
10570,57088,come,635,5
10571,57093,out,635,5
10572,57097,with,635,5
10573,57103,a,635,5
10574,57105,great,635,5
10575,57111,deal,635,5
10576,57116,of,635,5
10577,57119,energy,635,5
10578,57126,and,635,5
10579,57130,bustle,635,5
10580,57140,BRIAN,636,5
10581,57146,But,636,5
10582,57150,there,636,5
10583,57156,is,636,5
10584,57159,so,636,5
10585,57162,much,636,5
10586,57167,space,636,5
10587,57174,We,636,5
10588,57177,ll,636,5
10589,57181,just,636,5
10590,57186,draw,636,5
10591,57191,two,636,5
10592,57195,lines,636,5
10593,57201,here,636,5
10594,57208,There,636,5
10595,57214,is,636,5
10596,57218,1,636,5
10597,57221,2,636,5
10598,57224,3,636,5
10599,57229,MIMI,637,5
10600,57234,I,637,5
10601,57236,m,637,5
10602,57238,telling,637,5
10603,57246,you,637,5
10604,57250,there,637,5
10605,57256,s,637,5
10606,57258,not,637,5
10607,57262,enough,637,5
10608,57270,people,637,5
10609,57277,for,637,5
10610,57281,kabaddi,637,5
10611,57291,BRIAN,638,5
10612,57297,Why,638,5
10613,57302,Shutu,638,5
10614,57308,will,638,5
10615,57313,also,638,5
10616,57318,play,638,5
10617,57323,with,638,5
10618,57328,us,638,5
10619,57332,VIKRAM,639,5
10620,57339,Challo,639,5
10621,57347,then,639,5
10622,57352,we,639,5
10623,57355,might,639,5
10624,57361,as,639,5
10625,57364,well,639,5
10626,57369,take,639,5
10627,57375,Tani,639,5
10628,57380,also,639,5
10629,57385,to,639,5
10630,57388,play,639,5
10631,57394,Tani,639,5
10632,57399,and,639,5
10633,57403,Shutu,639,5
10634,57409,exchange,639,5
10635,57418,a,639,5
10636,57420,look,639,5
10637,57427,NANDU,640,5
10638,57433,Arrey,640,5
10639,57439,Maniya,640,5
10640,57446,can,640,5
10641,57450,also,640,5
10642,57455,play,640,5
10643,57461,Maniya,640,5
10644,57470,kabhi,640,5
10645,57476,khela,640,5
10646,57482,hain,640,5
10647,57487,kabbadi,640,5
10648,57496,MANIYA,641,5
10649,57503,Haa,641,5
10650,57507,khela,641,5
10651,57513,hain,641,5
10652,57520,50,641,5
10653,57524,NANDU,642,5
10654,57530,Challo,642,5
10655,57537,good,642,5
10656,57543,Aa,642,5
10657,57546,jao,642,5
10658,57551,Manjari,642,5
10659,57559,tum,642,5
10660,57564,bhi,642,5
10661,57571,MANIYA,643,5
10662,57578,Lekin,643,5
10663,57584,ee,643,5
10664,57587,lakdi,643,5
10665,57596,NANDU,644,5
10666,57602,Arrey,644,5
10667,57608,chodo,644,5
10668,57614,lakdi,644,5
10669,57620,yaar,644,5
10670,57627,MIMI,645,5
10671,57632,Bonnie,645,5
10672,57640,you,645,5
10673,57644,and,645,5
10674,57648,I,645,5
10675,57650,can,645,5
10676,57654,t,645,5
10677,57656,be,645,5
10678,57659,in,645,5
10679,57662,the,645,5
10680,57667,same,645,5
10681,57672,team,645,5
10682,57679,BONNIE,646,5
10683,57686,Ya,646,5
10684,57689,all,646,5
10685,57693,bad,646,5
10686,57697,players,646,5
10687,57705,can,646,5
10688,57709,t,646,5
10689,57711,be,646,5
10690,57714,on,646,5
10691,57717,one,646,5
10692,57722,side,646,5
10693,57728,Vikram,646,5
10694,57736,you,646,5
10695,57740,and,646,5
10696,57744,Brian,646,5
10697,57750,be,646,5
10698,57754,captains,646,5
10699,57765,VIKRAM,647,5
10700,57772,Okay,647,5
10701,57778,I,647,5
10702,57780,choose,647,5
10703,57787,Nandu,647,5
10704,57794,BRIAN,648,5
10705,57800,Hang,648,5
10706,57805,on,648,5
10707,57809,Let,648,5
10708,57813,s,648,5
10709,57815,flip,648,5
10710,57820,a,648,5
10711,57822,coin,648,5
10712,57829,VIKRAM,649,5
10713,57836,Heads,649,5
10714,57843,Nandu,649,5
10715,57849,flips,649,5
10716,57855,the,649,5
10717,57859,coin,649,5
10718,57864,and,649,5
10719,57868,its,649,5
10720,57872,lands,649,5
10721,57878,on,649,5
10722,57881,heads,649,5
10723,57889,VIKRAM,650,5
10724,57897,CONT,650,5
10725,57902,D,650,5
10726,57905,I,650,5
10727,57907,choose,650,5
10728,57914,Nandu,650,5
10729,57921,BRIAN,651,5
10730,57927,Maniya,651,5
10731,57935,mere,651,5
10732,57940,team,651,5
10733,57945,mein,651,5
10734,57953,VIKRAM,652,5
10735,57960,MIMI,652,5
10736,57966,come,652,5
10737,57971,over,652,5
10738,57976,here,652,5
10739,57983,BRIAN,653,5
10740,57989,Bonnie,653,5
10741,57997,you,653,5
10742,58001,come,653,5
10743,58006,over,653,5
10744,58011,here,653,5
10745,58018,Vikram,653,5
10746,58025,looks,653,5
10747,58031,between,653,5
10748,58039,Shutu,653,5
10749,58045,and,653,5
10750,58049,Manjari,653,5
10751,58058,the,653,5
10752,58062,two,653,5
10753,58066,players,653,5
10754,58074,left,653,5
10755,58082,planning,653,5
10756,58091,his,653,5
10757,58095,strategy,653,5
10758,58105,Shutu,653,5
10759,58111,makes,653,5
10760,58117,a,653,5
10761,58119,move,653,5
10762,58124,to,653,5
10763,58127,get,653,5
10764,58131,up,653,5
10765,58135,Tani,653,5
10766,58141,gives,653,5
10767,58147,him,653,5
10768,58151,an,653,5
10769,58154,apprehensive,653,5
10770,58167,look,653,5
10771,58173,Shutu,653,5
10772,58179,winks,653,5
10773,58185,at,653,5
10774,58188,her,653,5
10775,58193,VIKRAM,654,5
10776,58200,I,654,5
10777,58202,choose,654,5
10778,58209,Manjari,654,5
10779,58219,The,654,5
10780,58223,others,654,5
10781,58230,laugh,654,5
10782,58236,at,654,5
10783,58239,Vikram,654,5
10784,58246,s,654,5
10785,58248,choice,654,5
10786,58256,Shutu,654,5
10787,58263,realizing,654,5
10788,58273,that,654,5
10789,58278,he,654,5
10790,58282,hasn,654,5
10791,58287,t,654,5
10792,58289,been,654,5
10793,58294,chosen,654,5
10794,58301,by,654,5
10795,58304,Vikram,654,5
10796,58312,walks,654,5
10797,58318,towards,654,5
10798,58326,Brian,654,5
10799,58333,Brian,654,5
10800,58339,puts,654,5
10801,58345,his,654,5
10802,58349,arm,654,5
10803,58353,around,654,5
10804,58360,Shutu,654,5
10805,58368,BRIAN,655,5
10806,58374,Come,655,5
10807,58379,on,655,5
10808,58382,Shutu,655,5
10809,58391,You,655,5
10810,58395,can,655,5
10811,58399,play,655,5
10812,58404,na,655,5
10813,58408,A,655,5
10814,58410,line,655,5
10815,58415,is,655,5
10816,58418,drawn,655,5
10817,58424,and,655,5
10818,58428,game,655,5
10819,58433,begins,655,5
10820,58440,in,655,5
10821,58443,a,655,5
10822,58445,fun,655,5
10823,58449,and,655,5
10824,58453,playful,655,5
10825,58461,mood,655,5
10826,58468,Tani,655,5
10827,58473,gets,655,5
10828,58478,into,655,5
10829,58483,the,655,5
10830,58487,bathtub,655,5
10831,58495,and,655,5
10832,58499,pretends,655,5
10833,58508,to,655,5
10834,58511,be,655,5
10835,58514,the,655,5
10836,58518,referee,655,5
10837,58527,51,655,5
10838,58531,Brian,655,5
10839,58537,is,655,5
10840,58540,the,655,5
10841,58544,first,655,5
10842,58550,player,655,5
10843,58557,to,655,5
10844,58560,raid,655,5
10845,58565,Vikram,655,5
10846,58572,s,655,5
10847,58574,court,655,5
10848,58581,Brian,655,5
10849,58588,begins,655,5
10850,58595,chanting,655,5
10851,58605,kabaddi,655,5
10852,58613,kabaddi,655,5
10853,58622,and,655,5
10854,58626,moves,655,5
10855,58632,rapidly,655,5
10856,58640,towards,655,5
10857,58649,their,655,5
10858,58655,baulk,655,5
10859,58661,line,655,5
10860,58667,At,655,5
10861,58670,one,655,5
10862,58674,point,655,5
10863,58680,Brian,655,5
10864,58686,swiftly,655,5
10865,58694,touches,655,5
10866,58702,Mimi,655,5
10867,58707,and,655,5
10868,58712,runs,655,5
10869,58717,toward,655,5
10870,58724,the,655,5
10871,58728,mid,655,5
10872,58732,line,655,5
10873,58738,Mimi,655,5
10874,58743,manages,655,5
10875,58751,to,655,5
10876,58754,grab,655,5
10877,58759,him,655,5
10878,58763,by,655,5
10879,58766,his,655,5
10880,58771,shirt,655,5
10881,58778,clings,655,5
10882,58785,on,655,5
10883,58788,to,655,5
10884,58791,his,655,5
10885,58795,neck,655,5
10886,58800,and,655,5
10887,58804,hangs,655,5
10888,58810,off,655,5
10889,58814,his,655,5
10890,58818,back,655,5
10891,58824,Brian,655,5
10892,58831,walks,655,5
10893,58837,back,655,5
10894,58842,into,655,5
10895,58847,his,655,5
10896,58851,court,655,5
10897,58857,seemingly,655,5
10898,58867,oblivious,655,5
10899,58879,BRIAN,656,5
10900,58886,CONT,656,5
10901,58891,D,656,5
10902,58894,What,656,5
10903,58900,What,656,5
10904,58906,Something,656,5
10905,58916,on,656,5
10906,58919,me,656,5
10907,58923,Everyone,656,5
10908,58932,laughs,656,5
10909,58940,Shutu,656,5
10910,58946,starts,656,5
10911,58953,playing,656,5
10912,58961,really,656,5
10913,58968,well,656,5
10914,58974,He,656,5
10915,58977,is,656,5
10916,58981,cheered,656,5
10917,58989,on,656,5
10918,58992,by,656,5
10919,58995,everyone,656,5
10920,59005,particularly,656,5
10921,59018,by,656,5
10922,59021,Mimi,656,5
10923,59026,and,656,5
10924,59030,Bonnie,656,5
10925,59039,BRIAN,657,5
10926,59046,CONT,657,5
10927,59051,D,657,5
10928,59054,Well,657,5
10929,59059,done,657,5
10930,59064,Shuts,657,5
10931,59071,BONNIE,658,5
10932,59079,Rubbing,658,5
10933,59087,VIKRAM,658,5
10934,59094,s,658,5
10935,59096,slight,658,5
10936,59104,belly,658,5
10937,59111,Ooh,658,5
10938,59115,Vikram,658,5
10939,59123,losing,658,5
10940,59130,your,658,5
10941,59135,touch,658,5
10942,59141,huh,658,5
10943,59146,This,658,5
10944,59151,makes,658,5
10945,59157,Shutu,658,5
10946,59163,a,658,5
10947,59165,little,658,5
10948,59172,cocky,658,5
10949,59178,and,658,5
10950,59182,he,658,5
10951,59185,provokes,658,5
10952,59194,Vikram,658,5
10953,59201,with,658,5
10954,59207,his,658,5
10955,59211,tactics,658,5
10956,59220,Vikram,658,5
10957,59227,notices,658,5
10958,59235,this,658,5
10959,59240,and,658,5
10960,59244,tries,658,5
10961,59250,to,658,5
10962,59253,ignore,658,5
10963,59260,it,658,5
10964,59263,but,658,5
10965,59268,when,658,5
10966,59273,it,658,5
10967,59276,is,658,5
10968,59279,his,658,5
10969,59283,turn,658,5
10970,59288,to,658,5
10971,59291,raid,658,5
10972,59296,Brian,658,5
10973,59302,s,658,5
10974,59304,team,658,5
10975,59309,he,658,5
10976,59312,becomes,658,5
10977,59320,fiercely,658,5
10978,59330,competitive,658,5
10979,59343,Vikram,658,5
10980,59350,commits,658,5
10981,59358,a,658,5
10982,59360,minor,658,5
10983,59366,foul,658,5
10984,59371,against,658,5
10985,59379,Shutu,658,5
10986,59385,but,658,5
10987,59390,aggressively,658,5
10988,59403,convinces,658,5
10989,59413,others,658,5
10990,59420,through,658,5
10991,59428,sheer,658,5
10992,59434,volume,658,5
10993,59441,that,658,5
10994,59446,he,658,5
10995,59450,isn,658,5
10996,59454,t,658,5
10997,59456,in,658,5
10998,59459,the,658,5
10999,59463,wrong,658,5
11000,59470,The,658,5
11001,59474,mood,658,5
11002,59479,of,658,5
11003,59482,the,658,5
11004,59486,game,658,5
11005,59491,becomes,658,5
11006,59499,very,658,5
11007,59504,tense,658,5
11008,59512,CUT,659,5
11009,59516,TO,659,5
11010,59520,INT,660,5
11011,59525,MCCLUSKIEGUNJ,660,5
11012,59539,HOUSE,660,5
11013,59547,CORRIDOR,660,5
11014,59557,DAY67,660,5
11015,59563,67,660,5
11016,59566,Aunty,661,5
11017,59572,comes,661,5
11018,59578,out,661,5
11019,59582,from,661,5
11020,59587,her,661,5
11021,59591,bath,661,5
11022,59596,and,661,5
11023,59600,finds,661,5
11024,59606,mail,661,5
11025,59611,kept,661,5
11026,59616,on,661,5
11027,59619,the,661,5
11028,59624,dining,661,5
11029,59631,table,661,5
11030,59638,She,661,5
11031,59642,picks,661,5
11032,59648,up,661,5
11033,59651,the,661,5
11034,59655,mail,661,5
11035,59660,and,661,5
11036,59664,goes,661,5
11037,59669,through,661,5
11038,59677,them,661,5
11039,59684,walking,661,5
11040,59692,back,661,5
11041,59699,INT,662,5
11042,59704,MCCLUSKIEGUNJ,662,5
11043,59718,HOUSE,662,5
11044,59726,AUNTY,662,5
11045,59732,S,662,5
11046,59734,ROOM,662,5
11047,59741,DAY67,662,5
11048,59748,A,662,5
11049,59750,67,662,5
11050,59754,A,662,5
11051,59756,She,663,5
11052,59760,sits,663,5
11053,59765,at,663,5
11054,59768,her,663,5
11055,59772,desk,663,5
11056,59777,and,663,5
11057,59781,picks,663,5
11058,59787,up,663,5
11059,59790,the,663,5
11060,59794,letter,663,5
11061,59801,opener,663,5
11062,59808,to,663,5
11063,59811,open,663,5
11064,59816,a,663,5
11065,59819,letter,663,5
11066,59827,She,663,5
11067,59831,settles,663,5
11068,59839,down,663,5
11069,59844,to,663,5
11070,59847,read,663,5
11071,59854,EXT,664,6
11072,59859,BACKYARD,664,6
11073,59869,DAY68,664,6
11074,59875,68,664,6
11075,59878,It,665,6
11076,59881,is,665,6
11077,59884,Shutu,665,6
11078,59890,s,665,6
11079,59892,turn,665,6
11080,59897,to,665,6
11081,59900,tackle,665,6
11082,59907,VIKRAM,665,6
11083,59914,s,665,6
11084,59916,team,665,6
11085,59922,Shutu,665,6
11086,59928,touches,665,6
11087,59937,Vikram,665,6
11088,59944,and,665,6
11089,59948,leaps,665,6
11090,59954,ahead,665,6
11091,59960,toward,665,6
11092,59967,the,665,6
11093,59971,mid,665,6
11094,59975,line,665,6
11095,59981,Vikram,665,6
11096,59988,tackles,665,6
11097,59997,him,665,6
11098,60001,with,665,6
11099,60006,all,665,6
11100,60010,his,665,6
11101,60014,force,665,6
11102,60021,CUT,666,6
11103,60025,TO,666,6
11104,60029,INT,667,6
11105,60034,AUNTY,667,6
11106,60040,S,667,6
11107,60042,ROOM,667,6
11108,60048,DAY,667,6
11109,60052,69,667,6
11110,60055,69,667,6
11111,60058,Aunty,668,6
11112,60064,is,668,6
11113,60067,disturbed,668,6
11114,60077,by,668,6
11115,60080,what,668,6
11116,60085,she,668,6
11117,60089,is,668,6
11118,60092,reading,668,6
11119,60101,The,668,6
11120,60105,noises,668,6
11121,60112,from,668,6
11122,60118,outside,668,6
11123,60126,gradually,668,6
11124,60136,increase,668,6
11125,60146,distracting,668,6
11126,60158,her,668,6
11127,60163,CUT,669,6
11128,60167,TO,669,6
11129,60171,52,670,6
11130,60175,EXT,671,6
11131,60180,BACKYARD,671,6
11132,60190,DAY70,671,6
11133,60196,70,671,6
11134,60199,Vikram,672,6
11135,60206,has,672,6
11136,60210,Shutu,672,6
11137,60216,pinned,672,6
11138,60223,down,672,6
11139,60229,In,672,6
11140,60232,an,672,6
11141,60235,effort,672,6
11142,60242,to,672,6
11143,60245,get,672,6
11144,60249,away,672,6
11145,60254,Shutu,672,6
11146,60261,hits,672,6
11147,60266,Vikram,672,6
11148,60273,s,672,6
11149,60275,face,672,6
11150,60281,This,672,6
11151,60286,sets,672,6
11152,60291,Vikram,672,6
11153,60298,off,672,6
11154,60302,and,672,6
11155,60306,the,672,6
11156,60310,tackle,672,6
11157,60317,gets,672,6
11158,60323,out,672,6
11159,60327,of,672,6
11160,60330,hand,672,6
11161,60336,The,672,6
11162,60340,scuffle,672,6
11163,60348,causes,672,6
11164,60355,the,672,6
11165,60359,dogs,672,6
11166,60364,to,672,6
11167,60367,start,672,6
11168,60373,barking,672,6
11169,60383,Tani,672,6
11170,60388,starts,672,6
11171,60395,crying,672,6
11172,60403,Shutu,672,6
11173,60409,splits,672,6
11174,60416,his,672,6
11175,60420,lip,672,6
11176,60424,in,672,6
11177,60427,the,672,6
11178,60431,midst,672,6
11179,60437,of,672,6
11180,60441,this,672,6
11181,60448,NANDU,673,6
11182,60454,What,673,6
11183,60459,is,673,6
11184,60462,going,673,6
11185,60468,on,673,6
11186,60472,Break,673,6
11187,60478,it,673,6
11188,60481,up,673,6
11189,60484,now,673,6
11190,60489,MIMI,674,6
11191,60494,VIKRAM,674,6
11192,60502,stop,674,6
11193,60507,it,674,6
11194,60511,CUT,675,6
11195,60515,TO,675,6
11196,60519,INT,676,6
11197,60524,AUNTY,676,6
11198,60530,S,676,6
11199,60532,ROOM,676,6
11200,60538,DAY,676,6
11201,60542,71,676,6
11202,60545,71,676,6
11203,60548,Aunty,677,6
11204,60554,walks,677,6
11205,60560,out,677,6
11206,60564,with,677,6
11207,60569,an,677,6
11208,60572,urgency,677,6
11209,60580,because,677,6
11210,60588,of,677,6
11211,60591,the,677,6
11212,60595,loud,677,6
11213,60600,commotion,677,6
11214,60611,from,677,6
11215,60616,outside,677,6
11216,60626,CUT,678,6
11217,60630,TO,678,6
11218,60634,EXT,679,6
11219,60639,BACKYARD,679,6
11220,60649,DAY72,679,6
11221,60655,72,679,6
11222,60658,Brian,680,6
11223,60664,tries,680,6
11224,60670,to,680,6
11225,60673,break,680,6
11226,60679,up,680,6
11227,60682,the,680,6
11228,60686,fight,680,6
11229,60692,but,680,6
11230,60696,Shutu,680,6
11231,60702,somehow,680,6
11232,60710,manages,680,6
11233,60719,to,680,6
11234,60722,wriggle,680,6
11235,60730,out,680,6
11236,60734,of,680,6
11237,60737,Vikram,680,6
11238,60744,s,680,6
11239,60746,vice,680,6
11240,60751,like,680,6
11241,60756,grip,680,6
11242,60762,tries,680,6
11243,60768,to,680,6
11244,60771,kick,680,6
11245,60776,him,680,6
11246,60781,in,680,6
11247,60784,the,680,6
11248,60788,groin,680,6
11249,60794,but,680,6
11250,60798,misses,680,6
11251,60806,Furious,680,6
11252,60814,with,680,6
11253,60819,Shutu,680,6
11254,60825,s,680,6
11255,60827,audacity,680,6
11256,60838,Vikram,680,6
11257,60845,comes,680,6
11258,60851,back,680,6
11259,60856,after,680,6
11260,60862,him,680,6
11261,60866,in,680,6
11262,60869,a,680,6
11263,60871,fit,680,6
11264,60875,of,680,6
11265,60878,rage,680,6
11266,60886,Aunty,680,6
11267,60892,walks,680,6
11268,60898,out,680,6
11269,60902,into,680,6
11270,60907,the,680,6
11271,60911,backyard,680,6
11272,60920,from,680,6
11273,60925,the,680,6
11274,60929,mesh,680,6
11275,60934,door,680,6
11276,60941,Shutu,680,6
11277,60947,s,680,6
11278,60949,lip,680,6
11279,60953,bleeds,680,6
11280,60960,profusely,680,6
11281,60970,and,680,6
11282,60974,everyone,680,6
11283,60983,goes,680,6
11284,60988,over,680,6
11285,60993,to,680,6
11286,60996,him,680,6
11287,61003,Mimi,680,6
11288,61008,is,680,6
11289,61011,the,680,6
11290,61015,only,680,6
11291,61020,one,680,6
11292,61024,who,680,6
11293,61028,rushes,680,6
11294,61035,to,680,6
11295,61038,Vikram,680,6
11296,61047,AUNTY,681,6
11297,61053,What,681,6
11298,61058,is,681,6
11299,61061,going,681,6
11300,61067,on,681,6
11301,61070,over,681,6
11302,61075,here,681,6
11303,61081,Maniya,681,6
11304,61089,Kya,681,6
11305,61093,ho,681,6
11306,61096,raha,681,6
11307,61101,hain,681,6
11308,61106,yaha,681,6
11309,61112,Maniya,681,6
11310,61119,goes,681,6
11311,61124,back,681,6
11312,61129,to,681,6
11313,61132,his,681,6
11314,61136,work,681,6
11315,61142,Manjari,681,6
11316,61150,follows,681,6
11317,61158,suit,681,6
11318,61163,giving,681,6
11319,61171,Vikram,681,6
11320,61178,a,681,6
11321,61180,dirty,681,6
11322,61186,look,681,6
11323,61192,Bonnie,681,6
11324,61199,goes,681,6
11325,61204,to,681,6
11326,61207,comfort,681,6
11327,61215,Tani,681,6
11328,61220,and,681,6
11329,61224,takes,681,6
11330,61231,her,681,6
11331,61235,inside,681,6
11332,61243,AUNTY,682,6
11333,61250,CONT,682,6
11334,61255,D,682,6
11335,61259,Looking,682,6
11336,61267,accusingly,682,6
11337,61278,at,682,6
11338,61282,Nandu,682,6
11339,61289,Oh,682,6
11340,61292,God,682,6
11341,61296,look,682,6
11342,61301,at,682,6
11343,61304,how,682,6
11344,61308,much,682,6
11345,61313,he,682,6
11346,61316,s,682,6
11347,61319,bleeding,682,6
11348,61329,Come,682,6
11349,61335,come,682,6
11350,61340,inside,682,6
11351,61348,Let,682,6
11352,61352,me,682,6
11353,61356,have,682,6
11354,61361,a,682,6
11355,61363,look,682,6
11356,61370,She,682,6
11357,61374,ushers,682,6
11358,61381,Shutu,682,6
11359,61387,in,682,6
11360,61391,glances,682,6
11361,61399,back,682,6
11362,61404,at,682,6
11363,61407,Vikram,682,6
11364,61414,and,682,6
11365,61418,shakes,682,6
11366,61425,her,682,6
11367,61430,head,682,6
11368,61435,disapprovingly,682,6
11369,61453,We,682,6
11370,61456,stay,682,6
11371,61461,with,682,6
11372,61466,the,682,6
11373,61470,group,682,6
11374,61476,outside,682,6
11375,61485,Nandu,682,6
11376,61491,takes,682,6
11377,61497,in,682,6
11378,61500,the,682,6
11379,61504,scene,682,6
11380,61510,and,682,6
11381,61516,walks,682,6
11382,61522,back,682,6
11383,61527,inside,682,6
11384,61535,spitting,682,6
11385,61546,53,682,6
11386,61550,Vikram,682,6
11387,61557,notices,682,6
11388,61565,this,682,6
11389,61570,as,682,6
11390,61573,he,682,6
11391,61576,breathes,682,6
11392,61585,heavily,682,6
11393,61594,trying,682,6
11394,61601,to,682,6
11395,61604,get,682,6
11396,61608,a,682,6
11397,61611,grip,682,6
11398,61616,on,682,6
11399,61619,himself,682,6
11400,61628,He,682,6
11401,61631,dismissively,682,6
11402,61644,brushes,682,6
11403,61652,Mimi,682,6
11404,61657,s,682,6
11405,61659,hand,682,6
11406,61664,off,682,6
11407,61670,CUT,683,6
11408,61674,TO,683,6
11409,61678,INT,684,6
11410,61683,AUNTY,684,6
11411,61689,S,684,6
11412,61691,BATHROOM,684,6
11413,61701,DAY73,684,6
11414,61707,73,684,6
11415,61710,Shutu,685,6
11416,61716,is,685,6
11417,61719,sitting,685,6
11418,61727,on,685,6
11419,61730,the,685,6
11420,61734,commode,685,6
11421,61742,with,685,6
11422,61747,the,685,6
11423,61751,lid,685,6
11424,61755,on,685,6
11425,61759,next,685,6
11426,61764,to,685,6
11427,61767,the,685,6
11428,61772,sink,685,6
11429,61778,He,685,6
11430,61781,is,685,6
11431,61784,frowning,685,6
11432,61793,and,685,6
11433,61797,panting,685,6
11434,61805,with,685,6
11435,61810,a,685,6
11436,61812,fixed,685,6
11437,61819,faraway,685,6
11438,61827,look,685,6
11439,61834,Aunty,685,6
11440,61840,opens,685,6
11441,61846,a,685,6
11442,61848,cabinet,685,6
11443,61856,placed,685,6
11444,61863,over,685,6
11445,61868,the,685,6
11446,61872,white,685,6
11447,61878,enamel,685,6
11448,61885,sink,685,6
11449,61891,She,685,6
11450,61896,takes,685,6
11451,61902,out,685,6
11452,61906,a,685,6
11453,61908,bottle,685,6
11454,61915,of,685,6
11455,61918,Dettol,685,6
11456,61925,and,685,6
11457,61929,some,685,6
11458,61934,cotton,685,6
11459,61941,as,685,6
11460,61944,she,685,6
11461,61948,observes,685,6
11462,61958,Shutu,685,6
11463,61966,AUNTY,686,6
11464,61972,Aaj,686,6
11465,61976,ke,686,6
11466,61979,ma,686,6
11467,61982,r,686,6
11468,61984,kaaj,686,6
11469,61989,teke,686,6
11470,61994,chiti,686,6
11471,62001,peyechi,686,6
11472,62011,I,686,6
11473,62013,got,686,6
11474,62017,your,686,6
11475,62022,mother,686,6
11476,62029,s,686,6
11477,62031,letter,686,6
11478,62038,today,686,6
11479,62046,Shutu,686,6
11480,62052,breathes,686,6
11481,62061,heavy,686,6
11482,62067,and,686,6
11483,62071,doesn,686,6
11484,62077,t,686,6
11485,62079,react,686,6
11486,62087,AUNTY,687,6
11487,62094,CONT,687,6
11488,62099,D,687,6
11489,62102,Kal,687,6
11490,62106,ke,687,6
11491,62109,post,687,6
11492,62114,office,687,6
11493,62121,giye,687,6
11494,62127,maa,687,6
11495,62131,ke,687,6
11496,62135,ekta,687,6
11497,62140,phone,687,6
11498,62146,korish,687,6
11499,62156,Go,687,6
11500,62159,to,687,6
11501,62162,the,687,6
11502,62166,post,687,6
11503,62171,office,687,6
11504,62178,and,687,6
11505,62182,call,687,6
11506,62187,her,687,6
11507,62192,tomorrow,687,6
11508,62203,SHUTU,688,6
11509,62210,Distractedly,688,6
11510,62224,Keno,688,6
11511,62230,Why,688,6
11512,62235,Aunty,688,6
11513,62241,bends,688,6
11514,62247,down,688,6
11515,62252,to,688,6
11516,62255,dress,688,6
11517,62261,the,688,6
11518,62265,wound,688,6
11519,62272,takes,688,6
11520,62278,her,688,6
11521,62282,time,688,6
11522,62287,to,688,6
11523,62291,answer,688,6
11524,62299,Shutu,688,6
11525,62305,winces,688,6
11526,62312,in,688,6
11527,62315,pain,688,6
11528,62320,as,688,6
11529,62323,the,688,6
11530,62327,Dettol,688,6
11531,62334,stings,688,6
11532,62341,him,688,6
11533,62346,AUNTY,689,6
11534,62352,Dara,689,6
11535,62358,ek,689,6
11536,62361,minute,689,6
11537,62371,Hold,689,6
11538,62376,still,689,6
11539,62385,CUT,690,6
11540,62389,TO,690,6
11541,62393,INT,691,6
11542,62398,DINING,691,6
11543,62405,TABLE,691,6
11544,62412,DAY74,691,6
11545,62418,74,691,6
11546,62421,Nandu,692,6
11547,62428,Bonnie,692,6
11548,62436,Mimi,692,6
11549,62442,Shutu,692,6
11550,62448,and,692,6
11551,62452,Tani,692,6
11552,62457,sit,692,6
11553,62461,at,692,6
11554,62464,the,692,6
11555,62468,dining,692,6
11556,62475,table,692,6
11557,62482,silently,692,6
11558,62491,eating,692,6
11559,62498,their,692,6
11560,62504,lunch,692,6
11561,62511,Manjari,692,6
11562,62519,brings,692,6
11563,62526,in,692,6
11564,62529,more,692,6
11565,62534,rotis,692,6
11566,62540,and,692,6
11567,62545,Aunty,692,6
11568,62551,serves,692,6
11569,62558,it,692,6
11570,62561,to,692,6
11571,62564,them,692,6
11572,62570,Uncle,692,6
11573,62576,saunters,692,6
11574,62585,in,692,6
11575,62588,wearing,692,6
11576,62596,a,692,6
11577,62598,hat,692,6
11578,62602,and,692,6
11579,62607,joins,692,6
11580,62613,them,692,6
11581,62618,at,692,6
11582,62621,the,692,6
11583,62625,table,692,6
11584,62633,UNCLE,693,6
11585,62639,Arrey,693,6
11586,62646,Brian,693,6
11587,62652,aur,693,6
11588,62656,Vikram,693,6
11589,62663,kaha,693,6
11590,62668,gaye,693,6
11591,62674,AUNTY,694,6
11592,62680,They,694,6
11593,62685,had,694,6
11594,62689,to,694,6
11595,62692,leave,694,6
11596,62700,UNCLE,695,6
11597,62706,Oh,695,6
11598,62711,54,695,6
11599,62715,Uncle,695,6
11600,62721,stretches,695,6
11601,62731,across,695,6
11602,62738,to,695,6
11603,62741,take,695,6
11604,62746,some,695,6
11605,62751,salad,695,6
11606,62757,and,695,6
11607,62761,notices,695,6
11608,62769,Shutu,695,6
11609,62778,UNCLE,696,6
11610,62785,CONT,696,6
11611,62790,D,696,6
11612,62793,Shutu,696,6
11613,62800,Yeh,696,6
11614,62804,kya,696,6
11615,62808,hua,696,6
11616,62813,Everyone,696,6
11617,62822,remains,696,6
11618,62830,silent,696,6
11619,62838,Shutu,696,6
11620,62844,looks,696,6
11621,62850,up,696,6
11622,62853,for,696,6
11623,62857,a,696,6
11624,62859,moment,696,6
11625,62866,but,696,6
11626,62871,doesn,696,6
11627,62877,t,696,6
11628,62879,respond,696,6
11629,62889,TANI,697,6
11630,62894,They,697,6
11631,62899,were,697,6
11632,62904,playing,697,6
11633,62912,Kabbadi,697,6
11634,62923,AUNTY,698,6
11635,62929,You,698,6
11636,62933,know,698,6
11637,62938,how,698,6
11638,62942,it,698,6
11639,62945,is,698,6
11640,62949,Boys,698,6
11641,62954,will,698,6
11642,62959,be,698,6
11643,62963,boys,698,6
11644,62969,Tani,698,6
11645,62974,looks,698,6
11646,62980,at,698,6
11647,62983,her,698,6
11648,62987,grandmother,698,6
11649,62999,curiously,698,6
11650,63010,Everyone,698,6
11651,63019,eats,698,6
11652,63024,in,698,6
11653,63028,uncomfortable,698,6
11654,63042,silence,698,6
11655,63052,CUT,699,6
11656,63056,TO,699,6
11657,63060,EXT,700,6
11658,63065,VERANDAH,700,6
11659,63074,STEPS,700,6
11660,63081,NIGHT,700,6
11661,63088,LOAD,700,6
11662,63093,SHEDDING,700,6
11663,63102,75,700,6
11664,63105,75,700,6
11665,63108,Nandu,701,6
11666,63114,sits,701,6
11667,63119,on,701,6
11668,63122,the,701,6
11669,63126,verandah,701,6
11670,63135,steps,701,6
11671,63142,smoking,701,6
11672,63150,a,701,6
11673,63152,cigarette,701,6
11674,63163,Bonnie,701,6
11675,63171,walks,701,6
11676,63177,out,701,6
11677,63181,with,701,6
11678,63186,a,701,6
11679,63188,lantern,701,6
11680,63197,She,701,6
11681,63201,sits,701,6
11682,63206,beside,701,6
11683,63213,Nandu,701,6
11684,63219,and,701,6
11685,63223,holds,701,6
11686,63229,out,701,6
11687,63234,her,701,6
11688,63238,hand,701,6
11689,63243,for,701,6
11690,63247,the,701,6
11691,63251,cigarette,701,6
11692,63263,NANDU,702,6
11693,63270,Passing,702,6
11694,63278,the,702,6
11695,63282,cigarette,702,6
11696,63294,She,702,6
11697,63298,s,702,6
11698,63300,asleep,702,6
11699,63308,BONNIE,703,6
11700,63316,Hmm,703,6
11701,63323,Taking,703,6
11702,63330,a,703,6
11703,63332,drag,703,6
11704,63338,Vikram,703,6
11705,63345,s,703,6
11706,63347,one,703,6
11707,63351,hot,703,6
11708,63355,headed,703,6
11709,63362,guy,703,6
11710,63368,NANDU,704,6
11711,63374,He,704,6
11712,63377,s,704,6
11713,63379,always,704,6
11714,63386,been,704,6
11715,63391,like,704,6
11716,63396,that,704,6
11717,63403,BONNIE,705,6
11718,63411,Ya,705,6
11719,63414,but,705,6
11720,63418,he,705,6
11721,63421,needs,705,6
11722,63427,to,705,6
11723,63430,pick,705,6
11724,63435,on,705,6
11725,63438,people,705,6
11726,63446,his,705,6
11727,63450,own,705,6
11728,63454,size,705,6
11729,63459,you,705,6
11730,63463,know,705,6
11731,63469,Not,705,6
11732,63473,a,705,6
11733,63475,kid,705,6
11734,63480,like,705,6
11735,63485,Shutu,705,6
11736,63492,NANDU,706,6
11737,63498,Please,706,6
11738,63506,23,706,6
11739,63509,is,706,6
11740,63512,hardly,706,6
11741,63519,a,706,6
11742,63521,kid,706,6
11743,63526,We,706,6
11744,63529,got,706,6
11745,63534,married,706,6
11746,63542,at,706,6
11747,63545,that,706,6
11748,63550,age,706,6
11749,63555,BONNIE,707,6
11750,63563,But,707,6
11751,63567,the,707,6
11752,63571,problem,707,6
11753,63579,is,707,6
11754,63582,that,707,6
11755,63587,Vikram,707,6
11756,63595,behaves,707,6
11757,63603,like,707,6
11758,63608,he,707,6
11759,63611,s,707,6
11760,63613,23,707,6
11761,63617,And,707,6
11762,63621,always,707,6
11763,63629,gets,707,6
11764,63634,away,707,6
11765,63639,with,707,6
11766,63644,it,707,6
11767,63648,They,707,6
11768,63653,smoke,707,6
11769,63659,in,707,6
11770,63662,silence,707,6
11771,63670,as,707,6
11772,63673,Bonnie,707,6
11773,63680,swats,707,6
11774,63686,bugs,707,6
11775,63691,away,707,6
11776,63697,The,707,6
11777,63701,lights,707,6
11778,63709,go,707,6
11779,63712,off,707,6
11780,63716,inside,707,6
11781,63723,the,707,6
11782,63727,house,707,6
11783,63735,NANDU,708,6
11784,63741,He,708,6
11785,63744,does,708,6
11786,63749,tend,708,6
11787,63754,to,708,6
11788,63757,get,708,6
11789,63761,carried,708,6
11790,63769,away,708,6
11791,63775,55,708,6
11792,63779,BONNIE,709,6
11793,63787,Even,709,6
11794,63792,that,709,6
11795,63797,day,709,6
11796,63801,during,709,6
11797,63808,the,709,6
11798,63812,planchet,709,6
11799,63823,you,709,6
11800,63827,guys,709,6
11801,63832,took,709,6
11802,63837,it,709,6
11803,63840,too,709,6
11804,63844,far,709,6
11805,63849,It,709,6
11806,63852,was,709,6
11807,63857,quite,709,6
11808,63863,cruel,709,6
11809,63870,NANDU,710,6
11810,63877,Looks,710,6
11811,63883,back,710,6
11812,63888,at,710,6
11813,63891,her,710,6
11814,63896,sharply,710,6
11815,63905,You,710,6
11816,63909,were,710,6
11817,63914,also,710,6
11818,63919,a,710,6
11819,63921,part,710,6
11820,63926,of,710,6
11821,63929,it,710,6
11822,63934,BONNIE,711,6
11823,63942,Ya,711,6
11824,63946,but,711,6
11825,63950,it,711,6
11826,63953,was,711,6
11827,63957,your,711,6
11828,63962,plan,711,6
11829,63970,You,711,6
11830,63975,know,711,6
11831,63981,he,711,6
11832,63984,s,711,6
11833,63986,such,711,6
11834,63991,a,711,6
11835,63993,sensitive,711,6
11836,64003,boy,711,6
11837,64009,Nandu,711,6
11838,64015,rolls,711,6
11839,64021,his,711,6
11840,64025,eyes,711,6
11841,64031,BONNIE,712,6
11842,64039,CONT,712,6
11843,64044,D,712,6
11844,64047,How,712,6
11845,64051,he,712,6
11846,64054,s,712,6
11847,64056,been,712,6
11848,64061,wearing,712,6
11849,64069,mesho,712,6
11850,64075,s,712,6
11851,64078,sweater,712,6
11852,64086,everyday,712,6
11853,64096,NANDU,713,6
11854,64102,Kids,713,6
11855,64107,lose,713,6
11856,64112,their,713,6
11857,64118,parents,713,6
11858,64126,when,713,6
11859,64131,they,713,6
11860,64137,are,713,6
11861,64141,7,713,6
11862,64143,8,713,6
11863,64145,9,713,6
11864,64150,He,713,6
11865,64153,s,713,6
11866,64155,a,713,6
11867,64157,full,713,6
11868,64162,grown,713,6
11869,64168,man,713,6
11870,64173,now,713,6
11871,64179,BONNIE,714,6
11872,64186,But,714,6
11873,64190,give,714,6
11874,64195,him,714,6
11875,64199,some,714,6
11876,64204,time,714,6
11877,64212,NANDU,715,6
11878,64218,He,715,6
11879,64221,needs,715,6
11880,64227,to,715,6
11881,64230,toughen,715,6
11882,64238,up,715,6
11883,64241,now,715,6
11884,64245,and,715,6
11885,64249,take,715,6
11886,64255,care,715,6
11887,64260,of,715,6
11888,64263,his,715,6
11889,64267,mother,715,6
11890,64275,Nandu,715,6
11891,64281,gets,715,6
11892,64286,up,715,6
11893,64290,stubs,715,6
11894,64296,out,715,6
11895,64300,the,715,6
11896,64304,cigarette,715,6
11897,64315,NANDU,716,6
11898,64322,CONT,716,6
11899,64327,D,716,6
11900,64330,Trust,716,6
11901,64336,me,716,6
11902,64340,Nandu,716,6
11903,64346,walks,716,6
11904,64352,off,716,6
11905,64356,leaving,716,6
11906,64364,Bonnie,716,6
11907,64371,outside,716,6
11908,64380,he,716,6
11909,64383,bangs,716,6
11910,64389,the,716,6
11911,64393,door,716,6
11912,64398,as,716,6
11913,64402,he,716,6
11914,64405,goes,716,6
11915,64410,in,716,6
11916,64415,CUT,717,6
11917,64419,TO,717,6
11918,64423,INT,718,6
11919,64428,BONNIE,718,6
11920,64435,S,718,6
11921,64437,ROOM,718,6
11922,64443,NIGHT76,718,6
11923,64451,76,718,6
11924,64454,Bonnie,719,6
11925,64462,Nandu,719,6
11926,64468,and,719,6
11927,64472,Tani,719,6
11928,64477,are,719,6
11929,64481,asleep,719,6
11930,64489,There,719,6
11931,64495,is,719,6
11932,64498,a,719,6
11933,64500,sudden,719,6
11934,64507,sound,719,6
11935,64515,Nandu,719,6
11936,64521,wakes,719,6
11937,64527,up,719,6
11938,64530,with,719,6
11939,64535,a,719,6
11940,64537,frown,719,6
11941,64544,He,719,6
11942,64547,looks,719,6
11943,64553,over,719,6
11944,64558,at,719,6
11945,64561,Bonnie,719,6
11946,64568,who,719,6
11947,64572,is,719,6
11948,64576,fast,719,6
11949,64581,asleep,719,6
11950,64589,Hearing,719,6
11951,64597,the,719,6
11952,64601,sound,719,6
11953,64607,again,719,6
11954,64613,he,719,6
11955,64616,goes,719,6
11956,64621,towards,719,6
11957,64629,the,719,6
11958,64634,bathroom,719,6
11959,64644,He,719,6
11960,64647,finds,719,6
11961,64653,Shutu,719,6
11962,64659,inside,719,6
11963,64667,wedged,719,6
11964,64674,in,719,6
11965,64677,a,719,6
11966,64679,corner,719,6
11967,64687,stuck,719,6
11968,64694,between,719,6
11969,64702,a,719,6
11970,64704,cupboard,719,6
11971,64714,a,719,6
11972,64716,door,719,6
11973,64721,and,719,6
11974,64725,the,719,6
11975,64729,wall,719,6
11976,64735,Shutu,719,6
11977,64741,looks,719,6
11978,64747,ahead,719,6
11979,64755,scared,719,6
11980,64762,and,719,6
11981,64766,disoriented,719,6
11982,64780,NANDU,720,6
11983,64787,Whispers,720,6
11984,64797,Shutu,720,6
11985,64804,what,720,6
11986,64809,happened,720,6
11987,64819,Shutu,720,6
11988,64825,stares,720,6
11989,64832,at,720,6
11990,64835,him,720,6
11991,64839,blankly,720,6
11992,64849,56,720,6
11993,64853,NANDU,721,6
11994,64860,CONT,721,6
11995,64865,D,721,6
11996,64868,It,721,6
11997,64871,s,721,6
11998,64873,okay,721,6
11999,64879,come,721,6
12000,64885,Nandu,721,6
12001,64891,puts,721,6
12002,64896,his,721,6
12003,64900,arm,721,6
12004,64904,around,721,6
12005,64911,Shutu,721,6
12006,64917,s,721,6
12007,64919,shoulder,721,6
12008,64928,and,721,6
12009,64932,leads,721,6
12010,64938,him,721,6
12011,64942,back,721,6
12012,64948,to,721,6
12013,64951,his,721,6
12014,64955,bed,721,6
12015,64960,He,721,6
12016,64963,tucks,721,6
12017,64969,the,721,6
12018,64973,mosquito,721,6
12019,64982,net,721,6
12020,64986,back,721,6
12021,64991,in,721,6
12022,64996,Nandu,721,6
12023,65002,goes,721,6
12024,65007,through,721,6
12025,65015,the,721,6
12026,65019,bathroom,721,6
12027,65028,towards,721,6
12028,65036,his,721,6
12029,65040,own,721,6
12030,65044,room,721,6
12031,65049,when,721,6
12032,65054,he,721,6
12033,65058,spots,721,6
12034,65064,the,721,6
12035,65068,frog,721,6
12036,65073,under,721,6
12037,65079,the,721,6
12038,65083,sink,721,6
12039,65089,He,721,6
12040,65092,registers,721,6
12041,65102,this,721,6
12042,65107,with,721,6
12043,65112,a,721,6
12044,65114,frown,721,6
12045,65121,and,721,6
12046,65125,walks,721,6
12047,65131,away,721,6
12048,65137,carefully,721,6
12049,65147,shutting,721,6
12050,65156,the,721,6
12051,65160,door,721,6
12052,65165,behind,721,6
12053,65172,him,721,6
12054,65180,A,721,6
12055,65182,close,721,6
12056,65188,shot,721,6
12057,65193,of,721,6
12058,65196,the,721,6
12059,65200,frog,721,6
12060,65205,staring,721,6
12061,65213,balefully,721,6
12062,65223,into,721,6
12063,65228,the,721,6
12064,65232,camera,721,6
12065,65240,CUT,722,6
12066,65244,TO,722,6
12067,65248,EXT,723,6
12068,65253,MCCLUSKIEGUNJ,723,6
12069,65267,HOUSE,723,6
12070,65274,NIGHT,723,6
12071,65280,77,723,6
12072,65283,77,723,6
12073,65286,Exterior,724,6
12074,65295,shot,724,6
12075,65300,of,724,6
12076,65303,the,724,6
12077,65307,house,724,6
12078,65313,taken,724,6
12079,65319,from,724,6
12080,65324,the,724,6
12081,65328,gate,724,6
12082,65334,Fireflies,724,6
12083,65345,hover,724,6
12084,65351,in,724,6
12085,65354,the,724,6
12086,65358,distance,724,6
12087,65371,FADE,724,6
12088,65376,OUT,724,6
12089,65381,EXT,725,6
12090,65386,MCCLUSKIEGUNJ,725,6
12091,65400,RAILWAY,725,6
12092,65408,STATION,725,6
12093,65416,MARKET,725,6
12094,65424,DAY78,725,6
12095,65430,78,725,6
12096,65433,Fade,726,6
12097,65438,in,726,6
12098,65442,On,726,6
12099,65445,music,726,6
12100,65451,we,726,6
12101,65454,see,726,6
12102,65458,the,726,6
12103,65462,following,726,6
12104,65472,visuals,726,6
12105,65482,Shutu,726,6
12106,65488,rides,726,6
12107,65494,through,726,6
12108,65502,the,726,6
12109,65506,quiet,726,6
12110,65513,early,726,6
12111,65519,morning,726,6
12112,65527,roads,726,6
12113,65533,of,726,6
12114,65537,McCluskiegunj,726,6
12115,65551,on,726,6
12116,65554,a,726,6
12117,65556,cycle,726,6
12118,65563,Tani,726,6
12119,65568,sits,726,6
12120,65573,in,726,6
12121,65576,front,726,6
12122,65582,of,726,6
12123,65585,him,726,6
12124,65590,The,726,6
12125,65595,landscape,726,6
12126,65605,progresses,726,6
12127,65616,from,726,6
12128,65621,stark,726,6
12129,65627,to,726,6
12130,65630,the,726,6
12131,65634,busier,726,6
12132,65641,market,726,6
12133,65648,area,726,6
12134,65654,near,726,6
12135,65659,the,726,6
12136,65663,Railway,726,6
12137,65671,Station,726,6
12138,65680,They,726,6
12139,65685,pass,726,6
12140,65690,by,726,6
12141,65693,the,726,6
12142,65697,market,726,6
12143,65704,and,726,6
12144,65708,stop,726,6
12145,65713,at,726,6
12146,65717,the,726,6
12147,65721,Post,726,6
12148,65726,office,726,6
12149,65733,around,726,6
12150,65740,the,726,6
12151,65744,bend,726,6
12152,65752,The,726,6
12153,65756,super,726,6
12154,65762,reads,726,6
12155,65768,Day,726,6
12156,65772,5,726,6
12157,65774,Friday,726,6
12158,65782,31st,726,6
12159,65787,DECEMBER,726,6
12160,65798,INT,727,6
12161,65803,MCCLUSKIEGUNJ,727,6
12162,65817,POST,727,6
12163,65822,OFFICE,727,6
12164,65830,DAY78,727,6
12165,65837,A,727,6
12166,65839,78,727,6
12167,65843,A,727,6
12168,65845,Tani,728,6
12169,65850,sits,728,6
12170,65855,on,728,6
12171,65858,a,728,6
12172,65860,bench,728,6
12173,65866,and,728,6
12174,65870,watches,728,6
12175,65878,Shutu,728,6
12176,65884,as,728,6
12177,65887,he,728,6
12178,65890,talks,728,6
12179,65896,to,728,6
12180,65899,the,728,6
12181,65904,post,728,6
12182,65909,man,728,6
12183,65913,at,728,6
12184,65916,a,728,6
12185,65918,counter,728,6
12186,65927,Shutu,728,6
12187,65933,removes,728,6
12188,65941,a,728,6
12189,65943,small,728,6
12190,65949,phone,728,6
12191,65955,book,728,6
12192,65960,and,728,6
12193,65965,shows,728,6
12194,65971,a,728,6
12195,65973,number,728,6
12196,65980,to,728,6
12197,65983,the,728,6
12198,65987,post,728,6
12199,65992,man,728,6
12200,65998,SHUTU,729,6
12201,66004,Yeh,729,6
12202,66008,number,729,6
12203,66015,pe,729,6
12204,66018,phone,729,6
12205,66024,lagana,729,6
12206,66031,hain,729,6
12207,66037,POSTMAN,730,6
12208,66045,Theek,730,6
12209,66051,hain,730,6
12210,66057,Baitho,730,6
12211,66066,He,730,6
12212,66069,comes,730,6
12213,66075,to,730,6
12214,66078,Tani,730,6
12215,66083,and,730,6
12216,66087,waits,730,6
12217,66093,with,730,6
12218,66098,her,730,6
12219,66102,until,730,6
12220,66108,the,730,6
12221,66112,postman,730,6
12222,66120,calls,730,6
12223,66127,him,730,6
12224,66131,back,730,6
12225,66137,POSTMAN,731,6
12226,66146,CONT,731,6
12227,66151,D,731,6
12228,66154,Bardhaman,731,6
12229,66164,ka,731,6
12230,66167,number,731,6
12231,66175,Aaj,731,6
12232,66179,jao,731,6
12233,66184,57,731,6
12234,66188,The,731,6
12235,66192,post,731,6
12236,66197,man,731,6
12237,66201,hands,731,6
12238,66207,Shutu,731,6
12239,66213,the,731,6
12240,66217,phone,731,6
12241,66224,On,731,6
12242,66227,his,731,6
12243,66231,face,731,6
12244,66237,the,731,6
12245,66241,phone,731,6
12246,66248,rings,731,6
12247,66254,twice,731,6
12248,66260,and,731,6
12249,66264,he,731,6
12250,66267,keeps,731,6
12251,66273,the,731,6
12252,66277,receiver,731,6
12253,66286,back,731,6
12254,66291,down,731,6
12255,66297,The,731,6
12256,66301,post,731,6
12257,66306,man,731,6
12258,66311,gives,731,6
12259,66317,him,731,6
12260,66321,a,731,6
12261,66323,puzzled,731,6
12262,66331,look,731,6
12263,66338,CUT,732,6
12264,66342,TO,732,6
12265,66346,INT,733,7
12266,66351,MCCLUSKIEGUNJ,733,7
12267,66365,HOUSE,733,7
12268,66373,CORRIDOR,733,7
12269,66383,DAY,733,7
12270,66387,79,733,7
12271,66390,79,733,7
12272,66393,Shutu,734,7
12273,66399,walks,734,7
12274,66405,through,734,7
12275,66413,the,734,7
12276,66417,corridor,734,7
12277,66426,leading,734,7
12278,66434,to,734,7
12279,66437,the,734,7
12280,66441,kitchen,734,7
12281,66451,carrying,734,7
12282,66460,the,734,7
12283,66464,shopping,734,7
12284,66473,bags,734,7
12285,66479,Tani,734,7
12286,66484,runs,734,7
12287,66489,ahead,734,7
12288,66495,of,734,7
12289,66498,him,734,7
12290,66503,TANI,735,7
12291,66508,Mama,735,7
12292,66514,we,735,7
12293,66517,ve,735,7
12294,66520,come,735,7
12295,66525,back,735,7
12296,66531,Where,735,7
12297,66537,are,735,7
12298,66542,you,735,7
12299,66547,BONNIE,736,7
12300,66555,Hi,736,7
12301,66558,baby,736,7
12302,66564,Had,736,7
12303,66568,fun,736,7
12304,66572,in,736,7
12305,66575,the,736,7
12306,66579,market,736,7
12307,66587,Tani,736,7
12308,66592,goes,736,7
12309,66597,to,736,7
12310,66600,her,736,7
12311,66604,mother,736,7
12312,66611,while,736,7
12313,66617,Shutu,736,7
12314,66623,goes,736,7
12315,66628,on,736,7
12316,66631,into,736,7
12317,66636,the,736,7
12318,66640,kitchen,736,7
12319,66650,INT,737,7
12320,66655,MCCLUSKIEGUNJ,737,7
12321,66669,HOUSE,737,7
12322,66677,KITCHEN,737,7
12323,66686,DAY,737,7
12324,66690,79,737,7
12325,66694,A,737,7
12326,66696,79,737,7
12327,66700,A,737,7
12328,66702,Shutu,738,7
12329,66708,places,738,7
12330,66715,the,738,7
12331,66719,shopping,738,7
12332,66728,bags,738,7
12333,66733,down,738,7
12334,66738,on,738,7
12335,66741,the,738,7
12336,66745,counter,738,7
12337,66755,AUNTY,739,7
12338,66761,Ma,739,7
12339,66764,ke,739,7
12340,66767,phone,739,7
12341,66773,korli,739,7
12342,66780,Called,739,7
12343,66787,your,739,7
12344,66792,mother,739,7
12345,66800,SHUTU,740,7
12346,66806,Connect,740,7
12347,66814,holo,740,7
12348,66819,na,740,7
12349,66823,Phoneta,740,7
12350,66831,monehoy,740,7
12351,66840,kharaap,740,7
12352,66850,It,740,7
12353,66853,didn,740,7
12354,66858,t,740,7
12355,66861,The,740,7
12356,66865,phone,740,7
12357,66871,must,740,7
12358,66876,be,740,7
12359,66879,dead,740,7
12360,66886,Aunty,740,7
12361,66892,gives,740,7
12362,66898,Shutu,740,7
12363,66904,a,740,7
12364,66906,suspicious,740,7
12365,66917,look,740,7
12366,66924,AUNTY,741,7
12367,66930,Kaal,741,7
12368,66935,ke,741,7
12369,66938,aar,741,7
12370,66942,ek,741,7
12371,66945,baar,741,7
12372,66950,cheshta,741,7
12373,66958,korish,741,7
12374,66967,Try,741,7
12375,66971,once,741,7
12376,66976,again,741,7
12377,66982,tomorrow,741,7
12378,66993,Bonnie,741,7
12379,67000,enters,741,7
12380,67008,She,741,7
12381,67012,looks,741,7
12382,67018,into,741,7
12383,67023,the,741,7
12384,67027,bag,741,7
12385,67031,to,741,7
12386,67034,take,741,7
12387,67039,the,741,7
12388,67043,mutton,741,7
12389,67050,out,741,7
12390,67055,BONNIE,742,7
12391,67063,Maa,742,7
12392,67068,should,742,7
12393,67075,we,742,7
12394,67078,start,742,7
12395,67084,with,742,7
12396,67089,the,742,7
12397,67094,mutton,742,7
12398,67102,AUNTY,743,7
12399,67108,Yes,743,7
12400,67113,You,743,7
12401,67117,know,743,7
12402,67122,where,743,7
12403,67128,everything,743,7
12404,67139,is,743,7
12405,67143,na,743,7
12406,67147,Otherwise,743,7
12407,67157,ask,743,7
12408,67161,Manjari,743,7
12409,67170,I,743,7
12410,67172,m,743,7
12411,67175,going,743,7
12412,67181,in,743,7
12413,67184,for,743,7
12414,67188,a,743,7
12415,67190,bath,743,7
12416,67198,Opening,743,7
12417,67206,the,743,7
12418,67210,mesh,743,7
12419,67215,door,743,7
12420,67220,to,743,7
12421,67224,the,743,7
12422,67228,backyard,743,7
12423,67238,Manjari,743,7
12424,67246,paani,743,7
12425,67252,de,743,7
12426,67255,do,743,7
12427,67258,andar,743,7
12428,67266,CUT,744,7
12429,67270,TO,744,7
12430,67274,58,745,7
12431,67278,EXT,746,7
12432,67283,BACKYARD,746,7
12433,67293,DAY80,746,7
12434,67299,80,746,7
12435,67302,Manjari,747,7
12436,67310,hangs,747,7
12437,67316,the,747,7
12438,67320,clothes,747,7
12439,67328,on,747,7
12440,67331,the,747,7
12441,67335,line,747,7
12442,67340,when,747,7
12443,67345,she,747,7
12444,67349,hears,747,7
12445,67355,Aunty,747,7
12446,67362,call,747,7
12447,67367,out,747,7
12448,67371,to,747,7
12449,67374,her,747,7
12450,67379,Maniya,747,7
12451,67386,goes,747,7
12452,67391,to,747,7
12453,67394,pick,747,7
12454,67399,up,747,7
12455,67402,a,747,7
12456,67404,bucket,747,7
12457,67411,of,747,7
12458,67414,water,747,7
12459,67421,from,747,7
12460,67426,the,747,7
12461,67430,under,747,7
12462,67436,the,747,7
12463,67440,sun,747,7
12464,67445,MANJARI,748,7
12465,67453,E,748,7
12466,67455,sab,748,7
12467,67459,ja,748,7
12468,67462,payega,748,7
12469,67469,kha,748,7
12470,67474,CUT,749,7
12471,67478,TO,749,7
12472,67482,OMITTED81,750,7
12473,67492,81,750,7
12474,67495,EXT,751,7
12475,67500,FRONT,751,7
12476,67506,LAWNS,751,7
12477,67513,DAY82,751,7
12478,67519,82,751,7
12479,67522,Shutu,752,7
12480,67528,and,752,7
12481,67532,Tani,752,7
12482,67537,are,752,7
12483,67541,lying,752,7
12484,67547,on,752,7
12485,67550,their,752,7
12486,67556,stomachs,752,7
12487,67566,on,752,7
12488,67569,the,752,7
12489,67573,grass,752,7
12490,67580,outside,752,7
12491,67589,Shutu,752,7
12492,67595,is,752,7
12493,67598,focusing,752,7
12494,67607,a,752,7
12495,67609,point,752,7
12496,67615,of,752,7
12497,67618,light,752,7
12498,67624,through,752,7
12499,67632,a,752,7
12500,67635,magnifying,752,7
12501,67646,glass,752,7
12502,67652,on,752,7
12503,67655,a,752,7
12504,67657,piece,752,7
12505,67663,of,752,7
12506,67666,paper,752,7
12507,67673,A,752,7
12508,67675,couple,752,7
12509,67682,of,752,7
12510,67685,ants,752,7
12511,67690,crawl,752,7
12512,67697,across,752,7
12513,67704,it,752,7
12514,67708,Shutu,752,7
12515,67714,chases,752,7
12516,67721,a,752,7
12517,67723,big,752,7
12518,67727,ant,752,7
12519,67731,with,752,7
12520,67736,the,752,7
12521,67740,magnifying,752,7
12522,67751,glass,752,7
12523,67759,trying,752,7
12524,67766,to,752,7
12525,67769,focus,752,7
12526,67775,the,752,7
12527,67779,point,752,7
12528,67785,of,752,7
12529,67788,light,752,7
12530,67794,on,752,7
12531,67797,it,752,7
12532,67801,Tani,752,7
12533,67806,watches,752,7
12534,67816,fascinated,752,7
12535,67828,The,752,7
12536,67832,puppy,752,7
12537,67838,is,752,7
12538,67841,playing,752,7
12539,67849,near,752,7
12540,67854,them,752,7
12541,67861,CUT,753,7
12542,67865,TO,753,7
12543,67869,INT,754,7
12544,67874,MCCLUSKIEGUNJ,754,7
12545,67888,HOUSE,754,7
12546,67896,KITCHEN,754,7
12547,67905,DAY,754,7
12548,67909,83,754,7
12549,67912,83,754,7
12550,67915,Bonnie,755,7
12551,67922,is,755,7
12552,67925,frying,755,7
12553,67932,the,755,7
12554,67936,spices,755,7
12555,67943,and,755,7
12556,67947,onions,755,7
12557,67954,in,755,7
12558,67957,a,755,7
12559,67959,large,755,7
12560,67965,wok,755,7
12561,67969,on,755,7
12562,67972,the,755,7
12563,67978,stove,755,7
12564,67985,Mimi,755,7
12565,67990,is,755,7
12566,67993,chopping,755,7
12567,68002,potatoes,755,7
12568,68011,at,755,7
12569,68014,the,755,7
12570,68018,counter,755,7
12571,68027,MIMI,756,7
12572,68032,So,756,7
12573,68035,who,756,7
12574,68039,s,756,7
12575,68041,this,756,7
12576,68046,slut,756,7
12577,68051,Vikram,756,7
12578,68058,has,756,7
12579,68063,married,756,7
12580,68072,Bonnie,756,7
12581,68079,rolls,756,7
12582,68085,her,756,7
12583,68089,eyes,756,7
12584,68095,MIMI,757,7
12585,68101,CONT,757,7
12586,68106,D,757,7
12587,68109,Isn,757,7
12588,68113,t,757,7
12589,68115,she,757,7
12590,68119,much,757,7
12591,68124,younger,757,7
12592,68132,than,757,7
12593,68137,him,757,7
12594,68142,BONNIE,758,7
12595,68150,Ma,758,7
12596,68153,was,758,7
12597,68157,saying,758,7
12598,68164,that,758,7
12599,68169,she,758,7
12600,68173,is,758,7
12601,68176,from,758,7
12602,68181,some,758,7
12603,68187,small,758,7
12604,68193,town,758,7
12605,68199,And,758,7
12606,68203,you,758,7
12607,68207,know,758,7
12608,68212,the,758,7
12609,68216,small,758,7
12610,68223,town,758,7
12611,68228,mentality,758,7
12612,68238,na,758,7
12613,68244,they,758,7
12614,68249,get,758,7
12615,68253,their,758,7
12616,68260,girls,758,7
12617,68266,married,758,7
12618,68274,off,758,7
12619,68278,really,758,7
12620,68285,young,758,7
12621,68292,MIMI,759,7
12622,68297,What,759,7
12623,68302,s,759,7
12624,68304,her,759,7
12625,68308,name,759,7
12626,68315,BONNIE,760,7
12627,68322,Pratima,760,7
12628,68331,No,760,7
12629,68334,Purnima,760,7
12630,68344,MIMI,761,7
12631,68349,Khasi,761,7
12632,68356,BONNIE,762,7
12633,68363,I,762,7
12634,68365,don,762,7
12635,68369,t,762,7
12636,68371,know,762,7
12637,68377,From,762,7
12638,68382,that,762,7
12639,68387,side,762,7
12640,68392,only,762,7
12641,68398,59,762,7
12642,68402,MIMI,763,7
12643,68407,You,763,7
12644,68411,saw,763,7
12645,68415,the,763,7
12646,68419,new,763,7
12647,68423,jeep,763,7
12648,68429,BONNIE,764,7
12649,68436,For,764,7
12650,68440,them,764,7
12651,68445,Vikram,764,7
12652,68452,is,764,7
12653,68455,royalty,764,7
12654,68465,MIMI,765,7
12655,68470,Royalty,765,7
12656,68478,my,765,7
12657,68481,ass,765,7
12658,68487,Pause,765,7
12659,68494,What,765,7
12660,68499,time,765,7
12661,68504,are,765,7
12662,68508,they,765,7
12663,68513,coming,765,7
12664,68520,tonight,765,7
12665,68529,BONNIE,766,7
12666,68537,Uh,766,7
12667,68541,7,766,7
12668,68544,7,766,7
12669,68546,30,766,7
12670,68549,I,766,7
12671,68551,think,766,7
12672,68558,Pass,766,7
12673,68563,the,766,7
12674,68568,tomatoes,766,7
12675,68578,MIMI,767,7
12676,68583,I,767,7
12677,68585,haven,767,7
12678,68591,t,767,7
12679,68593,cut,767,7
12680,68597,it,767,7
12681,68600,yet,767,7
12682,68605,I,767,7
12683,68607,m,767,7
12684,68609,still,767,7
12685,68615,on,767,7
12686,68619,the,767,7
12687,68623,aloo,767,7
12688,68629,BONNIE,768,7
12689,68637,Why,768,7
12690,68641,have,768,7
12691,68646,you,768,7
12692,68650,cut,768,7
12693,68654,them,768,7
12694,68659,so,768,7
12695,68662,small,768,7
12696,68670,They,768,7
12697,68675,ll,768,7
12698,68678,melt,768,7
12699,68683,in,768,7
12700,68686,the,768,7
12701,68690,gravy,768,7
12702,68697,MIMI,769,7
12703,68702,But,769,7
12704,68706,you,769,7
12705,68710,didn,769,7
12706,68715,t,769,7
12707,68717,say,769,7
12708,68722,We,769,7
12709,68725,can,769,7
12710,68729,always,769,7
12711,68737,fry,769,7
12712,68741,it,769,7
12713,68744,separately,769,7
12714,68755,and,769,7
12715,68759,add,769,7
12716,68763,it,769,7
12717,68766,in,769,7
12718,68769,the,769,7
12719,68774,end,769,7
12720,68780,BONNIE,770,7
12721,68788,But,770,7
12722,68792,then,770,7
12723,68797,it,770,7
12724,68800,doesn,770,7
12725,68806,t,770,7
12726,68808,absorb,770,7
12727,68815,any,770,7
12728,68820,flavor,770,7
12729,68828,Anyway,770,7
12730,68836,leave,770,7
12731,68842,it,770,7
12732,68845,now,770,7
12733,68850,Chop,770,7
12734,68856,the,770,7
12735,68860,tomatoes,770,7
12736,68869,for,770,7
12737,68873,me,770,7
12738,68876,fast,770,7
12739,68882,MIMI,771,7
12740,68888,Irately,771,7
12741,68897,Fine,771,7
12742,68903,How,771,7
12743,68907,do,771,7
12744,68910,you,771,7
12745,68914,want,771,7
12746,68919,it,771,7
12747,68923,BONNIE,772,7
12748,68931,Well,772,7
12749,68936,ideally,772,7
12750,68944,I,772,7
12751,68946,d,772,7
12752,68948,like,772,7
12753,68953,it,772,7
12754,68956,pureed,772,7
12755,68966,MIMI,773,7
12756,68971,Well,773,7
12757,68976,obviously,773,7
12758,68986,I,773,7
12759,68988,can,773,7
12760,68992,t,773,7
12761,68994,puree,773,7
12762,69000,it,773,7
12763,69003,for,773,7
12764,69008,you,773,7
12765,69012,now,773,7
12766,69017,BONNIE,774,7
12767,69025,Just,774,7
12768,69030,chop,774,7
12769,69035,it,774,7
12770,69038,finely,774,7
12771,69046,Hurry,774,7
12772,69052,up,774,7
12773,69056,CUT,775,7
12774,69060,TO,775,7
12775,69064,EXT,776,7
12776,69069,FRONT,776,7
12777,69075,LAWN,776,7
12778,69081,DAY84,776,7
12779,69087,84,776,7
12780,69090,The,777,7
12781,69094,paper,777,7
12782,69100,catches,777,7
12783,69108,fire,777,7
12784,69113,and,777,7
12785,69117,with,777,7
12786,69122,it,777,7
12787,69125,so,777,7
12788,69128,does,777,7
12789,69133,the,777,7
12790,69137,grass,777,7
12791,69143,and,777,7
12792,69147,the,777,7
12793,69152,ant,777,7
12794,69156,on,777,7
12795,69159,it,777,7
12796,69163,Shutu,777,7
12797,69169,and,777,7
12798,69173,Tani,777,7
12799,69178,watch,777,7
12800,69184,the,777,7
12801,69188,ant,777,7
12802,69192,burn,777,7
12803,69197,to,777,7
12804,69200,a,777,7
12805,69202,crisp,777,7
12806,69209,curiously,777,7
12807,69220,Tani,777,7
12808,69225,and,777,7
12809,69229,Shutu,777,7
12810,69235,exchange,777,7
12811,69244,a,777,7
12812,69246,look,777,7
12813,69255,TANI,778,7
12814,69260,It,778,7
12815,69263,s,778,7
12816,69265,dead,778,7
12817,69270,na,778,7
12818,69274,60,778,7
12819,69278,SHUTU,779,7
12820,69284,I,779,7
12821,69286,guess,779,7
12822,69294,TANI,780,7
12823,69299,What,780,7
12824,69304,do,780,7
12825,69307,we,780,7
12826,69310,do,780,7
12827,69314,Shutu,780,7
12828,69320,collects,780,7
12829,69329,the,780,7
12830,69333,ant,780,7
12831,69337,and,780,7
12832,69341,the,780,7
12833,69345,burnt,780,7
12834,69351,debris,780,7
12835,69358,and,780,7
12836,69362,pretends,780,7
12837,69371,to,780,7
12838,69375,bury,780,7
12839,69380,it,780,7
12840,69384,Tani,780,7
12841,69389,does,780,7
12842,69394,the,780,7
12843,69398,sign,780,7
12844,69403,of,780,7
12845,69406,a,780,7
12846,69408,cross,780,7
12847,69415,Shutu,780,7
12848,69421,also,780,7
12849,69426,does,780,7
12850,69431,it,780,7
12851,69436,to,780,7
12852,69439,humour,780,7
12853,69446,her,780,7
12854,69451,Tani,780,7
12855,69456,arranges,780,7
12856,69465,a,780,7
12857,69467,few,780,7
12858,69471,wild,780,7
12859,69476,flowers,780,7
12860,69484,on,780,7
12861,69487,the,780,7
12862,69491,pile,780,7
12863,69498,TANI,781,7
12864,69504,CONT,781,7
12865,69509,D,781,7
12866,69512,Should,781,7
12867,69519,I,781,7
12868,69521,say,781,7
12869,69525,a,781,7
12870,69527,poem,781,7
12871,69533,SHUTU,782,7
12872,69539,Sure,782,7
12873,69546,Tani,782,7
12874,69551,folds,782,7
12875,69557,her,782,7
12876,69561,hands,782,7
12877,69567,together,782,7
12878,69576,in,782,7
12879,69579,an,782,7
12880,69582,elocution,782,7
12881,69592,pose,782,7
12882,69597,and,782,7
12883,69602,recites,782,7
12884,69610,an,782,7
12885,69613,unrelated,782,7
12886,69624,pithy,782,7
12887,69630,poem,782,7
12888,69636,TANI,783,7
12889,69641,When,783,7
12890,69646,I,783,7
12891,69648,was,783,7
12892,69652,one,783,7
12893,69657,I,783,7
12894,69659,had,783,7
12895,69663,just,783,7
12896,69668,begun,783,7
12897,69675,When,783,7
12898,69680,I,783,7
12899,69682,was,783,7
12900,69686,two,783,7
12901,69691,I,783,7
12902,69693,was,783,7
12903,69697,nearly,783,7
12904,69704,new,783,7
12905,69709,When,783,7
12906,69714,I,783,7
12907,69716,was,783,7
12908,69720,three,783,7
12909,69727,I,783,7
12910,69729,was,783,7
12911,69733,hardly,783,7
12912,69740,me,783,7
12913,69744,When,783,7
12914,69749,I,783,7
12915,69751,was,783,7
12916,69755,four,783,7
12917,69761,I,783,7
12918,69763,was,783,7
12919,69767,not,783,7
12920,69771,much,783,7
12921,69776,more,783,7
12922,69782,When,783,7
12923,69787,I,783,7
12924,69789,was,783,7
12925,69793,five,783,7
12926,69799,I,783,7
12927,69801,was,783,7
12928,69805,just,783,7
12929,69810,alive,783,7
12930,69817,But,783,7
12931,69821,now,783,7
12932,69825,I,783,7
12933,69827,am,783,7
12934,69830,six,783,7
12935,69835,I'm,783,7
12936,69839,as,783,7
12937,69842,clever,783,7
12938,69849,as,783,7
12939,69852,clever,783,7
12940,69860,So,783,7
12941,69863,I,783,7
12942,69865,think,783,7
12943,69871,I'll,783,7
12944,69876,be,783,7
12945,69879,six,783,7
12946,69883,now,783,7
12947,69887,and,783,7
12948,69891,forever,783,7
12949,69900,CUT,784,7
12950,69904,TO,784,7
12951,69908,INT,785,7
12952,69913,MCCLUSKIEGUNJ,785,7
12953,69927,HOUSE,785,7
12954,69935,LIVING,785,7
12955,69942,ROOM,785,7
12956,69948,NIGHT85,785,7
12957,69956,85,785,7
12958,69959,PURNIMA,786,7
12959,69968,25,786,7
12960,69973,Vikram,786,7
12961,69980,s,786,7
12962,69982,Assamese,786,7
12963,69991,wife,786,7
12964,69997,confidently,786,7
12965,70009,sings,786,7
12966,70015,a,786,7
12967,70018,beautiful,786,7
12968,70028,Bihu,786,7
12969,70033,song,786,7
12970,70038,oblivious,786,7
12971,70048,to,786,7
12972,70051,her,786,7
12973,70055,surroundings,786,7
12974,70069,She,786,7
12975,70073,looks,786,7
12976,70080,like,786,7
12977,70085,a,786,7
12978,70087,new,786,7
12979,70091,bride,786,7
12980,70098,wearing,786,7
12981,70106,a,786,7
12982,70108,mekhla,786,7
12983,70115,chador,786,7
12984,70123,wedding,786,7
12985,70131,bangles,786,7
12986,70140,and,786,7
12987,70144,a,786,7
12988,70146,thick,786,7
12989,70152,line,786,7
12990,70157,of,786,7
12991,70160,sindoor,786,7
12992,70169,She,786,7
12993,70173,s,786,7
12994,70175,unsophisticated,786,7
12995,70192,yet,786,7
12996,70196,sexy,786,7
12997,70202,Tani,786,7
12998,70207,sits,786,7
12999,70212,next,786,7
13000,70217,to,786,7
13001,70220,her,786,7
13002,70225,watching,786,7
13003,70234,her,786,7
13004,70238,adoringly,786,7
13005,70248,and,786,7
13006,70253,occasionally,786,7
13007,70266,touching,786,7
13008,70275,her,786,7
13009,70279,chador,786,7
13010,70287,Bonnie,786,7
13011,70294,motions,786,7
13012,70302,Tani,786,7
13013,70307,not,786,7
13014,70311,to,786,7
13015,70315,disturb,786,7
13016,70323,Purnima,786,7
13017,70332,Tani,786,7
13018,70337,flatly,786,7
13019,70344,refuses,786,7
13020,70353,Over,786,7
13021,70358,Purnima,786,7
13022,70366,s,786,7
13023,70368,shoulder,786,7
13024,70378,we,786,7
13025,70381,see,786,7
13026,70385,Nandu,786,7
13027,70392,Shutu,786,7
13028,70399,Mrs,786,7
13029,70403,McKenzie,786,7
13030,70413,and,786,7
13031,70417,Uncle,786,7
13032,70423,who,786,7
13033,70427,is,786,7
13034,70430,smoking,786,7
13035,70438,a,786,7
13036,70440,cigar,786,7
13037,70447,Everyone,786,7
13038,70456,is,786,7
13039,70459,sitting,786,7
13040,70467,around,786,7
13041,70475,her,786,7
13042,70480,immersed,786,7
13043,70489,in,786,7
13044,70492,the,786,7
13045,70496,song,786,7
13046,70503,Aunty,786,7
13047,70509,is,786,7
13048,70512,pleasantly,786,7
13049,70523,surprised,786,7
13050,70534,she,786,7
13051,70538,exchanges,786,7
13052,70548,an,786,7
13053,70551,approving,786,7
13054,70562,look,786,7
13055,70567,with,786,7
13056,70572,Bonnie,786,7
13057,70580,Vikram,786,7
13058,70587,accompanies,786,7
13059,70599,Purnima,786,7
13060,70607,on,786,7
13061,70610,a,786,7
13062,70612,guitar,786,7
13063,70621,Mimi,786,7
13064,70626,is,786,7
13065,70629,sizing,786,7
13066,70636,her,786,7
13067,70640,up,786,7
13068,70644,while,786,7
13069,70650,sipping,786,7
13070,70658,her,786,7
13071,70662,third,786,7
13072,70668,drink,786,7
13073,70675,Purnima,786,7
13074,70684,finishes,786,7
13075,70693,the,786,7
13076,70697,song,786,7
13077,70703,everyone,786,7
13078,70712,starts,786,7
13079,70719,to,786,7
13080,70722,clap,786,7
13081,70728,61,786,7
13082,70732,BONNIE,787,7
13083,70740,Wow,787,7
13084,70745,We,787,7
13085,70748,had,787,7
13086,70752,no,787,7
13087,70755,idea,787,7
13088,70760,you,787,7
13089,70764,sing,787,7
13090,70769,so,787,7
13091,70773,well,787,7
13092,70779,MRS,788,7
13093,70783,MCKENZIE,788,7
13094,70792,Have,788,7
13095,70797,you,788,7
13096,70801,been,788,7
13097,70806,learning,788,7
13098,70815,for,788,7
13099,70819,long,788,7
13100,70825,love,788,7
13101,70831,AUNTY,789,7
13102,70838,To,789,7
13103,70841,VIKRAM,789,7
13104,70849,Why,789,7
13105,70853,have,789,7
13106,70858,you,789,7
13107,70862,been,789,7
13108,70867,hiding,789,7
13109,70874,her,789,7
13110,70878,all,789,7
13111,70883,this,789,7
13112,70888,time,789,7
13113,70894,UNCLE,790,7
13114,70900,Challo,790,7
13115,70907,ek,790,7
13116,70910,aur,790,7
13117,70914,gaana,790,7
13118,70920,ho,790,7
13119,70923,jaye,790,7
13120,70930,Purnima,790,7
13121,70939,come,790,7
13122,70944,on,790,7
13123,70948,VIKRAM,791,7
13124,70955,Sing,791,7
13125,70960,that,791,7
13126,70965,one,791,7
13127,70969,na,791,7
13128,70975,PURNIMA,792,7
13129,70983,No,792,7
13130,70986,thank,792,7
13131,70992,you,792,7
13132,70997,Abh,792,7
13133,71001,koi,792,7
13134,71005,aur,792,7
13135,71009,gao,792,7
13136,71015,MIMI,793,7
13137,71020,Ya,793,7
13138,71024,let,793,7
13139,71028,s,793,7
13140,71030,have,793,7
13141,71035,a,793,7
13142,71037,faster,793,7
13143,71044,song,793,7
13144,71050,A,793,7
13145,71052,fun,793,7
13146,71057,one,793,7
13147,71061,we,793,7
13148,71064,can,793,7
13149,71068,dance,793,7
13150,71074,to,793,7
13151,71078,Bonnie,793,7
13152,71085,sings,793,7
13153,71092,Dhitang,793,7
13154,71100,Dhitang,793,7
13155,71108,Bole,793,7
13156,71114,with,793,7
13157,71119,others,793,7
13158,71126,joining,793,7
13159,71134,in,793,7
13160,71139,Brian,793,7
13161,71145,joins,793,7
13162,71151,along,793,7
13163,71157,on,793,7
13164,71160,his,793,7
13165,71164,harmonica,793,7
13166,71175,Vikram,793,7
13167,71182,plays,793,7
13168,71188,the,793,7
13169,71192,drums,793,7
13170,71198,on,793,7
13171,71202,a,793,7
13172,71204,table,793,7
13173,71211,Nandu,793,7
13174,71217,picks,793,7
13175,71223,up,793,7
13176,71226,Tani,793,7
13177,71231,and,793,7
13178,71235,dances,793,7
13179,71242,with,793,7
13180,71247,her,793,7
13181,71252,Uncle,793,7
13182,71258,and,793,7
13183,71263,Aunty,793,7
13184,71269,try,793,7
13185,71273,a,793,7
13186,71275,jive,793,7
13187,71281,Vikram,793,7
13188,71288,and,793,7
13189,71292,Purnima,793,7
13190,71300,do,793,7
13191,71303,a,793,7
13192,71305,twist,793,7
13193,71312,Shutu,793,7
13194,71318,sits,793,7
13195,71324,alone,793,7
13196,71330,on,793,7
13197,71333,the,793,7
13198,71337,sofa,793,7
13199,71343,trying,793,7
13200,71350,to,793,7
13201,71353,look,793,7
13202,71358,busy,793,7
13203,71363,with,793,7
13204,71368,a,793,7
13205,71370,magazine,793,7
13206,71380,Mimi,793,7
13207,71386,pulls,793,7
13208,71392,him,793,7
13209,71396,up,793,7
13210,71400,She,793,7
13211,71404,dances,793,7
13212,71411,provocatively,793,7
13213,71425,and,793,7
13214,71429,being,793,7
13215,71435,a,793,7
13216,71437,little,793,7
13217,71445,high,793,7
13218,71451,trips,793,7
13219,71457,on,793,7
13220,71460,her,793,7
13221,71464,sari,793,7
13222,71469,twisting,793,7
13223,71478,her,793,7
13224,71482,ankle,793,7
13225,71490,CUT,794,7
13226,71494,TO,794,7
13227,71498,INT,795,7
13228,71503,MCCLUSKIEGUNJ,795,7
13229,71517,HOUSE,795,7
13230,71525,LIVING,795,7
13231,71532,ROOM,795,7
13232,71538,NIGHT,795,7
13233,71544,85,795,7
13234,71548,A,795,7
13235,71550,85,795,7
13236,71554,A,795,7
13237,71556,Vikram,796,7
13238,71563,puts,796,7
13239,71568,a,796,7
13240,71570,cassette,796,7
13241,71579,in,796,7
13242,71582,the,796,7
13243,71586,player,796,7
13244,71593,and,796,7
13245,71597,presses,796,7
13246,71605,play,796,7
13247,71612,INT,797,7
13248,71617,DINING,797,7
13249,71624,TABLE,797,7
13250,71631,MOMENTS,797,7
13251,71639,LATER,797,7
13252,71645,86,797,7
13253,71648,86,797,7
13254,71651,Aunty,798,7
13255,71657,and,798,7
13256,71661,Bonnie,798,7
13257,71668,arrange,798,7
13258,71676,the,798,7
13259,71680,mats,798,7
13260,71685,and,798,7
13261,71689,cutlery,798,7
13262,71697,on,798,7
13263,71700,the,798,7
13264,71704,table,798,7
13265,71712,Manjari,798,7
13266,71720,brings,798,7
13267,71727,in,798,7
13268,71730,a,798,7
13269,71732,casserole,798,7
13270,71742,and,798,7
13271,71746,places,798,7
13272,71753,it,798,7
13273,71756,down,798,7
13274,71762,In,798,7
13275,71765,the,798,7
13276,71770,background,798,7
13277,71782,the,798,7
13278,71786,music,798,7
13279,71792,continues,798,7
13280,71804,AUNTY,799,7
13281,71810,Manjari,799,7
13282,71819,mutton,799,7
13283,71826,ke,799,7
13284,71829,liye,799,7
13285,71834,bada,799,7
13286,71840,chamach,799,7
13287,71848,leke,799,7
13288,71853,aao,799,7
13289,71859,BONNIE,800,7
13290,71867,Ma,800,7
13291,71870,should,800,7
13292,71877,we,800,7
13293,71880,serve,800,7
13294,71886,Tani,800,7
13295,71891,here,800,7
13296,71899,Bonnie,800,7
13297,71906,looks,800,7
13298,71912,at,800,7
13299,71915,Aunty,800,7
13300,71921,who,800,7
13301,71925,is,800,7
13302,71928,looking,800,7
13303,71936,at,800,7
13304,71939,Mimi,800,7
13305,71944,across,800,7
13306,71951,the,800,7
13307,71955,room,800,7
13308,71962,She,800,7
13309,71966,looks,800,7
13310,71972,in,800,7
13311,71975,that,800,7
13312,71980,direction,800,7
13313,71990,as,800,7
13314,71993,well,800,7
13315,72000,62,800,7
13316,72004,Mimi,800,7
13317,72009,is,800,7
13318,72012,leaning,800,7
13319,72020,over,800,7
13320,72025,and,800,7
13321,72029,talking,800,7
13322,72037,to,800,7
13323,72040,Vikram,800,7
13324,72048,while,800,7
13325,72054,casually,800,7
13326,72064,touching,800,7
13327,72073,his,800,7
13328,72077,thigh,800,7
13329,72084,Purnima,800,7
13330,72092,is,800,7
13331,72095,next,800,7
13332,72100,to,800,7
13333,72103,Vikram,800,7
13334,72111,but,800,7
13335,72115,is,800,7
13336,72118,talking,800,7
13337,72127,to,800,7
13338,72130,Uncle,800,7
13339,72137,Mimi,800,7
13340,72142,giggles,800,7
13341,72151,unaware,800,7
13342,72159,that,800,7
13343,72164,her,800,7
13344,72168,pallu,800,7
13345,72174,has,800,7
13346,72178,slipped,800,7
13347,72187,off,800,7
13348,72193,AUNTY,801,7
13349,72199,Just,801,7
13350,72204,look,801,7
13351,72209,at,801,7
13352,72212,how,801,7
13353,72216,she,801,7
13354,72220,carries,801,7
13355,72228,on,801,7
13356,72233,BONNIE,802,7
13357,72241,Ma,802,7
13358,72245,she,802,7
13359,72249,s,802,7
13360,72251,just,802,7
13361,72256,talking,802,7
13362,72269,Vikram,802,7
13363,72276,looks,802,7
13364,72282,uncomfortable,802,7
13365,72296,and,802,7
13366,72300,gets,802,7
13367,72305,up,802,7
13368,72309,Mimi,802,7
13369,72314,continues,802,7
13370,72324,to,802,7
13371,72327,sip,802,7
13372,72332,her,802,7
13373,72336,drink,802,7
13374,72342,alone,802,7
13375,72350,AUNTY,803,7
13376,72356,Yes,803,7
13377,72361,With,803,7
13378,72366,her,803,7
13379,72370,sari,803,7
13380,72375,hanging,803,7
13381,72383,off,803,7
13382,72388,No,803,7
13383,72392,wonder,803,7
13384,72399,that,803,7
13385,72404,boy,803,7
13386,72408,didn,803,7
13387,72413,t,803,7
13388,72415,marry,803,7
13389,72421,her,803,7
13390,72427,BONNIE,804,7
13391,72435,Well,804,7
13392,72441,she,804,7
13393,72445,can,804,7
13394,72449,t,804,7
13395,72451,help,804,7
13396,72456,it,804,7
13397,72459,if,804,7
13398,72462,men,804,7
13399,72466,are,804,7
13400,72471,attracted,804,7
13401,72481,to,804,7
13402,72484,her,804,7
13403,72491,AUNTY,805,7
13404,72497,But,805,7
13405,72501,you,805,7
13406,72505,can,805,7
13407,72509,t,805,7
13408,72511,deny,805,7
13409,72516,that,805,7
13410,72521,she,805,7
13411,72525,enjoys,805,7
13412,72533,the,805,7
13413,72537,attention,805,7
13414,72549,MRS,806,7
13415,72553,MCKENZIE,806,7
13416,72563,walking,806,7
13417,72571,up,806,7
13418,72574,to,806,7
13419,72577,them,806,7
13420,72583,Everything,806,7
13421,72594,smells,806,7
13422,72601,so,806,7
13423,72604,lovely,806,7
13424,72611,Anu,806,7
13425,72617,BONNIE,807,7
13426,72626,Handing,807,7
13427,72634,her,807,7
13428,72638,a,807,7
13429,72640,plate,807,7
13430,72647,Please,807,7
13431,72654,start,807,7
13432,72660,Aunty,807,7
13433,72666,Gwen,807,7
13434,72673,Guys,807,7
13435,72679,dinner,807,7
13436,72686,is,807,7
13437,72689,ready,807,7
13438,72696,CUT,808,7
13439,72700,TO,808,7
13440,72704,INT,809,7
13441,72709,MCCLUSKIEGUNJ,809,7
13442,72723,HOUSE,809,7
13443,72731,LIVING,809,7
13444,72738,ROOM,809,7
13445,72744,NIGHT,809,7
13446,72750,87,809,7
13447,72753,87,809,7
13448,72756,The,810,7
13449,72760,older,810,7
13450,72766,people,810,7
13451,72773,and,810,7
13452,72777,Tani,810,7
13453,72782,are,810,7
13454,72786,seated,810,7
13455,72793,at,810,7
13456,72796,the,810,7
13457,72800,dining,810,7
13458,72807,table,810,7
13459,72814,while,810,7
13460,72820,Nandu,810,7
13461,72827,Shutu,810,7
13462,72834,Mimi,810,7
13463,72840,Vikram,810,7
13464,72847,and,810,7
13465,72851,Purnima,810,7
13466,72859,sit,810,7
13467,72863,on,810,7
13468,72866,the,810,7
13469,72870,sofa,810,7
13470,72876,with,810,7
13471,72881,their,810,7
13472,72887,plates,810,7
13473,72895,Bonnie,810,7
13474,72902,is,810,7
13475,72905,serving,810,7
13476,72913,herself,810,7
13477,72921,at,810,7
13478,72924,the,810,7
13479,72928,table,810,7
13480,72937,MRS,811,7
13481,72941,MCKENZIE,811,7
13482,72951,I,811,7
13483,72953,just,811,7
13484,72958,love,811,7
13485,72963,this,811,7
13486,72968,typical,811,7
13487,72976,Bengali,811,7
13488,72985,mutton,811,7
13489,72992,curry,811,7
13490,73001,AUNTY,812,7
13491,73007,It,812,7
13492,73010,s,812,7
13493,73012,the,812,7
13494,73016,potatoes,812,7
13495,73026,they,812,7
13496,73031,soak,812,7
13497,73036,up,812,7
13498,73039,the,812,7
13499,73044,flavour,812,7
13500,73053,Bonnie,812,7
13501,73060,made,812,7
13502,73065,it,812,7
13503,73069,you,812,7
13504,73073,know,812,7
13505,73079,BONNIE,813,7
13506,73087,Thank,813,7
13507,73093,you,813,7
13508,73098,Actually,813,7
13509,73108,Mimi,813,7
13510,73113,and,813,7
13511,73117,I,813,7
13512,73120,made,813,7
13513,73125,it,813,7
13514,73128,together,813,7
13515,73139,63,813,7
13516,73143,MIMI,814,7
13517,73149,Giving,814,7
13518,73156,a,814,7
13519,73158,drunken,814,7
13520,73166,salute,814,7
13521,73174,Oh,814,7
13522,73177,please,814,7
13523,73185,I,814,7
13524,73187,was,814,7
13525,73191,just,814,7
13526,73196,following,814,7
13527,73207,orders,814,7
13528,73216,Bonnie,814,7
13529,73223,gives,814,7
13530,73229,Mimi,814,7
13531,73234,a,814,7
13532,73236,look,814,7
13533,73242,Tani,814,7
13534,73247,leaves,814,7
13535,73254,her,814,7
13536,73258,half,814,7
13537,73263,eaten,814,7
13538,73269,food,814,7
13539,73274,and,814,7
13540,73279,goes,814,7
13541,73284,and,814,7
13542,73288,sits,814,7
13543,73293,on,814,7
13544,73296,Purnima,814,7
13545,73304,s,814,7
13546,73306,lap,814,7
13547,73311,Purnima,814,7
13548,73319,is,814,7
13549,73322,talking,814,7
13550,73330,to,814,7
13551,73333,Shutu,814,7
13552,73341,Vikram,814,7
13553,73348,is,814,7
13554,73351,sitting,814,7
13555,73359,opposite,814,7
13556,73368,them,814,7
13557,73375,PURNIMA,815,7
13558,73383,Yahan,815,7
13559,73389,pe,815,7
13560,73392,kya,815,7
13561,73396,hua,815,7
13562,73401,Vikram,815,7
13563,73408,looks,815,7
13564,73414,up,815,7
13565,73417,sharply,815,7
13566,73425,from,815,7
13567,73430,his,815,7
13568,73434,plate,815,7
13569,73442,TANI,816,7
13570,73447,You,816,7
13571,73451,know,816,7
13572,73456,they,816,7
13573,73461,were,816,7
13574,73466,fighting,816,7
13575,73476,Tani,816,7
13576,73481,looks,816,7
13577,73487,at,816,7
13578,73490,Vikram,816,7
13579,73499,SHUTU,817,7
13580,73506,Laughs,817,7
13581,73513,awkwardly,817,7
13582,73524,Oh,817,7
13583,73527,yeh,817,7
13584,73532,Kuch,817,7
13585,73537,nahi,817,7
13586,73543,kuch,817,7
13587,73548,nahi,817,7
13588,73554,Purnima,817,7
13589,73562,turns,817,7
13590,73568,his,817,7
13591,73572,face,817,7
13592,73577,with,817,7
13593,73582,her,817,7
13594,73586,hand,817,7
13595,73591,to,817,7
13596,73594,get,817,7
13597,73598,a,817,7
13598,73600,better,817,7
13599,73607,look,817,7
13600,73612,at,817,7
13601,73616,the,817,7
13602,73620,wound,817,7
13603,73627,Mimi,817,7
13604,73632,gets,817,7
13605,73637,up,817,7
13606,73640,to,817,7
13607,73643,put,817,7
13608,73647,her,817,7
13609,73651,plate,817,7
13610,73657,away,817,7
13611,73666,PURNIMA,818,7
13612,73674,Dikhao,818,7
13613,73681,toh,818,7
13614,73686,Tch,818,7
13615,73690,tch,818,7
13616,73695,Yeh,818,7
13617,73699,toh,818,7
13618,73703,ghaav,818,7
13619,73710,ho,818,7
13620,73713,gaya,818,7
13621,73718,hain,818,7
13622,73724,SHUTU,819,7
13623,73730,Nahi,819,7
13624,73738,Woh,819,7
13625,73742,khelte,819,7
13626,73749,khelte,819,7
13627,73756,lag,819,7
13628,73760,gaya,819,7
13629,73766,PURNIMA,820,7
13630,73774,Cold,820,7
13631,73779,compress,820,7
13632,73788,lagana,820,7
13633,73795,chahiye,820,7
13634,73804,Pata,820,7
13635,73809,hain,820,7
13636,73815,usse,820,7
13637,73820,bahut,820,7
13638,73826,help,820,7
13639,73831,hota,820,7
13640,73837,hain,820,7
13641,73843,Vikram,820,7
13642,73850,coughs,820,7
13643,73858,uneasy,820,7
13644,73865,at,820,7
13645,73868,this,820,7
13646,73873,exchange,820,7
13647,73883,BONNIE,821,7
13648,73892,Interrupts,821,7
13649,73903,them,821,7
13650,73909,So,821,7
13651,73912,pretty,821,7
13652,73919,your,821,7
13653,73924,payals,821,7
13654,73931,are,821,7
13655,73935,Purnima,821,7
13656,73944,Sone,821,7
13657,73949,ke,821,7
13658,73952,payal,821,7
13659,73958,bahut,821,7
13660,73964,kum,821,7
13661,73968,dekhe,821,7
13662,73974,hain,821,7
13663,73980,humne,821,7
13664,73989,Vikram,821,7
13665,73996,notices,821,7
13666,74004,as,821,7
13667,74007,Mimi,821,7
13668,74012,returns,821,7
13669,74020,and,821,7
13670,74024,perches,821,7
13671,74032,herself,821,7
13672,74040,on,821,7
13673,74043,the,821,7
13674,74047,arm,821,7
13675,74052,of,821,7
13676,74055,the,821,7
13677,74059,sofa,821,7
13678,74064,next,821,7
13679,74069,to,821,7
13680,74072,Shutu,821,7
13681,74079,Purnima,821,7
13682,74087,speaks,821,7
13683,74094,a,821,7
13684,74096,mix,821,7
13685,74100,of,821,7
13686,74103,Hindi,821,7
13687,74109,and,821,7
13688,74114,broken,821,7
13689,74121,English,821,7
13690,74130,PURNIMA,822,7
13691,74138,Hain,822,7
13692,74143,na,822,7
13693,74147,Vikram,822,7
13694,74154,ke,822,7
13695,74157,naani,822,7
13696,74163,ke,822,7
13697,74166,the,822,7
13698,74173,Aaj,822,7
13699,74177,kal,822,7
13700,74181,yeh,822,7
13701,74185,design,822,7
13702,74192,nahi,822,7
13703,74197,milte,822,7
13704,74203,hain,822,7
13705,74210,BONNIE,823,7
13706,74218,Really,823,7
13707,74226,Wow,823,7
13708,74231,64,823,7
13709,74235,PURNIMA,824,7
13710,74244,HINDI,824,7
13711,74251,Hajoor,824,7
13712,74258,ke,824,7
13713,74261,yaha,824,7
13714,74267,sone,824,7
13715,74272,ke,824,7
13716,74275,payal,824,7
13717,74281,ka,824,7
13718,74285,rivaaj,824,7
13719,74292,hain,824,7
13720,74299,TANI,825,7
13721,74304,What,825,7
13722,74309,is,825,7
13723,74312,rivaaj,825,7
13724,74320,BONNIE,826,7
13725,74328,Oh,826,7
13726,74331,I,826,7
13727,74333,didn,826,7
13728,74338,t,826,7
13729,74340,know,826,7
13730,74345,that,826,7
13731,74351,How,826,7
13732,74356,interesting,826,7
13733,74370,TANI,827,7
13734,74375,Mama,827,7
13735,74381,what,827,7
13736,74386,is,827,7
13737,74389,rivaaj,827,7
13738,74398,BONNIE,828,7
13739,74405,Shh,828,7
13740,74412,grown,828,7
13741,74418,ups,828,7
13742,74422,are,828,7
13743,74426,talking,828,7
13744,74435,SHUTU,829,7
13745,74441,Tani,829,7
13746,74447,it,829,7
13747,74450,s,829,7
13748,74452,a,829,7
13749,74454,practice,829,7
13750,74465,NANDU,830,7
13751,74472,Obviously,830,7
13752,74483,gold,830,7
13753,74488,is,830,7
13754,74491,so,830,7
13755,74494,expensive,830,7
13756,74505,that,830,7
13757,74510,once,830,7
13758,74515,only,830,7
13759,74520,royalty,830,7
13760,74528,could,830,7
13761,74534,afford,830,7
13762,74542,it,830,7
13763,74546,SHUTU,831,7
13764,74552,Even,831,7
13765,74557,the,831,7
13766,74561,men,831,7
13767,74565,used,831,7
13768,74570,to,831,7
13769,74573,wear,831,7
13770,74578,jewelry,831,7
13771,74588,earrings,831,7
13772,74597,for,831,7
13773,74601,example,831,7
13774,74611,MIMI,832,7
13775,74617,Touching,832,7
13776,74626,Shutu,832,7
13777,74632,s,832,7
13778,74635,shoulder,832,7
13779,74645,I,832,7
13780,74647,think,832,7
13781,74653,earrings,832,7
13782,74662,will,832,7
13783,74667,really,832,7
13784,74674,suit,832,7
13785,74680,you,832,7
13786,74684,VIKRAM,832,7
13787,74694,NANDU,833,7
13788,74700,Yeah,833,7
13789,74706,He,833,7
13790,74709,looks,833,7
13791,74715,like,833,7
13792,74720,a,833,7
13793,74722,bandit,833,7
13794,74730,already,833,7
13795,74739,VIKRAM,834,7
13796,74746,Ma,834,7
13797,74749,got,834,7
13798,74753,so,834,7
13799,74756,excited,834,7
13800,74764,that,834,7
13801,74769,I,834,7
13802,74771,was,834,7
13803,74776,finally,834,7
13804,74784,getting,834,7
13805,74792,her,834,7
13806,74796,a,834,7
13807,74798,bahuri,834,7
13808,74805,that,834,7
13809,74811,she,834,7
13810,74815,s,834,7
13811,74817,giving,834,7
13812,74824,away,834,7
13813,74829,whatever,834,7
13814,74838,little,834,7
13815,74846,family,834,7
13816,74853,jewels,834,7
13817,74860,are,834,7
13818,74864,left,834,7
13819,74869,also,834,7
13820,74875,MIMI,835,7
13821,74880,Well,835,7
13822,74886,it,835,7
13823,74889,seems,835,7
13824,74895,you,835,7
13825,74899,re,835,7
13826,74902,not,835,7
13827,74906,taking,835,7
13828,74914,very,835,7
13829,74919,good,835,7
13830,74924,care,835,7
13831,74929,of,835,7
13832,74932,YOUR,835,7
13833,74937,family,835,7
13834,74945,jewels,835,7
13835,74953,VIKRAM,835,7
13836,74962,BRIAN,836,7
13837,74968,Ya,836,7
13838,74972,Wasn,836,7
13839,74977,t,836,7
13840,74979,it,836,7
13841,74982,just,836,7
13842,74987,yesterday,836,7
13843,74997,that,836,7
13844,75003,you,836,7
13845,75007,were,836,7
13846,75012,close,836,7
13847,75018,to,836,7
13848,75021,losing,836,7
13849,75028,your,836,7
13850,75034,manhood,836,7
13851,75043,bugger,836,7
13852,75052,Turning,836,7
13853,75060,to,836,7
13854,75063,Purnima,836,7
13855,75072,I,836,7
13856,75074,m,836,7
13857,75076,sorry,836,7
13858,75082,ha,836,7
13859,75087,I,836,7
13860,75089,know,836,7
13861,75094,we,836,7
13862,75097,ve,836,7
13863,75100,just,836,7
13864,75106,met,836,7
13865,75111,but,836,7
13866,75115,I,836,7
13867,75117,m,836,7
13868,75119,saying,836,7
13869,75126,for,836,7
13870,75130,your,836,7
13871,75135,sake,836,7
13872,75141,only,836,7
13873,75148,65,836,7
13874,75152,NANDU,837,7
13875,75158,We,837,7
13876,75161,re,837,7
13877,75164,just,837,7
13878,75169,concerned,837,7
13879,75179,about,837,7
13880,75185,the,837,7
13881,75190,royal,837,7
13882,75196,heir,837,7
13883,75202,We,837,7
13884,75205,don,837,7
13885,75209,t,837,7
13886,75211,want,837,7
13887,75216,the,837,7
13888,75221,family,837,7
13889,75228,to,837,7
13890,75231,go,837,7
13891,75234,into,837,7
13892,75239,further,837,7
13893,75247,decline,837,7
13894,75256,MIMI,838,7
13895,75261,What,838,7
13896,75266,Vikram,838,7
13897,75273,really,838,7
13898,75280,needs,838,7
13899,75286,is,838,7
13900,75289,a,838,7
13901,75292,chastity,838,7
13902,75301,belt,838,7
13903,75307,At,838,7
13904,75310,least,838,7
13905,75316,Purnima,838,7
13906,75324,can,838,7
13907,75329,breathe,838,7
13908,75337,easy,838,7
13909,75342,when,838,7
13910,75347,she,838,7
13911,75351,s,838,7
13912,75353,away,838,7
13913,75360,BONNIE,839,7
13914,75368,MIMI,840,7
13915,75374,Everyone,840,7
13916,75383,laughs,840,7
13917,75391,Purnima,840,7
13918,75399,hasn,840,7
13919,75404,t,840,7
13920,75406,followed,840,7
13921,75415,the,840,7
13922,75419,conversation,840,7
13923,75433,completely,840,7
13924,75444,but,840,7
13925,75448,laughs,840,7
13926,75455,sportingly,840,7
13927,75468,BRIAN,841,7
13928,75474,Ya,841,7
13929,75478,Plus,841,7
13930,75483,it,841,7
13931,75486,ll,841,7
13932,75489,protect,841,7
13933,75497,the,841,7
13934,75501,family,841,7
13935,75509,jewels,841,7
13936,75517,NANDU,842,7
13937,75523,Perfect,842,7
13938,75532,A,842,7
13939,75534,golden,842,7
13940,75541,chastity,842,7
13941,75550,belt,842,7
13942,75555,for,842,7
13943,75560,Vikram,842,7
13944,75568,MIMI,843,7
13945,75573,Hear,843,7
13946,75579,Hear,843,7
13947,75585,Everyone,843,7
13948,75594,raises,843,7
13949,75601,their,843,7
13950,75607,glasses,843,7
13951,75616,laughing,843,7
13952,75626,Bonnie,843,7
13953,75633,notices,843,7
13954,75641,as,843,7
13955,75645,Mimi,843,7
13956,75651,laughing,843,7
13957,75660,helplessly,843,7
13958,75672,slips,843,7
13959,75678,off,843,7
13960,75682,the,843,7
13961,75686,arm,843,7
13962,75690,of,843,7
13963,75693,the,843,7
13964,75697,sofa,843,7
13965,75702,and,843,7
13966,75707,collapses,843,7
13967,75717,on,843,7
13968,75720,Shutu,843,7
13969,75726,s,843,7
13970,75728,shoulder,843,7
13971,75739,CUT,844,7
13972,75743,TO,844,7
13973,75747,INT,845,7
13974,75752,MCCLUSKIEGUNJ,845,7
13975,75766,HOUSE,845,7
13976,75774,LIVING,845,7
13977,75781,ROOM,845,7
13978,75787,NIGHT,845,7
13979,75793,88,845,7
13980,75796,88,845,7
13981,75799,Bonnie,846,7
13982,75806,places,846,7
13983,75813,a,846,7
13984,75815,beautiful,846,7
13985,75825,caramel,846,7
13986,75833,custard,846,7
13987,75841,on,846,7
13988,75844,the,846,7
13989,75848,table,846,7
13990,75854,and,846,7
13991,75859,clears,846,7
13992,75866,away,846,7
13993,75871,other,846,7
13994,75877,dishes,846,7
13995,75885,Tani,846,7
13996,75891,by,846,7
13997,75894,now,846,7
13998,75898,cranky,846,7
13999,75905,and,846,7
14000,75909,sleepy,846,7
14001,75918,hangs,846,7
14002,75924,on,846,7
14003,75927,to,846,7
14004,75930,her,846,7
14005,75934,mother,846,7
14006,75941,s,846,7
14007,75943,palloo,846,7
14008,75952,TANI,847,7
14009,75957,No,847,7
14010,75961,you,847,7
14011,75965,come,847,7
14012,75971,You,847,7
14013,75975,come,847,7
14014,75980,with,847,7
14015,75985,me,847,7
14016,75990,BONNIE,848,7
14017,75997,Uff,848,7
14018,76001,Tani,848,7
14019,76007,I,848,7
14020,76009,m,848,7
14021,76011,doing,848,7
14022,76017,some,848,7
14023,76022,work,848,7
14024,76029,Tani,848,7
14025,76034,continues,848,7
14026,76044,whining,848,7
14027,76052,and,848,7
14028,76056,being,848,7
14029,76062,clingy,848,7
14030,76069,as,848,7
14031,76072,Shutu,848,7
14032,76078,and,848,7
14033,76082,Purnima,848,7
14034,76091,come,848,7
14035,76096,with,848,7
14036,76101,their,848,7
14037,76107,empty,848,7
14038,76113,plates,848,7
14039,76122,PURNIMA,849,7
14040,76130,Kaha,849,7
14041,76135,pe,849,7
14042,76138,rakhein,849,7
14043,76147,BONNIE,850,7
14044,76154,Arrey,850,7
14045,76161,ho,850,7
14046,76164,gaya,850,7
14047,76170,Tum,850,7
14048,76174,ne,850,7
14049,76177,toh,850,7
14050,76181,kuch,850,7
14051,76187,khaya,850,7
14052,76193,hi,850,7
14053,76196,nahi,850,7
14054,76202,Yaha,850,7
14055,76207,par,850,7
14056,76211,rakh,850,7
14057,76216,do,850,7
14058,76221,66,850,7
14059,76225,SHUTU,851,7
14060,76231,Tani,851,7
14061,76237,come,851,7
14062,76242,with,851,7
14063,76247,me,851,7
14064,76251,I,851,7
14065,76253,ll,851,7
14066,76256,show,851,7
14067,76261,you,851,7
14068,76266,something,851,7
14069,76278,BONNIE,852,7
14070,76285,Go,852,7
14071,76288,na,852,7
14072,76292,Go,852,7
14073,76295,with,852,7
14074,76300,Shutu,852,7
14075,76309,Shutu,852,7
14076,76315,takes,852,7
14077,76321,Tani,852,7
14078,76326,out,852,7
14079,76330,of,852,7
14080,76333,the,852,7
14081,76337,room,852,7
14082,76343,Vikram,852,7
14083,76351,meanwhile,852,7
14084,76362,comes,852,7
14085,76368,up,852,7
14086,76372,to,852,7
14087,76375,Purnima,852,7
14088,76383,and,852,7
14089,76387,wipes,852,7
14090,76393,his,852,7
14091,76397,wet,852,7
14092,76401,hands,852,7
14093,76407,on,852,7
14094,76410,her,852,7
14095,76414,chador,852,7
14096,76423,PURNIMA,853,7
14097,76431,Arrey,853,7
14098,76438,towel,853,7
14099,76444,nahi,853,7
14100,76449,mila,853,7
14101,76454,bathroom,853,7
14102,76464,mein,853,7
14103,76471,Vikram,853,7
14104,76478,walks,853,7
14105,76484,away,853,7
14106,76490,laughing,853,7
14107,76500,Mimi,853,7
14108,76505,notices,853,7
14109,76513,this,853,7
14110,76518,resentfully,853,7
14111,76531,PURNIMA,854,7
14112,76540,CONT,854,7
14113,76545,D,854,7
14114,76548,Sure,854,7
14115,76553,kuch,854,7
14116,76558,help,854,7
14117,76563,nahi,854,7
14118,76568,chahiye,854,7
14119,76577,BONNIE,855,7
14120,76585,No,855,7
14121,76589,no,855,7
14122,76592,don,855,7
14123,76596,t,855,7
14124,76598,worry,855,7
14125,76605,It,855,7
14126,76608,s,855,7
14127,76610,nothing,855,7
14128,76620,Sit,855,7
14129,76624,na,855,7
14130,76628,Mimi,855,7
14131,76633,will,855,7
14132,76638,help,855,7
14133,76643,me,855,7
14134,76647,Mimi,855,7
14135,76653,Mimi,855,7
14136,76658,walks,855,7
14137,76664,over,855,7
14138,76669,to,855,7
14139,76672,Bonnie,855,7
14140,76680,They,855,7
14141,76685,step,855,7
14142,76690,outside,855,7
14143,76698,the,855,7
14144,76702,room,855,7
14145,76708,CUT,856,7
14146,76712,TO,856,7
14147,76716,INT,857,7
14148,76721,MCCLUSKIEGUNJ,857,7
14149,76735,HOUSE,857,7
14150,76743,CORRIDOR,857,7
14151,76753,NIGHT,857,7
14152,76759,89,857,7
14153,76762,89,857,7
14154,76765,In,858,7
14155,76768,the,858,7
14156,76772,corridor,858,7
14157,76782,Bonnie,858,7
14158,76789,pulls,858,7
14159,76795,Mimi,858,7
14160,76800,aside,858,7
14161,76806,and,858,7
14162,76810,whispers,858,7
14163,76820,BONNIE,859,7
14164,76828,Just,859,7
14165,76833,what,859,7
14166,76838,do,859,7
14167,76841,you,859,7
14168,76845,think,859,7
14169,76851,you,859,7
14170,76855,re,859,7
14171,76859,doing,859,7
14172,76866,MIMI,860,7
14173,76871,Why,860,7
14174,76876,What,860,7
14175,76881,s,860,7
14176,76883,wrong,860,7
14177,76890,BONNIE,861,7
14178,76898,Can,861,7
14179,76902,you,861,7
14180,76906,be,861,7
14181,76909,a,861,7
14182,76911,little,861,7
14183,76918,more,861,7
14184,76923,dignified,861,7
14185,76934,MIMI,862,7
14186,76939,Excuse,862,7
14187,76946,me,862,7
14188,76950,BONNIE,863,7
14189,76958,He,863,7
14190,76961,s,863,7
14191,76963,a,863,7
14192,76965,married,863,7
14193,76973,man,863,7
14194,76977,now,863,7
14195,76983,MIMI,864,7
14196,76988,So,864,7
14197,76991,tell,864,7
14198,76996,him,864,7
14199,77001,I,864,7
14200,77003,m,864,7
14201,77005,not,864,7
14202,77009,the,864,7
14203,77013,one,864,7
14204,77017,who,864,7
14205,77021,s,864,7
14206,77024,married,864,7
14207,77034,BONNIE,865,7
14208,77042,How,865,7
14209,77046,many,865,7
14210,77051,drinks,865,7
14211,77058,have,865,7
14212,77063,you,865,7
14213,77067,had,865,7
14214,77072,Mimi,865,7
14215,77077,gives,865,7
14216,77083,her,865,7
14217,77087,look,865,7
14218,77093,67,865,7
14219,77097,BONNIE,866,7
14220,77105,CONT,866,7
14221,77110,D,866,7
14222,77113,Have,866,7
14223,77118,you,866,7
14224,77122,had,866,7
14225,77126,dinner,866,7
14226,77134,MIMI,867,7
14227,77139,I,867,7
14228,77141,m,867,7
14229,77143,fine,867,7
14230,77149,Don,867,7
14231,77153,t,867,7
14232,77155,worry,867,7
14233,77161,about,867,7
14234,77167,me,867,7
14235,77172,Mimi,867,7
14236,77177,makes,867,7
14237,77183,a,867,7
14238,77185,move,867,7
14239,77190,to,867,7
14240,77193,go,867,7
14241,77197,They,867,7
14242,77202,hear,867,7
14243,77207,Nandu,867,7
14244,77214,NANDU,868,7
14245,77221,O,868,7
14246,77223,C,868,7
14247,77227,Bonnie,868,7
14248,77235,Where,868,7
14249,77241,are,868,7
14250,77245,you,868,7
14251,77251,Mimi,868,7
14252,77256,uses,868,7
14253,77261,this,868,7
14254,77266,moment,868,7
14255,77273,to,868,7
14256,77276,get,868,7
14257,77280,away,868,7
14258,77286,Bonnie,868,7
14259,77293,follows,868,7
14260,77301,her,868,7
14261,77307,CUT,869,7
14262,77311,TO,869,7
14263,77315,INT,870,8
14264,77320,BONNIE,870,8
14265,77327,S,870,8
14266,77329,ROOM,870,8
14267,77335,NIGHT90,870,8
14268,77343,90,870,8
14269,77346,Tani,871,8
14270,77351,has,871,8
14271,77355,fallen,871,8
14272,77362,asleep,871,8
14273,77369,with,871,8
14274,77374,her,871,8
14275,77378,doll,871,8
14276,77383,clutched,871,8
14277,77392,in,871,8
14278,77395,one,871,8
14279,77399,hand,871,8
14280,77406,Shutu,871,8
14281,77413,too,871,8
14282,77418,has,871,8
14283,77422,nodded,871,8
14284,77429,off,871,8
14285,77433,beside,871,8
14286,77440,her,871,8
14287,77444,but,871,8
14288,77448,is,871,8
14289,77451,suddenly,871,8
14290,77460,woken,871,8
14291,77467,up,871,8
14292,77470,by,871,8
14293,77473,loud,871,8
14294,77478,cheering,871,8
14295,77487,and,871,8
14296,77491,a,871,8
14297,77493,countdown,871,8
14298,77503,to,871,8
14299,77506,midnight,871,8
14300,77516,He,871,8
14301,77519,walks,871,8
14302,77525,to,871,8
14303,77529,the,871,8
14304,77533,door,871,8
14305,77538,and,871,8
14306,77542,finds,871,8
14307,77548,everyone,871,8
14308,77557,hugging,871,8
14309,77565,and,871,8
14310,77569,wishing,871,8
14311,77577,each,871,8
14312,77582,other,871,8
14313,77589,Happy,871,8
14314,77595,New,871,8
14315,77599,Year,871,8
14316,77605,Aunty,871,8
14317,77611,sees,871,8
14318,77616,Shutu,871,8
14319,77622,at,871,8
14320,77625,the,871,8
14321,77629,corridor,871,8
14322,77643,AUNTY,872,8
14323,77649,Where,872,8
14324,77655,were,872,8
14325,77660,you,872,8
14326,77665,Happy,872,8
14327,77671,New,872,8
14328,77675,Year,872,8
14329,77681,beta,872,8
14330,77687,INT,873,8
14331,77692,LIVING,873,8
14332,77699,ROOM,873,8
14333,77705,NIGHT,873,8
14334,77711,91,873,8
14335,77714,91,873,8
14336,77717,Everyone,874,8
14337,77726,is,874,8
14338,77729,wishing,874,8
14339,77737,each,874,8
14340,77742,other,874,8
14341,77749,Mrs,874,8
14342,77754,McKenzie,874,8
14343,77763,hugs,874,8
14344,77768,Brian,874,8
14345,77776,MRS,875,8
14346,77780,MCKENZIE,875,8
14347,77790,Wiping,875,8
14348,77797,away,875,8
14349,77802,a,875,8
14350,77804,tear,875,8
14351,77810,Happy,875,8
14352,77816,New,875,8
14353,77820,Year,875,8
14354,77825,dear,875,8
14355,77831,God,875,8
14356,77835,knows,875,8
14357,77842,where,875,8
14358,77848,you,875,8
14359,77852,ll,875,8
14360,77855,be,875,8
14361,77858,next,875,8
14362,77863,year,875,8
14363,77872,AUNTY,876,8
14364,77878,Everyone,876,8
14365,77887,is,876,8
14366,77890,going,876,8
14367,77896,away,876,8
14368,77901,Gwen,876,8
14369,77909,Only,876,8
14370,77915,we,876,8
14371,77918,oldies,876,8
14372,77925,are,876,8
14373,77929,left,876,8
14374,77936,hugging,876,8
14375,77944,Gwen,876,8
14376,77950,PURNIMA,877,8
14377,77958,Happy,877,8
14378,77964,New,877,8
14379,77968,Year,877,8
14380,77973,Uncle,877,8
14381,77981,UNCLE,878,8
14382,77988,To,878,8
14383,77991,Purnima,878,8
14384,78000,Happy,878,8
14385,78006,New,878,8
14386,78010,Year,878,8
14387,78015,bahuri,878,8
14388,78023,Yeh,878,8
14389,78027,badmash,878,8
14390,78036,pareshan,878,8
14391,78045,kare,878,8
14392,78050,toh,878,8
14393,78054,batana,878,8
14394,78062,tight,878,8
14395,78068,kar,878,8
14396,78073,denge,878,8
14397,78079,usko,878,8
14398,78086,They,878,8
14399,78091,all,878,8
14400,78095,break,878,8
14401,78101,into,878,8
14402,78106,Auld,878,8
14403,78111,Lang,878,8
14404,78116,Syne,878,8
14405,78123,Vikram,878,8
14406,78130,laughs,878,8
14407,78138,turns,878,8
14408,78144,away,878,8
14409,78149,and,878,8
14410,78153,has,878,8
14411,78157,an,878,8
14412,78160,awkward,878,8
14413,78168,exchange,878,8
14414,78177,with,878,8
14415,78183,Mimi,878,8
14416,78189,Making,878,8
14417,78196,sure,878,8
14418,78201,Vikram,878,8
14419,78208,is,878,8
14420,78211,watching,878,8
14421,78221,Mimi,878,8
14422,78226,gives,878,8
14423,78232,Shutu,878,8
14424,78238,an,878,8
14425,78242,overly,878,8
14426,78249,intimate,878,8
14427,78258,embrace,878,8
14428,78268,DISSOLVE,879,8
14429,78277,TO,879,8
14430,78281,68,879,8
14431,78285,INT,880,8
14432,78290,BONNIE,880,8
14433,78297,S,880,8
14434,78299,ROOM,880,8
14435,78305,NIGHT92,880,8
14436,78313,92,880,8
14437,78316,Auld,881,8
14438,78321,Lang,881,8
14439,78326,Syne,881,8
14440,78331,continues,881,8
14441,78343,Shot,881,8
14442,78348,of,881,8
14443,78351,Tani,881,8
14444,78356,sleeping,881,8
14445,78366,DISSOLVE,882,8
14446,78375,TO,882,8
14447,78379,INT,883,8
14448,78384,KITCHEN,883,8
14449,78393,NIGHT93,883,8
14450,78401,93,883,8
14451,78404,Auld,884,8
14452,78409,Lang,884,8
14453,78414,Syne,884,8
14454,78419,continues,884,8
14455,78431,Maniya,884,8
14456,78438,and,884,8
14457,78442,Manjari,884,8
14458,78450,eat,884,8
14459,78455,sitting,884,8
14460,78463,on,884,8
14461,78467,the,884,8
14462,78471,floor,884,8
14463,78478,Manjari,884,8
14464,78486,shares,884,8
14465,78493,her,884,8
14466,78497,food,884,8
14467,78502,with,884,8
14468,78507,the,884,8
14469,78511,puppy,884,8
14470,78519,DISSOLVE,885,8
14471,78528,TO,885,8
14472,78532,INT,886,8
14473,78537,LIVING,886,8
14474,78544,ROOM,886,8
14475,78550,NIGHT,886,8
14476,78556,94,886,8
14477,78559,94,886,8
14478,78562,Auld,887,8
14479,78567,Lang,887,8
14480,78572,Syne,887,8
14481,78577,continues,887,8
14482,78589,A,887,8
14483,78591,shot,887,8
14484,78596,of,887,8
14485,78599,left,887,8
14486,78604,over,887,8
14487,78609,caramel,887,8
14488,78618,custard,887,8
14489,78627,empty,887,8
14490,78633,glasses,887,8
14491,78643,DISSOLVE,888,8
14492,78652,TO,888,8
14493,78656,OMITTED95,889,8
14494,78666,95,889,8
14495,78669,INT,890,8
14496,78674,LIVING,890,8
14497,78681,ROOM,890,8
14498,78687,NIGHT,890,8
14499,78693,96,890,8
14500,78696,96,890,8
14501,78699,Shutu,891,8
14502,78705,is,891,8
14503,78708,alone,891,8
14504,78714,in,891,8
14505,78717,the,891,8
14506,78721,darkened,891,8
14507,78730,room,891,8
14508,78736,locking,891,8
14509,78744,the,891,8
14510,78748,door,891,8
14511,78754,He,891,8
14512,78758,turns,891,8
14513,78764,around,891,8
14514,78771,at,891,8
14515,78774,a,891,8
14516,78776,sudden,891,8
14517,78783,movement,891,8
14518,78793,Mimi,891,8
14519,78798,has,891,8
14520,78802,come,891,8
14521,78807,and,891,8
14522,78811,stood,891,8
14523,78818,behind,891,8
14524,78825,the,891,8
14525,78829,sofa,891,8
14526,78835,MIMI,892,8
14527,78840,Arrey,892,8
14528,78847,Party,892,8
14529,78853,s,892,8
14530,78855,over,892,8
14531,78861,She,892,8
14532,78865,makes,892,8
14533,78871,her,892,8
14534,78875,way,892,8
14535,78879,to,892,8
14536,78882,the,892,8
14537,78886,armchair,892,8
14538,78895,and,892,8
14539,78899,sits,892,8
14540,78904,down,892,8
14541,78909,with,892,8
14542,78914,a,892,8
14543,78916,groan,892,8
14544,78923,and,892,8
14545,78927,opens,892,8
14546,78933,her,892,8
14547,78937,hair,892,8
14548,78943,SHUTU,893,8
14549,78949,Can,893,8
14550,78953,I,893,8
14551,78955,get,893,8
14552,78959,you,893,8
14553,78963,some,893,8
14554,78968,water,893,8
14555,78975,MIMI,894,8
14556,78980,Can,894,8
14557,78984,you,894,8
14558,78988,get,894,8
14559,78992,me,894,8
14560,78995,another,894,8
14561,79003,drink,894,8
14562,79010,instead,894,8
14563,79019,SHUTU,895,8
14564,79026,Laughs,895,8
14565,79034,Of,895,8
14566,79037,course,895,8
14567,79045,You,895,8
14568,79049,were,895,8
14569,79054,having,895,8
14570,79061,Rum,895,8
14571,79066,As,895,8
14572,79069,Shutu,895,8
14573,79075,walks,895,8
14574,79081,over,895,8
14575,79086,to,895,8
14576,79089,the,895,8
14577,79093,bar,895,8
14578,79098,Mimi,895,8
14579,79103,massages,895,8
14580,79112,her,895,8
14581,79116,ankle,895,8
14582,79124,Shutu,895,8
14583,79130,watches,895,8
14584,79138,her,895,8
14585,79142,as,895,8
14586,79145,he,895,8
14587,79148,makes,895,8
14588,79154,her,895,8
14589,79158,drink,895,8
14590,79165,Mimi,895,8
14591,79170,doesn,895,8
14592,79176,t,895,8
14593,79178,take,895,8
14594,79184,the,895,8
14595,79188,glass,895,8
14596,79195,so,895,8
14597,79198,Shutu,895,8
14598,79204,puts,895,8
14599,79209,it,895,8
14600,79212,down,895,8
14601,79217,on,895,8
14602,79220,the,895,8
14603,79224,table,895,8
14604,79230,next,895,8
14605,79235,to,895,8
14606,79238,her,895,8
14607,79243,MIMI,896,8
14608,79248,I,896,8
14609,79250,think,896,8
14610,79256,I,896,8
14611,79258,may,896,8
14612,79262,have,896,8
14613,79267,twisted,896,8
14614,79275,my,896,8
14615,79279,ankle,896,8
14616,79286,See,896,8
14617,79291,69,896,8
14618,79295,Shutu,896,8
14619,79301,tries,896,8
14620,79307,to,896,8
14621,79310,hold,896,8
14622,79315,her,896,8
14623,79319,ankle,896,8
14624,79325,gently,896,8
14625,79332,but,896,8
14626,79336,hurts,896,8
14627,79342,her,896,8
14628,79347,inadvertently,896,8
14629,79362,MIMI,897,8
14630,79368,CONT,897,8
14631,79373,D,897,8
14632,79376,Ow,897,8
14633,79380,SHUTU,898,8
14634,79386,Oh,898,8
14635,79390,Sorry,898,8
14636,79397,sorry,898,8
14637,79404,MIMI,899,8
14638,79410,Laughs,899,8
14639,79418,It,899,8
14640,79421,s,899,8
14641,79423,okay,899,8
14642,79429,Shutu,899,8
14643,79436,An,899,8
14644,79439,awkward,899,8
14645,79447,silence,899,8
14646,79457,SHUTU,900,8
14647,79463,You,900,8
14648,79467,have,900,8
14649,79472,beautiful,900,8
14650,79482,feet,900,8
14651,79488,MIMI,901,8
14652,79494,Making,901,8
14653,79501,a,901,8
14654,79503,sad,901,8
14655,79507,face,901,8
14656,79513,But,901,8
14657,79517,I,901,8
14658,79519,don,901,8
14659,79523,t,901,8
14660,79525,have,901,8
14661,79530,any,901,8
14662,79534,golden,901,8
14663,79541,payals,901,8
14664,79549,Mimi,901,8
14665,79554,looks,901,8
14666,79560,at,901,8
14667,79563,him,901,8
14668,79567,contemplatively,901,8
14669,79583,as,901,8
14670,79586,he,901,8
14671,79589,attempts,901,8
14672,79598,to,901,8
14673,79601,rotate,901,8
14674,79609,her,901,8
14675,79613,ankle,901,8
14676,79620,She,901,8
14677,79624,takes,901,8
14678,79630,a,901,8
14679,79632,moment,901,8
14680,79639,before,901,8
14681,79646,she,901,8
14682,79650,makes,901,8
14683,79656,a,901,8
14684,79658,move,901,8
14685,79663,to,901,8
14686,79666,get,901,8
14687,79671,up,901,8
14688,79678,MIMI,902,8
14689,79684,CONT,902,8
14690,79689,D,902,8
14691,79692,I,902,8
14692,79694,better,902,8
14693,79701,go,902,8
14694,79704,to,902,8
14695,79707,bed,902,8
14696,79712,SHUTU,903,8
14697,79718,Oh,903,8
14698,79721,okay,903,8
14699,79728,Shutu,903,8
14700,79734,makes,903,8
14701,79740,a,903,8
14702,79742,move,903,8
14703,79747,to,903,8
14704,79750,help,903,8
14705,79755,her,903,8
14706,79759,get,903,8
14707,79763,up,903,8
14708,79768,CUT,904,8
14709,79772,TO,904,8
14710,79776,INT,905,8
14711,79781,CORRIDOR,905,8
14712,79791,NIGHT97,905,8
14713,79799,97,905,8
14714,79802,Mimi,906,8
14715,79807,and,906,8
14716,79811,Shutu,906,8
14717,79817,walk,906,8
14718,79822,down,906,8
14719,79827,the,906,8
14720,79831,corridor,906,8
14721,79841,She,906,8
14722,79845,is,906,8
14723,79848,a,906,8
14724,79850,little,906,8
14725,79858,unsteady,906,8
14726,79867,on,906,8
14727,79870,her,906,8
14728,79874,feet,906,8
14729,79879,and,906,8
14730,79883,has,906,8
14731,79887,her,906,8
14732,79891,arm,906,8
14733,79895,around,906,8
14734,79902,Shutu,906,8
14735,79908,s,906,8
14736,79910,shoulder,906,8
14737,79921,Shutu,906,8
14738,79927,s,906,8
14739,79929,arm,906,8
14740,79933,is,906,8
14741,79936,around,906,8
14742,79943,her,906,8
14743,79947,waist,906,8
14744,79954,He,906,8
14745,79957,is,906,8
14746,79960,holding,906,8
14747,79968,her,906,8
14748,79972,shoes,906,8
14749,79978,in,906,8
14750,79982,his,906,8
14751,79986,other,906,8
14752,79992,hand,906,8
14753,79998,MIMI,907,8
14754,80004,Squeals,907,8
14755,80013,You,907,8
14756,80017,have,907,8
14757,80022,such,907,8
14758,80027,cold,907,8
14759,80032,hands,907,8
14760,80038,Shutu,907,8
14761,80045,SHUTU,908,8
14762,80051,I,908,8
14763,80053,know,908,8
14764,80059,I,908,8
14765,80061,m,908,8
14766,80063,sorry,908,8
14767,80071,They,908,8
14768,80076,proceed,908,8
14769,80084,awkwardly,908,8
14770,80095,shuffling,908,8
14771,80105,and,908,8
14772,80109,giggling,908,8
14773,80118,as,908,8
14774,80121,they,908,8
14775,80126,head,908,8
14776,80132,to,908,8
14777,80135,Mimi,908,8
14778,80140,s,908,8
14779,80142,room,908,8
14780,80149,CUT,909,8
14781,80153,TO,909,8
14782,80157,70,910,8
14783,80161,INT,911,8
14784,80166,MIMI,911,8
14785,80171,S,911,8
14786,80173,BEDROOM,911,8
14787,80182,NIGHT,911,8
14788,80188,98,911,8
14789,80191,98,911,8
14790,80194,Shutu,912,8
14791,80200,looks,912,8
14792,80206,at,912,8
14793,80209,the,912,8
14794,80213,bed,912,8
14795,80217,but,912,8
14796,80221,chooses,912,8
14797,80229,to,912,8
14798,80232,sit,912,8
14799,80236,her,912,8
14800,80240,down,912,8
14801,80245,on,912,8
14802,80248,Uncle,912,8
14803,80254,s,912,8
14804,80257,chair,912,8
14805,80263,instead,912,8
14806,80272,As,912,8
14807,80275,he,912,8
14808,80278,reaches,912,8
14809,80286,the,912,8
14810,80290,chair,912,8
14811,80297,she,912,8
14812,80302,deliberately,912,8
14813,80316,stops,912,8
14814,80322,and,912,8
14815,80326,turns,912,8
14816,80332,to,912,8
14817,80335,look,912,8
14818,80340,at,912,8
14819,80343,him,912,8
14820,80349,Mimi,912,8
14821,80354,locks,912,8
14822,80360,eyes,912,8
14823,80365,with,912,8
14824,80370,Shutu,912,8
14825,80376,for,912,8
14826,80380,a,912,8
14827,80382,moment,912,8
14828,80389,before,912,8
14829,80396,pushing,912,8
14830,80404,him,912,8
14831,80409,down,912,8
14832,80414,on,912,8
14833,80417,to,912,8
14834,80420,the,912,8
14835,80424,chair,912,8
14836,80431,Shutu,912,8
14837,80437,sits,912,8
14838,80442,down,912,8
14839,80448,stunned,912,8
14840,80457,She,912,8
14841,80461,lifts,912,8
14842,80467,her,912,8
14843,80472,sari,912,8
14844,80477,a,912,8
14845,80479,little,912,8
14846,80486,and,912,8
14847,80490,sits,912,8
14848,80495,astride,912,8
14849,80503,him,912,8
14850,80508,Lowering,912,8
14851,80517,her,912,8
14852,80521,face,912,8
14853,80526,to,912,8
14854,80530,Shutu,912,8
14855,80536,s,912,8
14856,80539,she,912,8
14857,80543,kisses,912,8
14858,80550,him,912,8
14859,80554,and,912,8
14860,80558,then,912,8
14861,80563,starts,912,8
14862,80570,opening,912,8
14863,80578,his,912,8
14864,80582,belt,912,8
14865,80589,Shutu,912,8
14866,80595,s,912,8
14867,80597,hands,912,8
14868,80603,grip,912,8
14869,80608,the,912,8
14870,80612,arms,912,8
14871,80617,of,912,8
14872,80620,the,912,8
14873,80624,chair,912,8
14874,80630,tightly,912,8
14875,80639,his,912,8
14876,80644,knuckles,912,8
14877,80653,whitening,912,8
14878,80664,He,912,8
14879,80667,starts,912,8
14880,80674,breathing,912,8
14881,80684,heavily,912,8
14882,80692,as,912,8
14883,80695,he,912,8
14884,80698,closes,912,8
14885,80706,his,912,8
14886,80710,eyes,912,8
14887,80715,and,912,8
14888,80719,kisses,912,8
14889,80726,her,912,8
14890,80730,back,912,8
14891,80739,We,912,8
14892,80742,move,912,8
14893,80747,behind,912,8
14894,80754,the,912,8
14895,80758,chair,912,8
14896,80764,and,912,8
14897,80768,see,912,8
14898,80772,the,912,8
14899,80776,back,912,8
14900,80781,of,912,8
14901,80784,Shutu,912,8
14902,80790,s,912,8
14903,80792,head,912,8
14904,80797,and,912,8
14905,80802,Mimi,912,8
14906,80807,s,912,8
14907,80809,hair,912,8
14908,80814,cascading,912,8
14909,80824,down,912,8
14910,80830,She,912,8
14911,80834,grips,912,8
14912,80840,the,912,8
14913,80844,back,912,8
14914,80849,of,912,8
14915,80852,the,912,8
14916,80856,chair,912,8
14917,80863,firmly,912,8
14918,80870,with,912,8
14919,80875,one,912,8
14920,80879,hand,912,8
14921,80886,The,912,8
14922,80890,camera,912,8
14923,80897,pans,912,8
14924,80902,down,912,8
14925,80907,the,912,8
14926,80911,length,912,8
14927,80918,of,912,8
14928,80921,the,912,8
14929,80925,chair,912,8
14930,80931,as,912,8
14931,80934,it,912,8
14932,80937,starts,912,8
14933,80944,to,912,8
14934,80948,rock,912,8
14935,80953,gently,912,8
14936,80961,There,912,8
14937,80967,is,912,8
14938,80970,a,912,8
14939,80972,bit,912,8
14940,80976,of,912,8
14941,80979,folded,912,8
14942,80986,newspaper,912,8
14943,80996,wedged,912,8
14944,81003,under,912,8
14945,81010,one,912,8
14946,81014,of,912,8
14947,81017,the,912,8
14948,81021,legs,912,8
14949,81027,As,912,8
14950,81030,the,912,8
14951,81034,chair,912,8
14952,81040,starts,912,8
14953,81047,to,912,8
14954,81050,move,912,8
14955,81055,faster,912,8
14956,81063,the,912,8
14957,81068,paper,912,8
14958,81074,slips,912,8
14959,81080,out,912,8
14960,81085,The,912,8
14961,81089,sound,912,8
14962,81095,of,912,8
14963,81098,the,912,8
14964,81102,wooden,912,8
14965,81109,leg,912,8
14966,81113,against,912,8
14967,81121,the,912,8
14968,81126,floor,912,8
14969,81132,becomes,912,8
14970,81140,faster,912,8
14971,81147,and,912,8
14972,81151,louder,912,8
14973,81161,CUT,913,8
14974,81165,TO,913,8
14975,81169,OMITTED98,914,8
14976,81180,A,914,8
14977,81182,98,914,8
14978,81186,A,914,8
14979,81188,OMITTED98,915,8
14980,81199,B,915,8
14981,81201,98,915,8
14982,81205,B,915,8
14983,81207,INT,916,8
14984,81212,CORRIDOR,916,8
14985,81222,NIGHT,916,8
14986,81228,98,916,8
14987,81232,C,916,8
14988,81234,98,916,8
14989,81238,C,916,8
14990,81240,Shutu,917,8
14991,81246,walks,917,8
14992,81252,across,917,8
14993,81259,the,917,8
14994,81263,corridor,917,8
14995,81272,to,917,8
14996,81275,his,917,8
14997,81279,room,917,8
14998,81285,There,917,8
14999,81291,is,917,8
15000,81294,gentle,917,8
15001,81302,snoring,917,8
15002,81310,from,917,8
15003,81315,the,917,8
15004,81319,other,917,8
15005,81325,rooms,917,8
15006,81333,INT,918,8
15007,81338,SHUTU,918,8
15008,81344,S,918,8
15009,81346,ROOM,918,8
15010,81352,NIGHT,918,8
15011,81358,99,918,8
15012,81361,99,918,8
15013,81364,Shutu,919,8
15014,81370,reaches,919,8
15015,81378,his,919,8
15016,81382,room,919,8
15017,81388,shuts,919,8
15018,81394,the,919,8
15019,81398,door,919,8
15020,81403,behind,919,8
15021,81410,him,919,8
15022,81414,and,919,8
15023,81418,gets,919,8
15024,81424,into,919,8
15025,81429,bed,919,8
15026,81434,The,919,8
15027,81438,puppy,919,8
15028,81444,tries,919,8
15029,81450,to,919,8
15030,81453,jump,919,8
15031,81458,on,919,8
15032,81461,to,919,8
15033,81464,the,919,8
15034,81468,bed,919,8
15035,81473,Shutu,919,8
15036,81479,scoops,919,8
15037,81487,him,919,8
15038,81491,up,919,8
15039,81494,under,919,8
15040,81500,the,919,8
15041,81504,blanket,919,8
15042,81513,His,919,8
15043,81517,eyes,919,8
15044,81522,shine,919,8
15045,81528,brightly,919,8
15046,81537,as,919,8
15047,81540,he,919,8
15048,81544,cuddles,919,8
15049,81552,the,919,8
15050,81556,puppy,919,8
15051,81566,CUT,920,8
15052,81570,TO,920,8
15053,81574,EXT,921,8
15054,81579,GATE,921,8
15055,81585,NIGHT,921,8
15056,81591,100,921,8
15057,81595,100,921,8
15058,81599,Exterior,922,8
15059,81608,shot,922,8
15060,81613,of,922,8
15061,81616,the,922,8
15062,81620,house,922,8
15063,81626,at,922,8
15064,81629,night,922,8
15065,81637,FADE,922,8
15066,81642,OUT,922,8
15067,81647,71,922,8
15068,81651,INT,923,8
15069,81656,MIMI,923,8
15070,81661,S,923,8
15071,81663,BEDROOM,923,8
15072,81672,DAY,923,8
15073,81676,101,923,8
15074,81680,101,923,8
15075,81684,Fade,924,8
15076,81689,in,924,8
15077,81693,There,924,8
15078,81699,is,924,8
15079,81702,bright,924,8
15080,81709,sunlight,924,8
15081,81718,on,924,8
15082,81721,Mimi,924,8
15083,81726,s,924,8
15084,81728,face,924,8
15085,81733,as,924,8
15086,81736,she,924,8
15087,81740,opens,924,8
15088,81747,her,924,8
15089,81751,heavily,924,8
15090,81759,kohl,924,8
15091,81764,smudged,924,8
15092,81772,eyes,924,8
15093,81778,She,924,8
15094,81782,sees,924,8
15095,81787,the,924,8
15096,81791,time,924,8
15097,81796,on,924,8
15098,81799,the,924,8
15099,81803,wall,924,8
15100,81809,clock,924,8
15101,81816,11,924,8
15102,81819,45,924,8
15103,81824,The,924,8
15104,81828,super,924,8
15105,81834,reads,924,8
15106,81840,Day,924,8
15107,81844,6,924,8
15108,81846,Saturday,924,8
15109,81856,1st,924,8
15110,81860,JANUARY,924,8
15111,81869,MIMI,924,8
15112,81874,s,924,8
15113,81876,hair,924,8
15114,81881,is,924,8
15115,81884,dishevelled,924,8
15116,81896,and,924,8
15117,81900,she,924,8
15118,81904,is,924,8
15119,81907,still,924,8
15120,81913,wearing,924,8
15121,81921,last,924,8
15122,81927,night,924,8
15123,81933,s,924,8
15124,81935,clothes,924,8
15125,81944,She,924,8
15126,81948,is,924,8
15127,81951,severely,924,8
15128,81960,hung,924,8
15129,81965,over,924,8
15130,81970,as,924,8
15131,81973,she,924,8
15132,81977,sits,924,8
15133,81982,up,924,8
15134,81986,disoriented,924,8
15135,81999,holding,924,8
15136,82007,her,924,8
15137,82011,head,924,8
15138,82017,She,924,8
15139,82021,sees,924,8
15140,82026,her,924,8
15141,82030,sari,924,8
15142,82035,on,924,8
15143,82038,the,924,8
15144,82042,study,924,8
15145,82049,chair,924,8
15146,82055,and,924,8
15147,82059,cringes,924,8
15148,82068,suddenly,924,8
15149,82077,remembering,924,8
15150,82089,everything,924,8
15151,82100,with,924,8
15152,82105,a,924,8
15153,82108,groan,924,8
15154,82115,CUT,925,8
15155,82119,TO,925,8
15156,82123,INT,926,9
15157,82128,CORRIDOR,926,9
15158,82138,DAY,926,9
15159,82142,102,926,9
15160,82146,102,926,9
15161,82150,Mimi,927,9
15162,82155,opens,927,9
15163,82161,her,927,9
15164,82165,door,927,9
15165,82170,a,927,9
15166,82172,crack,927,9
15167,82178,and,927,9
15168,82182,peeps,927,9
15169,82188,out,927,9
15170,82192,apprehensively,927,9
15171,82208,She,927,9
15172,82213,is,927,9
15173,82216,wearing,927,9
15174,82224,fresh,927,9
15175,82230,clothes,927,9
15176,82238,and,927,9
15177,82242,her,927,9
15178,82246,face,927,9
15179,82251,is,927,9
15180,82254,scrubbed,927,9
15181,82263,clean,927,9
15182,82269,of,927,9
15183,82273,last,927,9
15184,82278,night,927,9
15185,82284,s,927,9
15186,82286,makeup,927,9
15187,82294,Her,927,9
15188,82298,hair,927,9
15189,82303,is,927,9
15190,82306,pulled,927,9
15191,82313,back,927,9
15192,82318,into,927,9
15193,82323,a,927,9
15194,82325,sober,927,9
15195,82332,ponytail,927,9
15196,82342,She,927,9
15197,82346,walks,927,9
15198,82352,gingerly,927,9
15199,82361,down,927,9
15200,82366,the,927,9
15201,82370,corridor,927,9
15202,82379,and,927,9
15203,82383,goes,927,9
15204,82388,to,927,9
15205,82392,the,927,9
15206,82396,kitchen,927,9
15207,82406,CUT,928,9
15208,82410,TO,928,9
15209,82414,INT,929,9
15210,82419,KITCHEN,929,9
15211,82428,DAY,929,9
15212,82432,103,929,9
15213,82436,103,929,9
15214,82440,Mimi,930,9
15215,82445,pours,930,9
15216,82451,and,930,9
15217,82455,drinks,930,9
15218,82462,a,930,9
15219,82464,whole,930,9
15220,82470,glass,930,9
15221,82476,of,930,9
15222,82479,water,930,9
15223,82486,She,930,9
15224,82490,notices,930,9
15225,82499,empty,930,9
15226,82505,breakfast,930,9
15227,82515,plates,930,9
15228,82522,in,930,9
15229,82525,the,930,9
15230,82529,sink,930,9
15231,82535,She,930,9
15232,82539,walks,930,9
15233,82545,over,930,9
15234,82550,to,930,9
15235,82553,the,930,9
15236,82557,gas,930,9
15237,82562,stove,930,9
15238,82569,lifts,930,9
15239,82575,the,930,9
15240,82579,lid,930,9
15241,82583,off,930,9
15242,82587,the,930,9
15243,82591,wok,930,9
15244,82595,and,930,9
15245,82599,picks,930,9
15246,82605,up,930,9
15247,82608,remnants,930,9
15248,82617,of,930,9
15249,82620,egg,930,9
15250,82625,bhurji,930,9
15251,82632,to,930,9
15252,82635,eat,930,9
15253,82642,Bonnie,930,9
15254,82649,walks,930,9
15255,82655,in,930,9
15256,82659,notices,930,9
15257,82667,Mimi,930,9
15258,82673,BONNIE,931,9
15259,82681,There,931,9
15260,82687,s,931,9
15261,82689,more,931,9
15262,82694,kept,931,9
15263,82699,on,931,9
15264,82702,the,931,9
15265,82706,counter,931,9
15266,82716,MIMI,932,9
15267,82721,Oh,932,9
15268,82725,okay,932,9
15269,82731,BONNIE,933,9
15270,82738,Happy,933,9
15271,82744,New,933,9
15272,82748,Year,933,9
15273,82754,MIMI,934,9
15274,82759,Happy,934,9
15275,82765,New,934,9
15276,82769,Year,934,9
15277,82775,CUT,935,9
15278,82779,TO,935,9
15279,82783,EXT,936,9
15280,82788,VERANDAH,936,9
15281,82798,DAY104,936,9
15282,82805,104,936,9
15283,82809,Uncle,937,9
15284,82815,sits,937,9
15285,82820,on,937,9
15286,82823,a,937,9
15287,82825,rocking,937,9
15288,82833,chair,937,9
15289,82840,holding,937,9
15290,82848,a,937,9
15291,82850,transistor,937,9
15292,82861,to,937,9
15293,82864,his,937,9
15294,82869,ear,937,9
15295,82873,as,937,9
15296,82876,he,937,9
15297,82879,follows,937,9
15298,82887,a,937,9
15299,82889,cricket,937,9
15300,82897,match,937,9
15301,82904,Tani,937,9
15302,82909,is,937,9
15303,82912,sitting,937,9
15304,82920,and,937,9
15305,82925,coloring,937,9
15306,82934,on,937,9
15307,82937,the,937,9
15308,82941,floor,937,9
15309,82948,Fluffy,937,9
15310,82955,is,937,9
15311,82958,attacking,937,9
15312,82968,the,937,9
15313,82972,crayons,937,9
15314,82981,72,937,9
15315,82985,NANDU,938,9
15316,82992,O,938,9
15317,82994,C,938,9
15318,82998,Okay,938,9
15319,83004,20,938,9
15320,83007,across,938,9
15321,83015,actress,938,9
15322,83023,in,938,9
15323,83026,a,938,9
15324,83028,best,938,9
15325,83034,selling,938,9
15326,83042,swimsuit,938,9
15327,83051,poster,938,9
15328,83059,7,938,9
15329,83061,letters,938,9
15330,83071,Shutu,938,9
15331,83078,Shutu,938,9
15332,83085,with,938,9
15333,83090,a,938,9
15334,83092,prominent,938,9
15335,83102,black,938,9
15336,83108,eye,938,9
15337,83113,is,938,9
15338,83116,rapidly,938,9
15339,83124,solving,938,9
15340,83132,the,938,9
15341,83137,Rubik,938,9
15342,83143,s,938,9
15343,83145,cube,938,9
15344,83150,with,938,9
15345,83155,clicking,938,9
15346,83164,sounds,938,9
15347,83172,He,938,9
15348,83175,stops,938,9
15349,83181,and,938,9
15350,83185,looks,938,9
15351,83191,up,938,9
15352,83194,as,938,9
15353,83198,Mimi,938,9
15354,83203,walks,938,9
15355,83209,out,938,9
15356,83213,with,938,9
15357,83218,a,938,9
15358,83220,cup,938,9
15359,83224,of,938,9
15360,83227,tea,938,9
15361,83231,and,938,9
15362,83235,her,938,9
15363,83239,book,938,9
15364,83245,He,938,9
15365,83248,has,938,9
15366,83252,finally,938,9
15367,83261,changed,938,9
15368,83269,out,938,9
15369,83273,of,938,9
15370,83276,the,938,9
15371,83280,green,938,9
15372,83286,sweater,938,9
15373,83294,he,938,9
15374,83297,has,938,9
15375,83301,been,938,9
15376,83306,wearing,938,9
15377,83315,everyday,938,9
15378,83325,NANDU,939,9
15379,83332,CONT,939,9
15380,83337,D,939,9
15381,83340,Well,939,9
15382,83346,Good,939,9
15383,83351,afternoon,939,9
15384,83361,Mimi,939,9
15385,83368,Mimi,939,9
15386,83373,gives,939,9
15387,83379,him,939,9
15388,83383,a,939,9
15389,83385,withering,939,9
15390,83395,look,939,9
15391,83400,and,939,9
15392,83404,plants,939,9
15393,83411,a,939,9
15394,83413,kiss,939,9
15395,83418,on,939,9
15396,83421,Uncle,939,9
15397,83427,s,939,9
15398,83430,forehead,939,9
15399,83440,MIMI,940,9
15400,83445,Happy,940,9
15401,83451,New,940,9
15402,83455,Year,940,9
15403,83460,Uncle,940,9
15404,83468,Mimi,940,9
15405,83473,happens,940,9
15406,83481,to,940,9
15407,83484,sit,940,9
15408,83488,down,940,9
15409,83493,next,940,9
15410,83498,to,940,9
15411,83501,Shutu,940,9
15412,83507,on,940,9
15413,83510,the,940,9
15414,83514,cane,940,9
15415,83519,two,940,9
15416,83524,seater,940,9
15417,83532,UNCLE,941,9
15418,83538,Good,941,9
15419,83543,morning,941,9
15420,83552,Happy,941,9
15421,83558,New,941,9
15422,83562,Year,941,9
15423,83568,NANDU,942,9
15424,83574,Slept,942,9
15425,83580,well,942,9
15426,83586,MIMI,943,9
15427,83591,Not,943,9
15428,83595,really,943,9
15429,83604,NANDU,944,9
15430,83610,Really,944,9
15431,83618,It,944,9
15432,83621,s,944,9
15433,83623,only,944,9
15434,83628,12,944,9
15435,83632,You,944,9
15436,83636,want,944,9
15437,83641,to,944,9
15438,83645,go,944,9
15439,83648,sleep,944,9
15440,83654,some,944,9
15441,83659,more,944,9
15442,83666,Mimi,944,9
15443,83671,ignores,944,9
15444,83679,Nandu,944,9
15445,83685,s,944,9
15446,83687,remark,944,9
15447,83695,Mimi,944,9
15448,83700,meanwhile,944,9
15449,83710,takes,944,9
15450,83716,out,944,9
15451,83720,a,944,9
15452,83723,cigarette,944,9
15453,83733,from,944,9
15454,83738,the,944,9
15455,83742,box,944,9
15456,83746,lying,944,9
15457,83752,on,944,9
15458,83755,the,944,9
15459,83759,table,944,9
15460,83766,The,944,9
15461,83770,matchbox,944,9
15462,83779,is,944,9
15463,83782,a,944,9
15464,83785,little,944,9
15465,83792,further,944,9
15466,83800,away,944,9
15467,83806,towards,944,9
15468,83814,Shutu,944,9
15469,83821,Mimi,944,9
15470,83826,looks,944,9
15471,83832,at,944,9
15472,83835,Shutu,944,9
15473,83842,expectantly,944,9
15474,83855,Shutu,944,9
15475,83861,looks,944,9
15476,83867,back,944,9
15477,83872,at,944,9
15478,83875,Mimi,944,9
15479,83881,nervous,944,9
15480,83889,and,944,9
15481,83894,uncomprehending,944,9
15482,83911,Over,944,9
15483,83916,these,944,9
15484,83922,visuals,944,9
15485,83930,Nandu,944,9
15486,83936,and,944,9
15487,83940,Uncle,944,9
15488,83946,s,944,9
15489,83949,conversation,944,9
15490,83962,continues,944,9
15491,83973,UNCLE,945,9
15492,83980,O,945,9
15493,83982,C,945,9
15494,83986,Sophia,945,9
15495,83993,Loren,945,9
15496,84000,NANDU,946,9
15497,84007,O,946,9
15498,84009,C,946,9
15499,84013,Noooo,946,9
15500,84022,that,946,9
15501,84027,s,946,9
15502,84029,too,946,9
15503,84033,long,946,9
15504,84039,7,946,9
15505,84042,letters,946,9
15506,84051,Aah,946,9
15507,84056,Bo,946,9
15508,84059,Derek,946,9
15509,84066,MIMI,947,9
15510,84072,Raising,947,9
15511,84080,her,947,9
15512,84084,eyebrows,947,9
15513,84093,to,947,9
15514,84096,signal,947,9
15515,84104,Match,947,9
15516,84111,Shutu,947,9
15517,84117,stares,947,9
15518,84124,at,947,9
15519,84127,her,947,9
15520,84131,blankly,947,9
15521,84140,Mimi,947,9
15522,84145,is,947,9
15523,84148,amused,947,9
15524,84156,In,947,9
15525,84159,the,947,9
15526,84164,background,947,9
15527,84176,Tani,947,9
15528,84181,s,947,9
15529,84183,eyes,947,9
15530,84188,dart,947,9
15531,84193,between,947,9
15532,84201,the,947,9
15533,84205,two,947,9
15534,84210,Mimi,947,9
15535,84215,leans,947,9
15536,84222,across,947,9
15537,84229,Shutu,947,9
15538,84235,to,947,9
15539,84238,pick,947,9
15540,84243,up,947,9
15541,84246,the,947,9
15542,84250,matchbox,947,9
15543,84259,herself,947,9
15544,84269,73,947,9
15545,84273,NANDU,948,9
15546,84279,Oh,948,9
15547,84282,Shutu,948,9
15548,84288,you,948,9
15549,84292,ll,948,9
15550,84295,know,948,9
15551,84300,this,948,9
15552,84305,one,948,9
15553,84311,The,948,9
15554,84315,high,948,9
15555,84320,pitch,948,9
15556,84326,of,948,9
15557,84329,a,948,9
15558,84331,loud,948,9
15559,84336,siren,948,9
15560,84343,drops,948,9
15561,84349,as,948,9
15562,84352,it,948,9
15563,84355,moves,948,9
15564,84361,past,948,9
15565,84366,it,948,9
15566,84369,s,948,9
15567,84372,observer,948,9
15568,84382,This,948,9
15569,84387,is,948,9
15570,84390,the,948,9
15571,84394,dash,948,9
15572,84399,effect,948,9
15573,84408,Shutu,948,9
15574,84414,who,948,9
15575,84418,was,948,9
15576,84422,staring,948,9
15577,84430,at,948,9
15578,84433,mimi,948,9
15579,84439,turns,948,9
15580,84445,almost,948,9
15581,84452,by,948,9
15582,84455,reflex,948,9
15583,84463,SHUTU,949,9
15584,84469,Doppler,949,9
15585,84479,NANDU,950,9
15586,84485,Yes,950,9
15587,84490,Mimi,950,9
15588,84495,raises,950,9
15589,84502,her,950,9
15590,84506,eyebrows,950,9
15591,84515,at,950,9
15592,84518,Shutu,950,9
15593,84524,and,950,9
15594,84528,smiles,950,9
15595,84536,impressed,950,9
15596,84548,UNCLE,951,9
15597,84555,O,951,9
15598,84557,C,951,9
15599,84562,Cheers,951,9
15600,84569,loudly,951,9
15601,84577,Yes,951,9
15602,84582,Out,951,9
15603,84587,CUT,952,9
15604,84591,TO,952,9
15605,84595,INT,953,9
15606,84600,MCCLUSKIEGUNJ,953,9
15607,84614,HOUSE,953,9
15608,84622,BACK,953,9
15609,84627,CORRIDOR,953,9
15610,84637,DAY,953,9
15611,84641,105,953,9
15612,84645,105,953,9
15613,84649,Shutu,954,9
15614,84655,anxiously,954,9
15615,84665,fidgets,954,9
15616,84673,with,954,9
15617,84678,the,954,9
15618,84682,rubik,954,9
15619,84688,s,954,9
15620,84690,cube,954,9
15621,84696,He,954,9
15622,84699,notices,954,9
15623,84708,Mimi,954,9
15624,84713,who,954,9
15625,84717,walks,954,9
15626,84723,out,954,9
15627,84727,to,954,9
15628,84730,the,954,9
15629,84734,verandah,954,9
15630,84743,with,954,9
15631,84748,her,954,9
15632,84752,writing,954,9
15633,84760,material,954,9
15634,84770,and,954,9
15635,84774,sits,954,9
15636,84780,Shutu,954,9
15637,84786,s,954,9
15638,84788,gaze,954,9
15639,84793,follows,954,9
15640,84801,her,954,9
15641,84807,CUT,955,9
15642,84811,TO,955,9
15643,84815,EXT,956,9
15644,84820,BACKYARD,956,9
15645,84830,DAY106,956,9
15646,84837,106,956,9
15647,84841,Shutu,957,9
15648,84847,walks,957,9
15649,84853,purposefully,957,9
15650,84866,across,957,9
15651,84873,the,957,9
15652,84877,backyard,957,9
15653,84886,and,957,9
15654,84890,goes,957,9
15655,84895,towards,957,9
15656,84904,the,957,9
15657,84908,motorcycle,957,9
15658,84920,He,957,9
15659,84923,walks,957,9
15660,84929,the,957,9
15661,84933,bike,957,9
15662,84938,across,957,9
15663,84945,towards,957,9
15664,84953,the,957,9
15665,84957,front,957,9
15666,84964,lawns,957,9
15667,84971,Tani,957,9
15668,84976,runs,957,9
15669,84981,towards,957,9
15670,84989,him,957,9
15671,84995,TANI,958,9
15672,85000,Shutu,958,9
15673,85007,Shutu,958,9
15674,85015,Shutu,958,9
15675,85021,pretends,958,9
15676,85030,not,958,9
15677,85034,to,958,9
15678,85037,hear,958,9
15679,85042,her,958,9
15680,85047,She,958,9
15681,85051,comes,958,9
15682,85057,up,958,9
15683,85060,to,958,9
15684,85063,him,958,9
15685,85068,TANI,959,9
15686,85074,CONT,959,9
15687,85079,D,959,9
15688,85083,Out,959,9
15689,85087,of,959,9
15690,85090,the,959,9
15691,85094,breath,959,9
15692,85102,Shutu,959,9
15693,85109,SHUTU,960,9
15694,85115,Tani,960,9
15695,85121,TANI,961,9
15696,85126,What,961,9
15697,85131,are,961,9
15698,85135,you,961,9
15699,85139,doing,961,9
15700,85147,Shutu,961,9
15701,85153,is,961,9
15702,85156,silent,961,9
15703,85164,TANI,962,9
15704,85170,CONT,962,9
15705,85175,D,962,9
15706,85178,Where,962,9
15707,85184,are,962,9
15708,85188,we,962,9
15709,85191,going,962,9
15710,85199,74,962,9
15711,85203,Shutu,962,9
15712,85209,is,962,9
15713,85212,still,962,9
15714,85218,walking,962,9
15715,85226,quietly,962,9
15716,85234,as,962,9
15717,85237,Tani,962,9
15718,85242,prattles,962,9
15719,85251,on,962,9
15720,85255,TANI,963,9
15721,85261,CONT,963,9
15722,85266,D,963,9
15723,85269,You,963,9
15724,85273,know,963,9
15725,85278,how,963,9
15726,85282,to,963,9
15727,85285,drive,963,9
15728,85291,a,963,9
15729,85293,motor,963,9
15730,85300,cycle,963,9
15731,85307,SHUTU,964,9
15732,85313,Ya,964,9
15733,85317,I,964,9
15734,85319,know,964,9
15735,85324,how,964,9
15736,85328,to,964,9
15737,85331,ride,964,9
15738,85336,a,964,9
15739,85338,motor,964,9
15740,85345,cycle,964,9
15741,85352,TANI,965,9
15742,85357,But,965,9
15743,85361,you,965,9
15744,85365,can,965,9
15745,85369,t,965,9
15746,85371,drive,965,9
15747,85377,a,965,9
15748,85379,car,965,9
15749,85384,Shutu,965,9
15750,85390,laughs,965,9
15751,85398,Tani,965,9
15752,85403,walks,965,9
15753,85409,along,965,9
15754,85416,TANI,966,9
15755,85422,CONT,966,9
15756,85427,D,966,9
15757,85430,I,966,9
15758,85432,will,966,9
15759,85437,sit,966,9
15760,85441,in,966,9
15761,85444,the,966,9
15762,85448,front,966,9
15763,85455,You,966,9
15764,85459,sit,966,9
15765,85464,behind,966,9
15766,85471,me,966,9
15767,85474,because,966,9
15768,85482,baba,966,9
15769,85487,said,966,9
15770,85492,that,966,9
15771,85497,if,966,9
15772,85501,I,966,9
15773,85503,sit,966,9
15774,85507,behind,966,9
15775,85515,I,966,9
15776,85517,ll,966,9
15777,85520,fall,966,9
15778,85525,off,966,9
15779,85531,SHUTU,967,9
15780,85537,I,967,9
15781,85539,can,967,9
15782,85543,t,967,9
15783,85545,ride,967,9
15784,85550,as,967,9
15785,85553,well,967,9
15786,85558,as,967,9
15787,85561,your,967,9
15788,85566,baba,967,9
15789,85573,I,967,9
15790,85575,m,967,9
15791,85577,only,967,9
15792,85582,practicing,967,9
15793,85594,When,967,9
15794,85599,I,967,9
15795,85601,learn,967,9
15796,85608,properly,967,9
15797,85617,then,967,9
15798,85622,you,967,9
15799,85626,come,967,9
15800,85631,with,967,9
15801,85636,me,967,9
15802,85642,TANI,968,9
15803,85647,Baba,968,9
15804,85652,allowed,968,9
15805,85660,you,968,9
15806,85665,SHUTU,969,9
15807,85672,Stops,969,9
15808,85678,and,969,9
15809,85682,turns,969,9
15810,85688,to,969,9
15811,85691,her,969,9
15812,85696,Tani,969,9
15813,85701,where,969,9
15814,85707,s,969,9
15815,85709,Fluffy,969,9
15816,85716,gone,969,9
15817,85722,TANI,970,9
15818,85727,I,970,9
15819,85729,don,970,9
15820,85733,t,970,9
15821,85735,know,970,9
15822,85741,He,970,9
15823,85744,must,970,9
15824,85749,be,970,9
15825,85752,inside,970,9
15826,85761,SHUTU,971,9
15827,85767,Go,971,9
15828,85770,look,971,9
15829,85775,for,971,9
15830,85779,him,971,9
15831,85784,Bonnie,971,9
15832,85791,di,971,9
15833,85794,will,971,9
15834,85799,get,971,9
15835,85804,angry,971,9
15836,85810,if,971,9
15837,85813,he,971,9
15838,85816,runs,971,9
15839,85821,off,971,9
15840,85825,again,971,9
15841,85832,TANI,972,9
15842,85837,Okay,972,9
15843,85843,I,972,9
15844,85845,ll,972,9
15845,85848,go,972,9
15846,85851,and,972,9
15847,85855,get,972,9
15848,85859,him,972,9
15849,85864,You,972,9
15850,85868,wait,972,9
15851,85874,for,972,9
15852,85878,me,972,9
15853,85881,haan,972,9
15854,85888,Don,972,9
15855,85892,t,972,9
15856,85894,go,972,9
15857,85897,without,972,9
15858,85905,me,972,9
15859,85910,okay,972,9
15860,85917,SHUTU,973,9
15861,85923,Ya,973,9
15862,85927,Tani,973,9
15863,85932,runs,973,9
15864,85937,off,973,9
15865,85941,inside,973,9
15866,85948,while,973,9
15867,85954,Shutu,973,9
15868,85960,makes,973,9
15869,85966,off,973,9
15870,85970,hurriedly,973,9
15871,85980,in,973,9
15872,85983,the,973,9
15873,85988,other,973,9
15874,85994,direction,973,9
15875,86006,CUT,974,9
15876,86010,TO,974,9
15877,86014,EXT,975,9
15878,86019,ORCHARD,975,9
15879,86028,DAY107,975,9
15880,86035,107,975,9
15881,86039,Mimi,976,9
15882,86044,uses,976,9
15883,86049,her,976,9
15884,86053,book,976,9
15885,86058,to,976,9
15886,86061,shade,976,9
15887,86067,her,976,9
15888,86071,eyes,976,9
15889,86076,from,976,9
15890,86081,the,976,9
15891,86085,sun,976,9
15892,86090,She,976,9
15893,86094,is,976,9
15894,86098,almost,976,9
15895,86105,asleep,976,9
15896,86113,A,976,9
15897,86115,sudden,976,9
15898,86122,movement,976,9
15899,86131,makes,976,9
15900,86137,Mimi,976,9
15901,86142,open,976,9
15902,86147,her,976,9
15903,86151,eyes,976,9
15904,86158,She,976,9
15905,86162,lifts,976,9
15906,86168,the,976,9
15907,86172,book,976,9
15908,86177,a,976,9
15909,86179,little,976,9
15910,86186,and,976,9
15911,86190,squints,976,9
15912,86198,into,976,9
15913,86203,the,976,9
15914,86207,distance,976,9
15915,86218,75,976,9
15916,86222,With,976,9
15917,86227,Mimi,976,9
15918,86232,s,976,9
15919,86234,brightly,976,9
15920,86243,painted,976,9
15921,86251,toenails,976,9
15922,86260,in,976,9
15923,86263,the,976,9
15924,86267,foreground,976,9
15925,86279,we,976,9
15926,86283,see,976,9
15927,86287,Shutu,976,9
15928,86293,approaching,976,9
15929,86306,awkwardly,976,9
15930,86316,walking,976,9
15931,86324,the,976,9
15932,86328,bike,976,9
15933,86334,Mimi,976,9
15934,86339,looks,976,9
15935,86346,amused,976,9
15936,86355,As,976,9
15937,86358,he,976,9
15938,86361,comes,976,9
15939,86367,closer,976,9
15940,86375,Shutu,976,9
15941,86381,gives,976,9
15942,86387,her,976,9
15943,86391,a,976,9
15944,86393,shy,976,9
15945,86397,smile,976,9
15946,86403,and,976,9
15947,86407,looks,976,9
15948,86414,away,976,9
15949,86419,as,976,9
15950,86422,he,976,9
15951,86425,keeps,976,9
15952,86431,walking,976,9
15953,86439,determinedly,976,9
15954,86453,His,976,9
15955,86457,hair,976,9
15956,86462,falls,976,9
15957,86468,over,976,9
15958,86474,his,976,9
15959,86478,black,976,9
15960,86484,eye,976,9
15961,86488,that,976,9
15962,86493,has,976,9
15963,86497,now,976,9
15964,86501,turned,976,9
15965,86508,an,976,9
15966,86511,ugly,976,9
15967,86516,purple,976,9
15968,86524,He,976,9
15969,86527,tries,976,9
15970,86533,to,976,9
15971,86537,move,976,9
15972,86542,it,976,9
15973,86545,with,976,9
15974,86550,a,976,9
15975,86552,jerk,976,9
15976,86557,of,976,9
15977,86560,his,976,9
15978,86564,head,976,9
15979,86570,He,976,9
15980,86573,comes,976,9
15981,86579,up,976,9
15982,86582,to,976,9
15983,86585,her,976,9
15984,86589,and,976,9
15985,86594,stands,976,9
15986,86601,there,976,9
15987,86608,slightly,976,9
15988,86617,out,976,9
15989,86621,of,976,9
15990,86624,breath,976,9
15991,86632,SHUTU,977,9
15992,86638,Hi,977,9
15993,86642,Mimi,977,9
15994,86647,smiles,977,9
15995,86654,at,977,9
15996,86657,him,977,9
15997,86662,SHUTU,978,9
15998,86669,CONT,978,9
15999,86674,D,978,9
16000,86677,Want,978,9
16001,86682,to,978,9
16002,86685,go,978,9
16003,86688,for,978,9
16004,86692,a,978,9
16005,86694,ride,978,9
16006,86700,MIMI,979,9
16007,86705,Only,979,9
16008,86710,if,979,9
16009,86713,you,979,9
16010,86717,let,979,9
16011,86721,me,979,9
16012,86724,ride,979,9
16013,86729,it,979,9
16014,86733,CUT,980,9
16015,86737,TO,980,9
16016,86741,INT,981,9
16017,86746,SHUTU,981,9
16018,86752,S,981,9
16019,86754,ROOM,981,9
16020,86760,DAY,981,9
16021,86765,108,981,9
16022,86769,108,981,9
16023,86773,Tani,982,9
16024,86778,walks,982,9
16025,86784,into,982,9
16026,86789,Shutu,982,9
16027,86795,s,982,9
16028,86797,room,982,9
16029,86803,It,982,9
16030,86806,is,982,9
16031,86809,a,982,9
16032,86811,small,982,9
16033,86817,room,982,9
16034,86822,with,982,9
16035,86827,his,982,9
16036,86832,things,982,9
16037,86839,strewn,982,9
16038,86846,around,982,9
16039,86854,The,982,9
16040,86858,room,982,9
16041,86863,is,982,9
16042,86866,dark,982,9
16043,86872,the,982,9
16044,86876,curtains,982,9
16045,86885,are,982,9
16046,86890,drawn,982,9
16047,86897,Shutu,982,9
16048,86903,s,982,9
16049,86905,books,982,9
16050,86912,his,982,9
16051,86916,clothes,982,9
16052,86925,a,982,9
16053,86927,pack,982,9
16054,86932,of,982,9
16055,86935,cigarettes,982,9
16056,86947,his,982,9
16057,86952,shaving,982,9
16058,86960,kit,982,9
16059,86964,are,982,9
16060,86968,lying,982,9
16061,86974,messily,982,9
16062,86982,on,982,9
16063,86985,the,982,9
16064,86989,bed,982,9
16065,86994,Tani,982,9
16066,86999,rifles,982,9
16067,87006,through,982,9
16068,87015,his,982,9
16069,87019,things,982,9
16070,87027,picks,982,9
16071,87033,up,982,9
16072,87036,his,982,9
16073,87040,shaving,982,9
16074,87048,brush,982,9
16075,87054,and,982,9
16076,87058,strokes,982,9
16077,87066,it,982,9
16078,87070,thoughtfully,982,9
16079,87083,on,982,9
16080,87086,her,982,9
16081,87090,chin,982,9
16082,87096,The,982,9
16083,87100,puppy,982,9
16084,87106,squiggles,982,9
16085,87116,out,982,9
16086,87120,from,982,9
16087,87125,the,982,9
16088,87130,basket,982,9
16089,87137,and,982,9
16090,87141,comes,982,9
16091,87147,near,982,9
16092,87152,Tani,982,9
16093,87157,s,982,9
16094,87159,feet,982,9
16095,87165,She,982,9
16096,87169,scoops,982,9
16097,87176,up,982,9
16098,87179,the,982,9
16099,87183,puppy,982,9
16100,87191,placing,982,9
16101,87199,the,982,9
16102,87203,brush,982,9
16103,87209,back,982,9
16104,87214,exactly,982,9
16105,87222,as,982,9
16106,87225,it,982,9
16107,87228,was,982,9
16108,87232,and,982,9
16109,87236,runs,982,9
16110,87241,back,982,9
16111,87246,out,982,9
16112,87257,CUT,983,9
16113,87261,TO,983,9
16114,87265,EXT,984,9
16115,87270,VERANDAH,984,9
16116,87280,DAY109,984,9
16117,87287,109,984,9
16118,87291,Tani,985,9
16119,87296,comes,985,9
16120,87302,out,985,9
16121,87306,of,985,9
16122,87309,the,985,9
16123,87313,front,985,9
16124,87319,door,985,9
16125,87324,and,985,9
16126,87328,walks,985,9
16127,87334,into,985,9
16128,87339,the,985,9
16129,87343,verandah,985,9
16130,87353,talking,985,9
16131,87361,all,985,9
16132,87365,the,985,9
16133,87369,while,985,9
16134,87377,TANI,986,9
16135,87382,Shutu,986,9
16136,87388,see,986,9
16137,87392,I,986,9
16138,87394,found,986,9
16139,87400,him,986,9
16140,87405,He,986,9
16141,87408,was,986,9
16142,87412,under,986,9
16143,87419,your,986,9
16144,87424,bed,986,9
16145,87429,Should,986,9
16146,87436,we,986,9
16147,87439,take,986,9
16148,87444,him,986,9
16149,87448,also,986,9
16150,87455,Tani,986,9
16151,87460,doesn,986,9
16152,87466,t,986,9
16153,87468,see,986,9
16154,87472,Shutu,986,9
16155,87479,She,986,9
16156,87483,walks,986,9
16157,87489,down,986,9
16158,87494,the,986,9
16159,87498,verandah,986,9
16160,87507,steps,986,9
16161,87515,looks,986,9
16162,87521,around,986,9
16163,87528,for,986,9
16164,87532,him,986,9
16165,87537,She,986,9
16166,87541,finds,986,9
16167,87547,Shutu,986,9
16168,87553,and,986,9
16169,87557,Mimi,986,9
16170,87562,walking,986,9
16171,87570,the,986,9
16172,87575,motorcycle,986,9
16173,87586,out,986,9
16174,87590,of,986,9
16175,87593,the,986,9
16176,87597,driveway,986,9
16177,87606,and,986,9
16178,87610,looks,986,9
16179,87616,on,986,9
16180,87619,disbelievingly,986,9
16181,87636,TANI,987,9
16182,87642,CONT,987,9
16183,87647,D,987,9
16184,87650,Shutu,987,9
16185,87657,Shutu,987,9
16186,87664,Wait,987,9
16187,87672,Tani,987,9
16188,87677,runs,987,9
16189,87682,down,987,9
16190,87687,the,987,9
16191,87691,driveway,987,9
16192,87701,with,987,9
16193,87706,the,987,9
16194,87710,puppy,987,9
16195,87716,in,987,9
16196,87719,her,987,9
16197,87723,arms,987,9
16198,87730,76,987,9
16199,87734,TANI,988,9
16200,87740,CONT,988,9
16201,87745,D,988,9
16202,87749,On,988,9
16203,87752,the,988,9
16204,87756,verge,988,9
16205,87762,of,988,9
16206,87765,tears,988,9
16207,87772,Shutu,988,9
16208,87780,Tani,988,9
16209,87785,sets,988,9
16210,87790,the,988,9
16211,87794,puppy,988,9
16212,87800,down,988,9
16213,87806,On,988,9
16214,87809,her,988,9
16215,87813,face,988,9
16216,87819,we,988,9
16217,87822,hear,988,9
16218,87827,the,988,9
16219,87831,motorcycle,988,9
16220,87843,speed,988,9
16221,87849,away,988,9
16222,87855,A,988,9
16223,87857,labourer,988,9
16224,87867,working,988,9
16225,87875,on,988,9
16226,87878,the,988,9
16227,87882,boundary,988,9
16228,87891,wall,988,9
16229,87897,turns,988,9
16230,87904,around,988,9
16231,87911,in,988,9
16232,87914,the,988,9
16233,87918,direction,988,9
16234,87928,of,988,9
16235,87931,the,988,9
16236,87935,sound,988,9
16237,87943,CUT,989,9
16238,87947,TO,989,9
16239,87951,EXT,990,9
16240,87956,ROAD,990,9
16241,87962,DAY110,990,9
16242,87969,110,990,9
16243,87973,Shutu,991,9
16244,87979,looks,991,9
16245,87985,a,991,9
16246,87987,little,991,9
16247,87994,distracted,991,9
16248,88005,as,991,9
16249,88008,Mimi,991,9
16250,88013,rides,991,9
16251,88019,the,991,9
16252,88023,bike,991,9
16253,88029,Shutu,991,9
16254,88036,awkwardly,991,9
16255,88046,holds,991,9
16256,88052,the,991,9
16257,88056,seat,991,9
16258,88061,for,991,9
16259,88065,support,991,9
16260,88074,Mimi,991,9
16261,88079,is,991,9
16262,88082,enjoying,991,9
16263,88091,the,991,9
16264,88096,wind,991,9
16265,88101,in,991,9
16266,88104,her,991,9
16267,88108,hair,991,9
16268,88114,They,991,9
16269,88120,ride,991,9
16270,88125,through,991,9
16271,88133,the,991,9
16272,88137,lonely,991,9
16273,88144,lanes,991,9
16274,88150,of,991,9
16275,88153,the,991,9
16276,88158,Gunj,991,9
16277,88164,She,991,9
16278,88168,stops,991,9
16279,88174,the,991,9
16280,88178,bike,991,9
16281,88184,gets,991,9
16282,88189,off,991,9
16283,88193,and,991,9
16284,88197,enters,991,9
16285,88204,the,991,9
16286,88208,gate,991,9
16287,88213,of,991,9
16288,88216,the,991,9
16289,88221,McCluskiegunj,991,9
16290,88235,cemetery,991,9
16291,88245,SHUTU,992,9
16292,88251,Wait,992,9
16293,88257,where,992,9
16294,88263,are,992,9
16295,88267,you,992,9
16296,88271,going,992,9
16297,88278,Mimi,992,9
16298,88283,turns,992,9
16299,88289,around,992,9
16300,88296,shading,992,9
16301,88304,her,992,9
16302,88308,eyes,992,9
16303,88313,from,992,9
16304,88318,the,992,9
16305,88322,sun,992,9
16306,88326,with,992,9
16307,88331,her,992,9
16308,88336,hand,992,9
16309,88342,MIMI,993,9
16310,88348,With,993,9
16311,88353,a,993,9
16312,88355,smile,993,9
16313,88362,Come,993,9
16314,88368,Without,993,9
16315,88376,waiting,993,9
16316,88384,for,993,9
16317,88388,a,993,9
16318,88390,response,993,9
16319,88400,Mimi,993,9
16320,88405,goes,993,9
16321,88410,inside,993,9
16322,88419,CUT,994,9
16323,88423,TO,994,9
16324,88427,EXT,995,9
16325,88432,MCCLUSKIEGUNJ,995,9
16326,88446,CEMETERY,995,9
16327,88456,DAY,995,9
16328,88460,111,995,9
16329,88464,111,995,9
16330,88468,Shutu,996,9
16331,88474,catches,996,9
16332,88482,up,996,9
16333,88485,with,996,9
16334,88490,Mimi,996,9
16335,88495,who,996,9
16336,88499,has,996,9
16337,88503,stopped,996,9
16338,88511,at,996,9
16339,88514,a,996,9
16340,88516,gravestone,996,9
16341,88528,MIMI,997,9
16342,88533,Mrs,997,9
16343,88538,Gladys,997,9
16344,88545,McGowan,997,9
16345,88554,Arrived,997,9
16346,88562,on,997,9
16347,88566,18th,997,9
16348,88571,July,997,9
16349,88576,1897,997,9
16350,88582,Departed,997,9
16351,88591,on,997,9
16352,88594,12th,997,9
16353,88600,August,997,9
16354,88607,1958,997,9
16355,88613,She,997,9
16356,88617,left,997,9
16357,88622,even,997,9
16358,88627,as,997,9
16359,88630,she,997,9
16360,88635,had,997,9
16361,88639,tried,997,9
16362,88645,to,997,9
16363,88648,live,997,9
16364,88653,in,997,9
16365,88656,grace,997,9
16366,88662,and,997,9
16367,88667,beauty,997,9
16368,88675,SHUTU,998,9
16369,88682,Slightly,998,9
16370,88691,out,998,9
16371,88695,of,998,9
16372,88698,breath,998,9
16373,88706,Why,998,9
16374,88710,are,998,9
16375,88714,we,998,9
16376,88717,here,998,9
16377,88723,Mimi,998,9
16378,88728,looks,998,9
16379,88734,at,998,9
16380,88737,him,998,9
16381,88741,and,998,9
16382,88745,smiles,998,9
16383,88753,SHUTU,999,9
16384,88760,CONT,999,9
16385,88765,D,999,9
16386,88768,I,999,9
16387,88770,thought,999,9
16388,88778,we,999,9
16389,88781,could,999,9
16390,88787,go,999,9
16391,88790,to,999,9
16392,88793,the,999,9
16393,88797,stream,999,9
16394,88805,up,999,9
16395,88808,ahead,999,9
16396,88816,77,999,9
16397,88820,MIMI,1000,9
16398,88825,We,1000,9
16399,88828,could,1000,9
16400,88839,Distracted,1000,9
16401,88850,by,1000,9
16402,88853,something,1000,9
16403,88864,Isn,1000,9
16404,88868,t,1000,9
16405,88870,that,1000,9
16406,88875,Curney,1000,9
16407,88883,Shutu,1000,9
16408,88889,squints,1000,9
16409,88897,into,1000,9
16410,88902,the,1000,9
16411,88906,distance,1000,9
16412,88919,In,1000,9
16413,88922,a,1000,9
16414,88924,long,1000,9
16415,88929,shot,1000,9
16416,88935,Mrs,1000,9
16417,88940,Curney,1000,9
16418,88947,is,1000,9
16419,88950,kneeling,1000,9
16420,88959,at,1000,9
16421,88962,a,1000,9
16422,88964,grave,1000,9
16423,88970,further,1000,9
16424,88979,away,1000,9
16425,88987,MIMI,1001,9
16426,88993,CONT,1001,9
16427,88998,D,1001,9
16428,89001,Mrs,1001,9
16429,89006,Curney,1001,9
16430,89015,The,1001,9
16431,89019,woman,1001,9
16432,89025,turns,1001,9
16433,89031,her,1001,9
16434,89035,face,1001,9
16435,89040,to,1001,9
16436,89043,them,1001,9
16437,89048,partially,1001,9
16438,89059,then,1001,9
16439,89064,gets,1001,9
16440,89069,up,1001,9
16441,89072,and,1001,9
16442,89077,walks,1001,9
16443,89083,away,1001,9
16444,89090,MIMI,1002,9
16445,89096,CONT,1002,9
16446,89101,D,1002,9
16447,89104,Mrs,1002,9
16448,89109,Curney,1002,9
16449,89118,Turning,1002,9
16450,89126,back,1002,9
16451,89132,Is,1002,9
16452,89135,she,1002,9
16453,89139,ignoring,1002,9
16454,89148,us,1002,9
16455,89152,SHUTU,1003,9
16456,89158,Mimi,1003,9
16457,89164,Mimi,1003,9
16458,89172,Let,1003,9
16459,89176,her,1003,9
16460,89180,be,1003,9
16461,89186,Following,1003,9
16462,89196,Mimi,1003,9
16463,89202,Is,1003,9
16464,89205,that,1003,9
16465,89210,even,1003,9
16466,89215,her,1003,9
16467,89220,Mimi,1003,9
16468,89225,approaches,1003,9
16469,89236,the,1003,9
16470,89240,grave,1003,9
16471,89246,Mrs,1003,9
16472,89251,Curney,1003,9
16473,89258,was,1003,9
16474,89262,at,1003,9
16475,89266,She,1003,9
16476,89270,finds,1003,9
16477,89276,a,1003,9
16478,89278,lit,1003,9
16479,89283,candle,1003,9
16480,89291,flowers,1003,9
16481,89299,arranged,1003,9
16482,89308,in,1003,9
16483,89311,the,1003,9
16484,89315,shape,1003,9
16485,89321,of,1003,9
16486,89324,a,1003,9
16487,89326,heart,1003,9
16488,89332,and,1003,9
16489,89337,something,1003,9
16490,89347,wrapped,1003,9
16491,89355,in,1003,9
16492,89358,a,1003,9
16493,89360,paper,1003,9
16494,89366,napkin,1003,9
16495,89375,MIMI,1004,9
16496,89380,Elizabeth,1004,9
16497,89390,Curney,1004,9
16498,89398,Born,1004,9
16499,89403,1959,1004,9
16500,89410,Died,1004,9
16501,89416,1965,1004,9
16502,89424,Gasps,1004,9
16503,89431,Only,1004,9
16504,89436,6,1004,9
16505,89438,years,1004,9
16506,89444,old,1004,9
16507,89450,Mimi,1004,9
16508,89455,s,1004,9
16509,89457,eyes,1004,9
16510,89462,travel,1004,9
16511,89469,down,1004,9
16512,89474,to,1004,9
16513,89477,the,1004,9
16514,89481,candle,1004,9
16515,89489,She,1004,9
16516,89493,runs,1004,9
16517,89498,her,1004,9
16518,89502,hands,1004,9
16519,89509,over,1004,9
16520,89514,the,1004,9
16521,89518,flower,1004,9
16522,89525,arrangement,1004,9
16523,89538,Lifting,1004,9
16524,89546,the,1004,9
16525,89550,napkin,1004,9
16526,89558,she,1004,9
16527,89562,finds,1004,9
16528,89568,a,1004,9
16529,89571,slice,1004,9
16530,89577,of,1004,9
16531,89580,cake,1004,9
16532,89585,and,1004,9
16533,89589,looks,1004,9
16534,89595,delighted,1004,9
16535,89607,MIMI,1005,9
16536,89613,CONT,1005,9
16537,89618,D,1005,9
16538,89621,Want,1005,9
16539,89627,SHUTU,1006,9
16540,89634,Horrified,1006,9
16541,89645,NO,1007,9
16542,89649,MIMI,1008,9
16543,89654,Why,1008,9
16544,89659,SHUTU,1009,9
16545,89665,How,1009,9
16546,89669,can,1009,9
16547,89673,you,1009,9
16548,89677,eat,1009,9
16549,89681,it,1009,9
16550,89685,It,1009,9
16551,89688,was,1009,9
16552,89692,lying,1009,9
16553,89702,there,1009,9
16554,89710,MIMI,1010,9
16555,89715,She,1010,9
16556,89719,just,1010,9
16557,89724,left,1010,9
16558,89729,it,1010,9
16559,89733,You,1010,9
16560,89737,re,1010,9
16561,89740,always,1010,9
16562,89747,so,1010,9
16563,89751,proper,1010,9
16564,89758,Shutu,1010,9
16565,89765,It,1010,9
16566,89768,s,1010,9
16567,89770,very,1010,9
16568,89775,boring,1010,9
16569,89784,78,1010,9
16570,89788,SHUTU,1011,9
16571,89794,But,1011,9
16572,89798,it,1011,9
16573,89801,s,1011,9
16574,89803,not,1011,9
16575,89807,meant,1011,9
16576,89813,for,1011,9
16577,89817,us,1011,9
16578,89821,MIMI,1012,9
16579,89826,Who,1012,9
16580,89830,is,1012,9
16581,89833,it,1012,9
16582,89836,meant,1012,9
16583,89842,for,1012,9
16584,89847,Elizabeth,1012,9
16585,89858,Curney,1012,9
16586,89866,Mimi,1012,9
16587,89871,breaks,1012,9
16588,89878,off,1012,9
16589,89882,a,1012,9
16590,89884,bit,1012,9
16591,89888,of,1012,9
16592,89891,the,1012,9
16593,89895,cake,1012,9
16594,89900,and,1012,9
16595,89904,forces,1012,9
16596,89911,a,1012,9
16597,89913,little,1012,9
16598,89920,into,1012,9
16599,89926,Shutu,1012,9
16600,89932,s,1012,9
16601,89934,mouth,1012,9
16602,89941,He,1012,9
16603,89944,tries,1012,9
16604,89950,to,1012,9
16605,89953,resist,1012,9
16606,89960,but,1012,9
16607,89964,ends,1012,9
16608,89969,up,1012,9
16609,89972,eating,1012,9
16610,89979,a,1012,9
16611,89981,bit,1012,9
16612,89985,of,1012,9
16613,89989,it,1012,9
16614,89993,Mimi,1012,9
16615,89998,laughs,1012,9
16616,90005,mischievously,1012,9
16617,90021,MIMI,1013,9
16618,90027,CONT,1013,9
16619,90032,D,1013,9
16620,90036,Walking,1013,9
16621,90044,away,1013,9
16622,90050,Delicious,1013,9
16623,90061,isn,1013,9
16624,90065,t,1013,9
16625,90067,it,1013,9
16626,90071,Shutu,1013,9
16627,90077,spits,1013,9
16628,90083,and,1013,9
16629,90087,wipes,1013,9
16630,90093,his,1013,9
16631,90097,mouth,1013,9
16632,90104,He,1013,9
16633,90107,looks,1013,9
16634,90113,further,1013,9
16635,90121,ahead,1013,9
16636,90127,to,1013,9
16637,90131,check,1013,9
16638,90137,if,1013,9
16639,90140,Mrs,1013,9
16640,90145,Curney,1013,9
16641,90152,is,1013,9
16642,90155,still,1013,9
16643,90161,there,1013,9
16644,90169,SHUTU,1014,9
16645,90175,What,1014,9
16646,90180,if,1014,9
16647,90183,she,1014,9
16648,90187,comes,1014,9
16649,90193,back,1014,9
16650,90199,Shutu,1014,9
16651,90205,doesn,1014,9
16652,90211,t,1014,9
16653,90213,get,1014,9
16654,90217,a,1014,9
16655,90219,response,1014,9
16656,90229,He,1014,9
16657,90232,turns,1014,9
16658,90238,around,1014,9
16659,90245,but,1014,9
16660,90249,can,1014,9
16661,90253,t,1014,9
16662,90255,see,1014,9
16663,90260,Mimi,1014,9
16664,90266,From,1014,9
16665,90271,between,1014,9
16666,90279,a,1014,9
16667,90281,tree,1014,9
16668,90286,and,1014,9
16669,90290,the,1014,9
16670,90294,back,1014,9
16671,90299,of,1014,9
16672,90302,some,1014,9
16673,90307,gravestones,1014,9
16674,90321,we,1014,9
16675,90324,see,1014,9
16676,90328,Shutu,1014,9
16677,90334,as,1014,9
16678,90337,he,1014,9
16679,90340,looks,1014,9
16680,90346,around,1014,9
16681,90353,apprehensively,1014,9
16682,90370,SHUTU,1015,9
16683,90377,CONT,1015,9
16684,90382,D,1015,9
16685,90385,MIMI,1016,9
16686,90392,Looks,1016,9
16687,90398,around,1016,9
16688,90406,MIMI,1017,9
16689,90412,Shutu,1017,9
16690,90418,walks,1017,9
16691,90424,away,1017,9
16692,90429,from,1017,9
16693,90434,the,1017,9
16694,90438,gravestone,1017,9
16695,90449,and,1017,9
16696,90453,looks,1017,9
16697,90459,further,1017,9
16698,90467,in,1017,9
16699,90470,the,1017,9
16700,90475,distance,1017,9
16701,90485,He,1017,9
16702,90488,stands,1017,9
16703,90495,alone,1017,9
16704,90501,for,1017,9
16705,90505,a,1017,9
16706,90507,few,1017,9
16707,90511,chilling,1017,9
16708,90520,moments,1017,9
16709,90529,SHUTU,1018,9
16710,90536,CONT,1018,9
16711,90541,D,1018,9
16712,90544,Mimi,1018,9
16713,90550,we,1018,9
16714,90553,have,1018,9
16715,90558,to,1018,9
16716,90561,return,1018,9
16717,90569,Vikram,1018,9
16718,90576,s,1018,9
16719,90578,bike,1018,9
16720,90583,also,1018,9
16721,90590,Mimi,1018,9
16722,90595,suddenly,1018,9
16723,90604,jumps,1018,9
16724,90610,out,1018,9
16725,90614,from,1018,9
16726,90619,behind,1018,9
16727,90626,the,1018,9
16728,90630,tree,1018,9
16729,90635,and,1018,9
16730,90639,pounces,1018,9
16731,90647,on,1018,9
16732,90651,him,1018,9
16733,90657,MIMI,1019,9
16734,90663,Covering,1019,9
16735,90672,his,1019,9
16736,90676,eyes,1019,9
16737,90683,Exorcist,1019,9
16738,90692,voice,1019,9
16739,90699,I,1019,9
16740,90701,m,1019,9
16741,90703,the,1019,9
16742,90707,ghost,1019,9
16743,90713,of,1019,9
16744,90716,Elizabeth,1019,9
16745,90726,Curney,1019,9
16746,90735,I,1019,9
16747,90737,suck,1019,9
16748,90742,cock,1019,9
16749,90747,in,1019,9
16750,90750,hell,1019,9
16751,90756,Shutu,1019,9
16752,90762,jumps,1019,9
16753,90768,out,1019,9
16754,90772,of,1019,9
16755,90775,his,1019,9
16756,90779,skin,1019,9
16757,90785,Mimi,1019,9
16758,90790,collapses,1019,9
16759,90800,into,1019,9
16760,90805,giggles,1019,9
16761,90815,Suddenly,1019,9
16762,90825,Shutu,1019,9
16763,90831,pins,1019,9
16764,90836,her,1019,9
16765,90840,against,1019,9
16766,90848,the,1019,9
16767,90852,tree,1019,9
16768,90857,and,1019,9
16769,90861,aggressively,1019,9
16770,90875,starts,1019,9
16771,90882,to,1019,9
16772,90885,kiss,1019,9
16773,90890,her,1019,9
16774,90898,CUT,1020,9
16775,90902,TO,1020,9
16776,90906,OMITTED112,1021,9
16777,90917,112,1021,9
16778,90921,79,1021,9
16779,90925,EXT,1022,9
16780,90930,VERANDAH,1022,9
16781,90939,STEPS,1022,9
16782,90946,DAY113,1022,9
16783,90953,113,1022,9
16784,90957,Tani,1023,9
16785,90962,has,1023,9
16786,90966,curled,1023,9
16787,90973,up,1023,9
16788,90976,in,1023,9
16789,90979,the,1023,9
16790,90983,cane,1023,9
16791,90988,chair,1023,9
16792,90995,She,1023,9
16793,90999,is,1023,9
16794,91002,sulking,1023,9
16795,91011,Manjari,1023,9
16796,91020,passes,1023,9
16797,91027,by,1023,9
16798,91030,with,1023,9
16799,91035,a,1023,9
16800,91037,pile,1023,9
16801,91042,of,1023,9
16802,91045,clothes,1023,9
16803,91053,in,1023,9
16804,91056,her,1023,9
16805,91060,hands,1023,9
16806,91068,a,1023,9
16807,91070,blur,1023,9
16808,91075,in,1023,9
16809,91078,the,1023,9
16810,91083,background,1023,9
16811,91095,Tani,1023,9
16812,91100,notices,1023,9
16813,91108,the,1023,9
16814,91112,crayons,1023,9
16815,91120,rolling,1023,9
16816,91128,around,1023,9
16817,91136,She,1023,9
16818,91141,frowns,1023,9
16819,91148,and,1023,9
16820,91152,sits,1023,9
16821,91157,up,1023,9
16822,91166,TANI,1024,9
16823,91171,Fluffy,1024,9
16824,91179,CUT,1025,9
16825,91183,TO,1025,9
16826,91187,INT,1026,9
16827,91192,KITCHEN,1026,9
16828,91201,DAY,1026,9
16829,91205,114,1026,9
16830,91209,114,1026,9
16831,91213,A,1027,9
16832,91215,long,1027,9
16833,91220,shot,1027,9
16834,91225,of,1027,9
16835,91228,Manjari,1027,9
16836,91236,folding,1027,9
16837,91244,clothes,1027,9
16838,91252,in,1027,9
16839,91255,a,1027,9
16840,91257,quiet,1027,9
16841,91263,corner,1027,9
16842,91270,of,1027,9
16843,91274,the,1027,9
16844,91278,kitchen,1027,9
16845,91287,We,1027,9
16846,91290,follow,1027,9
16847,91297,her,1027,9
16848,91301,as,1027,9
16849,91304,she,1027,9
16850,91308,takes,1027,9
16851,91314,the,1027,9
16852,91318,pile,1027,9
16853,91323,of,1027,9
16854,91326,folded,1027,9
16855,91334,laundry,1027,9
16856,91342,from,1027,9
16857,91347,room,1027,9
16858,91352,to,1027,9
16859,91355,room,1027,9
16860,91361,Manjari,1027,9
16861,91369,goes,1027,9
16862,91374,to,1027,9
16863,91377,Mimi,1027,9
16864,91382,s,1027,9
16865,91384,room,1027,9
16866,91389,first,1027,9
16867,91396,The,1027,9
16868,91400,door,1027,9
16869,91405,is,1027,9
16870,91408,ajar,1027,9
16871,91414,the,1027,9
16872,91418,room,1027,9
16873,91424,is,1027,9
16874,91427,empty,1027,9
16875,91434,She,1027,9
16876,91438,enters,1027,9
16877,91445,and,1027,9
16878,91449,keeps,1027,9
16879,91455,the,1027,9
16880,91459,pile,1027,9
16881,91464,down,1027,9
16882,91469,on,1027,9
16883,91472,the,1027,9
16884,91476,bed,1027,9
16885,91482,Next,1027,9
16886,91487,she,1027,9
16887,91491,comes,1027,9
16888,91497,to,1027,9
16889,91500,Aunty,1027,9
16890,91506,s,1027,9
16891,91508,room,1027,9
16892,91513,and,1027,9
16893,91517,finds,1027,9
16894,91523,the,1027,9
16895,91527,door,1027,9
16896,91532,left,1027,9
16897,91537,open,1027,9
16898,91544,She,1027,9
16899,91548,walks,1027,9
16900,91554,in,1027,9
16901,91557,and,1027,9
16902,91561,finds,1027,9
16903,91567,Aunty,1027,9
16904,91573,sleeping,1027,9
16905,91582,alone,1027,9
16906,91589,in,1027,9
16907,91592,the,1027,9
16908,91596,same,1027,9
16909,91602,position,1027,9
16910,91611,as,1027,9
16911,91614,we,1027,9
16912,91617,saw,1027,9
16913,91621,her,1027,9
16914,91625,last,1027,9
16915,91631,She,1027,9
16916,91635,leaves,1027,9
16917,91642,a,1027,9
16918,91644,few,1027,9
16919,91648,clothes,1027,9
16920,91656,on,1027,9
16921,91659,the,1027,9
16922,91664,dresser,1027,9
16923,91672,and,1027,9
16924,91676,exits,1027,9
16925,91683,Finally,1027,9
16926,91692,Manjari,1027,9
16927,91700,comes,1027,9
16928,91706,to,1027,9
16929,91709,Bonnie,1027,9
16930,91716,s,1027,9
16931,91718,room,1027,9
16932,91723,and,1027,9
16933,91727,knocks,1027,9
16934,91734,on,1027,9
16935,91737,the,1027,9
16936,91742,door,1027,9
16937,91748,There,1027,9
16938,91754,s,1027,9
16939,91756,no,1027,9
16940,91759,response,1027,9
16941,91770,CUT,1028,9
16942,91774,TO,1028,9
16943,91778,INT,1029,10
16944,91783,BONNIE,1029,10
16945,91790,S,1029,10
16946,91792,ROOM,1029,10
16947,91798,DAY115,1029,10
16948,91805,115,1029,10
16949,91809,Nandu,1030,10
16950,91815,is,1030,10
16951,91818,sitting,1030,10
16952,91826,on,1030,10
16953,91829,the,1030,10
16954,91833,bed,1030,10
16955,91837,with,1030,10
16956,91842,his,1030,10
16957,91846,eyes,1030,10
16958,91851,closed,1030,10
16959,91859,He,1030,10
16960,91862,hears,1030,10
16961,91869,the,1030,10
16962,91873,knock,1030,10
16963,91879,and,1030,10
16964,91883,opens,1030,10
16965,91889,his,1030,10
16966,91893,eyes,1030,10
16967,91898,in,1030,10
16968,91901,alarm,1030,10
16969,91908,He,1030,10
16970,91911,hears,1030,10
16971,91917,the,1030,10
16972,91921,knock,1030,10
16973,91928,again,1030,10
16974,91934,and,1030,10
16975,91938,there,1030,10
16976,91944,s,1030,10
16977,91946,a,1030,10
16978,91948,sound,1030,10
16979,91954,as,1030,10
16980,91957,a,1030,10
16981,91959,hand,1030,10
16982,91964,tries,1030,10
16983,91970,to,1030,10
16984,91973,open,1030,10
16985,91978,the,1030,10
16986,91982,door,1030,10
16987,91989,He,1030,10
16988,91992,freezes,1030,10
16989,92001,MANJARI,1031,10
16990,92010,O,1031,10
16991,92012,C,1031,10
16992,92016,Didi,1031,10
16993,92021,Kapde,1031,10
16994,92028,Bonnie,1031,10
16995,92035,who,1031,10
16996,92039,was,1031,10
16997,92043,going,1031,10
16998,92049,down,1031,10
16999,92054,on,1031,10
17000,92057,Nandu,1031,10
17001,92063,under,1031,10
17002,92069,a,1031,10
17003,92071,sheet,1031,10
17004,92078,pops,1031,10
17005,92083,her,1031,10
17006,92088,head,1031,10
17007,92093,out,1031,10
17008,92097,for,1031,10
17009,92101,a,1031,10
17010,92103,moment,1031,10
17011,92111,BONNIE,1032,10
17012,92119,Bahar,1032,10
17013,92125,rakhdo,1032,10
17014,92133,She,1032,10
17015,92137,goes,1032,10
17016,92142,back,1032,10
17017,92147,under,1032,10
17018,92153,the,1032,10
17019,92157,sheet,1032,10
17020,92164,CUT,1033,10
17021,92168,TO,1033,10
17022,92172,INT,1034,10
17023,92177,VERANDAH,1034,10
17024,92187,DAY,1034,10
17025,92191,116,1034,10
17026,92195,116,1034,10
17027,92199,Uncle,1035,10
17028,92205,opens,1035,10
17029,92211,the,1035,10
17030,92215,tool,1035,10
17031,92220,box,1035,10
17032,92224,and,1035,10
17033,92228,systematically,1035,10
17034,92243,lays,1035,10
17035,92248,out,1035,10
17036,92252,all,1035,10
17037,92256,its,1035,10
17038,92261,components,1035,10
17039,92274,80,1035,10
17040,92278,He,1035,10
17041,92281,sets,1035,10
17042,92286,down,1035,10
17043,92291,the,1035,10
17044,92295,bottle,1035,10
17045,92302,of,1035,10
17046,92305,linseed,1035,10
17047,92313,oil,1035,10
17048,92317,and,1035,10
17049,92321,on,1035,10
17050,92324,a,1035,10
17051,92326,leather,1035,10
17052,92334,cloth,1035,10
17053,92341,begins,1035,10
17054,92348,to,1035,10
17055,92351,dismantle,1035,10
17056,92361,the,1035,10
17057,92365,rifle,1035,10
17058,92372,Maniya,1035,10
17059,92379,walks,1035,10
17060,92385,up,1035,10
17061,92388,to,1035,10
17062,92391,Uncle,1035,10
17063,92399,holding,1035,10
17064,92407,a,1035,10
17065,92409,rusty,1035,10
17066,92416,battered,1035,10
17067,92425,drum,1035,10
17068,92430,cover,1035,10
17069,92436,with,1035,10
17070,92441,a,1035,10
17071,92443,few,1035,10
17072,92447,old,1035,10
17073,92451,bullet,1035,10
17074,92459,holes,1035,10
17075,92465,and,1035,10
17076,92469,a,1035,10
17077,92471,thick,1035,10
17078,92477,layer,1035,10
17079,92483,of,1035,10
17080,92486,dust,1035,10
17081,92491,on,1035,10
17082,92494,it,1035,10
17083,92501,MANIYA,1036,10
17084,92508,Yeh,1036,10
17085,92512,wala,1036,10
17086,92518,UNCLE,1037,10
17087,92525,Inspecting,1037,10
17088,92536,it,1037,10
17089,92540,Kya,1037,10
17090,92544,haal,1037,10
17091,92549,bana,1037,10
17092,92554,ke,1037,10
17093,92557,rakha,1037,10
17094,92564,hain,1037,10
17095,92569,iska,1037,10
17096,92575,Saaf,1037,10
17097,92580,karo,1037,10
17098,92586,Vikram,1037,10
17099,92593,pulls,1037,10
17100,92599,up,1037,10
17101,92602,on,1037,10
17102,92605,the,1037,10
17103,92609,jeep,1037,10
17104,92615,CUT,1038,10
17105,92619,TO,1038,10
17106,92623,INT,1039,10
17107,92628,INSIDE,1039,10
17108,92635,BONNIE,1039,10
17109,92642,S,1039,10
17110,92644,ROOM,1039,10
17111,92650,DAY117,1039,10
17112,92657,117,1039,10
17113,92661,Hearing,1040,10
17114,92669,Vikram,1040,10
17115,92676,s,1040,10
17116,92678,jeep,1040,10
17117,92684,Nandu,1040,10
17118,92690,gets,1040,10
17119,92695,up,1040,10
17120,92698,and,1040,10
17121,92702,buckles,1040,10
17122,92710,his,1040,10
17123,92714,belt,1040,10
17124,92721,Bonnie,1040,10
17125,92728,snuggles,1040,10
17126,92737,under,1040,10
17127,92743,the,1040,10
17128,92747,sheet,1040,10
17129,92753,and,1040,10
17130,92757,curls,1040,10
17131,92763,up,1040,10
17132,92766,for,1040,10
17133,92770,a,1040,10
17134,92772,snooze,1040,10
17135,92781,Nandu,1040,10
17136,92787,burps,1040,10
17137,92793,loudly,1040,10
17138,92800,and,1040,10
17139,92804,goes,1040,10
17140,92809,into,1040,10
17141,92814,the,1040,10
17142,92818,bathroom,1040,10
17143,92829,EXT,1041,10
17144,92834,CEMETERY,1041,10
17145,92844,DAY118,1041,10
17146,92851,118,1041,10
17147,92855,Shutu,1042,10
17148,92861,is,1042,10
17149,92864,blissfully,1042,10
17150,92875,lying,1042,10
17151,92881,on,1042,10
17152,92884,the,1042,10
17153,92888,grass,1042,10
17154,92895,half,1042,10
17155,92900,asleep,1042,10
17156,92908,Mimi,1042,10
17157,92914,hooks,1042,10
17158,92920,her,1042,10
17159,92924,bra,1042,10
17160,92928,strap,1042,10
17161,92934,shut,1042,10
17162,92939,from,1042,10
17163,92944,under,1042,10
17164,92950,her,1042,10
17165,92954,sweater,1042,10
17166,92963,She,1042,10
17167,92967,frowns,1042,10
17168,92975,into,1042,10
17169,92980,the,1042,10
17170,92984,distance,1042,10
17171,92993,to,1042,10
17172,92996,check,1042,10
17173,93002,if,1042,10
17174,93005,anyone,1042,10
17175,93012,has,1042,10
17176,93016,seen,1042,10
17177,93021,them,1042,10
17178,93028,MIMI,1043,10
17179,93034,brusquely,1043,10
17180,93045,Hurry,1043,10
17181,93051,up,1043,10
17182,93055,Let,1043,10
17183,93059,s,1043,10
17184,93061,get,1043,10
17185,93065,back,1043,10
17186,93070,before,1043,10
17187,93077,it,1043,10
17188,93081,gets,1043,10
17189,93086,dark,1043,10
17190,93092,As,1043,10
17191,93095,they,1043,10
17192,93100,walk,1043,10
17193,93105,away,1043,10
17194,93111,we,1043,10
17195,93114,tilt,1043,10
17196,93119,down,1043,10
17197,93124,to,1043,10
17198,93127,see,1043,10
17199,93131,that,1043,10
17200,93136,he,1043,10
17201,93139,has,1043,10
17202,93143,written,1043,10
17203,93154,Shutu,1043,10
17204,93162,Mimi,1043,10
17205,93169,CUT,1044,10
17206,93173,TO,1044,10
17207,93177,EXT,1045,10
17208,93182,ROADS,1045,10
17209,93189,DAY119,1045,10
17210,93196,119,1045,10
17211,93200,In,1046,10
17212,93203,a,1046,10
17213,93205,series,1046,10
17214,93212,of,1046,10
17215,93215,a,1046,10
17216,93217,fast,1046,10
17217,93222,paced,1046,10
17218,93228,shots,1046,10
17219,93234,we,1046,10
17220,93237,see,1046,10
17221,93241,Shutu,1046,10
17222,93247,riding,1046,10
17223,93254,the,1046,10
17224,93259,motorcycle,1046,10
17225,93271,Mimi,1046,10
17226,93276,sitting,1046,10
17227,93284,behind,1046,10
17228,93291,him,1046,10
17229,93296,Shutu,1046,10
17230,93302,wobbles,1046,10
17231,93310,a,1046,10
17232,93312,little,1046,10
17233,93320,on,1046,10
17234,93323,the,1046,10
17235,93327,bike,1046,10
17236,93332,while,1046,10
17237,93338,Mimi,1046,10
17238,93343,laughs,1046,10
17239,93350,at,1046,10
17240,93353,his,1046,10
17241,93357,struggle,1046,10
17242,93367,They,1046,10
17243,93372,look,1046,10
17244,93378,relaxed,1046,10
17245,93386,and,1046,10
17246,93390,happy,1046,10
17247,93397,This,1046,10
17248,93402,is,1046,10
17249,93405,intercut,1046,10
17250,93414,with,1046,10
17251,93419,Tani,1046,10
17252,93424,s,1046,10
17253,93426,running,1046,10
17254,93434,feet,1046,10
17255,93441,We,1046,10
17256,93444,hear,1046,10
17257,93449,her,1046,10
17258,93453,call,1046,10
17259,93458,out,1046,10
17260,93462,to,1046,10
17261,93465,Fluffy,1046,10
17262,93473,CUT,1047,10
17263,93477,TO,1047,10
17264,93481,81,1048,10
17265,93485,INT,1049,10
17266,93490,BONNIE,1049,10
17267,93497,S,1049,10
17268,93499,ROOM,1049,10
17269,93505,DAY120,1049,10
17270,93512,120,1049,10
17271,93516,Bonnie,1050,10
17272,93523,opens,1050,10
17273,93529,her,1050,10
17274,93533,eyes,1050,10
17275,93538,with,1050,10
17276,93543,a,1050,10
17277,93545,start,1050,10
17278,93552,She,1050,10
17279,93556,sits,1050,10
17280,93561,up,1050,10
17281,93564,and,1050,10
17282,93568,feels,1050,10
17283,93574,a,1050,10
17284,93577,chill,1050,10
17285,93583,in,1050,10
17286,93586,the,1050,10
17287,93590,air,1050,10
17288,93596,CUT,1051,10
17289,93600,TO,1051,10
17290,93604,OMITTED121,1052,10
17291,93615,121,1052,10
17292,93619,INT,1053,10
17293,93624,KITCHEN,1053,10
17294,93633,DAY,1053,10
17295,93637,122,1053,10
17296,93641,122,1053,10
17297,93645,Manjari,1054,10
17298,93653,is,1054,10
17299,93656,putting,1054,10
17300,93664,away,1054,10
17301,93669,dishes,1054,10
17302,93676,in,1054,10
17303,93679,the,1054,10
17304,93683,cabinet,1054,10
17305,93692,Bonnie,1054,10
17306,93699,walks,1054,10
17307,93706,in,1054,10
17308,93709,and,1054,10
17309,93713,fills,1054,10
17310,93719,a,1054,10
17311,93721,kettle,1054,10
17312,93728,with,1054,10
17313,93733,water,1054,10
17314,93739,at,1054,10
17315,93742,the,1054,10
17316,93746,sink,1054,10
17317,93754,BONNIE,1055,10
17318,93762,Manjari,1055,10
17319,93771,Tani,1055,10
17320,93776,kahan,1055,10
17321,93782,hain,1055,10
17322,93788,MANJARI,1056,10
17323,93796,Bahar,1056,10
17324,93802,pilla,1056,10
17325,93808,ke,1056,10
17326,93811,saath,1056,10
17327,93817,khel,1056,10
17328,93822,raha,1056,10
17329,93827,tha,1056,10
17330,93832,Bonnie,1056,10
17331,93839,puts,1056,10
17332,93844,the,1056,10
17333,93848,kettle,1056,10
17334,93855,on,1056,10
17335,93858,the,1056,10
17336,93862,stove,1056,10
17337,93870,BONNIE,1057,10
17338,93878,Chai,1057,10
17339,93883,bahar,1057,10
17340,93889,bhej,1057,10
17341,93894,dena,1057,10
17342,93900,Vikram,1057,10
17343,93907,bhi,1057,10
17344,93912,aaye,1057,10
17345,93917,huye,1057,10
17346,93922,hai,1057,10
17347,93927,Aur,1057,10
17348,93931,Tani,1057,10
17349,93936,ke,1057,10
17350,93939,liye,1057,10
17351,93945,bournvita,1057,10
17352,93956,CUT,1058,10
17353,93960,TO,1058,10
17354,93964,EXT,1059,10
17355,93969,VERANDAH,1059,10
17356,93979,DAY123,1059,10
17357,93986,123,1059,10
17358,93990,Nandu,1060,10
17359,93996,and,1060,10
17360,94000,Vikram,1060,10
17361,94007,are,1060,10
17362,94011,with,1060,10
17363,94016,Uncle,1060,10
17364,94022,at,1060,10
17365,94025,the,1060,10
17366,94029,verandah,1060,10
17367,94039,Vikram,1060,10
17368,94047,stands,1060,10
17369,94054,next,1060,10
17370,94059,to,1060,10
17371,94062,Uncle,1060,10
17372,94068,and,1060,10
17373,94072,observes,1060,10
17374,94081,Uncle,1060,10
17375,94087,s,1060,10
17376,94089,elaborate,1060,10
17377,94099,ritual,1060,10
17378,94108,VIKRAM,1061,10
17379,94115,Smithandweson,1061,10
17380,94129,ka,1061,10
17381,94132,32,1061,10
17382,94136,It,1061,10
17383,94139,s,1061,10
17384,94141,a,1061,10
17385,94144,snubnose,1061,10
17386,94153,uncle,1061,10
17387,94160,Kal,1061,10
17388,94164,leke,1061,10
17389,94169,aaye,1061,10
17390,94176,Target,1061,10
17391,94183,practice,1061,10
17392,94192,ke,1061,10
17393,94195,liye,1061,10
17394,94202,UNCLE,1062,10
17395,94208,Good,1062,10
17396,94213,idea,1062,10
17397,94219,Leke,1062,10
17398,94224,aao,1062,10
17399,94229,Waise,1062,10
17400,94235,uska,1062,10
17401,94241,range,1062,10
17402,94247,10,1062,10
17403,94250,meter,1062,10
17404,94256,se,1062,10
17405,94259,zyaada,1062,10
17406,94266,nahi,1062,10
17407,94271,hoga,1062,10
17408,94278,NANDU,1063,10
17409,94284,Uska,1063,10
17410,94289,10,1063,10
17411,94292,meter,1063,10
17412,94298,range,1063,10
17413,94304,hain,1063,10
17414,94309,aur,1063,10
17415,94313,aapka,1063,10
17416,94320,pata,1063,10
17417,94325,nahi,1063,10
17418,94330,chalege,1063,10
17419,94338,ke,1063,10
17420,94341,bhi,1063,10
17421,94345,nahi,1063,10
17422,94351,Kar,1063,10
17423,94356,lo,1063,10
17424,94359,target,1063,10
17425,94366,practice,1063,10
17426,94377,OMITTED123,1064,10
17427,94388,CONTINUES,1064,10
17428,94398,INTO,1064,10
17429,94403,125,1064,10
17430,94407,124,1064,10
17431,94411,124,1064,10
17432,94415,82,1064,10
17433,94419,EXT,1065,10
17434,94424,VERANDAH,1065,10
17435,94434,DAY125,1065,10
17436,94441,125,1065,10
17437,94445,Aunty,1066,10
17438,94451,comes,1066,10
17439,94457,up,1066,10
17440,94460,to,1066,10
17441,94463,the,1066,10
17442,94467,verandah,1066,10
17443,94476,after,1066,10
17444,94482,talking,1066,10
17445,94490,to,1066,10
17446,94493,the,1066,10
17447,94498,labourers,1066,10
17448,94510,AUNTY,1067,10
17449,94516,Vikram,1067,10
17450,94523,beta,1067,10
17451,94529,Good,1067,10
17452,94534,you,1067,10
17453,94538,re,1067,10
17454,94541,here,1067,10
17455,94547,Yeh,1067,10
17456,94552,majdoor,1067,10
17457,94560,log,1067,10
17458,94564,mujhe,1067,10
17459,94570,pagal,1067,10
17460,94576,kar,1067,10
17461,94580,rahe,1067,10
17462,94586,hain,1067,10
17463,94592,Everyday,1067,10
17464,94601,they,1067,10
17465,94606,come,1067,10
17466,94611,late,1067,10
17467,94617,if,1067,10
17468,94621,they,1067,10
17469,94626,come,1067,10
17470,94631,at,1067,10
17471,94634,all,1067,10
17472,94639,VIKRAM,1068,10
17473,94646,They,1068,10
17474,94651,are,1068,10
17475,94655,all,1068,10
17476,94659,like,1068,10
17477,94664,this,1068,10
17478,94669,Aunty,1068,10
17479,94676,I,1068,10
17480,94678,ll,1068,10
17481,94682,have,1068,10
17482,94687,a,1068,10
17483,94689,word,1068,10
17484,94694,with,1068,10
17485,94699,the,1068,10
17486,94703,thekedar,1068,10
17487,94713,Bonnie,1068,10
17488,94720,comes,1068,10
17489,94726,out,1068,10
17490,94730,to,1068,10
17491,94733,the,1068,10
17492,94737,verandah,1068,10
17493,94746,and,1068,10
17494,94750,holds,1068,10
17495,94756,the,1068,10
17496,94760,mesh,1068,10
17497,94765,door,1068,10
17498,94770,open,1068,10
17499,94776,for,1068,10
17500,94780,Manjari,1068,10
17501,94789,BONNIE,1069,10
17502,94796,Baaki,1069,10
17503,94802,sab,1069,10
17504,94806,ko,1069,10
17505,94809,bulaado,1069,10
17506,94818,Chai,1069,10
17507,94823,thanda,1069,10
17508,94831,ho,1069,10
17509,94834,jayega,1069,10
17510,94842,Manjari,1069,10
17511,94850,sets,1069,10
17512,94855,the,1069,10
17513,94859,tea,1069,10
17514,94863,tray,1069,10
17515,94868,down,1069,10
17516,94873,on,1069,10
17517,94876,the,1069,10
17518,94880,table,1069,10
17519,94886,and,1069,10
17520,94890,goes,1069,10
17521,94895,inside,1069,10
17522,94905,Everyone,1069,10
17523,94914,picks,1069,10
17524,94920,up,1069,10
17525,94923,a,1069,10
17526,94925,cup,1069,10
17527,94929,of,1069,10
17528,94932,tea,1069,10
17529,94939,BONNIE,1070,10
17530,94947,CONT,1070,10
17531,94952,D,1070,10
17532,94955,This,1070,10
17533,94960,is,1070,10
17534,94963,the,1070,10
17535,94967,tea,1070,10
17536,94971,that,1070,10
17537,94976,Purnima,1070,10
17538,94984,got,1070,10
17539,94989,last,1070,10
17540,94994,night,1070,10
17541,95001,Such,1070,10
17542,95006,a,1070,10
17543,95008,lovely,1070,10
17544,95015,aroma,1070,10
17545,95024,AUNTY,1071,10
17546,95031,noticing,1071,10
17547,95040,Brian,1071,10
17548,95046,walking,1071,10
17549,95054,in,1071,10
17550,95058,through,1071,10
17551,95066,the,1071,10
17552,95070,gate,1071,10
17553,95076,Isn,1071,10
17554,95080,t,1071,10
17555,95082,that,1071,10
17556,95087,Brian,1071,10
17557,95094,Manjari,1071,10
17558,95102,ek,1071,10
17559,95105,aur,1071,10
17560,95110,chai,1071,10
17561,95116,BONNIE,1072,10
17562,95124,What,1072,10
17563,95129,s,1072,10
17564,95131,that,1072,10
17565,95136,in,1072,10
17566,95139,his,1072,10
17567,95143,hand,1072,10
17568,95149,Isn,1072,10
17569,95153,t,1072,10
17570,95155,that,1072,10
17571,95161,Fluffy,1072,10
17572,95169,Brian,1072,10
17573,95175,comes,1072,10
17574,95181,up,1072,10
17575,95184,to,1072,10
17576,95187,the,1072,10
17577,95191,verandah,1072,10
17578,95200,steps,1072,10
17579,95206,with,1072,10
17580,95211,Fluffy,1072,10
17581,95218,in,1072,10
17582,95221,his,1072,10
17583,95225,arms,1072,10
17584,95232,His,1072,10
17585,95236,own,1072,10
17586,95240,dog,1072,10
17587,95245,Fluffy,1072,10
17588,95252,s,1072,10
17589,95254,mother,1072,10
17590,95262,follows,1072,10
17591,95270,at,1072,10
17592,95273,his,1072,10
17593,95277,heels,1072,10
17594,95285,BRIAN,1073,10
17595,95291,Hey,1073,10
17596,95296,You,1073,10
17597,95300,guys,1073,10
17598,95305,want,1073,10
17599,95310,to,1073,10
17600,95313,keep,1073,10
17601,95318,this,1073,10
17602,95324,bugger,1073,10
17603,95331,or,1073,10
17604,95334,not,1073,10
17605,95339,This,1073,10
17606,95344,fellow,1073,10
17607,95351,keeps,1073,10
17608,95358,coming,1073,10
17609,95365,back,1073,10
17610,95370,to,1073,10
17611,95373,his,1073,10
17612,95377,mom,1073,10
17613,95381,all,1073,10
17614,95385,the,1073,10
17615,95390,time,1073,10
17616,95399,BONNIE,1074,10
17617,95407,But,1074,10
17618,95411,I,1074,10
17619,95413,thought,1074,10
17620,95421,Tani,1074,10
17621,95426,was,1074,10
17622,95430,playing,1074,10
17623,95438,with,1074,10
17624,95444,Fluffy,1074,10
17625,95452,She,1074,10
17626,95456,s,1074,10
17627,95458,not,1074,10
17628,95462,with,1074,10
17629,95467,you,1074,10
17630,95472,BRIAN,1075,10
17631,95478,No,1075,10
17632,95482,I,1075,10
17633,95484,found,1075,10
17634,95490,him,1075,10
17635,95494,in,1075,10
17636,95497,the,1075,10
17637,95501,garden,1075,10
17638,95508,with,1075,10
17639,95514,his,1075,10
17640,95518,mother,1075,10
17641,95527,Manjari,1075,10
17642,95535,comes,1075,10
17643,95541,and,1075,10
17644,95545,stands,1075,10
17645,95552,at,1075,10
17646,95555,the,1075,10
17647,95559,door,1075,10
17648,95566,83,1075,10
17649,95570,MANJARI,1076,10
17650,95578,Ghar,1076,10
17651,95583,pe,1076,10
17652,95586,aur,1076,10
17653,95590,koi,1076,10
17654,95594,nahi,1076,10
17655,95599,hain,1076,10
17656,95607,BONNIE,1077,10
17657,95616,Getting,1077,10
17658,95624,up,1077,10
17659,95628,Koi,1077,10
17660,95632,nahi,1077,10
17661,95637,hain,1077,10
17662,95642,matlab,1077,10
17663,95650,Mimi,1077,10
17664,95655,room,1077,10
17665,95661,mein,1077,10
17666,95666,nahi,1077,10
17667,95671,hain,1077,10
17668,95677,Tani,1077,10
17669,95683,Bonnie,1077,10
17670,95690,goes,1077,10
17671,95695,inside,1077,10
17672,95702,to,1077,10
17673,95705,check,1077,10
17674,95712,Maniya,1077,10
17675,95719,cycles,1077,10
17676,95726,in,1077,10
17677,95729,from,1077,10
17678,95734,the,1077,10
17679,95738,gate,1077,10
17680,95745,NANDU,1078,10
17681,95751,Arrey,1078,10
17682,95757,she,1078,10
17683,95761,must,1078,10
17684,95766,be,1078,10
17685,95769,with,1078,10
17686,95774,Shutu,1078,10
17687,95782,UNCLE,1079,10
17688,95788,Abh,1079,10
17689,95792,thand,1079,10
17690,95798,bhi,1079,10
17691,95802,lag,1079,10
17692,95806,rahi,1079,10
17693,95811,hain,1079,10
17694,95818,AUNTY,1080,10
17695,95826,Maniya,1080,10
17696,95834,Shutu,1080,10
17697,95840,aur,1080,10
17698,95844,Tani,1080,10
17699,95849,ko,1080,10
17700,95852,dekha,1080,10
17701,95859,hain,1080,10
17702,95865,MANIYA,1081,10
17703,95872,Nahi,1081,10
17704,95878,AUNTY,1082,10
17705,95884,Usko,1082,10
17706,95889,jaake,1082,10
17707,95895,puchon,1082,10
17708,95902,kuch,1082,10
17709,95907,dekha,1082,10
17710,95913,hain,1082,10
17711,95919,ki,1082,10
17712,95922,nahi,1082,10
17713,95930,Indicating,1082,10
17714,95941,a,1082,10
17715,95943,passing,1082,10
17716,95952,labourer,1082,10
17717,95962,CUT,1083,10
17718,95966,TO,1083,10
17719,95970,EXT,1084,10
17720,95975,DRIVEWAY,1084,10
17721,95985,DAY125,1084,10
17722,95992,Pt,1084,10
17723,95995,1,1084,10
17724,95997,125,1084,10
17725,96001,Pt,1084,10
17726,96004,1,1084,10
17727,96006,Maniya,1085,10
17728,96013,goes,1085,10
17729,96018,up,1085,10
17730,96021,to,1085,10
17731,96024,the,1085,10
17732,96028,labourer,1085,10
17733,96038,MANIYA,1086,10
17734,96045,Yaha,1086,10
17735,96050,se,1086,10
17736,96053,koi,1086,10
17737,96057,gaya,1086,10
17738,96062,tha,1086,10
17739,96067,The,1086,10
17740,96071,labourer,1086,10
17741,96080,gives,1086,10
17742,96086,a,1086,10
17743,96088,vague,1086,10
17744,96094,look,1086,10
17745,96101,MANIYA,1087,10
17746,96109,CONT,1087,10
17747,96114,D,1087,10
17748,96117,Kisi,1087,10
17749,96122,ko,1087,10
17750,96125,dekha,1087,10
17751,96131,gate,1087,10
17752,96136,se,1087,10
17753,96139,nikalte,1087,10
17754,96147,hue,1087,10
17755,96152,LABOURER,1088,10
17756,96162,Ek,1088,10
17757,96165,motorcycle,1088,10
17758,96176,gaya,1088,10
17759,96181,tha,1088,10
17760,96187,CUT,1089,10
17761,96191,TO,1089,10
17762,96195,EXT,1090,10
17763,96200,VERANDAH,1090,10
17764,96210,DAY125,1090,10
17765,96217,Pt,1090,10
17766,96220,2,1090,10
17767,96222,125,1090,10
17768,96226,Pt,1090,10
17769,96229,2,1090,10
17770,96231,Bonnie,1091,10
17771,96238,has,1091,10
17772,96242,come,1091,10
17773,96247,back,1091,10
17774,96252,out,1091,10
17775,96258,AUNTY,1092,10
17776,96264,Motorcycle,1092,10
17777,96275,pe,1092,10
17778,96279,84,1092,10
17779,96283,BONNIE,1093,10
17780,96290,Motorcycle,1093,10
17781,96301,pe,1093,10
17782,96304,kaun,1093,10
17783,96309,gaya,1093,10
17784,96315,Tani,1093,10
17785,96320,saath,1093,10
17786,96327,mein,1093,10
17787,96332,thi,1093,10
17788,96337,Nandu,1093,10
17789,96343,looks,1093,10
17790,96349,at,1093,10
17791,96352,him,1093,10
17792,96356,surprised,1093,10
17793,96367,gets,1093,10
17794,96372,up,1093,10
17795,96375,and,1093,10
17796,96379,goes,1093,10
17797,96384,to,1093,10
17798,96387,check,1093,10
17799,96396,VIKRAM,1094,10
17800,96403,Mimi,1094,10
17801,96408,has,1094,10
17802,96412,also,1094,10
17803,96417,gone,1094,10
17804,96422,with,1094,10
17805,96427,them,1094,10
17806,96433,BONNIE,1095,10
17807,96440,She,1095,10
17808,96444,s,1095,10
17809,96446,nowhere,1095,10
17810,96454,to,1095,10
17811,96457,be,1095,10
17812,96460,seen,1095,10
17813,96465,either,1095,10
17814,96474,EXT,1096,10
17815,96479,MCCLUSKIEGUNJ,1096,10
17816,96493,HOUSE,1096,10
17817,96501,SIDE,1096,10
17818,96508,DUSK125,1096,10
17819,96517,A,1096,10
17820,96519,125,1096,10
17821,96524,A,1096,10
17822,96526,We,1097,10
17823,96529,follow,1097,10
17824,96536,Nandu,1097,10
17825,96542,to,1097,10
17826,96545,the,1097,10
17827,96549,side,1097,10
17828,96554,of,1097,10
17829,96557,the,1097,10
17830,96561,house,1097,10
17831,96568,He,1097,10
17832,96571,finds,1097,10
17833,96577,the,1097,10
17834,96582,motorcycle,1097,10
17835,96593,is,1097,10
17836,96596,missing,1097,10
17837,96605,AUNTY,1098,10
17838,96612,O,1098,10
17839,96614,C,1098,10
17840,96618,They,1098,10
17841,96623,re,1098,10
17842,96626,here,1098,10
17843,96632,EXT,1099,10
17844,96637,MCCLUSKIEGUNJ,1099,10
17845,96651,HOUSE,1099,10
17846,96659,DRIVEWAY,1099,10
17847,96669,DUSK125,1099,10
17848,96678,B,1099,10
17849,96680,125,1099,10
17850,96685,B,1099,10
17851,96687,Nandu,1100,10
17852,96693,runs,1100,10
17853,96698,back,1100,10
17854,96703,to,1100,10
17855,96706,see,1100,10
17856,96710,the,1100,10
17857,96714,motorcycle,1100,10
17858,96725,entering,1100,10
17859,96734,the,1100,10
17860,96738,driveway,1100,10
17861,96748,with,1100,10
17862,96753,Shutu,1100,10
17863,96759,riding,1100,10
17864,96766,and,1100,10
17865,96770,Mimi,1100,10
17866,96775,s,1100,10
17867,96777,arms,1100,10
17868,96782,around,1100,10
17869,96789,him,1100,10
17870,96794,They,1100,10
17871,96799,look,1100,10
17872,96805,dishevelled,1100,10
17873,96817,and,1100,10
17874,96821,relaxed,1100,10
17875,96830,till,1100,10
17876,96835,they,1100,10
17877,96840,realize,1100,10
17878,96848,that,1100,10
17879,96853,everyone,1100,10
17880,96862,s,1100,10
17881,96865,attention,1100,10
17882,96875,is,1100,10
17883,96878,on,1100,10
17884,96881,them,1100,10
17885,96889,Shutu,1100,10
17886,96895,halts,1100,10
17887,96901,the,1100,10
17888,96905,motorcycle,1100,10
17889,96916,a,1100,10
17890,96918,little,1100,10
17891,96925,away,1100,10
17892,96930,from,1100,10
17893,96935,them,1100,10
17894,96940,and,1100,10
17895,96944,Mimi,1100,10
17896,96950,gets,1100,10
17897,96955,off,1100,10
17898,96961,NANDU,1101,10
17899,96967,Where,1101,10
17900,96973,were,1101,10
17901,96978,you,1101,10
17902,96982,guys,1101,10
17903,96988,BONNIE,1102,10
17904,96996,Tani,1102,10
17905,97001,is,1102,10
17906,97004,not,1102,10
17907,97008,with,1102,10
17908,97013,you,1102,10
17909,97018,Shutu,1102,10
17910,97024,looks,1102,10
17911,97030,around,1102,10
17912,97037,and,1102,10
17913,97041,takes,1102,10
17914,97047,it,1102,10
17915,97050,all,1102,10
17916,97054,in,1102,10
17917,97059,SHUTU,1103,10
17918,97066,In,1103,10
17919,97069,a,1103,10
17920,97071,small,1103,10
17921,97077,voice,1103,10
17922,97084,No,1103,10
17923,97088,BONNIE,1104,10
17924,97096,You,1104,10
17925,97100,didn,1104,10
17926,97105,t,1104,10
17927,97107,take,1104,10
17928,97112,Tani,1104,10
17929,97117,with,1104,10
17930,97122,you,1104,10
17931,97127,SHUTU,1105,10
17932,97134,Scared,1105,10
17933,97142,No,1105,10
17934,97146,MIMI,1106,10
17935,97151,What,1106,10
17936,97156,happened,1106,10
17937,97167,Bonnie,1106,10
17938,97174,ignores,1106,10
17939,97182,Mimi,1106,10
17940,97188,BONNIE,1107,10
17941,97195,Then,1107,10
17942,97200,where,1107,10
17943,97206,is,1107,10
17944,97209,she,1107,10
17945,97214,85,1107,10
17946,97218,NANDU,1108,10
17947,97224,Did,1108,10
17948,97228,you,1108,10
17949,97232,see,1108,10
17950,97236,her,1108,10
17951,97240,before,1108,10
17952,97247,leaving,1108,10
17953,97257,Where,1108,10
17954,97263,was,1108,10
17955,97267,she,1108,10
17956,97272,Mimi,1108,10
17957,97277,walks,1108,10
17958,97283,towards,1108,10
17959,97291,the,1108,10
17960,97295,verandah,1108,10
17961,97306,EXT,1109,10
17962,97311,MCCLUSKIEGUNJ,1109,10
17963,97325,HOUSE,1109,10
17964,97333,VERANDAH,1109,10
17965,97343,DUSK,1109,10
17966,97348,125,1109,10
17967,97352,c,1109,10
17968,97354,125,1109,10
17969,97358,c,1109,10
17970,97360,Brian,1110,10
17971,97366,comes,1110,10
17972,97372,out,1110,10
17973,97376,from,1110,10
17974,97381,inside,1110,10
17975,97388,the,1110,10
17976,97392,house,1110,10
17977,97400,BRIAN,1111,10
17978,97406,Listen,1111,10
17979,97413,Vikram,1111,10
17980,97421,she,1111,10
17981,97425,s,1111,10
17982,97427,not,1111,10
17983,97431,in,1111,10
17984,97434,the,1111,10
17985,97439,house,1111,10
17986,97447,MIMI,1112,10
17987,97453,To,1112,10
17988,97456,Vikram,1112,10
17989,97464,What,1112,10
17990,97469,happened,1112,10
17991,97479,Where,1112,10
17992,97485,s,1112,10
17993,97487,Tani,1112,10
17994,97493,Vikram,1112,10
17995,97500,ignores,1112,10
17996,97508,her,1112,10
17997,97514,MIMI,1113,10
17998,97520,CONT,1113,10
17999,97525,D,1113,10
18000,97528,You,1113,10
18001,97532,guys,1113,10
18002,97537,checked,1113,10
18003,97545,the,1113,10
18004,97549,whole,1113,10
18005,97555,house,1113,10
18006,97562,VIKRAM,1114,10
18007,97569,Obviously,1114,10
18008,97580,we,1114,10
18009,97583,ve,1114,10
18010,97586,checked,1114,10
18011,97594,the,1114,10
18012,97598,whole,1114,10
18013,97605,fucking,1114,10
18014,97613,house,1114,10
18015,97620,I,1114,10
18016,97622,can,1114,10
18017,97626,t,1114,10
18018,97628,believe,1114,10
18019,97637,Shutu,1114,10
18020,97643,and,1114,10
18021,97647,you,1114,10
18022,97651,just,1114,10
18023,97656,went,1114,10
18024,97661,off,1114,10
18025,97665,with,1114,10
18026,97670,my,1114,10
18027,97674,bike,1114,10
18028,97681,MIMI,1115,10
18029,97686,I,1115,10
18030,97688,wanted,1115,10
18031,97695,to,1115,10
18032,97698,ride,1115,10
18033,97703,the,1115,10
18034,97707,bike,1115,10
18035,97713,Vikram,1115,10
18036,97722,AUNTY,1116,10
18037,97728,You,1116,10
18038,97732,could,1116,10
18039,97738,ve,1116,10
18040,97741,just,1116,10
18041,97746,informed,1116,10
18042,97755,us,1116,10
18043,97758,if,1116,10
18044,97762,you,1116,10
18045,97766,two,1116,10
18046,97770,wanted,1116,10
18047,97777,to,1116,10
18048,97780,go,1116,10
18049,97783,out,1116,10
18050,97789,EXT,1117,10
18051,97794,MCCLUSKIEGUNJ,1117,10
18052,97808,HOUSE,1117,10
18053,97816,DRIVEWAY,1117,10
18054,97826,DUSK125,1117,10
18055,97836,D,1117,10
18056,97838,125,1117,10
18057,97844,D,1117,10
18058,97846,BONNIE,1118,10
18059,97854,Hysterical,1118,10
18060,97866,Why,1118,10
18061,97870,didn,1118,10
18062,97875,t,1118,10
18063,97877,you,1118,10
18064,97881,take,1118,10
18065,97886,her,1118,10
18066,97890,with,1118,10
18067,97895,you,1118,10
18068,97900,SHUTU,1119,10
18069,97907,No,1119,10
18070,97913,we,1119,10
18071,97917,I,1119,10
18072,97919,mean,1119,10
18073,97927,I,1119,10
18074,97929,didn,1119,10
18075,97934,t,1119,10
18076,97936,want,1119,10
18077,97942,to,1119,10
18078,97945,take,1119,10
18079,97950,her,1119,10
18080,97954,without,1119,10
18081,97962,asking,1119,10
18082,97969,you,1119,10
18083,97974,so,1119,10
18084,97981,NANDU,1120,10
18085,97988,Shutu,1120,10
18086,97995,Where,1120,10
18087,98001,did,1120,10
18088,98005,you,1120,10
18089,98009,see,1120,10
18090,98013,her,1120,10
18091,98017,last,1120,10
18092,98023,SHUTU,1121,10
18093,98030,She,1121,10
18094,98037,she,1121,10
18095,98041,was,1121,10
18096,98045,at,1121,10
18097,98048,home,1121,10
18098,98054,Playing,1121,10
18099,98063,with,1121,10
18100,98068,Fluffy,1121,10
18101,98076,NANDU,1122,10
18102,98082,Okay,1122,10
18103,98087,but,1122,10
18104,98091,where,1122,10
18105,98098,86,1122,10
18106,98102,SHUTU,1123,10
18107,98108,Towards,1123,10
18108,98116,the,1123,10
18109,98120,back,1123,10
18110,98127,Shutu,1123,10
18111,98133,puts,1123,10
18112,98138,the,1123,10
18113,98142,bike,1123,10
18114,98147,stand,1123,10
18115,98154,struggling,1123,10
18116,98165,with,1123,10
18117,98170,it,1123,10
18118,98173,a,1123,10
18119,98175,little,1123,10
18120,98183,EXT,1124,10
18121,98188,MCCLUSKIEGUNJ,1124,10
18122,98202,HOUSE,1124,10
18123,98210,VERANDAH,1124,10
18124,98220,DUSK,1124,10
18125,98225,125,1124,10
18126,98231,E,1124,10
18127,98233,125,1124,10
18128,98239,E,1124,10
18129,98241,AUNTY,1125,10
18130,98248,To,1125,10
18131,98251,Uncle,1125,10
18132,98258,Aap,1125,10
18133,98262,toh,1125,10
18134,98266,yahi,1125,10
18135,98271,the,1125,10
18136,98275,na,1125,10
18137,98279,Aapne,1125,10
18138,98285,dekha,1125,10
18139,98292,nahi,1125,10
18140,98298,Uncle,1125,10
18141,98304,gives,1125,10
18142,98310,Aunty,1125,10
18143,98316,a,1125,10
18144,98318,vague,1125,10
18145,98324,look,1125,10
18146,98331,NANDU,1126,10
18147,98337,Maniya,1126,10
18148,98345,pichein,1126,10
18149,98353,theek,1126,10
18150,98359,se,1126,10
18151,98362,jaakar,1126,10
18152,98370,dekho,1126,10
18153,98377,Tub,1126,10
18154,98381,ke,1126,10
18155,98384,pass,1126,10
18156,98391,Maniya,1126,10
18157,98398,goes,1126,10
18158,98403,off,1126,10
18159,98407,to,1126,10
18160,98410,check,1126,10
18161,98416,the,1126,10
18162,98420,backyard,1126,10
18163,98431,AUNTY,1127,10
18164,98438,To,1127,10
18165,98441,Uncle,1127,10
18166,98448,Come,1127,10
18167,98453,let,1127,10
18168,98457,s,1127,10
18169,98459,go,1127,10
18170,98462,inside,1127,10
18171,98470,it,1127,10
18172,98473,s,1127,10
18173,98475,getting,1127,10
18174,98484,dark,1127,10
18175,98489,now,1127,10
18176,98494,You,1127,10
18177,98498,can,1127,10
18178,98502,do,1127,10
18179,98505,this,1127,10
18180,98510,tomorrow,1127,10
18181,98521,Uncle,1127,10
18182,98527,starts,1127,10
18183,98534,to,1127,10
18184,98537,pack,1127,10
18185,98542,his,1127,10
18186,98546,tool,1127,10
18187,98551,kit,1127,10
18188,98555,and,1127,10
18189,98559,Aunty,1127,10
18190,98565,goes,1127,10
18191,98570,to,1127,10
18192,98573,help,1127,10
18193,98578,him,1127,10
18194,98584,As,1127,10
18195,98587,they,1127,10
18196,98592,proceed,1127,10
18197,98601,the,1127,10
18198,98605,verandah,1127,10
18199,98614,is,1127,10
18200,98617,getting,1127,10
18201,98625,dark,1127,10
18202,98631,The,1127,10
18203,98635,lights,1127,10
18204,98643,have,1127,10
18205,98648,been,1127,10
18206,98653,switched,1127,10
18207,98662,on,1127,10
18208,98665,inside,1127,10
18209,98673,We,1127,10
18210,98676,can,1127,10
18211,98680,hear,1127,10
18212,98685,voices,1127,10
18213,98692,calling,1127,10
18214,98700,out,1127,10
18215,98705,for,1127,10
18216,98709,Tani,1127,10
18217,98715,Two,1127,10
18218,98719,cups,1127,10
18219,98724,of,1127,10
18220,98727,tea,1127,10
18221,98731,and,1127,10
18222,98735,a,1127,10
18223,98737,glass,1127,10
18224,98743,of,1127,10
18225,98746,Bournvita,1127,10
18226,98756,remain,1127,10
18227,98764,untouched,1127,10
18228,98775,The,1127,10
18229,98779,coloring,1127,10
18230,98788,paper,1127,10
18231,98794,flies,1127,10
18232,98800,away,1127,10
18233,98805,from,1127,10
18234,98810,the,1127,10
18235,98814,edge,1127,10
18236,98819,of,1127,10
18237,98822,the,1127,10
18238,98827,verandah,1127,10
18239,98836,in,1127,10
18240,98839,the,1127,10
18241,98843,background,1127,10
18242,98856,CUT,1128,10
18243,98860,TO,1128,10
18244,98864,INT,1129,10
18245,98868,EXT,1129,10
18246,98873,MCCLUSKIEGUNJ,1129,10
18247,98887,HOUSE,1129,10
18248,98894,NIGHT,1129,10
18249,98900,126,1129,10
18250,98904,126,1129,10
18251,98908,Shutu,1130,10
18252,98914,looks,1130,10
18253,98920,under,1130,10
18254,98926,the,1130,10
18255,98930,bed,1130,10
18256,98934,in,1130,10
18257,98937,his,1130,10
18258,98941,own,1130,10
18259,98945,room,1130,10
18260,98952,Mimi,1130,10
18261,98957,opens,1130,10
18262,98963,a,1130,10
18263,98965,cupboard,1130,10
18264,98974,and,1130,10
18265,98978,looks,1130,10
18266,98984,inside,1130,10
18267,98993,Brian,1130,10
18268,98999,searches,1130,10
18269,99008,the,1130,10
18270,99012,front,1130,10
18271,99018,lawns,1130,10
18272,99024,with,1130,10
18273,99029,a,1130,10
18274,99031,torch,1130,10
18275,99038,Manjari,1130,10
18276,99046,shines,1130,10
18277,99053,the,1130,10
18278,99057,lantern,1130,10
18279,99065,on,1130,10
18280,99068,the,1130,10
18281,99072,abandoned,1130,10
18282,99082,bathtub,1130,10
18283,99092,Maniya,1130,10
18284,99099,looks,1130,10
18285,99105,inside,1130,10
18286,99112,the,1130,10
18287,99116,store,1130,10
18288,99122,room,1130,10
18289,99130,CUT,1131,10
18290,99134,TO,1131,10
18291,99138,INT,1132,11
18292,99143,LIVING,1132,11
18293,99150,ROOM,1132,11
18294,99156,NIGHT127,1132,11
18295,99165,127,1132,11
18296,99169,Bonnie,1133,11
18297,99176,enters,1133,11
18298,99183,from,1133,11
18299,99188,the,1133,11
18300,99192,corridor,1133,11
18301,99201,and,1133,11
18302,99205,frantically,1133,11
18303,99217,searches,1133,11
18304,99226,the,1133,11
18305,99231,room,1133,11
18306,99236,before,1133,11
18307,99243,going,1133,11
18308,99249,outside,1133,11
18309,99257,again,1133,11
18310,99264,Uncle,1133,11
18311,99270,sits,1133,11
18312,99275,at,1133,11
18313,99278,the,1133,11
18314,99282,dining,1133,11
18315,99290,table,1133,11
18316,99297,putting,1133,11
18317,99305,his,1133,11
18318,99309,tool,1133,11
18319,99314,kit,1133,11
18320,99318,away,1133,11
18321,99323,while,1133,11
18322,99329,observing,1133,11
18323,99339,the,1133,11
18324,99343,frenzy,1133,11
18325,99351,around,1133,11
18326,99358,him,1133,11
18327,99364,87,1133,11
18328,99368,UNCLE,1134,11
18329,99374,Iss,1134,11
18330,99378,ghar,1134,11
18331,99383,mein,1134,11
18332,99388,itne,1134,11
18333,99393,logon,1134,11
18334,99399,ke,1134,11
18335,99402,beech,1134,11
18336,99409,mein,1134,11
18337,99415,ek,1134,11
18338,99418,bachchi,1134,11
18339,99426,gayab,1134,11
18340,99432,ho,1134,11
18341,99435,jaati,1134,11
18342,99442,hain,1134,11
18343,99448,aur,1134,11
18344,99452,kisi,1134,11
18345,99457,ko,1134,11
18346,99460,pata,1134,11
18347,99465,bhi,1134,11
18348,99469,nahi,1134,11
18349,99475,chalta,1134,11
18350,99483,Nandu,1134,11
18351,99489,enters,1134,11
18352,99496,the,1134,11
18353,99500,room,1134,11
18354,99505,to,1134,11
18355,99508,change,1134,11
18356,99515,the,1134,11
18357,99519,batteries,1134,11
18358,99529,of,1134,11
18359,99532,the,1134,11
18360,99536,torch,1134,11
18361,99545,Bonnie,1134,11
18362,99552,comes,1134,11
18363,99558,back,1134,11
18364,99563,in,1134,11
18365,99566,and,1134,11
18366,99570,looks,1134,11
18367,99576,behind,1134,11
18368,99583,the,1134,11
18369,99587,cabinets,1134,11
18370,99597,under,1134,11
18371,99603,the,1134,11
18372,99608,tables,1134,11
18373,99615,and,1134,11
18374,99619,in,1134,11
18375,99622,the,1134,11
18376,99626,process,1134,11
18377,99634,almost,1134,11
18378,99641,knocks,1134,11
18379,99648,off,1134,11
18380,99652,a,1134,11
18381,99654,vase,1134,11
18382,99661,CUT,1135,11
18383,99665,TO,1135,11
18384,99669,INT,1136,11
18385,99674,SHUTU,1136,11
18386,99680,S,1136,11
18387,99682,ROOM,1136,11
18388,99688,NIGHT,1136,11
18389,99694,128,1136,11
18390,99698,128,1136,11
18391,99702,Shutu,1137,11
18392,99708,goes,1137,11
18393,99713,to,1137,11
18394,99716,check,1137,11
18395,99722,the,1137,11
18396,99726,bathroom,1137,11
18397,99735,and,1137,11
18398,99739,sees,1137,11
18399,99744,the,1137,11
18400,99748,frog,1137,11
18401,99754,The,1137,11
18402,99758,frog,1137,11
18403,99764,is,1137,11
18404,99767,now,1137,11
18405,99771,closer,1137,11
18406,99778,to,1137,11
18407,99781,the,1137,11
18408,99785,door,1137,11
18409,99791,On,1137,11
18410,99794,Shutu,1137,11
18411,99800,s,1137,11
18412,99802,face,1137,11
18413,99808,we,1137,11
18414,99811,hear,1137,11
18415,99816,a,1137,11
18416,99818,sudden,1137,11
18417,99826,loud,1137,11
18418,99831,crash,1137,11
18419,99839,NANDU,1138,11
18420,99846,O,1138,11
18421,99848,C,1138,11
18422,99851,What,1138,11
18423,99856,the,1138,11
18424,99860,hell,1138,11
18425,99865,are,1138,11
18426,99869,you,1138,11
18427,99873,doing,1138,11
18428,99879,Bonnie,1138,11
18429,99888,CUT,1139,11
18430,99892,TO,1139,11
18431,99896,INT,1140,11
18432,99901,LIVING,1140,11
18433,99908,ROOM,1140,11
18434,99914,NIGHT,1140,11
18435,99920,129,1140,11
18436,99924,129,1140,11
18437,99928,NANDU,1141,11
18438,99934,You,1141,11
18439,99938,re,1141,11
18440,99941,just,1141,11
18441,99946,adding,1141,11
18442,99953,to,1141,11
18443,99956,the,1141,11
18444,99960,chaos,1141,11
18445,99968,Sit,1141,11
18446,99972,still,1141,11
18447,99978,in,1141,11
18448,99981,one,1141,11
18449,99985,place,1141,11
18450,99994,BONNIE,1142,11
18451,100002,Shit,1142,11
18452,100008,shit,1142,11
18453,100016,I,1142,11
18454,100018,just,1142,11
18455,100023,didn,1142,11
18456,100028,t,1142,11
18457,100030,see,1142,11
18458,100035,it,1142,11
18459,100041,I,1142,11
18460,100046,I,1142,11
18461,100048,don,1142,11
18462,100052,t,1142,11
18463,100054,know,1142,11
18464,100059,how,1142,11
18465,100065,Bonnie,1142,11
18466,100072,bends,1142,11
18467,100078,down,1142,11
18468,100083,to,1142,11
18469,100086,pick,1142,11
18470,100091,up,1142,11
18471,100094,the,1142,11
18472,100098,broken,1142,11
18473,100105,pieces,1142,11
18474,100112,of,1142,11
18475,100115,a,1142,11
18476,100117,vase,1142,11
18477,100124,Aunty,1142,11
18478,100130,gets,1142,11
18479,100135,up,1142,11
18480,100138,to,1142,11
18481,100141,help,1142,11
18482,100147,Nandu,1142,11
18483,100153,gets,1142,11
18484,100158,increasingly,1142,11
18485,100171,frustrated,1142,11
18486,100182,as,1142,11
18487,100186,the,1142,11
18488,100190,torch,1142,11
18489,100196,doesn,1142,11
18490,100202,t,1142,11
18491,100204,work,1142,11
18492,100209,even,1142,11
18493,100214,with,1142,11
18494,100219,the,1142,11
18495,100223,new,1142,11
18496,100227,batteries,1142,11
18497,100238,AUNTY,1143,11
18498,100244,It,1143,11
18499,100247,s,1143,11
18500,100249,okay,1143,11
18501,100255,Let,1143,11
18502,100259,it,1143,11
18503,100262,be,1143,11
18504,100266,Don,1143,11
18505,100270,t,1143,11
18506,100272,worry,1143,11
18507,100280,Just,1143,11
18508,100285,sit,1143,11
18509,100289,down,1143,11
18510,100297,Picking,1143,11
18511,100305,up,1143,11
18512,100308,the,1143,11
18513,100312,pieces,1143,11
18514,100320,If,1143,11
18515,100323,only,1143,11
18516,100328,you,1143,11
18517,100332,had,1143,11
18518,100336,told,1143,11
18519,100341,me,1143,11
18520,100344,once,1143,11
18521,100350,I,1143,11
18522,100353,would,1143,11
18523,100359,have,1143,11
18524,100364,kept,1143,11
18525,100369,an,1143,11
18526,100372,eye,1143,11
18527,100376,on,1143,11
18528,100379,her,1143,11
18529,100385,BONNIE,1144,11
18530,100393,But,1144,11
18531,100397,Ma,1144,11
18532,100401,you,1144,11
18533,100405,were,1144,11
18534,100410,sleeping,1144,11
18535,100419,yourself,1144,11
18536,100430,AUNTY,1145,11
18537,100436,Yes,1145,11
18538,100441,Because,1145,11
18539,100449,no,1145,11
18540,100452,body,1145,11
18541,100457,told,1145,11
18542,100462,me,1145,11
18543,100465,the,1145,11
18544,100470,poor,1145,11
18545,100475,girl,1145,11
18546,100480,was,1145,11
18547,100484,going,1145,11
18548,100490,to,1145,11
18549,100493,be,1145,11
18550,100496,left,1145,11
18551,100502,alone,1145,11
18552,100510,BONNIE,1146,11
18553,100517,I,1146,11
18554,100519,don,1146,11
18555,100523,t,1146,11
18556,100525,understand,1146,11
18557,100537,After,1146,11
18558,100543,lunch,1146,11
18559,100550,we,1146,11
18560,100554,came,1146,11
18561,100559,in,1146,11
18562,100562,to,1146,11
18563,100565,lie,1146,11
18564,100569,down,1146,11
18565,100577,she,1146,11
18566,100581,went,1146,11
18567,100586,off,1146,11
18568,100591,looking,1146,11
18569,100599,for,1146,11
18570,100603,Shutu,1146,11
18571,100614,MORE,1147,11
18572,100620,88,1147,11
18573,100624,I,1147,11
18574,100626,thought,1147,11
18575,100634,he,1147,11
18576,100637,ll,1147,11
18577,100640,be,1147,11
18578,100643,with,1147,11
18579,100648,her,1147,11
18580,100653,He,1147,11
18581,100657,didn,1147,11
18582,100662,t,1147,11
18583,100664,even,1147,11
18584,100669,tell,1147,11
18585,100674,me,1147,11
18586,100677,before,1147,11
18587,100684,going,1147,11
18588,100691,NANDU,1148,11
18589,100697,Shutu,1148,11
18590,100703,is,1148,11
18591,100706,a,1148,11
18592,100708,kid,1148,11
18593,100713,okay,1148,11
18594,100719,You,1148,11
18595,100723,can,1148,11
18596,100727,t,1148,11
18597,100729,be,1148,11
18598,100733,counting,1148,11
18599,100742,on,1148,11
18600,100745,him,1148,11
18601,100749,to,1148,11
18602,100752,do,1148,11
18603,100755,your,1148,11
18604,100760,job,1148,11
18605,100765,BONNIE,1149,11
18606,100773,My,1149,11
18607,100776,job,1149,11
18608,100781,He,1149,11
18609,100784,s,1149,11
18610,100786,been,1149,11
18611,100791,with,1149,11
18612,100796,her,1149,11
18613,100800,every,1149,11
18614,100807,day,1149,11
18615,100811,and,1149,11
18616,100815,nobody,1149,11
18617,100822,s,1149,11
18618,100824,ever,1149,11
18619,100829,had,1149,11
18620,100833,a,1149,11
18621,100835,problem,1149,11
18622,100844,with,1149,11
18623,100849,it,1149,11
18624,100852,before,1149,11
18625,100861,NANDU,1150,11
18626,100867,Bonnie,1150,11
18627,100875,just,1150,11
18628,100880,shut,1150,11
18629,100885,up,1150,11
18630,100888,and,1150,11
18631,100892,let,1150,11
18632,100896,me,1150,11
18633,100900,think,1150,11
18634,100907,Brian,1150,11
18635,100913,and,1150,11
18636,100917,Vikram,1150,11
18637,100924,come,1150,11
18638,100929,inside,1150,11
18639,100936,and,1150,11
18640,100940,try,1150,11
18641,100944,to,1150,11
18642,100947,break,1150,11
18643,100953,up,1150,11
18644,100956,the,1150,11
18645,100960,fight,1150,11
18646,100968,BRIAN,1151,11
18647,100974,Guys,1151,11
18648,100980,guys,1151,11
18649,100987,AUNTY,1152,11
18650,100993,Nandu,1152,11
18651,101000,Calm,1152,11
18652,101005,down,1152,11
18653,101012,Turning,1152,11
18654,101020,to,1152,11
18655,101023,Bonnie,1152,11
18656,101031,Bonnie,1152,11
18657,101039,Nandu,1152,11
18658,101045,s,1152,11
18659,101047,right,1152,11
18660,101053,you,1152,11
18661,101057,know,1152,11
18662,101063,Shutu,1152,11
18663,101069,s,1152,11
18664,101071,not,1152,11
18665,101075,been,1152,11
18666,101080,himself,1152,11
18667,101088,lately,1152,11
18668,101096,He,1152,11
18669,101100,never,1152,11
18670,101106,used,1152,11
18671,101111,to,1152,11
18672,101114,get,1152,11
18673,101118,into,1152,11
18674,101123,fights,1152,11
18675,101133,You,1152,11
18676,101137,know,1152,11
18677,101142,he,1152,11
18678,101145,s,1152,11
18679,101147,failed,1152,11
18680,101154,his,1152,11
18681,101158,final,1152,11
18682,101165,exams,1152,11
18683,101172,Bonnie,1152,11
18684,101179,looks,1152,11
18685,101185,up,1152,11
18686,101188,aghast,1152,11
18687,101197,BONNIE,1153,11
18688,101206,Whispers,1153,11
18689,101216,Failed,1153,11
18690,101224,AUNTY,1154,11
18691,101230,He,1154,11
18692,101233,s,1154,11
18693,101235,been,1154,11
18694,101240,thrown,1154,11
18695,101247,out,1154,11
18696,101251,of,1154,11
18697,101254,the,1154,11
18698,101258,hostel,1154,11
18699,101267,he,1154,11
18700,101270,s,1154,11
18701,101272,lied,1154,11
18702,101277,to,1154,11
18703,101280,his,1154,11
18704,101284,mother,1154,11
18705,101295,Bonnie,1154,11
18706,101302,and,1154,11
18707,101306,Nandu,1154,11
18708,101312,exchange,1154,11
18709,101321,a,1154,11
18710,101323,look,1154,11
18711,101330,CUT,1155,11
18712,101334,TO,1155,11
18713,101338,OMITTED130,1156,11
18714,101349,130,1156,11
18715,101353,OMITTED131,1157,11
18716,101364,131,1157,11
18717,101368,INT,1158,11
18718,101373,CORRIDOR,1158,11
18719,101383,NIGHT132,1158,11
18720,101392,132,1158,11
18721,101396,Shutu,1159,11
18722,101402,stands,1159,11
18723,101409,alone,1159,11
18724,101415,in,1159,11
18725,101418,the,1159,11
18726,101422,corridor,1159,11
18727,101431,outside,1159,11
18728,101440,with,1159,11
18729,101445,his,1159,11
18730,101449,head,1159,11
18731,101455,hung,1159,11
18732,101460,low,1159,11
18733,101465,listening,1159,11
18734,101476,BONNIE,1160,11
18735,101484,CONT'D,1160,11
18736,101492,89,1160,11
18737,101496,AUNTY,1161,11
18738,101503,O,1161,11
18739,101505,C,1161,11
18740,101509,Left,1161,11
18741,101514,her,1161,11
18742,101518,alone,1161,11
18743,101524,in,1161,11
18744,101527,Bardhaman,1161,11
18745,101537,and,1161,11
18746,101542,he,1161,11
18747,101545,s,1161,11
18748,101547,come,1161,11
18749,101552,on,1161,11
18750,101555,this,1161,11
18751,101560,holiday,1161,11
18752,101569,And,1161,11
18753,101573,now,1161,11
18754,101578,this,1161,11
18755,101584,Tell,1161,11
18756,101589,me,1161,11
18757,101593,is,1161,11
18758,101596,this,1161,11
18759,101601,responsible,1161,11
18760,101614,behavior,1161,11
18761,101625,VIKRAM,1162,11
18762,101633,O,1162,11
18763,101635,C,1162,11
18764,101639,Guys,1162,11
18765,101645,guys,1162,11
18766,101651,Let,1162,11
18767,101655,s,1162,11
18768,101657,think,1162,11
18769,101663,clearly,1162,11
18770,101673,CUT,1163,11
18771,101677,TO,1163,11
18772,101681,INT,1164,11
18773,101686,LIVING,1164,11
18774,101693,ROOM,1164,11
18775,101699,NIGHT,1164,11
18776,101705,133,1164,11
18777,101709,133,1164,11
18778,101713,VIKRAM,1165,11
18779,101720,She,1165,11
18780,101724,s,1165,11
18781,101726,obviously,1165,11
18782,101736,not,1165,11
18783,101740,in,1165,11
18784,101743,the,1165,11
18785,101747,house,1165,11
18786,101755,Let,1165,11
18787,101759,s,1165,11
18788,101761,not,1165,11
18789,101765,waste,1165,11
18790,101771,anymore,1165,11
18791,101779,time,1165,11
18792,101786,BONNIE,1166,11
18793,101793,We,1166,11
18794,101796,have,1166,11
18795,101801,to,1166,11
18796,101804,tell,1166,11
18797,101809,the,1166,11
18798,101813,police,1166,11
18799,101822,NANDU,1167,11
18800,101828,You,1167,11
18801,101832,can,1167,11
18802,101836,t,1167,11
18803,101838,file,1167,11
18804,101843,a,1167,11
18805,101845,police,1167,11
18806,101852,complaint,1167,11
18807,101863,so,1167,11
18808,101866,soon,1167,11
18809,101872,Can,1167,11
18810,101876,you,1167,11
18811,101880,Baba,1167,11
18812,101886,UNCLE,1168,11
18813,101892,Minimum,1168,11
18814,101900,24,1168,11
18815,101903,hours,1168,11
18816,101910,I,1168,11
18817,101912,think,1168,11
18818,101919,VIKRAM,1169,11
18819,101926,Don,1169,11
18820,101930,t,1169,11
18821,101932,worry,1169,11
18822,101939,I,1169,11
18823,101941,ll,1169,11
18824,101944,talk,1169,11
18825,101949,to,1169,11
18826,101953,Shrivastav,1169,11
18827,101965,He,1169,11
18828,101968,may,1169,11
18829,101972,be,1169,11
18830,101975,able,1169,11
18831,101980,to,1169,11
18832,101983,help,1169,11
18833,101989,us,1169,11
18834,101993,Who,1169,11
18835,101997,saw,1169,11
18836,102001,her,1169,11
18837,102005,last,1169,11
18838,102011,BONNIE,1170,11
18839,102019,Turns,1170,11
18840,102025,to,1170,11
18841,102028,Manjari,1170,11
18842,102037,Manjari,1170,11
18843,102046,Manjari,1170,11
18844,102055,kitne,1170,11
18845,102061,baje,1170,11
18846,102066,dekha,1170,11
18847,102073,last,1170,11
18848,102080,MANJARI,1171,11
18849,102088,Pata,1171,11
18850,102093,nahi,1171,11
18851,102102,Turns,1171,11
18852,102108,to,1171,11
18853,102111,Bonnie,1171,11
18854,102120,O,1171,11
18855,102123,kapde,1171,11
18856,102129,dene,1171,11
18857,102134,ke,1171,11
18858,102137,liye,1171,11
18859,102142,aaya,1171,11
18860,102147,tha,1171,11
18861,102151,na,1171,11
18862,102156,Uss,1171,11
18863,102160,se,1171,11
18864,102163,pehle,1171,11
18865,102170,Bonnie,1171,11
18866,102177,and,1171,11
18867,102181,Nandu,1171,11
18868,102187,exchange,1171,11
18869,102196,a,1171,11
18870,102198,look,1171,11
18871,102204,NANDU,1172,11
18872,102211,To,1172,11
18873,102214,VIKRAM,1172,11
18874,102222,Must,1172,11
18875,102227,be,1172,11
18876,102230,around,1172,11
18877,102237,4,1172,11
18878,102240,Just,1172,11
18879,102245,before,1172,11
18880,102252,you,1172,11
18881,102257,came,1172,11
18882,102264,BRIAN,1173,11
18883,102270,I,1173,11
18884,102272,only,1173,11
18885,102277,came,1173,11
18886,102282,at,1173,11
18887,102285,4,1173,11
18888,102287,30,1173,11
18889,102290,and,1173,11
18890,102294,now,1173,11
18891,102298,it,1173,11
18892,102301,s,1173,11
18893,102304,almost,1173,11
18894,102311,6,1173,11
18895,102315,VIKRAM,1174,11
18896,102323,Listen,1174,11
18897,102330,she,1174,11
18898,102334,s,1174,11
18899,102336,a,1174,11
18900,102338,little,1174,11
18901,102345,girl,1174,11
18902,102351,It,1174,11
18903,102354,s,1174,11
18904,102357,been,1174,11
18905,102362,under,1174,11
18906,102368,two,1174,11
18907,102372,hours,1174,11
18908,102381,MORE,1175,11
18909,102387,90,1175,11
18910,102391,She,1175,11
18911,102395,couldn,1175,11
18912,102402,t,1175,11
18913,102404,have,1175,11
18914,102409,gone,1175,11
18915,102414,beyond,1175,11
18916,102421,a,1175,11
18917,102423,two,1175,11
18918,102428,kilometer,1175,11
18919,102438,radius,1175,11
18920,102446,You,1175,11
18921,102450,guys,1175,11
18922,102455,search,1175,11
18923,102463,the,1175,11
18924,102467,grounds,1175,11
18925,102476,I,1175,11
18926,102478,ll,1175,11
18927,102481,go,1175,11
18928,102484,get,1175,11
18929,102488,Ganghju,1175,11
18930,102497,and,1175,11
18931,102501,Khushia,1175,11
18932,102509,na,1175,11
18933,102514,BRIAN,1176,11
18934,102520,Ya,1176,11
18935,102524,And,1176,11
18936,102528,I,1176,11
18937,102530,ll,1176,11
18938,102533,go,1176,11
18939,102536,check,1176,11
18940,102542,at,1176,11
18941,102545,my,1176,11
18942,102548,place,1176,11
18943,102555,first,1176,11
18944,102563,Brian,1176,11
18945,102569,puts,1176,11
18946,102574,on,1176,11
18947,102577,his,1176,11
18948,102581,jacket,1176,11
18949,102588,and,1176,11
18950,102592,leaves,1176,11
18951,102600,MIMI,1177,11
18952,102605,I,1177,11
18953,102607,ll,1177,11
18954,102610,come,1177,11
18955,102615,with,1177,11
18956,102620,you,1177,11
18957,102624,VIKRAM,1177,11
18958,102632,Vikram,1177,11
18959,102639,ignores,1177,11
18960,102647,her,1177,11
18961,102651,and,1177,11
18962,102655,exits,1177,11
18963,102661,from,1177,11
18964,102666,the,1177,11
18965,102670,front,1177,11
18966,102676,door,1177,11
18967,102682,Mimi,1177,11
18968,102688,follows,1177,11
18969,102696,him,1177,11
18970,102702,Nandu,1177,11
18971,102708,picks,1177,11
18972,102714,up,1177,11
18973,102717,his,1177,11
18974,102721,car,1177,11
18975,102725,keys,1177,11
18976,102731,Bonnie,1177,11
18977,102738,comes,1177,11
18978,102744,up,1177,11
18979,102747,to,1177,11
18980,102750,Nandu,1177,11
18981,102756,at,1177,11
18982,102759,the,1177,11
18983,102764,front,1177,11
18984,102770,door,1177,11
18985,102777,BONNIE,1178,11
18986,102785,I,1178,11
18987,102787,m,1178,11
18988,102789,coming,1178,11
18989,102796,with,1178,11
18990,102801,you,1178,11
18991,102807,NANDU,1179,11
18992,102813,No,1179,11
18993,102817,You,1179,11
18994,102821,stay,1179,11
18995,102826,here,1179,11
18996,102833,BONNIE,1180,11
18997,102842,Crying,1180,11
18998,102850,I,1180,11
18999,102852,ll,1180,11
19000,102855,just,1180,11
19001,102860,go,1180,11
19002,102863,mad,1180,11
19003,102867,sitting,1180,11
19004,102875,here,1180,11
19005,102880,and,1180,11
19006,102885,waiting,1180,11
19007,102893,Nandu,1180,11
19008,102900,please,1180,11
19009,102909,NANDU,1181,11
19010,102916,Turning,1181,11
19011,102924,around,1181,11
19012,102931,and,1181,11
19013,102935,holding,1181,11
19014,102943,her,1181,11
19015,102948,shoulders,1181,11
19016,102959,Baby,1181,11
19017,102965,please,1181,11
19018,102972,stay,1181,11
19019,102977,here,1181,11
19020,102982,with,1181,11
19021,102987,Ma,1181,11
19022,102991,Baba,1181,11
19023,102997,She,1181,11
19024,103001,might,1181,11
19025,103007,come,1181,11
19026,103012,back,1181,11
19027,103017,on,1181,11
19028,103020,her,1181,11
19029,103025,own,1181,11
19030,103029,and,1181,11
19031,103033,she,1181,11
19032,103037,ll,1181,11
19033,103040,want,1181,11
19034,103045,you,1181,11
19035,103049,here,1181,11
19036,103055,We,1181,11
19037,103059,will,1181,11
19038,103064,find,1181,11
19039,103069,her,1181,11
19040,103074,okay,1181,11
19041,103080,Bonnie,1181,11
19042,103087,nods,1181,11
19043,103092,dumbly,1181,11
19044,103100,She,1181,11
19045,103104,stands,1181,11
19046,103111,at,1181,11
19047,103114,the,1181,11
19048,103118,doorway,1181,11
19049,103126,as,1181,11
19050,103129,everyone,1181,11
19051,103139,leaves,1181,11
19052,103148,NANDU,1182,11
19053,103155,O,1182,11
19054,103157,C,1182,11
19055,103162,CONT,1182,11
19056,103167,D,1182,11
19057,103170,Shutu,1182,11
19058,103177,come,1182,11
19059,103182,on,1182,11
19060,103186,Get,1182,11
19061,103190,into,1182,11
19062,103195,the,1182,11
19063,103199,car,1182,11
19064,103204,CUT,1183,11
19065,103208,TO,1183,11
19066,103212,EXT,1184,11
19067,103217,MCCLUSKIEGUNJ,1184,11
19068,103231,STREETS,1184,11
19069,103240,NIGHT134,1184,11
19070,103249,134,1184,11
19071,103253,Outside,1185,11
19072,103261,the,1185,11
19073,103265,gate,1185,11
19074,103271,Vikram,1185,11
19075,103278,s,1185,11
19076,103280,car,1185,11
19077,103284,speeds,1185,11
19078,103291,off,1185,11
19079,103295,into,1185,11
19080,103300,the,1185,11
19081,103304,distance,1185,11
19082,103315,As,1185,11
19083,103318,the,1185,11
19084,103322,tail,1185,11
19085,103327,lights,1185,11
19086,103334,disappear,1185,11
19087,103345,darkness,1185,11
19088,103354,closes,1185,11
19089,103361,in,1185,11
19090,103364,once,1185,11
19091,103369,again,1185,11
19092,103376,CUT,1186,11
19093,103380,TO,1186,11
19094,103384,VIKRAM,1187,11
19095,103393,CONT'D,1187,11
19096,103401,91,1187,11
19097,103405,EXT,1188,11
19098,103410,GROUNDS,1188,11
19099,103419,NIGHT135,1188,11
19100,103428,135,1188,11
19101,103432,The,1189,11
19102,103436,headlights,1189,11
19103,103447,of,1189,11
19104,103450,Nandu,1189,11
19105,103456,s,1189,11
19106,103458,car,1189,11
19107,103462,light,1189,11
19108,103468,up,1189,11
19109,103471,the,1189,11
19110,103475,misty,1189,11
19111,103481,orchard,1189,11
19112,103490,The,1189,11
19113,103495,trees,1189,11
19114,103501,get,1189,11
19115,103505,more,1189,11
19116,103510,dense,1189,11
19117,103517,As,1189,11
19118,103520,the,1189,11
19119,103524,car,1189,11
19120,103528,slows,1189,11
19121,103534,down,1189,11
19122,103540,Nandu,1189,11
19123,103546,and,1189,11
19124,103550,Shutu,1189,11
19125,103557,roll,1189,11
19126,103562,down,1189,11
19127,103567,their,1189,11
19128,103573,windows,1189,11
19129,103581,and,1189,11
19130,103585,call,1189,11
19131,103590,out,1189,11
19132,103594,for,1189,11
19133,103598,Tani,1189,11
19134,103605,They,1189,11
19135,103610,get,1189,11
19136,103614,out,1189,11
19137,103618,of,1189,11
19138,103621,the,1189,11
19139,103625,car,1189,11
19140,103630,Nandu,1189,11
19141,103636,leaves,1189,11
19142,103643,the,1189,11
19143,103647,headlights,1189,11
19144,103658,on,1189,11
19145,103663,jumps,1189,11
19146,103669,on,1189,11
19147,103672,to,1189,11
19148,103675,the,1189,11
19149,103679,hood,1189,11
19150,103684,of,1189,11
19151,103687,the,1189,11
19152,103691,car,1189,11
19153,103695,to,1189,11
19154,103698,get,1189,11
19155,103702,to,1189,11
19156,103705,a,1189,11
19157,103707,better,1189,11
19158,103714,vantage,1189,11
19159,103723,point,1189,11
19160,103730,He,1189,11
19161,103733,shines,1189,11
19162,103740,the,1189,11
19163,103744,torch,1189,11
19164,103750,on,1189,11
19165,103753,the,1189,11
19166,103757,thick,1189,11
19167,103763,foliage,1189,11
19168,103774,NANDU,1190,11
19169,103781,Jumping,1190,11
19170,103789,off,1190,11
19171,103793,the,1190,11
19172,103797,car,1190,11
19173,103802,You,1190,11
19174,103806,go,1190,11
19175,103809,in,1190,11
19176,103812,that,1190,11
19177,103817,direction,1190,11
19178,103828,I,1190,11
19179,103830,ll,1190,11
19180,103833,take,1190,11
19181,103839,this,1190,11
19182,103844,side,1190,11
19183,103850,They,1190,11
19184,103855,set,1190,11
19185,103859,off,1190,11
19186,103863,in,1190,11
19187,103866,different,1190,11
19188,103876,directions,1190,11
19189,103888,The,1190,11
19190,103892,headlights,1190,11
19191,103903,remain,1190,11
19192,103911,on,1190,11
19193,103915,lighting,1190,11
19194,103924,up,1190,11
19195,103927,the,1190,11
19196,103931,misty,1190,11
19197,103937,landscape,1190,11
19198,103948,CUT,1191,11
19199,103952,TO,1191,11
19200,103956,EXT,1192,11
19201,103961,GROUNDS,1192,11
19202,103970,NIGHT136,1192,11
19203,103979,136,1192,11
19204,103983,Manjari,1193,11
19205,103991,and,1193,11
19206,103995,a,1193,11
19207,103997,couple,1193,11
19208,104004,of,1193,11
19209,104007,other,1193,11
19210,104013,Adivasi,1193,11
19211,104021,women,1193,11
19212,104027,search,1193,11
19213,104034,the,1193,11
19214,104039,grounds,1193,11
19215,104048,calling,1193,11
19216,104056,out,1193,11
19217,104060,to,1193,11
19218,104063,each,1193,11
19219,104068,other,1193,11
19220,104074,in,1193,11
19221,104077,their,1193,11
19222,104083,own,1193,11
19223,104087,language,1193,11
19224,104099,Holding,1193,11
19225,104107,a,1193,11
19226,104109,lantern,1193,11
19227,104118,Manjari,1193,11
19228,104126,stomps,1193,11
19229,104133,her,1193,11
19230,104137,stick,1193,11
19231,104143,on,1193,11
19232,104146,the,1193,11
19233,104150,ground,1193,11
19234,104157,as,1193,11
19235,104161,she,1193,11
19236,104165,searches,1193,11
19237,104174,for,1193,11
19238,104178,Tani,1193,11
19239,104184,MANJARI,1194,11
19240,104192,Main,1194,11
19241,104197,bole,1194,11
19242,104202,khojat,1194,11
19243,104209,rahi,1194,11
19244,104215,lekin,1194,11
19245,104221,nahi,1194,11
19246,104227,bol,1194,11
19247,104231,rahi,1194,11
19248,104238,MANJARI,1195,11
19249,104246,S,1195,11
19250,104248,FRIEND,1195,11
19251,104256,Ka,1195,11
19252,104260,MANJARI,1196,11
19253,104268,Raat,1196,11
19254,104273,ke,1196,11
19255,104276,lombad,1196,11
19256,104283,nikle,1196,11
19257,104289,lani,1196,11
19258,104296,MANJARI,1197,11
19259,104304,S,1197,11
19260,104306,FRIEND,1197,11
19261,104313,Ek,1197,11
19262,104316,baar,1197,11
19263,104321,fash,1197,11
19264,104326,gelak,1197,11
19265,104332,rahi,1197,11
19266,104337,jaal,1197,11
19267,104342,main,1197,11
19268,104348,se,1197,11
19269,104351,la,1197,11
19270,104354,dubara,1197,11
19271,104361,nahi,1197,11
19272,104366,aawi,1197,11
19273,104373,They,1197,11
19274,104378,exchange,1197,11
19275,104387,a,1197,11
19276,104389,look,1197,11
19277,104396,CUT,1198,11
19278,104400,TO,1198,11
19279,104404,EXT,1199,11
19280,104409,BRIAN,1199,11
19281,104415,S,1199,11
19282,104417,HOUSE,1199,11
19283,104424,NIGHT,1199,11
19284,104430,137,1199,11
19285,104434,137,1199,11
19286,104438,Brian,1200,11
19287,104444,is,1200,11
19288,104447,at,1200,11
19289,104450,the,1200,11
19290,104454,stream,1200,11
19291,104461,running,1200,11
19292,104469,by,1200,11
19293,104472,his,1200,11
19294,104476,house,1200,11
19295,104483,He,1200,11
19296,104486,shines,1200,11
19297,104493,the,1200,11
19298,104498,torch,1200,11
19299,104504,onto,1200,11
19300,104509,the,1200,11
19301,104513,rocks,1200,11
19302,104519,and,1200,11
19303,104523,running,1200,11
19304,104531,water,1200,11
19305,104538,His,1200,11
19306,104542,voice,1200,11
19307,104548,echoes,1200,11
19308,104556,eerily,1200,11
19309,104563,over,1200,11
19310,104568,the,1200,11
19311,104572,water,1200,11
19312,104578,as,1200,11
19313,104581,he,1200,11
19314,104584,shouts,1200,11
19315,104591,out,1200,11
19316,104595,Tani,1200,11
19317,104600,s,1200,11
19318,104602,name,1200,11
19319,104608,Dogs,1200,11
19320,104613,howl,1200,11
19321,104618,as,1200,11
19322,104621,Mrs,1200,11
19323,104626,McKenzie,1200,11
19324,104635,and,1200,11
19325,104639,Kitty,1200,11
19326,104645,stand,1200,11
19327,104651,at,1200,11
19328,104654,the,1200,11
19329,104658,verandah,1200,11
19330,104669,bundled,1200,11
19331,104677,up,1200,11
19332,104680,in,1200,11
19333,104683,their,1200,11
19334,104689,night,1200,11
19335,104695,clothes,1200,11
19336,104705,CUT,1201,11
19337,104709,TO,1201,11
19338,104713,92,1202,11
19339,104717,EXT,1203,11
19340,104722,GROUNDS,1203,11
19341,104731,NIGHT138,1203,11
19342,104740,138,1203,11
19343,104744,Shutu,1204,11
19344,104750,follows,1204,11
19345,104758,a,1204,11
19346,104760,dirt,1204,11
19347,104765,track,1204,11
19348,104771,in,1204,11
19349,104774,the,1204,11
19350,104778,wilderness,1204,11
19351,104790,He,1204,11
19352,104793,s,1204,11
19353,104795,panting,1204,11
19354,104804,and,1204,11
19355,104808,his,1204,11
19356,104812,nose,1204,11
19357,104817,starts,1204,11
19358,104824,to,1204,11
19359,104827,run,1204,11
19360,104831,in,1204,11
19361,104834,the,1204,11
19362,104838,cold,1204,11
19363,104844,There,1204,11
19364,104850,is,1204,11
19365,104853,a,1204,11
19366,104855,rustling,1204,11
19367,104865,of,1204,11
19368,104868,dry,1204,11
19369,104872,leaves,1204,11
19370,104879,and,1204,11
19371,104883,broken,1204,11
19372,104890,twigs,1204,11
19373,104896,as,1204,11
19374,104899,he,1204,11
19375,104902,makes,1204,11
19376,104908,his,1204,11
19377,104912,way,1204,11
19378,104916,through,1204,11
19379,104925,the,1204,11
19380,104929,forest,1204,11
19381,104937,Eerie,1204,11
19382,104943,bird,1204,11
19383,104948,calls,1204,11
19384,104954,pierce,1204,11
19385,104961,the,1204,11
19386,104965,night,1204,11
19387,104972,Nandu,1204,11
19388,104978,s,1204,11
19389,104980,voice,1204,11
19390,104987,wafts,1204,11
19391,104993,through,1204,11
19392,105001,the,1204,11
19393,105005,distance,1204,11
19394,105016,Taaa,1204,11
19395,105021,ni,1204,11
19396,105026,There,1204,11
19397,105032,is,1204,11
19398,105035,a,1204,11
19399,105037,sudden,1204,11
19400,105044,movement,1204,11
19401,105054,Shutu,1204,11
19402,105060,goes,1204,11
19403,105065,in,1204,11
19404,105068,that,1204,11
19405,105073,direction,1204,11
19406,105084,He,1204,11
19407,105088,comes,1204,11
19408,105094,across,1204,11
19409,105101,a,1204,11
19410,105103,little,1204,11
19411,105110,clearing,1204,11
19412,105119,and,1204,11
19413,105123,decides,1204,11
19414,105131,to,1204,11
19415,105134,explore,1204,11
19416,105143,further,1204,11
19417,105152,He,1204,11
19418,105155,starts,1204,11
19419,105162,walking,1204,11
19420,105170,faster,1204,11
19421,105177,but,1204,11
19422,105181,stops,1204,11
19423,105187,as,1204,11
19424,105190,the,1204,11
19425,105194,torch,1204,11
19426,105201,light,1204,11
19427,105207,illuminates,1204,11
19428,105219,Tani,1204,11
19429,105224,s,1204,11
19430,105226,discarded,1204,11
19431,105236,belt,1204,11
19432,105241,lying,1204,11
19433,105247,on,1204,11
19434,105250,the,1204,11
19435,105254,forest,1204,11
19436,105262,floor,1204,11
19437,105269,Shutu,1204,11
19438,105275,stares,1204,11
19439,105282,at,1204,11
19440,105285,it,1204,11
19441,105288,in,1204,11
19442,105291,horror,1204,11
19443,105298,and,1204,11
19444,105302,quickly,1204,11
19445,105310,picks,1204,11
19446,105316,it,1204,11
19447,105319,up,1204,11
19448,105324,He,1204,11
19449,105327,thinks,1204,11
19450,105334,Tani,1204,11
19451,105339,must,1204,11
19452,105344,be,1204,11
19453,105347,nearby,1204,11
19454,105355,He,1204,11
19455,105358,calls,1204,11
19456,105364,out,1204,11
19457,105368,her,1204,11
19458,105372,name,1204,11
19459,105378,repeatedly,1204,11
19460,105390,In,1204,11
19461,105393,his,1204,11
19462,105397,excitement,1204,11
19463,105408,he,1204,11
19464,105411,trips,1204,11
19465,105417,over,1204,11
19466,105422,a,1204,11
19467,105424,rock,1204,11
19468,105429,and,1204,11
19469,105433,falls,1204,11
19470,105440,into,1204,11
19471,105445,an,1204,11
19472,105448,underground,1204,11
19473,105460,animal,1204,11
19474,105467,trap,1204,11
19475,105473,letting,1204,11
19476,105481,out,1204,11
19477,105485,a,1204,11
19478,105487,shout,1204,11
19479,105495,In,1204,11
19480,105498,a,1204,11
19481,105500,wide,1204,11
19482,105505,shot,1204,11
19483,105511,we,1204,11
19484,105514,see,1204,11
19485,105518,the,1204,11
19486,105522,still,1204,11
19487,105528,forest,1204,11
19488,105536,nobody,1204,11
19489,105543,is,1204,11
19490,105546,around,1204,11
19491,105554,We,1204,11
19492,105558,hear,1204,11
19493,105563,Shutu,1204,11
19494,105569,s,1204,11
19495,105571,muffled,1204,11
19496,105580,underground,1204,11
19497,105592,struggle,1204,11
19498,105603,SHUTU,1205,11
19499,105609,Dada,1205,11
19500,105618,Dada,1205,11
19501,105624,CUT,1206,11
19502,105628,TO,1206,11
19503,105632,INT,1207,11
19504,105637,MCCLUSKIEGUNJ,1207,11
19505,105651,HOUSE,1207,11
19506,105659,LIVING,1207,11
19507,105666,ROOM,1207,11
19508,105672,NIGHT,1207,11
19509,105678,139,1207,11
19510,105682,139,1207,11
19511,105686,Uncle,1208,11
19512,105692,pours,1208,11
19513,105698,brandy,1208,11
19514,105705,into,1208,11
19515,105710,three,1208,11
19516,105716,glasses,1208,11
19517,105725,Bonnie,1208,11
19518,105732,paces,1208,11
19519,105738,around,1208,11
19520,105746,the,1208,11
19521,105750,room,1208,11
19522,105756,she,1208,11
19523,105760,opens,1208,11
19524,105766,the,1208,11
19525,105770,front,1208,11
19526,105776,door,1208,11
19527,105781,and,1208,11
19528,105785,hunches,1208,11
19529,105793,up,1208,11
19530,105796,her,1208,11
19531,105801,shoulders,1208,11
19532,105811,to,1208,11
19533,105814,the,1208,11
19534,105818,chilly,1208,11
19535,105825,air,1208,11
19536,105831,BONNIE,1209,11
19537,105840,Shutting,1209,11
19538,105849,the,1209,11
19539,105853,door,1209,11
19540,105859,I,1209,11
19541,105861,don,1209,11
19542,105865,t,1209,11
19543,105867,even,1209,11
19544,105872,know,1209,11
19545,105877,if,1209,11
19546,105880,she,1209,11
19547,105884,was,1209,11
19548,105889,wearing,1209,11
19549,105897,a,1209,11
19550,105899,sweater,1209,11
19551,105909,Uncle,1209,11
19552,105915,gives,1209,11
19553,105921,Bonnie,1209,11
19554,105928,a,1209,11
19555,105930,glass,1209,11
19556,105937,She,1209,11
19557,105941,gulps,1209,11
19558,105947,down,1209,11
19559,105952,in,1209,11
19560,105955,one,1209,11
19561,105959,sip,1209,11
19562,105963,and,1209,11
19563,105968,looks,1209,11
19564,105974,at,1209,11
19565,105977,him,1209,11
19566,105981,gratefully,1209,11
19567,105993,Aunty,1209,11
19568,105999,is,1209,11
19569,106002,knitting,1209,11
19570,106011,and,1209,11
19571,106015,muttering,1209,11
19572,106025,a,1209,11
19573,106028,prayer,1209,11
19574,106035,under,1209,11
19575,106041,her,1209,11
19576,106045,breath,1209,11
19577,106053,Uncle,1209,11
19578,106059,sits,1209,11
19579,106064,down,1209,11
19580,106069,on,1209,11
19581,106072,the,1209,11
19582,106076,arm,1209,11
19583,106080,chair,1209,11
19584,106086,and,1209,11
19585,106091,sips,1209,11
19586,106096,his,1209,11
19587,106100,brandy,1209,11
19588,106107,looking,1209,11
19589,106115,relatively,1209,11
19590,106126,relaxed,1209,11
19591,106136,UNCLE,1210,11
19592,106142,Arrey,1210,11
19593,106148,kitna,1210,11
19594,106154,tension,1210,11
19595,106162,lete,1210,11
19596,106167,ho,1210,11
19597,106170,tum,1210,11
19598,106175,log,1210,11
19599,106180,Relax,1210,11
19600,106186,karo,1210,11
19601,106192,Kalidas,1210,11
19602,106200,wapas,1210,11
19603,106206,nahi,1210,11
19604,106212,aane,1210,11
19605,106217,wala,1210,11
19606,106222,hain,1210,11
19607,106230,muttering,1210,11
19608,106241,O,1210,11
19609,106243,C,1210,11
19610,106246,Ek,1210,11
19611,106249,kachua,1210,11
19612,106256,ke,1210,11
19613,106259,piche,1210,11
19614,106265,itna,1210,11
19615,106270,hangama,1210,11
19616,106280,Bonnie,1210,11
19617,106287,stops,1210,11
19618,106293,pacing,1210,11
19619,106301,looks,1210,11
19620,106307,at,1210,11
19621,106310,him,1210,11
19622,106314,incredulously,1210,11
19623,106328,and,1210,11
19624,106332,then,1210,11
19625,106337,at,1210,11
19626,106341,Aunty,1210,11
19627,106348,Aunty,1210,11
19628,106354,is,1210,11
19629,106357,acutely,1210,11
19630,106365,embarrassed,1210,11
19631,106379,AUNTY,1211,11
19632,106385,O,1211,11
19633,106387,P,1211,11
19634,106390,You,1211,11
19635,106394,ve,1211,11
19636,106397,had,1211,11
19637,106401,too,1211,11
19638,106405,much,1211,11
19639,106410,to,1211,11
19640,106413,drink,1211,11
19641,106420,CUT,1212,11
19642,106424,TO,1212,11
19643,106428,93,1213,11
19644,106432,EXT,1214,11
19645,106437,GROUNDS,1214,11
19646,106446,NIGHT140,1214,11
19647,106455,140,1214,11
19648,106459,Shutu,1215,11
19649,106465,is,1215,11
19650,106468,sitting,1215,11
19651,106476,still,1215,11
19652,106482,inside,1215,11
19653,106489,the,1215,11
19654,106493,trap,1215,11
19655,106499,In,1215,11
19656,106502,one,1215,11
19657,106506,hand,1215,11
19658,106511,he,1215,11
19659,106514,has,1215,11
19660,106519,the,1215,11
19661,106523,torch,1215,11
19662,106529,and,1215,11
19663,106533,in,1215,11
19664,106536,the,1215,11
19665,106540,other,1215,11
19666,106547,Tani,1215,11
19667,106552,s,1215,11
19668,106554,belt,1215,11
19669,106560,There,1215,11
19670,106566,is,1215,11
19671,106569,a,1215,11
19672,106571,sudden,1215,11
19673,106579,rustling,1215,11
19674,106588,sound,1215,11
19675,106595,Shutu,1215,11
19676,106601,looks,1215,11
19677,106607,up,1215,11
19678,106610,and,1215,11
19679,106614,flashes,1215,11
19680,106622,the,1215,11
19681,106626,torch,1215,11
19682,106633,The,1215,11
19683,106638,light,1215,11
19684,106644,catches,1215,11
19685,106652,the,1215,11
19686,106656,eyes,1215,11
19687,106661,of,1215,11
19688,106664,a,1215,11
19689,106666,a,1215,11
19690,106668,wild,1215,11
19691,106673,cat,1215,11
19692,106678,staring,1215,11
19693,106686,down,1215,11
19694,106691,at,1215,11
19695,106695,Shutu,1215,11
19696,106702,Shutu,1215,11
19697,106708,looks,1215,11
19698,106714,back,1215,11
19699,106719,alert,1215,11
19700,106726,The,1215,11
19701,106730,cat,1215,11
19702,106734,twitches,1215,11
19703,106743,and,1215,11
19704,106747,walks,1215,11
19705,106754,away,1215,11
19706,106760,Shutu,1215,11
19707,106766,slowly,1215,11
19708,106773,lets,1215,11
19709,106778,out,1215,11
19710,106782,his,1215,11
19711,106786,breath,1215,11
19712,106794,CUT,1216,11
19713,106798,TO,1216,11
19714,106802,EXT,1217,12
19715,106807,MCCLUSKIEGUNJ,1217,12
19716,106821,HOUSE,1217,12
19717,106829,GROUNDS,1217,12
19718,106838,NIGHT141,1217,12
19719,106847,141,1217,12
19720,106851,Dogs,1218,12
19721,106856,bark,1218,12
19722,106861,as,1218,12
19723,106864,the,1218,12
19724,106868,moon,1218,12
19725,106873,rises,1218,12
19726,106879,in,1218,12
19727,106882,the,1218,12
19728,106886,forest,1218,12
19729,106894,Suddenly,1218,12
19730,106903,we,1218,12
19731,106906,hear,1218,12
19732,106911,a,1218,12
19733,106914,jeep,1218,12
19734,106919,s,1218,12
19735,106921,horn,1218,12
19736,106926,blaring,1218,12
19737,106934,jubilantly,1218,12
19738,106946,Pa,1218,12
19739,106949,pa,1218,12
19740,106952,pa,1218,12
19741,106955,pa,1218,12
19742,106961,CUT,1219,12
19743,106965,TO,1219,12
19744,106969,EXT,1220,12
19745,106974,GROUNDS,1220,12
19746,106983,NIGHT142,1220,12
19747,106992,142,1220,12
19748,106996,Nandu,1221,12
19749,107002,stops,1221,12
19750,107008,in,1221,12
19751,107011,his,1221,12
19752,107015,tracks,1221,12
19753,107022,as,1221,12
19754,107025,the,1221,12
19755,107029,horn,1221,12
19756,107034,rings,1221,12
19757,107040,through,1221,12
19758,107048,the,1221,12
19759,107053,silence,1221,12
19760,107062,He,1221,12
19761,107065,looks,1221,12
19762,107071,back,1221,12
19763,107076,in,1221,12
19764,107079,the,1221,12
19765,107083,direction,1221,12
19766,107093,of,1221,12
19767,107096,the,1221,12
19768,107100,house,1221,12
19769,107106,where,1221,12
19770,107113,the,1221,12
19771,107117,sound,1221,12
19772,107123,seems,1221,12
19773,107129,to,1221,12
19774,107132,be,1221,12
19775,107135,coming,1221,12
19776,107142,from,1221,12
19777,107149,NANDU,1222,12
19778,107155,Shutu,1222,12
19779,107162,Shutu,1222,12
19780,107170,CUT,1223,12
19781,107174,TO,1223,12
19782,107178,EXT,1224,12
19783,107183,GROUNDS,1224,12
19784,107192,NIGHT143,1224,12
19785,107201,143,1224,12
19786,107205,Maniya,1225,12
19787,107212,reacts,1225,12
19788,107219,to,1225,12
19789,107222,the,1225,12
19790,107226,blaring,1225,12
19791,107234,horns,1225,12
19792,107240,and,1225,12
19793,107244,heads,1225,12
19794,107250,back,1225,12
19795,107256,CUT,1226,12
19796,107260,TO,1226,12
19797,107264,EXT,1227,12
19798,107269,GROUNDS,1227,12
19799,107278,NIGHT144,1227,12
19800,107287,144,1227,12
19801,107291,Nandu,1228,12
19802,107297,gets,1228,12
19803,107302,no,1228,12
19804,107305,response,1228,12
19805,107314,from,1228,12
19806,107319,Shutu,1228,12
19807,107326,He,1228,12
19808,107329,jumps,1228,12
19809,107335,into,1228,12
19810,107340,the,1228,12
19811,107344,car,1228,12
19812,107350,lowers,1228,12
19813,107357,his,1228,12
19814,107361,window,1228,12
19815,107368,and,1228,12
19816,107372,yells,1228,12
19817,107378,out,1228,12
19818,107383,NANDU,1229,12
19819,107389,Maniya,1229,12
19820,107397,Challo,1229,12
19821,107404,vapas,1229,12
19822,107411,CUT,1230,12
19823,107415,TO,1230,12
19824,107419,EXT,1231,12
19825,107424,MCCLUSKIEGUNJ,1231,12
19826,107438,GROUNDS,1231,12
19827,107447,NIGHT,1231,12
19828,107453,145,1231,12
19829,107457,145,1231,12
19830,107461,Inside,1232,12
19831,107468,the,1232,12
19832,107472,trap,1232,12
19833,107478,Shutu,1232,12
19834,107484,s,1232,12
19835,107486,crouched,1232,12
19836,107495,in,1232,12
19837,107498,a,1232,12
19838,107500,corner,1232,12
19839,107508,He,1232,12
19840,107511,hears,1232,12
19841,107517,the,1232,12
19842,107522,blaring,1232,12
19843,107530,horns,1232,12
19844,107536,and,1232,12
19845,107540,Nandu,1232,12
19846,107546,s,1232,12
19847,107548,calls,1232,12
19848,107558,SHUTU,1233,12
19849,107564,Dada,1233,12
19850,107570,I,1233,12
19851,107572,m,1233,12
19852,107574,here,1233,12
19853,107580,Dada,1233,12
19854,107586,94,1233,12
19855,107590,His,1233,12
19856,107594,voice,1233,12
19857,107600,gets,1233,12
19858,107605,drowned,1233,12
19859,107613,out,1233,12
19860,107617,by,1233,12
19861,107620,the,1233,12
19862,107624,sound,1233,12
19863,107630,of,1233,12
19864,107633,the,1233,12
19865,107637,horns,1233,12
19866,107645,Helplessly,1233,12
19867,107657,he,1233,12
19868,107660,realizes,1233,12
19869,107669,that,1233,12
19870,107674,he,1233,12
19871,107677,can,1233,12
19872,107681,t,1233,12
19873,107683,be,1233,12
19874,107686,heard,1233,12
19875,107692,as,1233,12
19876,107695,the,1233,12
19877,107699,car,1233,12
19878,107704,drives,1233,12
19879,107711,away,1233,12
19880,107717,Above,1233,12
19881,107723,the,1233,12
19882,107727,ground,1233,12
19883,107735,we,1233,12
19884,107738,track,1233,12
19885,107744,away,1233,12
19886,107749,from,1233,12
19887,107754,the,1233,12
19888,107758,spot,1233,12
19889,107763,as,1233,12
19890,107766,Shutu,1233,12
19891,107772,s,1233,12
19892,107775,voice,1233,12
19893,107781,becomes,1233,12
19894,107789,faint,1233,12
19895,107797,CUT,1234,12
19896,107801,TO,1234,12
19897,107805,EXT,1235,12
19898,107810,MCCLUSKIEGUNJ,1235,12
19899,107824,HOUSE,1235,12
19900,107831,NIGHT,1235,12
19901,107837,146,1235,12
19902,107841,146,1235,12
19903,107845,Nandu,1236,12
19904,107851,s,1236,12
19905,107853,car,1236,12
19906,107857,screeches,1236,12
19907,107867,to,1236,12
19908,107870,a,1236,12
19909,107872,halt,1236,12
19910,107877,as,1236,12
19911,107880,he,1236,12
19912,107883,parks,1236,12
19913,107889,it,1236,12
19914,107892,haphazardly,1236,12
19915,107905,near,1236,12
19916,107910,verandah,1236,12
19917,107920,He,1236,12
19918,107923,runs,1236,12
19919,107928,in,1236,12
19920,107932,leaving,1236,12
19921,107940,the,1236,12
19922,107944,car,1236,12
19923,107948,door,1236,12
19924,107953,open,1236,12
19925,107960,CUT,1237,12
19926,107964,TO,1237,12
19927,107968,INT,1238,12
19928,107973,MCCLUSKIEGUNJ,1238,12
19929,107987,HOUSE,1238,12
19930,107994,NIGHT,1238,12
19931,108000,147,1238,12
19932,108004,147,1238,12
19933,108008,Nandu,1239,12
19934,108014,finds,1239,12
19935,108020,Bonnie,1239,12
19936,108027,carrying,1239,12
19937,108036,Tani,1239,12
19938,108041,in,1239,12
19939,108044,her,1239,12
19940,108048,arms,1239,12
19941,108053,and,1239,12
19942,108057,kissing,1239,12
19943,108065,her,1239,12
19944,108070,repeatedly,1239,12
19945,108082,Tani,1239,12
19946,108087,is,1239,12
19947,108090,wearing,1239,12
19948,108098,VIKRAM,1239,12
19949,108105,s,1239,12
19950,108107,jacket,1239,12
19951,108115,Her,1239,12
19952,108119,dress,1239,12
19953,108125,is,1239,12
19954,108129,torn,1239,12
19955,108135,her,1239,12
19956,108139,hair,1239,12
19957,108144,is,1239,12
19958,108147,an,1239,12
19959,108150,unruly,1239,12
19960,108157,mess,1239,12
19961,108163,she,1239,12
19962,108167,has,1239,12
19963,108171,scraped,1239,12
19964,108179,her,1239,12
19965,108183,knees,1239,12
19966,108190,and,1239,12
19967,108194,is,1239,12
19968,108197,bare,1239,12
19969,108202,feet,1239,12
19970,108209,MIMI,1240,12
19971,108215,O,1240,12
19972,108217,C,1240,12
19973,108221,We,1240,12
19974,108224,were,1240,12
19975,108229,coming,1240,12
19976,108236,back,1240,12
19977,108241,from,1240,12
19978,108247,Shrivastav,1240,12
19979,108258,s,1240,12
19980,108260,house,1240,12
19981,108266,and,1240,12
19982,108270,thank,1240,12
19983,108276,god,1240,12
19984,108281,Vikram,1240,12
19985,108288,decided,1240,12
19986,108296,to,1240,12
19987,108299,check,1240,12
19988,108305,the,1240,12
19989,108309,back,1240,12
19990,108315,road,1240,12
19991,108324,Nandu,1240,12
19992,108330,grabs,1240,12
19993,108336,Tani,1240,12
19994,108341,in,1240,12
19995,108344,his,1240,12
19996,108348,arms,1240,12
19997,108353,and,1240,12
19998,108357,kisses,1240,12
19999,108364,her,1240,12
20000,108369,NANDU,1241,12
20001,108375,Thank,1241,12
20002,108381,God,1241,12
20003,108385,you,1241,12
20004,108389,re,1241,12
20005,108392,safe,1241,12
20006,108398,You,1241,12
20007,108402,are,1241,12
20008,108406,NOT,1241,12
20009,108411,to,1241,12
20010,108414,leave,1241,12
20011,108420,the,1241,12
20012,108424,house,1241,12
20013,108430,again,1241,12
20014,108437,BONNIE,1242,12
20015,108444,Let,1242,12
20016,108448,it,1242,12
20017,108451,be,1242,12
20018,108454,now,1242,12
20019,108459,NANDU,1243,12
20020,108465,Where,1243,12
20021,108471,did,1243,12
20022,108475,you,1243,12
20023,108479,find,1243,12
20024,108484,her,1243,12
20025,108489,VIKRAM,1244,12
20026,108496,I,1244,12
20027,108498,don,1244,12
20028,108502,t,1244,12
20029,108504,know,1244,12
20030,108509,why,1244,12
20031,108513,but,1244,12
20032,108517,I,1244,12
20033,108519,just,1244,12
20034,108524,thought,1244,12
20035,108533,we,1244,12
20036,108536,should,1244,12
20037,108543,check,1244,12
20038,108549,the,1244,12
20039,108553,area,1244,12
20040,108558,near,1244,12
20041,108564,Siyartoli,1244,12
20042,108575,It,1244,12
20043,108578,is,1244,12
20044,108581,pretty,1244,12
20045,108588,deserted,1244,12
20046,108598,back,1244,12
20047,108603,there,1244,12
20048,108610,And,1244,12
20049,108614,guess,1244,12
20050,108620,what,1244,12
20051,108626,We,1244,12
20052,108629,find,1244,12
20053,108635,Bahadur,1244,12
20054,108643,carrying,1244,12
20055,108652,Tani,1244,12
20056,108657,in,1244,12
20057,108660,his,1244,12
20058,108664,arms,1244,12
20059,108671,NANDU,1245,12
20060,108677,Who,1245,12
20061,108681,s,1245,12
20062,108683,Bahadur,1245,12
20063,108692,VIKRAM,1246,12
20064,108699,He,1246,12
20065,108702,works,1246,12
20066,108708,for,1246,12
20067,108712,Goswami,1246,12
20068,108721,He,1246,12
20069,108724,was,1246,12
20070,108728,going,1246,12
20071,108735,home,1246,12
20072,108740,after,1246,12
20073,108746,work,1246,12
20074,108751,and,1246,12
20075,108755,found,1246,12
20076,108761,her,1246,12
20077,108767,95,1246,12
20078,108771,MIMI,1247,12
20079,108776,He,1247,12
20080,108779,said,1247,12
20081,108784,he,1247,12
20082,108787,was,1247,12
20083,108791,taking,1247,12
20084,108798,her,1247,12
20085,108802,to,1247,12
20086,108805,the,1247,12
20087,108810,doctor,1247,12
20088,108817,s,1247,12
20089,108819,house,1247,12
20090,108828,AUNTY,1248,12
20091,108834,But,1248,12
20092,108838,Goswami,1248,12
20093,108846,and,1248,12
20094,108850,all,1248,12
20095,108854,are,1248,12
20096,108858,in,1248,12
20097,108861,Cal,1248,12
20098,108867,VIKRAM,1249,12
20099,108874,She,1249,12
20100,108878,had,1249,12
20101,108882,wandered,1249,12
20102,108891,onto,1249,12
20103,108896,their,1249,12
20104,108902,grounds,1249,12
20105,108911,apparently,1249,12
20106,108923,Main,1249,12
20107,108928,thing,1249,12
20108,108934,is,1249,12
20109,108937,that,1249,12
20110,108942,we,1249,12
20111,108946,found,1249,12
20112,108952,her,1249,12
20113,108958,UNCLE,1250,12
20114,108964,We,1250,12
20115,108967,ll,1250,12
20116,108970,talk,1250,12
20117,108975,to,1250,12
20118,108978,Goswami,1250,12
20119,108988,AUNTY,1251,12
20120,108994,Just,1251,12
20121,108999,do,1251,12
20122,109002,that,1251,12
20123,109010,Tch,1251,12
20124,109015,Bechara,1251,12
20125,109025,Khide,1251,12
20126,109031,peyeche,1251,12
20127,109039,nishchoi,1251,12
20128,109049,Manjari,1251,12
20129,109060,Turning,1251,12
20130,109068,to,1251,12
20131,109071,Manjari,1251,12
20132,109080,Khana,1251,12
20133,109086,laga,1251,12
20134,109091,do,1251,12
20135,109094,sabh,1251,12
20136,109099,ke,1251,12
20137,109102,liye,1251,12
20138,109108,Ho,1251,12
20139,109112,jayega,1251,12
20140,109119,na,1251,12
20141,109124,Aunty,1251,12
20142,109130,is,1251,12
20143,109133,about,1251,12
20144,109139,to,1251,12
20145,109142,turn,1251,12
20146,109147,away,1251,12
20147,109154,MANJARI,1252,12
20148,109162,Par,1252,12
20149,109166,Shutu,1252,12
20150,109172,Bhaiya,1252,12
20151,109179,toh,1252,12
20152,109183,nahi,1252,12
20153,109188,aaya,1252,12
20154,109195,AUNTY,1253,12
20155,109202,Irritated,1253,12
20156,109213,Nahi,1253,12
20157,109218,aaya,1253,12
20158,109223,matlab,1253,12
20159,109231,Maniya,1253,12
20160,109238,ko,1253,12
20161,109241,bhejo,1253,12
20162,109248,bulaane,1253,12
20163,109258,CUT,1254,12
20164,109262,TO,1254,12
20165,109266,EXT,1255,12
20166,109271,MCCLUSKIEGUNJ,1255,12
20167,109285,GROUNDS,1255,12
20168,109295,UNDERGROUND,1255,12
20169,109308,NIGHT,1255,12
20170,109314,147,1255,12
20171,109320,A,1255,12
20172,109322,147,1255,12
20173,109328,A,1255,12
20174,109330,Shutu,1256,12
20175,109337,still,1256,12
20176,109343,trapped,1256,12
20177,109351,in,1256,12
20178,109354,the,1256,12
20179,109358,pit,1256,12
20180,109363,hears,1256,12
20181,109369,Maniya,1256,12
20182,109376,call,1256,12
20183,109381,out,1256,12
20184,109385,to,1256,12
20185,109389,him,1256,12
20186,109395,MANIYA,1257,12
20187,109403,O,1257,12
20188,109405,C,1257,12
20189,109409,Shutu,1257,12
20190,109416,Shutu,1257,12
20191,109422,bhaiya,1257,12
20192,109430,EXT,1258,12
20193,109435,MCCLUSKIEGUNJ,1258,12
20194,109449,GROUNDS,1258,12
20195,109458,NIGHT,1258,12
20196,109464,148,1258,12
20197,109468,148,1258,12
20198,109472,Maniya,1259,12
20199,109480,flashes,1259,12
20200,109488,his,1259,12
20201,109492,torch,1259,12
20202,109498,and,1259,12
20203,109502,makes,1259,12
20204,109508,his,1259,12
20205,109512,way,1259,12
20206,109516,through,1259,12
20207,109524,with,1259,12
20208,109529,a,1259,12
20209,109532,stick,1259,12
20210,109539,SHUTU,1260,12
20211,109546,O,1260,12
20212,109548,C,1260,12
20213,109553,Muffled,1260,12
20214,109562,Maniya,1260,12
20215,109570,Maniya,1260,12
20216,109578,Idhar,1260,12
20217,109586,Maniya,1260,12
20218,109593,looks,1260,12
20219,109599,around,1260,12
20220,109606,but,1260,12
20221,109610,can,1260,12
20222,109614,t,1260,12
20223,109616,see,1260,12
20224,109620,anyone,1260,12
20225,109628,He,1260,12
20226,109631,goes,1260,12
20227,109636,in,1260,12
20228,109639,the,1260,12
20229,109644,direction,1260,12
20230,109654,of,1260,12
20231,109657,the,1260,12
20232,109661,sound,1260,12
20233,109668,MANIYA,1261,12
20234,109675,Kahaan,1261,12
20235,109683,96,1261,12
20236,109687,SHUTU,1262,12
20237,109693,Maniya,1262,12
20238,109701,neeche,1262,12
20239,109710,Maniya,1262,12
20240,109717,points,1262,12
20241,109724,the,1262,12
20242,109728,torch,1262,12
20243,109734,down,1262,12
20244,109740,walks,1262,12
20245,109746,slowly,1262,12
20246,109753,until,1262,12
20247,109759,he,1262,12
20248,109762,comes,1262,12
20249,109769,upon,1262,12
20250,109774,the,1262,12
20251,109778,hole,1262,12
20252,109784,He,1262,12
20253,109787,kneels,1262,12
20254,109794,down,1262,12
20255,109799,and,1262,12
20256,109803,sees,1262,12
20257,109808,Shutu,1262,12
20258,109815,Maniya,1262,12
20259,109822,giggles,1262,12
20260,109831,with,1262,12
20261,109836,surprise,1262,12
20262,109846,MANIYA,1263,12
20263,109853,Arrey,1263,12
20264,109860,Aap,1263,12
20265,109864,ko,1263,12
20266,109867,sabh,1263,12
20267,109872,dhoondh,1263,12
20268,109880,rahe,1263,12
20269,109886,hain,1263,12
20270,109891,aur,1263,12
20271,109895,aap,1263,12
20272,109899,yaha,1263,12
20273,109904,gir,1263,12
20274,109908,gaye,1263,12
20275,109914,Vikram,1263,12
20276,109922,bhaiya,1263,12
20277,109929,ko,1263,12
20278,109932,mil,1263,12
20279,109936,gaya,1263,12
20280,109941,baby,1263,12
20281,109947,Shutu,1263,12
20282,109953,stares,1263,12
20283,109960,back,1263,12
20284,109965,at,1263,12
20285,109968,Maniya,1263,12
20286,109975,as,1263,12
20287,109978,Maniya,1263,12
20288,109985,extends,1263,12
20289,109993,his,1263,12
20290,109997,hand,1263,12
20291,110002,to,1263,12
20292,110006,Shutu,1263,12
20293,110013,MANIYA,1264,12
20294,110021,O,1264,12
20295,110023,C,1264,12
20296,110028,CONT,1264,12
20297,110033,D,1264,12
20298,110037,Challo,1264,12
20299,110045,CUT,1265,12
20300,110049,TO,1265,12
20301,110053,EXT,1266,12
20302,110058,MCCLUSKIEGUNJ,1266,12
20303,110072,HOUSE,1266,12
20304,110079,NIGHT,1266,12
20305,110085,149,1266,12
20306,110089,149,1266,12
20307,110093,Shutu,1267,12
20308,110099,stands,1267,12
20309,110106,at,1267,12
20310,110109,the,1267,12
20311,110113,verandah,1267,12
20312,110123,watching,1267,12
20313,110132,the,1267,12
20314,110136,family,1267,12
20315,110143,inside,1267,12
20316,110151,His,1267,12
20317,110156,clothes,1267,12
20318,110164,are,1267,12
20319,110168,soiled,1267,12
20320,110176,his,1267,12
20321,110180,face,1267,12
20322,110185,muddy,1267,12
20323,110191,and,1267,12
20324,110195,bruised,1267,12
20325,110204,A,1267,12
20326,110206,few,1267,12
20327,110210,wild,1267,12
20328,110216,burrs,1267,12
20329,110222,stick,1267,12
20330,110228,to,1267,12
20331,110231,his,1267,12
20332,110235,jeans,1267,12
20333,110241,and,1267,12
20334,110245,shoes,1267,12
20335,110253,From,1267,12
20336,110258,Shutu,1267,12
20337,110264,s,1267,12
20338,110266,POV,1267,12
20339,110271,we,1267,12
20340,110274,see,1267,12
20341,110278,Tani,1267,12
20342,110283,is,1267,12
20343,110286,sitting,1267,12
20344,110294,on,1267,12
20345,110297,Vikram,1267,12
20346,110304,s,1267,12
20347,110306,lap,1267,12
20348,110310,with,1267,12
20349,110316,Bonnie,1267,12
20350,110323,feeding,1267,12
20351,110331,her,1267,12
20352,110335,some,1267,12
20353,110340,hot,1267,12
20354,110344,soup,1267,12
20355,110350,The,1267,12
20356,110354,rest,1267,12
20357,110359,are,1267,12
20358,110363,around,1267,12
20359,110370,them,1267,12
20360,110377,INT,1268,12
20361,110382,MCCLUSKIEGUNJ,1268,12
20362,110396,HOUSE,1268,12
20363,110404,BONNIE,1268,12
20364,110411,S,1268,12
20365,110413,ROOM,1268,12
20366,110419,NIGHT150,1268,12
20367,110428,150,1268,12
20368,110432,Shutu,1269,12
20369,110438,stands,1269,12
20370,110445,at,1269,12
20371,110448,the,1269,12
20372,110452,doorway,1269,12
20373,110460,of,1269,12
20374,110463,Bonnie,1269,12
20375,110470,s,1269,12
20376,110472,room,1269,12
20377,110478,Tani,1269,12
20378,110483,is,1269,12
20379,110486,lying,1269,12
20380,110493,in,1269,12
20381,110496,bed,1269,12
20382,110500,with,1269,12
20383,110505,Bonnie,1269,12
20384,110513,There,1269,12
20385,110519,is,1269,12
20386,110522,a,1269,12
20387,110524,thermometer,1269,12
20388,110536,in,1269,12
20389,110539,Tani,1269,12
20390,110544,s,1269,12
20391,110546,mouth,1269,12
20392,110553,and,1269,12
20393,110557,Bonnie,1269,12
20394,110564,is,1269,12
20395,110567,putting,1269,12
20396,110575,a,1269,12
20397,110577,cold,1269,12
20398,110582,wash,1269,12
20399,110587,cloth,1269,12
20400,110593,on,1269,12
20401,110596,her,1269,12
20402,110600,forehead,1269,12
20403,110610,They,1269,12
20404,110616,notice,1269,12
20405,110623,him,1269,12
20406,110631,Shutu,1269,12
20407,110637,limps,1269,12
20408,110643,over,1269,12
20409,110648,to,1269,12
20410,110651,the,1269,12
20411,110655,bed,1269,12
20412,110659,and,1269,12
20413,110663,kneels,1269,12
20414,110670,next,1269,12
20415,110675,to,1269,12
20416,110678,Tani,1269,12
20417,110684,He,1269,12
20418,110688,reaches,1269,12
20419,110696,out,1269,12
20420,110700,to,1269,12
20421,110703,her,1269,12
20422,110707,but,1269,12
20423,110711,she,1269,12
20424,110715,gives,1269,12
20425,110721,him,1269,12
20426,110725,a,1269,12
20427,110727,scornful,1269,12
20428,110736,look,1269,12
20429,110742,TANI,1270,12
20430,110747,No,1270,12
20431,110751,You,1270,12
20432,110755,left,1270,12
20433,110760,me,1270,12
20434,110763,and,1270,12
20435,110767,went,1270,12
20436,110773,She,1270,12
20437,110777,turns,1270,12
20438,110783,around,1270,12
20439,110790,and,1270,12
20440,110794,buries,1270,12
20441,110801,her,1270,12
20442,110805,face,1270,12
20443,110810,in,1270,12
20444,110813,Bonnie,1270,12
20445,110820,s,1270,12
20446,110822,shoulder,1270,12
20447,110833,Shutu,1270,12
20448,110839,looks,1270,12
20449,110845,devastated,1270,12
20450,110858,CUT,1271,12
20451,110862,TO,1271,12
20452,110866,EXT,1272,12
20453,110871,MCCLUSKIEGUNJ,1272,12
20454,110885,GATE,1272,12
20455,110891,NIGHT151,1272,12
20456,110900,151,1272,12
20457,110904,Exterior,1273,12
20458,110913,shot,1273,12
20459,110918,of,1273,12
20460,110921,the,1273,12
20461,110925,house,1273,12
20462,110931,from,1273,12
20463,110936,the,1273,12
20464,110940,gate,1273,12
20465,110946,Some,1273,12
20466,110951,leaves,1273,12
20467,110958,rustle,1273,12
20468,110966,and,1273,12
20469,110970,smoke,1273,12
20470,110976,blows,1273,12
20471,110982,into,1273,12
20472,110987,the,1273,12
20473,110991,air,1273,12
20474,110996,Shutu,1273,12
20475,111002,stubs,1273,12
20476,111008,his,1273,12
20477,111012,cigarette,1273,12
20478,111022,and,1273,12
20479,111027,walks,1273,12
20480,111033,away,1273,12
20481,111040,FADE,1274,12
20482,111045,OUT,1274,12
20483,111050,97,1275,12
20484,111054,EXT,1276,13
20485,111059,VERANDAH,1276,13
20486,111069,DAY152,1276,13
20487,111076,152,1276,13
20488,111080,Fade,1277,13
20489,111085,in,1277,13
20490,111089,Manjari,1277,13
20491,111097,sweeps,1277,13
20492,111104,the,1277,13
20493,111108,verandah,1277,13
20494,111119,The,1277,13
20495,111123,super,1277,13
20496,111129,reads,1277,13
20497,111135,Day,1277,13
20498,111139,7,1277,13
20499,111141,Sunday,1277,13
20500,111149,2nd,1277,13
20501,111153,JANUARY,1277,13
20502,111162,CUT,1278,13
20503,111166,TO,1278,13
20504,111170,EXT,1279,13
20505,111175,BONNIE,1279,13
20506,111182,S,1279,13
20507,111184,ROOM,1279,13
20508,111190,DAY153,1279,13
20509,111197,153,1279,13
20510,111201,Bonnie,1280,13
20511,111208,wakes,1280,13
20512,111214,up,1280,13
20513,111218,hugs,1280,13
20514,111223,Tani,1280,13
20515,111228,and,1280,13
20516,111232,goes,1280,13
20517,111237,back,1280,13
20518,111242,to,1280,13
20519,111245,sleep,1280,13
20520,111253,CUT,1281,13
20521,111257,TO,1281,13
20522,111261,EXT,1282,13
20523,111266,MIMI,1282,13
20524,111271,S,1282,13
20525,111273,BEDROOM,1282,13
20526,111282,DAY154,1282,13
20527,111289,154,1282,13
20528,111293,Mimi,1283,13
20529,111298,is,1283,13
20530,111301,fast,1283,13
20531,111306,asleep,1283,13
20532,111313,in,1283,13
20533,111316,her,1283,13
20534,111320,room,1283,13
20535,111326,CUT,1284,13
20536,111330,TO,1284,13
20537,111334,OMITTED155,1285,13
20538,111345,155,1285,13
20539,111349,INT,1286,13
20540,111354,SHUTU,1286,13
20541,111360,S,1286,13
20542,111362,ROOM,1286,13
20543,111368,DAY155,1286,13
20544,111376,A,1286,13
20545,111378,155,1286,13
20546,111383,A,1286,13
20547,111385,Shutu,1287,13
20548,111391,s,1287,13
20549,111393,room,1287,13
20550,111398,is,1287,13
20551,111401,empty,1287,13
20552,111408,CUT,1288,13
20553,111412,TO,1288,13
20554,111416,INT,1289,13
20555,111421,CORRIDOR,1289,13
20556,111431,DAY156,1289,13
20557,111438,156,1289,13
20558,111442,Maniya,1290,13
20559,111449,washes,1290,13
20560,111456,the,1290,13
20561,111460,lid,1290,13
20562,111464,of,1290,13
20563,111467,the,1290,13
20564,111471,drum,1290,13
20565,111476,with,1290,13
20566,111481,a,1290,13
20567,111483,spray,1290,13
20568,111489,of,1290,13
20569,111492,water,1290,13
20570,111498,from,1290,13
20571,111504,a,1290,13
20572,111506,hose,1290,13
20573,111512,Shutu,1290,13
20574,111518,watches,1290,13
20575,111526,him,1290,13
20576,111530,from,1290,13
20577,111535,the,1290,13
20578,111539,corridor,1290,13
20579,111549,Shutu,1290,13
20580,111555,is,1290,13
20581,111559,unslept,1290,13
20582,111568,has,1290,13
20583,111572,big,1290,13
20584,111576,dark,1290,13
20585,111581,circles,1290,13
20586,111589,and,1290,13
20587,111593,his,1290,13
20588,111597,black,1290,13
20589,111603,eye,1290,13
20590,111607,is,1290,13
20591,111610,deeper,1290,13
20592,111618,than,1290,13
20593,111623,before,1290,13
20594,111632,CUT,1291,13
20595,111636,TO,1291,13
20596,111640,INT,1292,13
20597,111645,AUNTY,1292,13
20598,111651,S,1292,13
20599,111653,ROOM,1292,13
20600,111659,DAY157,1292,13
20601,111666,157,1292,13
20602,111670,Uncle,1293,13
20603,111676,is,1293,13
20604,111679,searching,1293,13
20605,111689,for,1293,13
20606,111693,something,1293,13
20607,111703,among,1293,13
20608,111709,Aunty,1293,13
20609,111715,s,1293,13
20610,111717,things,1293,13
20611,111724,at,1293,13
20612,111727,the,1293,13
20613,111732,dressing,1293,13
20614,111741,table,1293,13
20615,111748,One,1293,13
20616,111752,drawer,1293,13
20617,111759,is,1293,13
20618,111762,locked,1293,13
20619,111770,Aunty,1293,13
20620,111776,enters,1293,13
20621,111783,with,1293,13
20622,111789,clothes,1293,13
20623,111797,under,1293,13
20624,111803,her,1293,13
20625,111807,arm,1293,13
20626,111811,and,1293,13
20627,111815,is,1293,13
20628,111818,heading,1293,13
20629,111826,to,1293,13
20630,111829,the,1293,13
20631,111833,bathroom,1293,13
20632,111844,AUNTY,1294,13
20633,111851,Abh,1294,13
20634,111855,kya,1294,13
20635,111859,hua,1294,13
20636,111865,Irritated,1294,13
20637,111876,UNCLE,1295,13
20638,111882,Kuch,1295,13
20639,111887,time,1295,13
20640,111892,pe,1295,13
20641,111895,nahi,1295,13
20642,111900,milta,1295,13
20643,111906,hain,1295,13
20644,111913,Hamesha,1295,13
20645,111921,mera,1295,13
20646,111926,samaan,1295,13
20647,111933,idhar,1295,13
20648,111939,udhar,1295,13
20649,111946,karti,1295,13
20650,111952,rehti,1295,13
20651,111958,ho,1295,13
20652,111963,98,1295,13
20653,111967,AUNTY,1296,13
20654,111974,Muttering,1296,13
20655,111984,while,1296,13
20656,111990,walking,1296,13
20657,111998,to,1296,13
20658,112001,the,1296,13
20659,112006,bathroom,1296,13
20660,112016,You,1296,13
20661,112020,leave,1296,13
20662,112026,my,1296,13
20663,112029,things,1296,13
20664,112037,alone,1296,13
20665,112045,Uncle,1296,13
20666,112051,turns,1296,13
20667,112057,to,1296,13
20668,112060,see,1296,13
20669,112064,aunty,1296,13
20670,112070,go,1296,13
20671,112073,into,1296,13
20672,112078,the,1296,13
20673,112082,bathroom,1296,13
20674,112092,He,1296,13
20675,112095,picks,1296,13
20676,112101,up,1296,13
20677,112105,her,1296,13
20678,112109,keys,1296,13
20679,112114,from,1296,13
20680,112119,the,1296,13
20681,112123,bedside,1296,13
20682,112131,table,1296,13
20683,112137,and,1296,13
20684,112141,goes,1296,13
20685,112146,to,1296,13
20686,112149,open,1296,13
20687,112154,the,1296,13
20688,112158,locked,1296,13
20689,112166,drawer,1296,13
20690,112174,Among,1296,13
20691,112180,a,1296,13
20692,112182,bunch,1296,13
20693,112188,of,1296,13
20694,112191,rollers,1296,13
20695,112199,and,1296,13
20696,112203,other,1296,13
20697,112209,things,1296,13
20698,112217,he,1296,13
20699,112220,finds,1296,13
20700,112226,a,1296,13
20701,112229,small,1296,13
20702,112235,box,1296,13
20703,112239,of,1296,13
20704,112242,ammunition,1296,13
20705,112255,CUT,1297,13
20706,112259,TO,1297,13
20707,112263,OMITTED158,1298,13
20708,112274,158,1298,13
20709,112278,INT,1299,13
20710,112283,BACK,1299,13
20711,112288,CORRIDOR,1299,13
20712,112298,DAY,1299,13
20713,112302,159,1299,13
20714,112306,159,1299,13
20715,112310,A,1300,13
20716,112312,close,1300,13
20717,112318,shot,1300,13
20718,112323,of,1300,13
20719,112326,Shutu,1300,13
20720,112332,s,1300,13
20721,112334,morose,1300,13
20722,112341,face,1300,13
20723,112347,Aunty,1300,13
20724,112353,is,1300,13
20725,112356,sitting,1300,13
20726,112365,opposite,1300,13
20727,112374,him,1300,13
20728,112378,at,1300,13
20729,112381,the,1300,13
20730,112385,table,1300,13
20731,112391,with,1300,13
20732,112396,her,1300,13
20733,112400,tea,1300,13
20734,112404,in,1300,13
20735,112407,front,1300,13
20736,112413,of,1300,13
20737,112416,her,1300,13
20738,112422,AUNTY,1301,13
20739,112429,Tui,1301,13
20740,112433,ekhunu,1301,13
20741,112440,Ma,1301,13
20742,112443,ke,1301,13
20743,112446,phone,1301,13
20744,112452,korli,1301,13
20745,112458,na,1301,13
20746,112462,na,1301,13
20747,112467,Tin,1301,13
20748,112471,din,1301,13
20749,112475,hoye,1301,13
20750,112480,gelo,1301,13
20751,112485,kintu,1301,13
20752,112491,chiti,1301,13
20753,112497,peye,1301,13
20754,112503,Mimi,1301,13
20755,112508,walks,1301,13
20756,112514,in,1301,13
20757,112518,freshly,1301,13
20758,112526,bathed,1301,13
20759,112534,with,1301,13
20760,112539,a,1301,13
20761,112541,damp,1301,13
20762,112546,towel,1301,13
20763,112552,in,1301,13
20764,112555,her,1301,13
20765,112559,hand,1301,13
20766,112566,She,1301,13
20767,112570,looks,1301,13
20768,112576,over,1301,13
20769,112581,at,1301,13
20770,112584,the,1301,13
20771,112588,kitchen,1301,13
20772,112596,table,1301,13
20773,112603,Shutu,1301,13
20774,112610,who,1301,13
20775,112614,all,1301,13
20776,112618,this,1301,13
20777,112624,while,1301,13
20778,112630,was,1301,13
20779,112634,fidgeting,1301,13
20780,112644,with,1301,13
20781,112649,crumbs,1301,13
20782,112657,notices,1301,13
20783,112665,Mimi,1301,13
20784,112670,from,1301,13
20785,112675,the,1301,13
20786,112679,corner,1301,13
20787,112687,of,1301,13
20788,112690,his,1301,13
20789,112694,eye,1301,13
20790,112699,Mimi,1301,13
20791,112704,awkwardly,1301,13
20792,112714,looks,1301,13
20793,112720,away,1301,13
20794,112725,while,1301,13
20795,112731,making,1301,13
20796,112738,her,1301,13
20797,112743,coffee,1301,13
20798,112751,AUNTY,1302,13
20799,112758,CONT,1302,13
20800,112763,D,1302,13
20801,112766,You,1302,13
20802,112770,should,1302,13
20803,112777,go,1302,13
20804,112780,back,1302,13
20805,112785,home,1302,13
20806,112790,Shutu,1302,13
20807,112797,And,1302,13
20808,112802,better,1302,13
20809,112809,buy,1302,13
20810,112813,your,1302,13
20811,112818,ticket,1302,13
20812,112825,today,1302,13
20813,112832,First,1302,13
20814,112841,go,1302,13
20815,112844,to,1302,13
20816,112847,the,1302,13
20817,112851,post,1302,13
20818,112856,office,1302,13
20819,112863,and,1302,13
20820,112867,give,1302,13
20821,112872,her,1302,13
20822,112877,a,1302,13
20823,112879,call,1302,13
20824,112885,then,1302,13
20825,112890,go,1302,13
20826,112893,the,1302,13
20827,112897,station,1302,13
20828,112905,and,1302,13
20829,112909,buy,1302,13
20830,112914,your,1302,13
20831,112919,ticket,1302,13
20832,112927,Dekh,1302,13
20833,112932,kothaye,1302,13
20834,112940,confirmed,1302,13
20835,112951,seat,1302,13
20836,112956,paash,1302,13
20837,112964,Shutu,1302,13
20838,112970,looks,1302,13
20839,112976,up,1302,13
20840,112979,at,1302,13
20841,112982,Aunty,1302,13
20842,112988,slowly,1302,13
20843,112996,glancing,1302,13
20844,113005,at,1302,13
20845,113008,MIMI,1302,13
20846,113014,SHUTU,1303,13
20847,113021,low,1303,13
20848,113025,voice,1303,13
20849,113042,Kintu,1303,13
20850,113048,taka,1303,13
20851,113053,poysha,1303,13
20852,113060,toh,1303,13
20853,113064,neyi,1303,13
20854,113072,But,1303,13
20855,113076,I,1303,13
20856,113078,don,1303,13
20857,113082,t,1303,13
20858,113084,have,1303,13
20859,113089,any,1303,13
20860,113093,money,1303,13
20861,113101,Aunty,1303,13
20862,113107,s,1303,13
20863,113109,face,1303,13
20864,113114,softens,1303,13
20865,113123,AUNTY,1304,13
20866,113129,Aami,1304,13
20867,113134,diye,1304,13
20868,113139,debo,1304,13
20869,113145,Tor,1304,13
20870,113149,chokh,1304,13
20871,113155,ta,1304,13
20872,113158,toh,1304,13
20873,113163,roj,1304,13
20874,113167,roj,1304,13
20875,113171,bediye,1304,13
20876,113178,jaache,1304,13
20877,113186,Ma,1304,13
20878,113189,r,1304,13
20879,113191,heart,1304,13
20880,113198,fail,1304,13
20881,113203,hoye,1304,13
20882,113208,jaabe,1304,13
20883,113215,Bhebhe,1304,13
20884,113222,dekhechish,1304,13
20885,113235,Shekh,1304,13
20886,113241,ta,1304,13
20887,113244,kothai,1304,13
20888,113251,gelo,1304,13
20889,113257,99,1304,13
20890,113261,Aunty,1304,13
20891,113267,picks,1304,13
20892,113273,up,1304,13
20893,113276,the,1304,13
20894,113280,hot,1304,13
20895,113284,compress,1304,13
20896,113294,touches,1304,13
20897,113302,her,1304,13
20898,113306,tea,1304,13
20899,113310,cup,1304,13
20900,113314,with,1304,13
20901,113319,it,1304,13
20902,113323,and,1304,13
20903,113327,puts,1304,13
20904,113332,it,1304,13
20905,113335,to,1304,13
20906,113338,his,1304,13
20907,113342,eye,1304,13
20908,113347,As,1304,13
20909,113350,Aunty,1304,13
20910,113356,tends,1304,13
20911,113362,to,1304,13
20912,113365,his,1304,13
20913,113369,black,1304,13
20914,113375,eye,1304,13
20915,113380,with,1304,13
20916,113386,his,1304,13
20917,113390,other,1304,13
20918,113396,eye,1304,13
20919,113400,Shutu,1304,13
20920,113406,watches,1304,13
20921,113414,Mimi,1304,13
20922,113419,silently,1304,13
20923,113428,leave,1304,13
20924,113434,the,1304,13
20925,113438,kitchen,1304,13
20926,113447,CUT,1305,13
20927,113451,TO,1305,13
20928,113455,EXT,1306,13
20929,113460,MCCLUSKIEGUNJ,1306,13
20930,113474,STREETS,1306,13
20931,113483,DAY,1306,13
20932,113487,160,1306,13
20933,113491,160,1306,13
20934,113495,Shutu,1307,13
20935,113501,wanders,1307,13
20936,113509,the,1307,13
20937,113513,roads,1307,13
20938,113519,of,1307,13
20939,113522,McCluskiegunj,1307,13
20940,113537,alone,1307,13
20941,113543,on,1307,13
20942,113546,a,1307,13
20943,113548,cycle,1307,13
20944,113556,He,1307,13
20945,113559,reaches,1307,13
20946,113567,the,1307,13
20947,113571,post,1307,13
20948,113576,office,1307,13
20949,113584,lost,1307,13
20950,113589,in,1307,13
20951,113592,his,1307,13
20952,113596,own,1307,13
20953,113600,world,1307,13
20954,113608,CUT,1308,13
20955,113612,TO,1308,13
20956,113616,INT,1309,13
20957,113621,POST,1309,13
20958,113626,OFFICE,1309,13
20959,113634,DAY,1309,13
20960,113638,161,1309,13
20961,113642,161,1309,13
20962,113646,Shutu,1310,13
20963,113652,is,1310,13
20964,113655,at,1310,13
20965,113658,the,1310,13
20966,113662,counter,1310,13
20967,113671,listening,1310,13
20968,113681,to,1310,13
20969,113684,his,1310,13
20970,113688,mother,1310,13
20971,113695,as,1310,13
20972,113698,she,1310,13
20973,113702,weeps,1310,13
20974,113709,on,1310,13
20975,113712,the,1310,13
20976,113716,phone,1310,13
20977,113723,His,1310,13
20978,113727,eyes,1310,13
20979,113732,are,1310,13
20980,113736,vacant,1310,13
20981,113743,and,1310,13
20982,113747,fixed,1310,13
20983,113753,far,1310,13
20984,113757,away,1310,13
20985,113763,SHUTU,1311,13
20986,113769,S,1311,13
20987,113771,MOTHER,1311,13
20988,113779,O,1311,13
20989,113781,C,1311,13
20990,113785,BENGALI,1311,13
20991,113794,We,1311,13
20992,113797,can,1311,13
20993,113801,easily,1311,13
20994,113808,get,1311,13
20995,113812,you,1311,13
20996,113816,a,1311,13
20997,113818,teaching,1311,13
20998,113828,position,1311,13
20999,113837,here,1311,13
21000,113842,in,1311,13
21001,113845,Bardhaman,1311,13
21002,113856,What,1311,13
21003,113861,to,1311,13
21004,113865,do,1311,13
21005,113868,Shutu,1311,13
21006,113875,we,1311,13
21007,113878,really,1311,13
21008,113885,can,1311,13
21009,113889,t,1311,13
21010,113891,afford,1311,13
21011,113899,anything,1311,13
21012,113908,else,1311,13
21013,113914,We,1311,13
21014,113917,track,1311,13
21015,113923,away,1311,13
21016,113928,from,1311,13
21017,113933,the,1311,13
21018,113937,door,1311,13
21019,113944,OMITTED161,1312,13
21020,113955,A,1312,13
21021,113957,161,1312,13
21022,113961,A,1312,13
21023,113963,EXT,1313,13
21024,113968,MCCLUSKIEGUNJ,1313,13
21025,113982,RAILWAY,1313,13
21026,113990,STATION,1313,13
21027,113999,DAY,1313,13
21028,114003,162,1313,13
21029,114007,162,1313,13
21030,114011,Shutu,1314,13
21031,114017,comes,1314,13
21032,114023,up,1314,13
21033,114026,to,1314,13
21034,114029,a,1314,13
21035,114031,small,1314,13
21036,114037,ticket,1314,13
21037,114044,window,1314,13
21038,114053,SHUTU,1315,13
21039,114059,Howrah,1315,13
21040,114066,ka,1315,13
21041,114069,next,1315,13
21042,114074,train,1315,13
21043,114081,Shutu,1315,13
21044,114087,takes,1315,13
21045,114093,out,1315,13
21046,114097,his,1315,13
21047,114101,wallet,1315,13
21048,114109,There,1315,13
21049,114115,is,1315,13
21050,114118,a,1315,13
21051,114120,faded,1315,13
21052,114126,black,1315,13
21053,114132,and,1315,13
21054,114136,white,1315,13
21055,114143,picture,1315,13
21056,114151,of,1315,13
21057,114154,a,1315,13
21058,114156,man,1315,13
21059,114160,with,1315,13
21060,114165,a,1315,13
21061,114167,child,1315,13
21062,114173,smiling,1315,13
21063,114182,tucked,1315,13
21064,114189,inside,1315,13
21065,114198,TICKET,1316,13
21066,114205,VENDOR,1316,13
21067,114213,O,1316,13
21068,114215,C,1316,13
21069,114219,Howrah,1316,13
21070,114227,Chopan,1316,13
21071,114234,se,1316,13
21072,114237,Gomoh,1316,13
21073,114243,lijiye,1316,13
21074,114252,Barkhakana,1316,13
21075,114263,mein,1316,13
21076,114268,Howrah,1316,13
21077,114275,ka,1316,13
21078,114278,bogie,1316,13
21079,114285,lagega,1316,13
21080,114295,CUT,1317,13
21081,114299,TO,1317,13
21082,114303,INT,1318,13
21083,114308,SHUTU,1318,13
21084,114314,S,1318,13
21085,114316,ROOM,1318,13
21086,114322,DAY163,1318,13
21087,114329,163,1318,13
21088,114333,Shutu,1319,13
21089,114339,is,1319,13
21090,114342,packing,1319,13
21091,114350,away,1319,13
21092,114355,his,1319,13
21093,114359,meagre,1319,13
21094,114366,belongings,1319,13
21095,114377,into,1319,13
21096,114382,his,1319,13
21097,114386,back,1319,13
21098,114392,pack,1319,13
21099,114398,He,1319,13
21100,114401,picks,1319,13
21101,114407,up,1319,13
21102,114410,his,1319,13
21103,114414,books,1319,13
21104,114420,strewn,1319,13
21105,114427,over,1319,13
21106,114432,the,1319,13
21107,114436,bed,1319,13
21108,114440,and,1319,13
21109,114444,puts,1319,13
21110,114449,them,1319,13
21111,114455,in,1319,13
21112,114459,From,1319,13
21113,114464,under,1319,13
21114,114470,his,1319,13
21115,114474,books,1319,13
21116,114481,he,1319,13
21117,114484,finds,1319,13
21118,114490,the,1319,13
21119,114494,magnifying,1319,13
21120,114505,glass,1319,13
21121,114512,He,1319,13
21122,114516,looks,1319,13
21123,114522,at,1319,13
21124,114525,it,1319,13
21125,114528,for,1319,13
21126,114532,a,1319,13
21127,114534,moment,1319,13
21128,114541,and,1319,13
21129,114545,puts,1319,13
21130,114550,it,1319,13
21131,114553,inside,1319,13
21132,114560,his,1319,13
21133,114564,bag,1319,13
21134,114571,CUT,1320,13
21135,114575,TO,1320,13
21136,114579,100,1321,13
21137,114584,INT,1322,13
21138,114589,AUNTY,1322,13
21139,114595,S,1322,13
21140,114597,ROOM,1322,13
21141,114603,DAY,1322,13
21142,114608,164,1322,13
21143,114612,164,1322,13
21144,114616,Aunty,1323,13
21145,114622,sits,1323,13
21146,114627,at,1323,13
21147,114630,a,1323,13
21148,114632,writing,1323,13
21149,114640,desk,1323,13
21150,114645,near,1323,13
21151,114650,the,1323,13
21152,114654,window,1323,13
21153,114661,in,1323,13
21154,114664,her,1323,13
21155,114668,room,1323,13
21156,114676,She,1323,13
21157,114680,has,1323,13
21158,114684,filled,1323,13
21159,114691,thin,1323,13
21160,114696,sheets,1323,13
21161,114703,of,1323,13
21162,114706,air,1323,13
21163,114710,mail,1323,13
21164,114715,paper,1323,13
21165,114721,with,1323,13
21166,114726,delicate,1323,13
21167,114737,neat,1323,13
21168,114742,handwriting,1323,13
21169,114755,She,1323,13
21170,114759,folds,1323,13
21171,114765,the,1323,13
21172,114769,letter,1323,13
21173,114776,carefully,1323,13
21174,114787,blows,1323,13
21175,114793,open,1323,13
21176,114799,the,1323,13
21177,114803,envelope,1323,13
21178,114812,and,1323,13
21179,114816,puts,1323,13
21180,114821,the,1323,13
21181,114825,letter,1323,13
21182,114832,in,1323,13
21183,114836,She,1323,13
21184,114840,puts,1323,13
21185,114845,a,1323,13
21186,114847,couple,1323,13
21187,114854,of,1323,13
21188,114858,hundred,1323,13
21189,114866,rupees,1323,13
21190,114873,in,1323,13
21191,114876,as,1323,13
21192,114879,well,1323,13
21193,114885,As,1323,13
21194,114888,she,1323,13
21195,114892,licks,1323,13
21196,114898,the,1323,13
21197,114902,envelope,1323,13
21198,114911,shut,1323,13
21199,114918,she,1323,13
21200,114922,hears,1323,13
21201,114928,a,1323,13
21202,114930,sound,1323,13
21203,114936,at,1323,13
21204,114939,the,1323,13
21205,114943,door,1323,13
21206,114950,AUNTY,1324,13
21207,114957,Without,1324,13
21208,114965,looking,1324,13
21209,114974,Manjari,1324,13
21210,114985,She,1324,13
21211,114989,turns,1324,13
21212,114995,around,1324,13
21213,115002,and,1324,13
21214,115006,her,1324,13
21215,115010,expression,1324,13
21216,115021,changes,1324,13
21217,115029,as,1324,13
21218,115032,she,1324,13
21219,115036,finds,1324,13
21220,115043,Shutu,1324,13
21221,115049,standing,1324,13
21222,115058,at,1324,13
21223,115061,the,1324,13
21224,115065,door,1324,13
21225,115070,way,1324,13
21226,115078,AUNTY,1325,13
21227,115085,CONT,1325,13
21228,115090,D,1325,13
21229,115093,Ticket,1325,13
21230,115100,peli,1325,13
21231,115106,Shutu,1325,13
21232,115112,walks,1325,13
21233,115118,up,1325,13
21234,115121,to,1325,13
21235,115124,her,1325,13
21236,115129,handing,1325,13
21237,115137,her,1325,13
21238,115141,the,1325,13
21239,115145,change,1325,13
21240,115154,SHUTU,1326,13
21241,115160,Yes,1326,13
21242,115165,Here,1326,13
21243,115171,AUNTY,1327,13
21244,115178,Handing,1327,13
21245,115186,the,1327,13
21246,115190,envelope,1327,13
21247,115199,to,1327,13
21248,115202,Shutu,1327,13
21249,115209,Eta,1327,13
21250,115213,Maa,1327,13
21251,115217,ke,1327,13
21252,115220,diye,1327,13
21253,115225,dish,1327,13
21254,115232,CUT,1328,13
21255,115236,TO,1328,13
21256,115240,INT,1329,14
21257,115245,CORRIDOR,1329,14
21258,115255,DAY165,1329,14
21259,115262,165,1329,14
21260,115266,Shutu,1330,14
21261,115272,comes,1330,14
21262,115278,out,1330,14
21263,115282,of,1330,14
21264,115285,Aunty,1330,14
21265,115291,s,1330,14
21266,115293,room,1330,14
21267,115299,He,1330,14
21268,115302,walks,1330,14
21269,115308,down,1330,14
21270,115313,the,1330,14
21271,115317,corridor,1330,14
21272,115327,and,1330,14
21273,115331,comes,1330,14
21274,115337,across,1330,14
21275,115344,Mimi,1330,14
21276,115350,who,1330,14
21277,115354,is,1330,14
21278,115357,coming,1330,14
21279,115364,out,1330,14
21280,115368,of,1330,14
21281,115371,the,1330,14
21282,115375,kitchen,1330,14
21283,115383,with,1330,14
21284,115389,an,1330,14
21285,115392,orange,1330,14
21286,115400,They,1330,14
21287,115405,pass,1330,14
21288,115410,each,1330,14
21289,115415,other,1330,14
21290,115421,awkwardly,1330,14
21291,115431,searching,1330,14
21292,115441,for,1330,14
21293,115446,something,1330,14
21294,115456,to,1330,14
21295,115459,say,1330,14
21296,115465,MIMI,1331,14
21297,115470,You,1331,14
21298,115474,re,1331,14
21299,115477,leaving,1331,14
21300,115487,Shutu,1331,14
21301,115493,nods,1331,14
21302,115499,MIMI,1332,14
21303,115505,CONT,1332,14
21304,115510,D,1332,14
21305,115513,Bardhaman,1332,14
21306,115524,SHUTU,1333,14
21307,115530,But,1333,14
21308,115534,I,1333,14
21309,115536,ll,1333,14
21310,115539,be,1333,14
21311,115542,coming,1333,14
21312,115549,to,1333,14
21313,115552,Cal,1333,14
21314,115556,soon,1333,14
21315,115562,So,1333,14
21316,115566,I,1333,14
21317,115568,ll,1333,14
21318,115571,see,1333,14
21319,115575,you,1333,14
21320,115580,Mimi,1333,14
21321,115585,looks,1333,14
21322,115591,at,1333,14
21323,115594,him,1333,14
21324,115598,for,1333,14
21325,115602,a,1333,14
21326,115604,moment,1333,14
21327,115612,MIMI,1334,14
21328,115617,Shutu,1334,14
21329,115623,I,1334,14
21330,115628,I,1334,14
21331,115630,think,1334,14
21332,115636,you,1334,14
21333,115640,should,1334,14
21334,115647,be,1334,14
21335,115651,concentrating,1334,14
21336,115665,on,1334,14
21337,115668,your,1334,14
21338,115673,studies,1334,14
21339,115681,a,1334,14
21340,115684,little,1334,14
21341,115691,more,1334,14
21342,115697,101,1334,14
21343,115702,She,1334,14
21344,115706,turns,1334,14
21345,115712,and,1334,14
21346,115716,heads,1334,14
21347,115722,out,1334,14
21348,115726,of,1334,14
21349,115729,the,1334,14
21350,115733,door,1334,14
21351,115739,Shutu,1334,14
21352,115745,takes,1334,14
21353,115751,a,1334,14
21354,115753,moment,1334,14
21355,115760,to,1334,14
21356,115764,collect,1334,14
21357,115772,himself,1334,14
21358,115780,as,1334,14
21359,115783,he,1334,14
21360,115786,watches,1334,14
21361,115794,her,1334,14
21362,115798,leave,1334,14
21363,115804,through,1334,14
21364,115812,the,1334,14
21365,115816,mesh,1334,14
21366,115822,door,1334,14
21367,115828,CUT,1335,14
21368,115832,TO,1335,14
21369,115836,EXT,1336,14
21370,115841,VERANDAH,1336,14
21371,115852,DAY166,1336,14
21372,115859,166,1336,14
21373,115863,Uncle,1337,14
21374,115869,spills,1337,14
21375,115876,a,1337,14
21376,115878,little,1337,14
21377,115885,linseed,1337,14
21378,115893,oil,1337,14
21379,115897,as,1337,14
21380,115900,he,1337,14
21381,115903,reaches,1337,14
21382,115911,for,1337,14
21383,115915,the,1337,14
21384,115920,cloth,1337,14
21385,115928,UNCLE,1338,14
21386,115934,Bhenchod,1338,14
21387,115944,He,1338,14
21388,115947,notices,1338,14
21389,115955,Shutu,1338,14
21390,115961,s,1338,14
21391,115963,shadowy,1338,14
21392,115971,figure,1338,14
21393,115978,standing,1338,14
21394,115987,behind,1338,14
21395,115994,the,1338,14
21396,115998,mesh,1338,14
21397,116004,door,1338,14
21398,116010,UNCLE,1339,14
21399,116017,CONT,1339,14
21400,116022,D,1339,14
21401,116025,Shutu,1339,14
21402,116031,beta,1339,14
21403,116037,idhar,1339,14
21404,116043,aao,1339,14
21405,116048,Shutu,1339,14
21406,116054,joins,1339,14
21407,116060,Uncle,1339,14
21408,116066,outside,1339,14
21409,116076,UNCLE,1340,14
21410,116083,CONT,1340,14
21411,116088,D,1340,14
21412,116091,Zara,1340,14
21413,116096,isko,1340,14
21414,116101,ponch,1340,14
21415,116107,do,1340,14
21416,116111,Shutu,1340,14
21417,116117,wipes,1340,14
21418,116123,as,1340,14
21419,116126,he,1340,14
21420,116129,watches,1340,14
21421,116137,Mimi,1340,14
21422,116142,ahead,1340,14
21423,116150,UNCLE,1341,14
21424,116157,CONT,1341,14
21425,116162,D,1341,14
21426,116165,Abh,1341,14
21427,116169,dikhaenge,1341,14
21428,116179,Nandu,1341,14
21429,116185,ko,1341,14
21430,116190,Box,1341,14
21431,116194,leke,1341,14
21432,116199,aana,1341,14
21433,116205,Maniya,1341,14
21434,116213,CUT,1342,14
21435,116217,TO,1342,14
21436,116221,EXT,1343,14
21437,116226,FRONT,1343,14
21438,116232,LAWNS,1343,14
21439,116239,DAY,1343,14
21440,116243,DUSK,1343,14
21441,116248,167,1343,14
21442,116252,167,1343,14
21443,116256,Shutu,1344,14
21444,116262,and,1344,14
21445,116266,Uncle,1344,14
21446,116272,are,1344,14
21447,116276,in,1344,14
21448,116279,the,1344,14
21449,116283,front,1344,14
21450,116289,lawns,1344,14
21451,116296,Maniya,1344,14
21452,116303,is,1344,14
21453,116306,holding,1344,14
21454,116314,the,1344,14
21455,116319,drum,1344,14
21456,116324,lid,1344,14
21457,116328,against,1344,14
21458,116336,the,1344,14
21459,116340,tree,1344,14
21460,116346,UNCLE,1345,14
21461,116352,Aur,1345,14
21462,116356,upar,1345,14
21463,116362,Arrey,1345,14
21464,116368,itna,1345,14
21465,116373,nahi,1345,14
21466,116380,Neechein,1345,14
21467,116390,Sunai,1345,14
21468,116396,nahi,1345,14
21469,116401,deta,1345,14
21470,116406,kya,1345,14
21471,116411,Shutu,1345,14
21472,116417,is,1345,14
21473,116420,uninterested,1345,14
21474,116436,UNCLE,1346,14
21475,116443,CONT,1346,14
21476,116448,D,1346,14
21477,116451,Aim,1346,14
21478,116455,kabhi,1346,14
21479,116461,aise,1346,14
21480,116466,havein,1346,14
21481,116473,mein,1346,14
21482,116478,nahi,1346,14
21483,116484,karna,1346,14
21484,116490,chahiye,1346,14
21485,116499,kya,1346,14
21486,116503,pata,1346,14
21487,116508,civillian,1346,14
21488,116519,ko,1346,14
21489,116522,lag,1346,14
21490,116526,jaaye,1346,14
21491,116533,Box,1346,14
21492,116537,do,1346,14
21493,116541,Shutu,1346,14
21494,116547,looks,1346,14
21495,116553,around,1346,14
21496,116560,to,1346,14
21497,116563,notice,1346,14
21498,116570,Vikram,1346,14
21499,116577,and,1346,14
21500,116581,Brian,1346,14
21501,116587,enter,1346,14
21502,116593,on,1346,14
21503,116596,the,1346,14
21504,116601,bike,1346,14
21505,116606,from,1346,14
21506,116611,the,1346,14
21507,116615,side,1346,14
21508,116620,of,1346,14
21509,116623,the,1346,14
21510,116627,house,1346,14
21511,116634,Nandu,1346,14
21512,116640,comes,1346,14
21513,116646,out,1346,14
21514,116650,of,1346,14
21515,116653,the,1346,14
21516,116657,house,1346,14
21517,116664,and,1346,14
21518,116668,Tani,1346,14
21519,116673,runs,1346,14
21520,116678,to,1346,14
21521,116681,him,1346,14
21522,116686,Bonnie,1346,14
21523,116693,and,1346,14
21524,116697,Mimi,1346,14
21525,116702,join,1346,14
21526,116707,them,1346,14
21527,116712,near,1346,14
21528,116717,the,1346,14
21529,116722,verandah,1346,14
21530,116733,102,1346,14
21531,116738,UNCLE,1347,14
21532,116745,O,1347,14
21533,116747,C,1347,14
21534,116752,CONT,1347,14
21535,116757,D,1347,14
21536,116760,Pehle,1347,14
21537,116766,isme,1347,14
21538,116771,mag,1347,14
21539,116775,chadhate,1347,14
21540,116784,hain,1347,14
21541,116790,Phir,1347,14
21542,116796,safety,1347,14
21543,116803,catch,1347,14
21544,116809,ko,1347,14
21545,116812,ready,1347,14
21546,116818,position,1347,14
21547,116827,mein,1347,14
21548,116833,laate,1347,14
21549,116839,hain,1347,14
21550,116845,Phir,1347,14
21551,116850,cock,1347,14
21552,116855,karke,1347,14
21553,116865,The,1347,14
21554,116869,loud,1347,14
21555,116874,cocking,1347,14
21556,116882,sound,1347,14
21557,116888,brings,1347,14
21558,116895,Shutu,1347,14
21559,116901,back,1347,14
21560,116906,to,1347,14
21561,116909,the,1347,14
21562,116913,moment,1347,14
21563,116921,Uncle,1347,14
21564,116928,is,1347,14
21565,116931,ready,1347,14
21566,116937,to,1347,14
21567,116940,aim,1347,14
21568,116946,UNCLE,1348,14
21569,116953,CONT,1348,14
21570,116958,D,1348,14
21571,116961,Foresight,1348,14
21572,116971,ko,1348,14
21573,116974,aperture,1348,14
21574,116983,ke,1348,14
21575,116986,beech,1348,14
21576,116992,mein,1348,14
21577,116998,rakh,1348,14
21578,117003,ke,1348,14
21579,117007,shifth,1348,14
21580,117014,ko,1348,14
21581,117017,target,1348,14
21582,117024,pe,1348,14
21583,117027,milate,1348,14
21584,117035,hain,1348,14
21585,117043,SHUTU,1349,14
21586,117050,pleadingly,1349,14
21587,117062,Uncle,1349,14
21588,117069,ek,1349,14
21589,117072,baar,1349,14
21590,117077,please,1349,14
21591,117086,mujhe,1349,14
21592,117093,Let,1349,14
21593,117098,me,1349,14
21594,117101,hold,1349,14
21595,117106,it,1349,14
21596,117109,na,1349,14
21597,117115,PAUSE,1350,14
21598,117122,Aap,1350,14
21599,117126,fire,1350,14
21600,117131,karein,1350,14
21601,117138,usse,1350,14
21602,117143,pehle,1350,14
21603,117151,Uncle,1350,14
21604,117157,gives,1350,14
21605,117163,him,1350,14
21606,117167,a,1350,14
21607,117169,look,1350,14
21608,117174,and,1350,14
21609,117178,goes,1350,14
21610,117183,back,1350,14
21611,117188,to,1350,14
21612,117191,the,1350,14
21613,117195,rifle,1350,14
21614,117202,UNCLE,1351,14
21615,117208,No,1351,14
21616,117212,no,1351,14
21617,117215,Shutu,1351,14
21618,117222,Not,1351,14
21619,117226,now,1351,14
21620,117232,SHUTU,1352,14
21621,117238,I,1352,14
21622,117240,just,1352,14
21623,117245,want,1352,14
21624,117250,to,1352,14
21625,117253,hold,1352,14
21626,117258,it,1352,14
21627,117261,once,1352,14
21628,117267,just,1352,14
21629,117273,to,1352,14
21630,117276,see,1352,14
21631,117280,how,1352,14
21632,117284,it,1352,14
21633,117287,feels,1352,14
21634,117295,UNCLE,1353,14
21635,117302,Without,1353,14
21636,117310,looking,1353,14
21637,117318,at,1353,14
21638,117321,Shutu,1353,14
21639,117328,You,1353,14
21640,117332,want,1353,14
21641,117337,to,1353,14
21642,117340,hold,1353,14
21643,117345,it,1353,14
21644,117348,haan,1353,14
21645,117354,SHUTU,1354,14
21646,117360,You,1354,14
21647,117364,show,1354,14
21648,117369,me,1354,14
21649,117372,how,1354,14
21650,117376,to,1354,14
21651,117379,hold,1354,14
21652,117384,it,1354,14
21653,117387,Uncle,1354,14
21654,117395,Aap,1354,14
21655,117399,nahi,1354,14
21656,117404,dikhayenge,1354,14
21657,117415,toh,1354,14
21658,117422,UNCLE,1355,14
21659,117428,Okay,1355,14
21660,117434,Just,1355,14
21661,117439,to,1355,14
21662,117442,hold,1355,14
21663,117447,it,1355,14
21664,117451,Wait,1355,14
21665,117457,Uncle,1355,14
21666,117463,carefully,1355,14
21667,117473,puts,1355,14
21668,117478,the,1355,14
21669,117482,safety,1355,14
21670,117489,catch,1355,14
21671,117495,back,1355,14
21672,117500,on,1355,14
21673,117504,With,1355,14
21674,117509,one,1355,14
21675,117513,arm,1355,14
21676,117518,still,1355,14
21677,117524,holding,1355,14
21678,117532,the,1355,14
21679,117536,rifle,1355,14
21680,117543,Uncle,1355,14
21681,117549,lets,1355,14
21682,117554,Shutu,1355,14
21683,117560,hold,1355,14
21684,117565,it,1355,14
21685,117569,Shutu,1355,14
21686,117576,closes,1355,14
21687,117583,in,1355,14
21688,117587,He,1355,14
21689,117590,tightens,1355,14
21690,117599,his,1355,14
21691,117603,grip,1355,14
21692,117608,on,1355,14
21693,117611,the,1355,14
21694,117615,rifle,1355,14
21695,117621,and,1355,14
21696,117625,in,1355,14
21697,117628,one,1355,14
21698,117632,swift,1355,14
21699,117639,movement,1355,14
21700,117648,scampers,1355,14
21701,117657,off,1355,14
21702,117661,to,1355,14
21703,117664,a,1355,14
21704,117666,distance,1355,14
21705,117677,UNCLE,1356,14
21706,117684,CONT,1356,14
21707,117689,D,1356,14
21708,117692,Wapas,1356,14
21709,117698,karo,1356,14
21710,117703,Shutu,1356,14
21711,117710,Kya,1356,14
21712,117714,kar,1356,14
21713,117718,rahe,1356,14
21714,117723,ho,1356,14
21715,117728,Shutu,1356,14
21716,117734,backs,1356,14
21717,117740,away,1356,14
21718,117745,unsteadily,1356,14
21719,117759,UNCLE,1357,14
21720,117766,CONT,1357,14
21721,117771,D,1357,14
21722,117774,Nandu,1357,14
21723,117781,Nandu,1357,14
21724,117787,and,1357,14
21725,117791,the,1357,14
21726,117795,others,1357,14
21727,117802,turn,1357,14
21728,117807,around,1357,14
21729,117814,to,1357,14
21730,117817,see,1357,14
21731,117821,Shutu,1357,14
21732,117827,pointing,1357,14
21733,117836,the,1357,14
21734,117841,rifle,1357,14
21735,117847,at,1357,14
21736,117850,Uncle,1357,14
21737,117857,Vikram,1357,14
21738,117864,hurriedly,1357,14
21739,117874,takes,1357,14
21740,117880,a,1357,14
21741,117882,few,1357,14
21742,117886,steps,1357,14
21743,117892,towards,1357,14
21744,117901,Shutu,1357,14
21745,117908,103,1357,14
21746,117913,NANDU,1358,14
21747,117919,Shutu,1358,14
21748,117926,Shutu,1358,14
21749,117932,reacts,1358,14
21750,117939,to,1358,14
21751,117942,Nandu,1358,14
21752,117948,s,1358,14
21753,117950,voice,1358,14
21754,117957,His,1358,14
21755,117961,hands,1358,14
21756,117967,shake,1358,14
21757,117973,as,1358,14
21758,117976,he,1358,14
21759,117979,moves,1358,14
21760,117986,the,1358,14
21761,117990,rifle,1358,14
21762,117996,ever,1358,14
21763,118001,so,1358,14
21764,118004,slightly,1358,14
21765,118014,Vikram,1358,14
21766,118021,is,1358,14
21767,118024,now,1358,14
21768,118028,in,1358,14
21769,118031,the,1358,14
21770,118035,direct,1358,14
21771,118042,line,1358,14
21772,118048,of,1358,14
21773,118051,fire,1358,14
21774,118058,NANDU,1359,14
21775,118065,O,1359,14
21776,118067,C,1359,14
21777,118072,CONT,1359,14
21778,118077,D,1359,14
21779,118080,Bonnie,1359,14
21780,118087,take,1359,14
21781,118092,Tani,1359,14
21782,118097,inside,1359,14
21783,118105,Uncle,1359,14
21784,118111,turns,1359,14
21785,118117,back,1359,14
21786,118122,from,1359,14
21787,118127,Vikram,1359,14
21788,118134,to,1359,14
21789,118137,see,1359,14
21790,118141,that,1359,14
21791,118146,the,1359,14
21792,118150,rifle,1359,14
21793,118156,is,1359,14
21794,118159,no,1359,14
21795,118163,longer,1359,14
21796,118170,aimed,1359,14
21797,118176,at,1359,14
21798,118179,him,1359,14
21799,118184,He,1359,14
21800,118187,takes,1359,14
21801,118193,a,1359,14
21802,118195,step,1359,14
21803,118200,forward,1359,14
21804,118210,UNCLE,1360,14
21805,118216,Shutu,1360,14
21806,118223,don,1360,14
21807,118227,t,1360,14
21808,118229,do,1360,14
21809,118232,this,1360,14
21810,118239,Shutu,1360,14
21811,118245,continues,1360,14
21812,118255,backing,1360,14
21813,118263,away,1360,14
21814,118268,until,1360,14
21815,118274,he,1360,14
21816,118277,hits,1360,14
21817,118282,a,1360,14
21818,118284,tree,1360,14
21819,118290,He,1360,14
21820,118293,panics,1360,14
21821,118301,as,1360,14
21822,118304,Vikram,1360,14
21823,118311,is,1360,14
21824,118314,fast,1360,14
21825,118319,approaching,1360,14
21826,118331,him,1360,14
21827,118336,Shutu,1360,14
21828,118342,feeling,1360,14
21829,118350,cornered,1360,14
21830,118360,removes,1360,14
21831,118368,the,1360,14
21832,118372,safety,1360,14
21833,118379,lock,1360,14
21834,118384,with,1360,14
21835,118390,trembling,1360,14
21836,118400,fingers,1360,14
21837,118409,Uncle,1360,14
21838,118415,freezes,1360,14
21839,118424,Shutu,1360,14
21840,118430,puts,1360,14
21841,118435,his,1360,14
21842,118439,finger,1360,14
21843,118446,on,1360,14
21844,118450,the,1360,14
21845,118454,trigger,1360,14
21846,118463,UNCLE,1361,14
21847,118470,CONT,1361,14
21848,118475,D,1361,14
21849,118478,Beta,1361,14
21850,118483,kya,1361,14
21851,118487,kar,1361,14
21852,118491,rahe,1361,14
21853,118496,ho,1361,14
21854,118500,Bonnie,1361,14
21855,118507,hugs,1361,14
21856,118512,Tani,1361,14
21857,118517,to,1361,14
21858,118520,shield,1361,14
21859,118527,her,1361,14
21860,118531,from,1361,14
21861,118536,the,1361,14
21862,118540,scene,1361,14
21863,118549,BONNIE,1362,14
21864,118558,desperately,1362,14
21865,118571,Shutu,1362,14
21866,118577,please,1362,14
21867,118586,With,1362,14
21868,118591,one,1362,14
21869,118595,arm,1362,14
21870,118599,outstretched,1362,14
21871,118612,to,1362,14
21872,118615,reason,1362,14
21873,118622,with,1362,14
21874,118627,Shutu,1362,14
21875,118634,Vikram,1362,14
21876,118641,walks,1362,14
21877,118648,slowly,1362,14
21878,118655,and,1362,14
21879,118659,deliberately,1362,14
21880,118672,towards,1362,14
21881,118680,him,1362,14
21882,118685,With,1362,14
21883,118690,his,1362,14
21884,118694,other,1362,14
21885,118700,hand,1362,14
21886,118706,Vikram,1362,14
21887,118713,reaches,1362,14
21888,118721,for,1362,14
21889,118725,his,1362,14
21890,118729,own,1362,14
21891,118733,gun,1362,14
21892,118739,VIKRAM,1363,14
21893,118747,In,1363,14
21894,118750,a,1363,14
21895,118752,steady,1363,14
21896,118759,voice,1363,14
21897,118766,Shutu,1363,14
21898,118772,put,1363,14
21899,118776,that,1363,14
21900,118781,gun,1363,14
21901,118785,down,1363,14
21902,118790,now,1363,14
21903,118797,There,1363,14
21904,118803,s,1363,14
21905,118805,a,1363,14
21906,118807,moment,1363,14
21907,118814,of,1363,14
21908,118817,fevered,1363,14
21909,118825,panic,1363,14
21910,118831,in,1363,14
21911,118834,Shutu,1363,14
21912,118840,s,1363,14
21913,118842,eyes,1363,14
21914,118847,as,1363,14
21915,118850,Vikram,1363,14
21916,118858,comes,1363,14
21917,118864,even,1363,14
21918,118869,closer,1363,14
21919,118876,to,1363,14
21920,118879,him,1363,14
21921,118884,Shutu,1363,14
21922,118890,grips,1363,14
21923,118896,the,1363,14
21924,118900,rifle,1363,14
21925,118906,tighter,1363,14
21926,118916,aiming,1363,14
21927,118923,straight,1363,14
21928,118932,at,1363,14
21929,118935,Vikram,1363,14
21930,118943,Vikram,1363,14
21931,118951,unafraid,1363,14
21932,118961,continues,1363,14
21933,118971,to,1363,14
21934,118974,approach,1363,14
21935,118983,Shutu,1363,14
21936,118992,VIKRAM,1364,14
21937,119000,CONT,1364,14
21938,119005,D,1364,14
21939,119008,You,1364,14
21940,119012,don,1364,14
21941,119016,t,1364,14
21942,119018,need,1364,14
21943,119023,to,1364,14
21944,119026,do,1364,14
21945,119029,this,1364,14
21946,119035,Shutu,1364,14
21947,119043,Shutu,1364,14
21948,119049,s,1364,14
21949,119051,eyes,1364,14
21950,119056,well,1364,14
21951,119061,up,1364,14
21952,119065,He,1364,14
21953,119068,lowers,1364,14
21954,119075,his,1364,14
21955,119079,rifle,1364,14
21956,119086,The,1364,14
21957,119090,others,1364,14
21958,119097,start,1364,14
21959,119104,to,1364,14
21960,119107,come,1364,14
21961,119112,closer,1364,14
21962,119121,SHUTU,1365,14
21963,119128,Under,1365,14
21964,119134,his,1365,14
21965,119138,breath,1365,14
21966,119146,Sorry,1365,14
21967,119153,104,1365,14
21968,119158,There,1365,14
21969,119164,is,1365,14
21970,119167,a,1365,14
21971,119169,certain,1365,14
21972,119177,calm,1365,14
21973,119182,in,1365,14
21974,119185,his,1365,14
21975,119189,eyes,1365,14
21976,119194,now,1365,14
21977,119199,Suddenly,1365,14
21978,119209,with,1365,14
21979,119215,lightening,1365,14
21980,119226,speed,1365,14
21981,119233,he,1365,14
21982,119236,turns,1365,14
21983,119242,the,1365,14
21984,119246,barrel,1365,14
21985,119253,to,1365,14
21986,119256,the,1365,14
21987,119260,base,1365,14
21988,119265,of,1365,14
21989,119268,his,1365,14
21990,119272,chin,1365,14
21991,119278,and,1365,14
21992,119282,fires,1365,14
21993,119290,Vikram,1365,14
21994,119297,freezes,1365,14
21995,119305,in,1365,14
21996,119308,shock,1365,14
21997,119314,as,1365,14
21998,119317,a,1365,14
21999,119319,few,1365,14
22000,119323,drops,1365,14
22001,119329,of,1365,14
22002,119332,blood,1365,14
22003,119338,splatter,1365,14
22004,119347,on,1365,14
22005,119351,his,1365,14
22006,119355,face,1365,14
22007,119361,We,1365,14
22008,119364,hear,1365,14
22009,119369,Bonnie,1365,14
22010,119376,s,1365,14
22011,119378,anguished,1365,14
22012,119388,cry,1365,14
22013,119393,Uncle,1365,14
22014,119399,rushes,1365,14
22015,119407,towards,1365,14
22016,119415,the,1365,14
22017,119419,house,1365,14
22018,119427,UNCLE,1366,14
22019,119434,Shutu,1366,14
22020,119440,goli,1366,14
22021,119445,kha,1366,14
22022,119449,gaya,1366,14
22023,119455,Shutu,1366,14
22024,119461,goli,1366,14
22025,119466,kha,1366,14
22026,119471,gaya,1366,14
22027,119477,High,1366,14
22028,119482,Speed,1366,14
22029,119489,In,1366,14
22030,119492,the,1366,14
22031,119496,foreground,1366,14
22032,119508,a,1366,14
22033,119510,eucalyptus,1366,14
22034,119521,tree,1366,14
22035,119526,stands,1366,14
22036,119533,with,1366,14
22037,119539,a,1366,14
22038,119541,fresh,1366,14
22039,119547,stain,1366,14
22040,119553,of,1366,14
22041,119556,blood,1366,14
22042,119562,as,1366,14
22043,119565,the,1366,14
22044,119569,smoke,1366,14
22045,119575,curls,1366,14
22046,119581,into,1366,14
22047,119586,the,1366,14
22048,119590,frame,1366,14
22049,119598,Bonnie,1366,14
22050,119605,collapses,1366,14
22051,119615,with,1366,14
22052,119620,Tani,1366,14
22053,119625,on,1366,14
22054,119628,the,1366,14
22055,119632,grass,1366,14
22056,119639,Mimi,1366,14
22057,119644,covers,1366,14
22058,119651,her,1366,14
22059,119655,face,1366,14
22060,119661,with,1366,14
22061,119666,both,1366,14
22062,119671,hands,1366,14
22063,119677,in,1366,14
22064,119680,shock,1366,14
22065,119687,Nandu,1366,14
22066,119693,holds,1366,14
22067,119699,his,1366,14
22068,119703,head,1366,14
22069,119708,in,1366,14
22070,119711,his,1366,14
22071,119715,hands,1366,14
22072,119722,and,1366,14
22073,119726,falls,1366,14
22074,119732,to,1366,14
22075,119735,his,1366,14
22076,119739,knees,1366,14
22077,119746,Brian,1366,14
22078,119752,s,1366,14
22079,119754,face,1366,14
22080,119759,is,1366,14
22081,119762,white,1366,14
22082,119768,as,1366,14
22083,119771,a,1366,14
22084,119773,sheet,1366,14
22085,119781,In,1366,14
22086,119784,a,1366,14
22087,119786,low,1366,14
22088,119790,angle,1366,14
22089,119796,from,1366,14
22090,119801,Shutu,1366,14
22091,119807,s,1366,14
22092,119809,POV,1366,14
22093,119814,Vikram,1366,14
22094,119821,rushes,1366,14
22095,119828,to,1366,14
22096,119831,the,1366,14
22097,119835,tree,1366,14
22098,119842,Brian,1366,14
22099,119848,helps,1366,14
22100,119854,Nandu,1366,14
22101,119860,as,1366,14
22102,119863,he,1366,14
22103,119866,stumbles,1366,14
22104,119875,and,1366,14
22105,119879,falls,1366,14
22106,119886,Mimi,1366,14
22107,119891,stands,1366,14
22108,119899,rooted,1366,14
22109,119906,to,1366,14
22110,119909,the,1366,14
22111,119913,spot,1366,14
22112,119918,in,1366,14
22113,119921,horror,1366,14
22114,119930,We,1366,14
22115,119933,dissolve,1366,14
22116,119942,to,1366,14
22117,119945,the,1366,14
22118,119949,same,1366,14
22119,119954,shot,1366,14
22120,119959,at,1366,14
22121,119962,dusk,1366,14
22122,119967,as,1366,14
22123,119970,Bonnie,1366,14
22124,119978,Nandu,1366,14
22125,119985,Brian,1366,14
22126,119993,Mimi,1366,14
22127,119998,and,1366,14
22128,120002,Vikram,1366,14
22129,120009,slowly,1366,14
22130,120016,disappear,1366,14
22131,120026,from,1366,14
22132,120031,the,1366,14
22133,120035,frame,1366,14
22134,120042,A,1366,14
22135,120044,police,1366,14
22136,120051,siren,1366,14
22137,120057,is,1366,14
22138,120060,heard,1366,14
22139,120066,in,1366,14
22140,120069,the,1366,14
22141,120073,distance,1366,14
22142,120085,CUT,1367,14
22143,120089,TO,1367,14
22144,120093,INT,1368,14
22145,120097,EXT,1368,14
22146,120102,MCCLUSKIEGUNJ,1368,14
22147,120116,HOUSE,1368,14
22148,120123,INDETERMINATE,1368,14
22149,120137,HOUR168,1368,14
22150,120145,168,1368,14
22151,120149,It,1369,14
22152,120152,is,1369,14
22153,120155,the,1369,14
22154,120159,same,1369,14
22155,120164,frame,1369,14
22156,120170,as,1369,14
22157,120173,in,1369,14
22158,120176,the,1369,14
22159,120180,previous,1369,14
22160,120189,shot,1369,14
22161,120195,only,1369,14
22162,120200,a,1369,14
22163,120202,little,1369,14
22164,120210,darker,1369,14
22165,120218,A,1369,14
22166,120220,steady,1369,14
22167,120227,cam,1369,14
22168,120231,rises,1369,14
22169,120237,and,1369,14
22170,120241,languidly,1369,14
22171,120251,weaves,1369,14
22172,120258,it,1369,14
22173,120261,s,1369,14
22174,120263,way,1369,14
22175,120267,into,1369,14
22176,120273,the,1369,14
22177,120277,house,1369,14
22178,120284,starting,1369,14
22179,120293,from,1369,14
22180,120298,the,1369,14
22181,120302,verandah,1369,14
22182,120311,steps,1369,14
22183,120318,The,1369,14
22184,120322,house,1369,14
22185,120328,is,1369,14
22186,120332,dimly,1369,14
22187,120338,lit,1369,14
22188,120343,We,1369,14
22189,120346,catch,1369,14
22190,120352,a,1369,14
22191,120354,glimpse,1369,14
22192,120362,of,1369,14
22193,120365,Uncle,1369,14
22194,120372,Vikram,1369,14
22195,120379,and,1369,14
22196,120383,Nandu,1369,14
22197,120389,at,1369,14
22198,120393,the,1369,14
22199,120397,dinning,1369,14
22200,120405,table,1369,14
22201,120411,with,1369,14
22202,120416,a,1369,14
22203,120418,police,1369,14
22204,120425,officer,1369,14
22205,120433,who,1369,14
22206,120437,is,1369,14
22207,120440,taking,1369,14
22208,120447,notes,1369,14
22209,120455,The,1369,14
22210,120459,rifle,1369,14
22211,120465,lies,1369,14
22212,120470,on,1369,14
22213,120473,the,1369,14
22214,120477,table,1369,14
22215,120485,We,1369,14
22216,120488,pan,1369,14
22217,120492,from,1369,14
22218,120497,them,1369,14
22219,120502,to,1369,14
22220,120505,the,1369,14
22221,120509,mantle,1369,14
22222,120516,piece,1369,14
22223,120522,where,1369,14
22224,120528,the,1369,14
22225,120532,missing,1369,14
22226,120540,rifle,1369,14
22227,120547,is,1369,14
22228,120550,marked,1369,14
22229,120557,by,1369,14
22230,120560,a,1369,14
22231,120562,dusty,1369,14
22232,120568,outline,1369,14
22233,120577,As,1369,14
22234,120580,we,1369,14
22235,120583,move,1369,14
22236,120588,to,1369,14
22237,120591,the,1369,14
22238,120595,next,1369,14
22239,120600,room,1369,14
22240,120607,the,1369,14
22241,120611,lights,1369,14
22242,120618,die,1369,14
22243,120622,down,1369,14
22244,120628,It,1369,14
22245,120631,is,1369,14
22246,120634,night,1369,14
22247,120641,in,1369,14
22248,120644,their,1369,14
22249,120650,bedroom,1369,14
22250,120659,Uncle,1369,14
22251,120666,sits,1369,14
22252,120671,still,1369,14
22253,120677,while,1369,14
22254,120683,Aunty,1369,14
22255,120689,lies,1369,14
22256,120694,awake,1369,14
22257,120700,next,1369,14
22258,120705,to,1369,14
22259,120708,him,1369,14
22260,120714,As,1369,14
22261,120717,we,1369,14
22262,120720,move,1369,14
22263,120725,further,1369,14
22264,120733,through,1369,14
22265,120741,the,1369,14
22266,120745,door,1369,14
22267,120750,into,1369,14
22268,120755,Mimi,1369,14
22269,120760,s,1369,14
22270,120762,room,1369,14
22271,120767,which,1369,14
22272,120773,is,1369,14
22273,120777,empty,1369,14
22274,120784,the,1369,14
22275,120788,bed,1369,14
22276,120792,is,1369,14
22277,120795,unmade,1369,14
22278,120802,and,1369,14
22279,120806,her,1369,14
22280,120810,article,1369,14
22281,120818,remains,1369,14
22282,120826,incomplete,1369,14
22283,120840,Moving,1369,14
22284,120847,further,1369,14
22285,120855,into,1369,14
22286,120860,the,1369,14
22287,120864,kitchen,1369,14
22288,120872,through,1369,14
22289,120880,the,1369,14
22290,120884,corridor,1369,14
22291,120894,light,1369,14
22292,120901,changes,1369,14
22293,120909,to,1369,14
22294,120912,day,1369,14
22295,120917,We,1369,14
22296,120920,see,1369,14
22297,120924,Manjari,1369,14
22298,120932,working,1369,14
22299,120940,absentmindedly,1369,14
22300,120956,As,1369,14
22301,120959,we,1369,14
22302,120963,move,1369,14
22303,120968,away,1369,14
22304,120974,early,1369,14
22305,120980,morning,1369,14
22306,120988,light,1369,14
22307,120994,fills,1369,14
22308,121000,the,1369,14
22309,121004,corridor,1369,14
22310,121014,Aunty,1369,14
22311,121021,stares,1369,14
22312,121028,at,1369,14
22313,121031,her,1369,14
22314,121035,cup,1369,14
22315,121039,of,1369,14
22316,121042,tea,1369,14
22317,121047,sitting,1369,14
22318,121055,still,1369,14
22319,121063,Day,1369,14
22320,121067,turns,1369,14
22321,121073,to,1369,14
22322,121076,night,1369,14
22323,121082,as,1369,14
22324,121085,we,1369,14
22325,121088,weave,1369,14
22326,121094,through,1369,14
22327,121102,the,1369,14
22328,121106,living,1369,14
22329,121113,room,1369,14
22330,121118,in,1369,14
22331,121122,darkness,1369,14
22332,121131,and,1369,14
22333,121135,see,1369,14
22334,121139,Nandu,1369,14
22335,121145,sitting,1369,14
22336,121153,at,1369,14
22337,121156,a,1369,14
22338,121158,distance,1369,14
22339,121167,in,1369,14
22340,121170,the,1369,14
22341,121174,verandah,1369,14
22342,121185,smoking,1369,14
22343,121193,a,1369,14
22344,121195,cigarette,1369,14
22345,121207,At,1369,14
22346,121210,a,1369,14
22347,121212,crack,1369,14
22348,121218,of,1369,14
22349,121221,dawn,1369,14
22350,121227,we,1369,14
22351,121230,move,1369,14
22352,121235,into,1369,14
22353,121240,Bonnie,1369,14
22354,121247,s,1369,14
22355,121249,room,1369,14
22356,121254,and,1369,14
22357,121258,see,1369,14
22358,121262,her,1369,14
22359,121267,sitting,1369,14
22360,121275,in,1369,14
22361,121278,front,1369,14
22362,121284,of,1369,14
22363,121287,an,1369,14
22364,121290,open,1369,14
22365,121295,suitcase,1369,14
22366,121305,looking,1369,14
22367,121313,blankly,1369,14
22368,121321,ahead,1369,14
22369,121329,105,1369,14
22370,121334,We,1369,14
22371,121337,leave,1369,14
22372,121343,her,1369,14
22373,121347,as,1369,14
22374,121350,the,1369,14
22375,121354,camera,1369,14
22376,121361,travels,1369,14
22377,121369,through,1369,14
22378,121377,the,1369,14
22379,121381,bathroom,1369,14
22380,121390,as,1369,14
22381,121394,daylight,1369,14
22382,121403,floods,1369,14
22383,121410,in,1369,14
22384,121414,a,1369,14
22385,121416,closed,1369,14
22386,121423,door,1369,14
22387,121428,opens,1369,14
22388,121434,into,1369,14
22389,121439,Shutu,1369,14
22390,121445,s,1369,14
22391,121447,room,1369,14
22392,121454,His,1369,14
22393,121458,backpack,1369,14
22394,121467,has,1369,14
22395,121471,been,1369,14
22396,121476,emptied,1369,14
22397,121484,of,1369,14
22398,121487,his,1369,14
22399,121491,clothes,1369,14
22400,121500,books,1369,14
22401,121506,and,1369,14
22402,121511,toiletries,1369,14
22403,121522,as,1369,14
22404,121525,they,1369,14
22405,121530,lie,1369,14
22406,121534,strewn,1369,14
22407,121541,on,1369,14
22408,121544,the,1369,14
22409,121548,bed,1369,14
22410,121553,We,1369,14
22411,121556,stop,1369,14
22412,121561,at,1369,14
22413,121564,his,1369,14
22414,121568,desk,1369,14
22415,121574,where,1369,14
22416,121580,his,1369,14
22417,121584,journal,1369,14
22418,121592,lies,1369,14
22419,121597,open,1369,14
22420,121603,A,1369,14
22421,121605,few,1369,14
22422,121609,pages,1369,14
22423,121615,flutter,1369,14
22424,121623,in,1369,14
22425,121626,the,1369,14
22426,121631,breeze,1369,14
22427,121638,and,1369,14
22428,121642,peeking,1369,14
22429,121650,out,1369,14
22430,121654,from,1369,14
22431,121659,one,1369,14
22432,121663,of,1369,14
22433,121666,the,1369,14
22434,121670,pages,1369,14
22435,121676,is,1369,14
22436,121679,the,1369,14
22437,121683,envelope,1369,14
22438,121693,addressed,1369,14
22439,121703,to,1369,14
22440,121706,his,1369,14
22441,121710,mother,1369,14
22442,121718,Mimi,1369,14
22443,121723,is,1369,14
22444,121726,standing,1369,14
22445,121735,at,1369,14
22446,121738,a,1369,14
22447,121740,window,1369,14
22448,121747,of,1369,14
22449,121751,Shutu,1369,14
22450,121757,s,1369,14
22451,121759,room,1369,14
22452,121765,smoking,1369,14
22453,121773,a,1369,14
22454,121775,cigarette,1369,14
22455,121786,looking,1369,14
22456,121794,out,1369,14
22457,121799,As,1369,14
22458,121802,the,1369,14
22459,121806,light,1369,14
22460,121813,bleaches,1369,14
22461,121822,to,1369,14
22462,121825,white,1369,14
22463,121831,at,1369,14
22464,121834,the,1369,14
22465,121838,window,1369,14
22466,121847,Outside,1369,14
22467,121855,the,1369,14
22468,121859,window,1369,14
22469,121867,we,1369,14
22470,121870,see,1369,14
22471,121874,Tani,1369,14
22472,121879,on,1369,14
22473,121882,the,1369,14
22474,121886,tyre,1369,14
22475,121891,swing,1369,14
22476,121898,As,1369,14
22477,121901,she,1369,14
22478,121906,moves,1369,14
22479,121912,eerily,1369,14
22480,121919,in,1369,14
22481,121922,slow,1369,14
22482,121927,motion,1369,14
22483,121935,we,1369,14
22484,121938,pan,1369,14
22485,121942,to,1369,14
22486,121945,see,1369,14
22487,121949,scratched,1369,14
22488,121959,into,1369,14
22489,121964,the,1369,14
22490,121970,tree,1369,14
22491,121975,trunk,1369,14
22492,121981,is,1369,14
22493,121984,Shutu,1369,14
22494,121990,s,1369,14
22495,121992,name,1369,14
22496,121997,in,1369,14
22497,122000,childish,1369,14
22498,122009,writing,1369,14
22499,122018,Beneath,1369,14
22500,122026,it,1369,14
22501,122031,in,1369,14
22502,122034,a,1369,14
22503,122036,more,1369,14
22504,122041,adult,1369,14
22505,122047,hand,1369,14
22506,122052,are,1369,14
22507,122056,his,1369,14
22508,122060,dates,1369,14
22509,122068,1956,1369,14
22510,122075,1979,1369,14
22511,122082,The,1369,14
22512,122086,camera,1369,14
22513,122093,moves,1369,14
22514,122099,through,1369,14
22515,122107,the,1369,14
22516,122111,trees,1369,14
22517,122117,till,1369,14
22518,122122,it,1369,14
22519,122125,comes,1369,14
22520,122131,to,1369,14
22521,122134,the,1369,14
22522,122138,road,1369,14
22523,122144,adjoining,1369,14
22524,122154,the,1369,14
22525,122158,orchard,1369,14
22526,122167,Nandu,1369,14
22527,122173,s,1369,14
22528,122175,ambassador,1369,14
22529,122186,whizzes,1369,14
22530,122194,past,1369,14
22531,122201,CUT,1370,14
22532,122205,TO,1370,14
22533,122209,EXT,1371,14
22534,122214,RANCHI,1371,14
22535,122221,HIGHWAY,1371,14
22536,122230,DUSK,1371,14
22537,122235,169,1371,14
22538,122239,169,1371,14
22539,122243,We,1372,14
22540,122246,are,1372,14
22541,122250,back,1372,14
22542,122255,to,1372,14
22543,122258,the,1372,14
22544,122262,present,1372,14
22545,122271,the,1372,14
22546,122275,opening,1372,14
22547,122283,sequence,1372,14
22548,122293,In,1372,14
22549,122296,a,1372,14
22550,122298,series,1372,14
22551,122306,of,1372,14
22552,122309,long,1372,14
22553,122314,shots,1372,14
22554,122320,we,1372,14
22555,122323,see,1372,14
22556,122327,the,1372,14
22557,122331,same,1372,14
22558,122336,ambassador,1372,14
22559,122347,on,1372,14
22560,122350,a,1372,14
22561,122352,lonely,1372,14
22562,122359,stretch,1372,14
22563,122368,of,1372,14
22564,122371,highway,1372,14
22565,122381,CUT,1373,14
22566,122385,TO,1373,14
22567,122389,EXT,1374,14
22568,122394,RANCHI,1374,14
22569,122401,HIGHWAY,1374,14
22570,122410,DUSK,1374,14
22571,122415,170,1374,14
22572,122419,170,1374,14
22573,122423,Through,1375,14
22574,122431,the,1375,14
22575,122435,window,1375,14
22576,122442,of,1375,14
22577,122445,the,1375,14
22578,122449,driver,1375,14
22579,122456,s,1375,14
22580,122458,seat,1375,14
22581,122463,we,1375,14
22582,122466,see,1375,14
22583,122470,Nandu,1375,14
22584,122476,in,1375,14
22585,122479,the,1375,14
22586,122484,foreground,1375,14
22587,122495,in,1375,14
22588,122498,profile,1375,14
22589,122507,driving,1375,14
22590,122515,and,1375,14
22591,122519,smoking,1375,14
22592,122528,In,1375,14
22593,122531,the,1375,14
22594,122535,background,1375,14
22595,122547,we,1375,14
22596,122550,see,1375,14
22597,122554,a,1375,14
22598,122556,grim,1375,14
22599,122561,Brian,1375,14
22600,122567,sitting,1375,14
22601,122575,in,1375,14
22602,122578,the,1375,14
22603,122582,front,1375,14
22604,122588,passenger,1375,14
22605,122598,seat,1375,14
22606,122603,with,1375,14
22607,122609,a,1375,14
22608,122611,hanky,1375,14
22609,122617,to,1375,14
22610,122620,his,1375,14
22611,122624,mouth,1375,14
22612,122632,Through,1375,14
22613,122640,the,1375,14
22614,122644,front,1375,14
22615,122650,windscreen,1375,14
22616,122661,we,1375,14
22617,122664,see,1375,14
22618,122668,Shutu,1375,14
22619,122674,wearing,1375,14
22620,122683,the,1375,14
22621,122687,same,1375,14
22622,122693,clothes,1375,14
22623,122701,as,1375,14
22624,122704,the,1375,14
22625,122708,last,1375,14
22626,122713,time,1375,14
22627,122718,we,1375,14
22628,122721,saw,1375,14
22629,122725,him,1375,14
22630,122730,He,1375,14
22631,122733,sits,1375,14
22632,122738,in,1375,14
22633,122741,the,1375,14
22634,122745,middle,1375,14
22635,122752,in,1375,14
22636,122756,the,1375,14
22637,122760,backseat,1375,14
22638,122770,looking,1375,14
22639,122778,worried,1375,14
22640,122787,scared,1375,14
22641,122794,and,1375,14
22642,122798,sad,1375,14
22643,122803,We,1375,14
22644,122806,move,1375,14
22645,122811,to,1375,14
22646,122814,an,1375,14
22647,122818,extreme,1375,14
22648,122826,close,1375,14
22649,122832,up,1375,14
22650,122836,INT,1376,14
22651,122841,RANCHI,1376,14
22652,122848,HIGHWAY,1376,14
22653,122857,NIGHT,1376,14
22654,122863,170,1376,14
22655,122868,A,1376,14
22656,122870,170,1376,14
22657,122875,A,1376,14
22658,122877,They,1377,14
22659,122882,leave,1377,14
22660,122888,behind,1377,14
22661,122895,McCluskeigunj,1377,14
22662,122909,as,1377,14
22663,122912,we,1377,14
22664,122915,see,1377,14
22665,122919,dense,1377,14
22666,122925,forest,1377,14
22667,122933,closing,1377,14
22668,122941,in,1377,14
22669,122944,behind,1377,14
22670,122951,the,1377,14
22671,122955,speeding,1377,14
22672,122964,car,1377,14
22673,122970,CUT,1377,14
22674,122974,TO,1377,14
22675,122977,BLACK,1377,14
22676,122984,THE,1378,14
22677,122988,END,1378,14
22678,122995,106,1378,14
