word_idx,start_char,word,paragraph_idx,chapter_idx
0,37,BLADE,0,15
1,43,RUNNER,0,15
2,84,Screenplay,1,15
3,95,by,1,15
4,129,HAMPTON,2,15
5,137,FANCHER,2,15
6,182,and,3,15
7,218,DAVID,4,15
8,224,PEOPLES,4,15
9,246,February,5,15
10,255,23,5,15
11,259,1981,5,15
12,283,android,6,15
13,292,an'droid,6,15
14,302,adj,6,15
15,308,Possessing,6,15
16,319,human,6,15
17,325,features,6,15
18,336,n,6,15
19,355,A,7,15
20,357,synthetic,7,15
21,367,man,7,15
22,371,created,7,15
23,379,from,7,15
24,384,biological,7,15
25,395,materials,7,15
26,422,Also,8,15
27,427,called,8,15
28,434,humanoid,8,15
29,446,Late,8,15
30,451,Greek,8,15
31,457,androeides,8,15
32,485,manlike,9,15
33,495,ANDR,9,15
34,500,O,9,15
35,505,OID,9,15
36,552,THE,10,15
37,556,AMERICAN,10,15
38,565,HERITAGE,10,15
39,614,DICTIONARY,11,15
40,625,OF,11,15
41,628,THE,11,15
42,632,ENGLISH,11,15
43,680,LANGUAGE,12,15
44,691,1976,12,15
45,708,android,13,15
46,717,an'droid,13,15
47,727,n,13,15
48,730,Gk,13,15
49,734,humanoid,13,15
50,743,automation,13,15
51,755,more,13,15
52,760,at,13,15
53,779,robot,14,15
54,787,1,14,15
55,790,early,14,15
56,796,version,14,15
57,804,utilized,14,15
58,813,for,14,15
59,817,work,14,15
60,822,too,14,15
61,842,boring,15,15
62,850,dangerous,15,15
63,860,or,15,15
64,863,unpleasant,15,15
65,874,for,15,15
66,878,humans,15,15
67,902,2,16,15
68,905,second,16,15
69,912,generation,16,15
70,923,bio,16,15
71,927,engineered,16,15
72,940,Electronic,16,15
73,967,relay,17,15
74,973,units,17,15
75,979,and,17,15
76,983,positronic,17,15
77,994,brains,17,15
78,1003,Used,17,15
79,1008,in,17,15
80,1011,space,17,15
81,1033,to,18,15
82,1036,explore,18,15
83,1044,inhospitable,18,15
84,1057,environments,18,15
85,1072,3,18,15
86,1075,third,18,15
87,1097,generation,19,15
88,1108,synthogenetic,19,15
89,1124,REPLICANT,19,15
90,1135,constructed,19,15
91,1163,of,20,15
92,1166,skin,20,15
93,1171,flesh,20,15
94,1177,culture,20,15
95,1187,Selected,20,15
96,1196,enogenic,20,15
97,1205,transfer,20,15
98,1230,conversion,21,15
99,1243,Capable,21,15
100,1251,of,21,15
101,1254,self,21,15
102,1259,perpetuating,21,15
103,1272,thought,21,15
104,1297,paraphysical,22,15
105,1310,abilities,22,15
106,1322,Developed,22,15
107,1332,for,22,15
108,1336,emigration,22,15
109,1363,program,23,15
110,1413,WEBSTER'S,24,15
111,1423,DICTIONARY,24,15
112,1474,New,25,15
113,1478,International,25,15
114,1494,2012,25,15
115,1520,FADE,26,15
116,1525,IN,26,15
117,1538,EXT,27,0
118,1543,HADES,27,0
119,1551,DUSK,27,0
120,1593,1,27,0
121,1604,We,27,0
122,1607,are,27,0
123,1611,MOVING,27,0
124,1618,TOWARD,27,0
125,1625,the,27,0
126,1629,Tyrell,27,0
127,1636,Corporation,27,0
128,1648,across,27,0
129,1655,a,27,0
130,1665,vast,27,0
131,1670,plain,27,0
132,1676,of,27,0
133,1679,industrialization,27,0
134,1698,menacing,27,0
135,1707,shapes,27,0
136,1714,on,27,0
137,1717,the,27,0
138,1729,horizon,27,0
139,1738,stacks,27,0
140,1745,belching,27,0
141,1754,flames,27,0
142,1761,five,27,0
143,1766,hundred,27,0
144,1774,feet,27,0
145,1779,into,27,0
146,1792,the,27,0
147,1796,sky,27,0
148,1800,the,27,0
149,1804,color,27,0
150,1810,of,27,0
151,1813,cigar,27,0
152,1819,ash,27,0
153,1825,The,27,0
154,1829,CAMERA,27,0
155,1836,MOVES,27,0
156,1842,INTO,27,0
157,1855,a,27,0
158,1857,window,27,0
159,1864,in,27,0
160,1867,the,27,0
161,1871,large,27,0
162,1877,pyramid,27,0
163,1885,shaped,27,0
164,1892,building,27,0
165,1903,A,27,0
166,1905,man,27,0
167,1917,is,27,0
168,1920,sitting,27,0
169,1928,at,27,0
170,1931,a,27,0
171,1933,table,27,0
172,1941,Another,27,0
173,1949,man,27,0
174,1953,enters,27,0
175,1960,the,27,0
176,1964,room,27,0
177,1969,and,27,0
178,1981,sits,27,0
179,1986,down,27,0
180,1993,The,27,0
181,1997,following,27,0
182,2007,scene,27,0
183,2013,is,27,0
184,2016,reflected,27,0
185,2026,in,27,0
186,2029,the,27,0
187,2033,eye,27,0
188,2045,until,27,0
189,2051,HOLDEN,27,0
190,2058,is,27,0
191,2061,seated,27,0
192,2079,INT,28,0
193,2084,TYRELL,28,0
194,2091,CORPORATION,28,0
195,2103,INTERROGATION,28,0
196,2117,ROOM,28,0
197,2124,DUSK,28,0
198,2134,2,28,0
199,2145,The,29,0
200,2149,eye,29,0
201,2153,is,29,0
202,2156,magnified,29,0
203,2166,and,29,0
204,2170,deeply,29,0
205,2177,revealed,29,0
206,2188,Flecks,29,0
207,2195,of,29,0
208,2206,green,29,0
209,2212,and,29,0
210,2216,yellow,29,0
211,2223,in,29,0
212,2226,a,29,0
213,2228,field,29,0
214,2234,of,29,0
215,2237,milky,29,0
216,2243,blue,29,0
217,2250,Icy,29,0
218,2254,fila,29,0
219,2268,ments,29,0
220,2274,surround,29,0
221,2283,the,29,0
222,2287,undulating,29,0
223,2298,center,29,0
224,2315,The,29,0
225,2319,eye,29,0
226,2323,is,29,0
227,2326,brown,29,0
228,2332,in,29,0
229,2335,a,29,0
230,2337,tiny,29,0
231,2342,screen,29,0
232,2351,On,29,0
233,2354,the,29,0
234,2358,metallic,29,0
235,2375,surface,29,0
236,2383,below,29,0
237,2390,the,29,0
238,2394,words,29,0
239,2400,VOIGHT,29,0
240,2407,KAMPFF,29,0
241,2414,are,29,0
242,2418,finely,29,0
243,2433,etched,29,0
244,2442,There's,29,0
245,2450,a,29,0
246,2452,touch,29,0
247,2458,light,29,0
248,2464,panel,29,0
249,2470,across,29,0
250,2477,the,29,0
251,2481,top,29,0
252,2493,and,29,0
253,2497,on,29,0
254,2500,the,29,0
255,2504,side,29,0
256,2509,of,29,0
257,2512,the,29,0
258,2516,screen,29,0
259,2524,a,29,0
260,2526,dial,29,0
261,2531,that,29,0
262,2536,registers,29,0
263,2554,fluctuation,29,0
264,2566,of,29,0
265,2569,the,29,0
266,2573,iris,29,0
267,2588,The,29,0
268,2592,instrument,29,0
269,2603,is,29,0
270,2606,no,29,0
271,2609,bigger,29,0
272,2616,than,29,0
273,2621,a,29,0
274,2623,music,29,0
275,2629,box,29,0
276,2633,and,29,0
277,2637,sits,29,0
278,2650,on,29,0
279,2653,a,29,0
280,2655,table,29,0
281,2661,between,29,0
282,2669,two,29,0
283,2673,men,29,0
284,2679,The,29,0
285,2683,man,29,0
286,2687,talking,29,0
287,2695,is,29,0
288,2698,big,29,0
289,2711,looks,29,0
290,2717,like,29,0
291,2722,an,29,0
292,2725,overstuffed,29,0
293,2737,kid,29,0
294,2743,LEON,29,0
295,2748,it,29,0
296,2751,says,29,0
297,2756,on,29,0
298,2759,his,29,0
299,2771,breast,29,0
300,2778,pocket,29,0
301,2787,He's,29,0
302,2792,dressed,29,0
303,2800,in,29,0
304,2803,a,29,0
305,2805,warehouseman's,29,0
306,2820,uni,29,0
307,2833,form,29,0
308,2838,and,29,0
309,2842,his,29,0
310,2846,pudgy,29,0
311,2852,hands,29,0
312,2858,are,29,0
313,2862,folded,29,0
314,2869,expectantly,29,0
315,2881,in,29,0
316,2884,his,29,0
317,2896,lap,29,0
318,2902,Despite,29,0
319,2910,the,29,0
320,2914,obvious,29,0
321,2922,heat,29,0
322,2928,he,29,0
323,2931,looks,29,0
324,2937,very,29,0
325,2942,cool,29,0
326,2957,The,29,0
327,2961,man,29,0
328,2965,facing,29,0
329,2972,him,29,0
330,2976,is,29,0
331,2979,lean,29,0
332,2985,hollow,29,0
333,2992,cheeked,29,0
334,3001,and,29,0
335,3005,dressed,29,0
336,3021,in,29,0
337,3024,grey,29,0
338,3031,Detached,29,0
339,3040,and,29,0
340,3044,efficient,29,0
341,3055,he,29,0
342,3058,looks,29,0
343,3064,like,29,0
344,3069,a,29,0
345,3071,cop,29,0
346,3083,or,29,0
347,3086,an,29,0
348,3089,accountant,29,0
349,3102,His,29,0
350,3106,name,29,0
351,3111,is,29,0
352,3114,Holden,29,0
353,3121,and,29,0
354,3125,he's,29,0
355,3130,all,29,0
356,3142,business,29,0
357,3152,except,29,0
358,3159,for,29,0
359,3163,the,29,0
360,3167,sweat,29,0
361,3173,on,29,0
362,3176,his,29,0
363,3180,face,29,0
364,3195,The,29,0
365,3199,room,29,0
366,3204,is,29,0
367,3207,large,29,0
368,3213,and,29,0
369,3217,humid,29,0
370,3225,Rows,29,0
371,3230,of,29,0
372,3233,salvaged,29,0
373,3242,junk,29,0
374,3255,are,29,0
375,3259,stacked,29,0
376,3267,neatly,29,0
377,3274,against,29,0
378,3282,the,29,0
379,3286,walls,29,0
380,3294,Two,29,0
381,3298,large,29,0
382,3304,FANS,29,0
383,3317,WHIRR,29,0
384,3323,above,29,0
385,3329,their,29,0
386,3335,heads,29,0
387,3375,LEON,30,0
388,3398,Okay,30,0
389,3403,if,30,0
390,3406,I,30,0
391,3408,talk,30,0
392,3423,Holden,30,0
393,3430,doesn't,30,0
394,3438,answer,30,0
395,3447,He's,30,0
396,3452,centering,30,0
397,3462,Leon's,30,0
398,3469,eye,30,0
399,3473,on,30,0
400,3484,the,30,0
401,3488,machine,30,0
402,3530,LEON,31,0
403,3553,I,31,0
404,3555,kinda,31,0
405,3561,get,31,0
406,3565,nervous,31,0
407,3573,when,31,0
408,3578,I,31,0
409,3580,take,31,0
410,3603,tests,31,0
411,3643,HOLDEN,32,0
412,3668,Don't,32,0
413,3674,move,32,0
414,3713,LEON,33,0
415,3736,Sorry,33,0
416,3752,He,33,0
417,3755,tries,33,0
418,3761,not,33,0
419,3765,to,33,0
420,3768,move,33,0
421,3774,but,33,0
422,3778,finally,33,0
423,3786,his,33,0
424,3790,lips,33,0
425,3795,can't,33,0
426,3801,help,33,0
427,3814,a,33,0
428,3816,sheepish,33,0
429,3825,smile,33,0
430,3865,LEON,34,0
431,3888,I,34,0
432,3890,already,34,0
433,3898,had,34,0
434,3902,I,34,0
435,3904,Q,34,0
436,3907,test,34,0
437,3912,this,34,0
438,3917,year,34,0
439,3943,but,34,0
440,3947,I,34,0
441,3949,don't,34,0
442,3955,think,34,0
443,3961,I,34,0
444,3963,never,34,0
445,3969,had,34,0
446,3973,a,34,0
447,4011,HOLDEN,35,0
448,4036,Reaction,35,0
449,4045,time,35,0
450,4050,is,35,0
451,4053,a,35,0
452,4055,factor,35,0
453,4062,in,35,0
454,4065,this,35,0
455,4070,so,35,0
456,4091,please,35,0
457,4098,pay,35,0
458,4102,attention,35,0
459,4113,Answer,35,0
460,4120,as,35,0
461,4123,quickly,35,0
462,4149,as,35,0
463,4152,you,35,0
464,4156,can,35,0
465,4194,LEON,36,0
466,4217,Uh,36,0
467,4223,sure,36,0
468,4264,HOLDEN,37,0
469,4289,One,37,0
470,4293,one,37,0
471,4297,eight,37,0
472,4303,seven,37,0
473,4309,at,37,0
474,4312,Hunterwasser,37,0
475,4361,LEON,38,0
476,4384,Oh,38,0
477,4390,that's,38,0
478,4397,the,38,0
479,4401,hotel,38,0
480,4441,HOLDEN,39,0
481,4466,What,39,0
482,4505,LEON,40,0
483,4528,Where,40,0
484,4534,I,40,0
485,4536,live,40,0
486,4575,HOLDEN,41,0
487,4600,Nice,41,0
488,4605,place,41,0
489,4646,LEON,42,0
490,4669,Huh,42,0
491,4674,Sure,42,0
492,4681,Yeah,42,0
493,4687,I,42,0
494,4689,guess,42,0
495,4696,Is,42,0
496,4717,that,42,0
497,4724,part,42,0
498,4729,of,42,0
499,4732,the,42,0
500,4736,test,42,0
501,4751,Holden,42,0
502,4758,smiles,42,0
503,4765,a,42,0
504,4767,patronising,42,0
505,4779,smile,42,0
506,4819,HOLDEN,43,0
507,4844,Warming,43,0
508,4852,you,43,0
509,4856,up,43,0
510,4860,that's,43,0
511,4867,all,43,0
512,4905,LEON,44,0
513,4928,Oh,44,0
514,4950,It's,44,0
515,4994,HOLDEN,45,0
516,5019,You're,45,0
517,5026,in,45,0
518,5029,a,45,0
519,5031,desert,45,0
520,5039,walking,45,0
521,5047,along,45,0
522,5071,in,45,0
523,5074,the,45,0
524,5078,sand,45,0
525,5083,when,45,0
526,5125,LEON,46,0
527,5148,Is,46,0
528,5151,this,46,0
529,5156,the,46,0
530,5160,test,46,0
531,5165,now,46,0
532,5204,HOLDEN,47,0
533,5229,Yes,47,0
534,5236,You're,47,0
535,5243,in,47,0
536,5246,a,47,0
537,5248,desert,47,0
538,5256,walking,47,0
539,5282,along,47,0
540,5288,in,47,0
541,5291,the,47,0
542,5295,sand,47,0
543,5300,when,47,0
544,5305,all,47,0
545,5309,of,47,0
546,5312,a,47,0
547,5314,sudden,47,0
548,5339,you,47,0
549,5343,lookdown,47,0
550,5352,and,47,0
551,5356,see,47,0
552,5360,a,47,0
553,5400,LEON,48,0
554,5423,What,48,0
555,5428,one,48,0
556,5438,It,48,0
557,5441,was,48,0
558,5445,a,48,0
559,5447,timid,48,0
560,5453,interruption,48,0
561,5467,hardly,48,0
562,5474,audible,48,0
563,5516,HOLDEN,49,0
564,5541,What,49,0
565,5581,LEON,50,0
566,5604,What,50,0
567,5609,desert,50,0
568,5651,HOLDEN,51,0
569,5676,Doesn't,51,0
570,5684,make,51,0
571,5689,any,51,0
572,5693,difference,51,0
573,5704,what,51,0
574,5727,desert,51,0
575,5736,it's,51,0
576,5741,completely,51,0
577,5752,hypothetical,51,0
578,5799,LEON,52,0
579,5822,But,52,0
580,5826,how,52,0
581,5830,come,52,0
582,5835,I'd,52,0
583,5839,be,52,0
584,5842,there,52,0
585,5882,HOLDEN,53,0
586,5907,Maybe,53,0
587,5913,you're,53,0
588,5920,fed,53,0
589,5924,up,53,0
590,5928,maybe,53,0
591,5934,you,53,0
592,5938,want,53,0
593,5961,to,53,0
594,5964,be,53,0
595,5967,by,53,0
596,5970,yourself,53,0
597,5981,who,53,0
598,5985,knows,53,0
599,6010,So,53,0
600,6013,you,53,0
601,6017,look,53,0
602,6022,down,53,0
603,6027,and,53,0
604,6031,see,53,0
605,6035,a,53,0
606,6056,tortoise,53,0
607,6067,It's,53,0
608,6072,crawling,53,0
609,6081,toward,53,0
610,6106,you,53,0
611,6147,LEON,54,0
612,6170,A,54,0
613,6172,tortoise,54,0
614,6183,What's,54,0
615,6190,that,54,0
616,6229,HOLDEN,55,0
617,6254,Know,55,0
618,6259,what,55,0
619,6264,a,55,0
620,6266,turtle,55,0
621,6273,is,55,0
622,6310,LEON,56,0
623,6333,Of,56,0
624,6336,course,56,0
625,6377,HOLDEN,57,0
626,6402,Same,57,0
627,6407,thing,57,0
628,6447,LEON,58,0
629,6470,I,58,0
630,6472,never,58,0
631,6478,seen,58,0
632,6483,a,58,0
633,6485,turtle,58,0
634,6502,He,58,0
635,6505,sees,58,0
636,6510,Holden's,58,0
637,6519,patience,58,0
638,6528,is,58,0
639,6531,wearing,58,0
640,6539,thin,58,0
641,6578,LEON,59,0
642,6601,But,59,0
643,6605,I,59,0
644,6607,understand,59,0
645,6618,what,59,0
646,6623,you,59,0
647,6627,mean,59,0
648,6666,HOLDEN,60,0
649,6691,You,60,0
650,6695,reach,60,0
651,6701,down,60,0
652,6706,and,60,0
653,6710,flip,60,0
654,6715,the,60,0
655,6737,tortoise,60,0
656,6746,over,60,0
657,6751,on,60,0
658,6754,its,60,0
659,6758,back,60,0
660,6764,Leon,60,0
661,6779,Keeping,60,0
662,6787,an,60,0
663,6790,eye,60,0
664,6794,on,60,0
665,6797,his,60,0
666,6801,subject,60,0
667,6810,Holden,60,0
668,6817,notes,60,0
669,6823,the,60,0
670,6827,dials,60,0
671,6841,in,60,0
672,6844,the,60,0
673,6848,Voight,60,0
674,6855,Kampff,60,0
675,6864,One,60,0
676,6868,of,60,0
677,6871,the,60,0
678,6875,needles,60,0
679,6883,quivers,60,0
680,6899,slightly,60,0
681,6942,LEON,61,0
682,6965,You,61,0
683,6969,make,61,0
684,6974,these,61,0
685,6980,questions,61,0
686,6991,Mr,61,0
687,7013,Holden,61,0
688,7021,or,61,0
689,7024,they,61,0
690,7029,write,61,0
691,7036,em,61,0
692,7039,down,61,0
693,7062,for,61,0
694,7066,you,61,0
695,7080,Disregarding,61,0
696,7093,the,61,0
697,7097,question,61,0
698,7107,Holden,61,0
699,7114,continues,61,0
700,7125,picking,61,0
701,7141,up,61,0
702,7144,the,61,0
703,7148,pace,61,0
704,7187,HOLDEN,62,0
705,7212,The,62,0
706,7216,tortoise,62,0
707,7225,lays,62,0
708,7230,on,62,0
709,7233,its,62,0
710,7237,back,62,0
711,7261,its,62,0
712,7265,belly,62,0
713,7271,baking,62,0
714,7278,in,62,0
715,7281,the,62,0
716,7285,hot,62,0
717,7289,sun,62,0
718,7312,beating,62,0
719,7320,its,62,0
720,7324,legs,62,0
721,7329,trying,62,0
722,7336,to,62,0
723,7339,turn,62,0
724,7362,itself,62,0
725,7369,over,62,0
726,7376,But,62,0
727,7380,it,62,0
728,7383,can't,62,0
729,7391,Not,62,0
730,7413,without,62,0
731,7421,your,62,0
732,7426,help,62,0
733,7433,But,62,0
734,7437,you're,62,0
735,7444,not,62,0
736,7466,helping,62,0
737,7484,Leon's,62,0
738,7491,upper,62,0
739,7497,lip,62,0
740,7501,is,62,0
741,7504,quivering,62,0
742,7548,LEON,63,0
743,7571,Whatya,63,0
744,7578,mean,63,0
745,7584,I'm,63,0
746,7588,not,63,0
747,7592,helping,63,0
748,7634,HOLDEN,64,0
749,7659,I,64,0
750,7661,mean,64,0
751,7666,you're,64,0
752,7673,not,64,0
753,7677,helping,64,0
754,7687,Why,64,0
755,7691,is,64,0
756,7712,that,64,0
757,7718,Leon,64,0
758,7733,Holden,64,0
759,7740,looks,64,0
760,7746,hard,64,0
761,7751,at,64,0
762,7754,Leon,64,0
763,7760,piercing,64,0
764,7769,look,64,0
765,7784,Leon,64,0
766,7789,is,64,0
767,7792,flushed,64,0
768,7800,with,64,0
769,7805,anger,64,0
770,7812,breathing,64,0
771,7822,hard,64,0
772,7828,it's,64,0
773,7833,a,64,0
774,7843,bad,64,0
775,7847,moment,64,0
776,7855,he,64,0
777,7858,might,64,0
778,7864,erupt,64,0
779,7880,Suddenly,64,0
780,7889,Holden,64,0
781,7896,grins,64,0
782,7902,disarmingly,64,0
783,7948,HOLDEN,65,0
784,7973,They're,65,0
785,7981,just,65,0
786,7986,questions,65,0
787,7997,Leon,65,0
788,8021,In,65,0
789,8024,answer,65,0
790,8031,to,65,0
791,8034,your,65,0
792,8039,query,65,0
793,8046,they're,65,0
794,8072,written,65,0
795,8080,down,65,0
796,8085,for,65,0
797,8089,me,65,0
798,8094,It's,65,0
799,8099,a,65,0
800,8120,test,65,0
801,8126,designed,65,0
802,8135,to,65,0
803,8138,provoke,65,0
804,8146,an,65,0
805,8167,emotional,65,0
806,8177,response,65,0
807,8196,Leon,65,0
808,8201,is,65,0
809,8204,glaring,65,0
810,8212,now,65,0
811,8217,the,65,0
812,8221,blush,65,0
813,8227,subsides,65,0
814,8237,his,65,0
815,8241,anger,65,0
816,8255,slightly,65,0
817,8264,defused,65,0
818,8282,Holden,65,0
819,8289,smiles,65,0
820,8296,cheerfully,65,0
821,8308,very,65,0
822,8313,smooth,65,0
823,8354,HOLDEN,66,0
824,8379,Shall,66,0
825,8385,we,66,0
826,8388,continue,66,0
827,8407,Leon,66,0
828,8412,nods,66,0
829,8418,still,66,0
830,8424,frowning,66,0
831,8434,suspiciously,66,0
832,8481,HOLDEN,67,0
833,8506,Describe,67,0
834,8515,in,67,0
835,8518,single,67,0
836,8525,words,67,0
837,8533,Only,67,0
838,8556,the,67,0
839,8560,good,67,0
840,8565,things,67,0
841,8572,that,67,0
842,8577,come,67,0
843,8582,into,67,0
844,8605,your,67,0
845,8610,mind,67,0
846,8617,About,67,0
847,8623,your,67,0
848,8628,mother,67,0
849,8669,LEON,68,0
850,8692,My,68,0
851,8707,Leon,68,0
852,8712,looks,68,0
853,8718,shocked,68,0
854,8727,surprised,68,0
855,8739,But,68,0
856,8743,the,68,0
857,8747,needles,68,0
858,8755,in,68,0
859,8766,the,68,0
860,8770,computer,68,0
861,8779,barely,68,0
862,8786,move,68,0
863,8793,Holden,68,0
864,8800,goes,68,0
865,8805,for,68,0
866,8809,the,68,0
867,8813,in,68,0
868,8825,side,68,0
869,8830,of,68,0
870,8833,his,68,0
871,8837,coat,68,0
872,8844,But,68,0
873,8848,big,68,0
874,8852,Leon,68,0
875,8857,is,68,0
876,8860,faster,68,0
877,8869,His,68,0
878,8881,laser,68,0
879,8887,burns,68,0
880,8893,a,68,0
881,8895,hole,68,0
882,8900,the,68,0
883,8904,size,68,0
884,8909,of,68,0
885,8912,a,68,0
886,8914,nickel,68,0
887,8921,through,68,0
888,8937,Holden's,68,0
889,8946,stomach,68,0
890,8956,Unlike,68,0
891,8963,a,68,0
892,8965,bullet,68,0
893,8973,a,68,0
894,8975,laser,68,0
895,8981,causes,68,0
896,8996,no,68,0
897,8999,impact,68,0
898,9008,It,68,0
899,9011,goes,68,0
900,9016,through,68,0
901,9024,Holden's,68,0
902,9033,shoulder,68,0
903,9042,and,68,0
904,9054,comes,68,0
905,9060,out,68,0
906,9064,his,68,0
907,9068,back,68,0
908,9074,clean,68,0
909,9080,as,68,0
910,9083,a,68,0
911,9085,whistle,68,0
912,9095,Like,68,0
913,9100,a,68,0
914,9110,rag,68,0
915,9114,doll,68,0
916,9119,he,68,0
917,9122,falls,68,0
918,9128,back,68,0
919,9133,into,68,0
920,9138,the,68,0
921,9142,seat,68,0
922,9149,Big,68,0
923,9153,slow,68,0
924,9158,Leon,68,0
925,9171,is,68,0
926,9174,already,68,0
927,9182,walking,68,0
928,9190,away,68,0
929,9196,but,68,0
930,9200,he,68,0
931,9203,stops,68,0
932,9210,turns,68,0
933,9217,and,68,0
934,9229,with,68,0
935,9234,a,68,0
936,9236,little,68,0
937,9243,smile,68,0
938,9249,of,68,0
939,9252,satisfaction,68,0
940,9265,fires,68,0
941,9271,through,68,0
942,9287,the,68,0
943,9291,back,68,0
944,9296,of,68,0
945,9299,the,68,0
946,9303,seat,68,0
947,9318,As,68,0
948,9321,Leon,68,0
949,9326,walks,68,0
950,9332,out,68,0
951,9336,of,68,0
952,9339,the,68,0
953,9343,room,68,0
954,9348,the,68,0
955,9352,Voight,68,0
956,9359,Kampff,68,0
957,9374,begins,68,0
958,9381,to,68,0
959,9384,blink,68,0
960,9391,faint,68,0
961,9397,but,68,0
962,9401,steady,68,0
963,9461,CUT,69,0
964,9465,TO,69,0
965,9479,EXT,70,0
966,9484,OVERHEAD,70,0
967,9493,VIEW,70,0
968,9498,CITY,70,0
969,9505,NIGHT,70,0
970,9534,3,70,0
971,9545,We,71,0
972,9548,are,71,0
973,9552,looking,71,0
974,9560,down,71,0
975,9565,on,71,0
976,9568,a,71,0
977,9570,city,71,0
978,9575,of,71,0
979,9578,the,71,0
980,9582,future,71,0
981,9589,where,71,0
982,9603,gigantic,71,0
983,9612,buildings,71,0
984,9622,dwarf,71,0
985,9628,the,71,0
986,9632,ancient,71,0
987,9640,skyscrapers,71,0
988,9663,of,71,0
989,9669,now,71,0
990,9673,as,71,0
991,9676,a,71,0
992,9678,huge,71,0
993,9683,blimp,71,0
994,9690,flashing,71,0
995,9699,lights,71,0
996,9706,and,71,0
997,9718,BLARING,71,0
998,9726,SOUND,71,0
999,9732,drifts,71,0
1000,9739,slowly,71,0
1001,9746,over,71,0
1002,9751,the,71,0
1003,9755,tall,71,0
1004,9760,buildings,71,0
1005,9823,CUT,72,0
1006,9827,TO,72,0
1007,9841,EXT,73,0
1008,9846,THE,73,0
1009,9850,BLIMP,73,0
1010,9858,FROM,73,0
1011,9863,BELOW,73,0
1012,9871,NIGHT,73,0
1013,9896,4,73,0
1014,9907,As,74,0
1015,9910,the,74,0
1016,9914,blimp,74,0
1017,9920,drifts,74,0
1018,9927,through,74,0
1019,9935,the,74,0
1020,9939,tall,74,0
1021,9944,buildings,74,0
1022,9954,ad,74,0
1023,9966,vertisements,74,0
1024,9979,appear,74,0
1025,9986,on,74,0
1026,9989,the,74,0
1027,9993,curved,74,0
1028,10000,sides,74,0
1029,10006,of,74,0
1030,10009,dirigible,74,0
1031,10027,and,74,0
1032,10031,an,74,0
1033,10034,accompanying,74,0
1034,10047,SOUNDTRACK,74,0
1035,10058,proclaims,74,0
1036,10069,with,74,0
1037,10074,AM,74,0
1038,10085,enthusiasm,74,0
1039,10097,the,74,0
1040,10101,virtues,74,0
1041,10109,of,74,0
1042,10112,Offworld,74,0
1043,10121,emigration,74,0
1044,10166,BLIMP,75,0
1045,10172,TRACK,75,0
1046,10196,ATTENTION,76,0
1047,10206,SUPERVISORY,76,0
1048,10218,PERSONNEL,76,0
1049,10248,WE,77,0
1050,10251,NEED,77,0
1051,10256,YOU,77,0
1052,10260,YOU,77,0
1053,10264,YOU,77,0
1054,10287,ATTENTION,78,0
1055,10297,FAMILY,78,0
1056,10304,MAKERS,78,0
1057,10331,WE,78,0
1058,10334,NEED,78,0
1059,10339,YOU,78,0
1060,10343,you,78,0
1061,10347,you,78,0
1062,10370,OPPORTUNITY,79,0
1063,10402,WE,79,0
1064,10405,NEED,79,0
1065,10410,YOU,79,0
1066,10414,you,79,0
1067,10418,you,79,0
1068,10422,you,79,0
1069,10445,AUTOMATIC,80,0
1070,10455,ADVANCEMENT,80,0
1071,10487,WE,81,0
1072,10490,NEED,81,0
1073,10495,YOU,81,0
1074,10499,YOU,81,0
1075,10503,YOU,81,0
1076,10526,TOP,82,0
1077,10530,PAY,82,0
1078,10554,WE,82,0
1079,10557,NEED,82,0
1080,10562,YOU,82,0
1081,10566,YOU,82,0
1082,10570,you,82,0
1083,10574,you,82,0
1084,10597,NUMEROUS,83,0
1085,10606,BONUSES,83,0
1086,10634,WE,83,0
1087,10637,NEED,83,0
1088,10642,YOU,83,0
1089,10646,YOU,83,0
1090,10650,you,83,0
1091,10654,you,83,0
1092,10677,SPECIAL,84,0
1093,10685,INCENTIVES,84,0
1094,10716,WE,84,0
1095,10719,NEED,84,0
1096,10724,YOU,84,0
1097,10728,YOU,84,0
1098,10732,YOU,84,0
1099,10736,you,84,0
1100,10759,NINE,85,0
1101,10764,PAID,85,0
1102,10769,VACATIONS,85,0
1103,10779,PER,85,0
1104,10783,YEAR,85,0
1105,10808,WE,85,0
1106,10811,NEED,85,0
1107,10816,YOU,85,0
1108,10820,you,85,0
1109,10824,you,85,0
1110,10855,beat,85,0
1111,10861,beat,85,0
1112,10885,The,85,0
1113,10889,Dominguez,85,0
1114,10899,Shimata,85,0
1115,10907,colony,85,0
1116,10932,wants,85,0
1117,10938,supervisory,85,0
1118,10950,recruits,85,0
1119,10959,and,85,0
1120,10981,families,85,0
1121,11010,Join,85,0
1122,11015,us,85,0
1123,11018,in,85,0
1124,11021,a,85,0
1125,11023,clean,85,0
1126,11030,fresh,85,0
1127,11054,environment,85,0
1128,11066,featuring,85,0
1129,11076,the,85,0
1130,11098,invigorating,85,0
1131,11111,Johnson,85,0
1132,11119,and,85,0
1133,11141,Murikami,85,0
1134,11150,California,85,0
1135,11161,Climate,85,0
1136,11189,WE,85,0
1137,11192,NEED,85,0
1138,11197,YOU,85,0
1139,11201,YOU,85,0
1140,11205,you,85,0
1141,11209,you,85,0
1142,11213,you,85,0
1143,11236,Enjoy,85,0
1144,11242,the,85,0
1145,11246,numerous,85,0
1146,11255,recreation,85,0
1147,11284,areas,85,0
1148,11290,and,85,0
1149,11294,resorts,85,0
1150,11302,such,85,0
1151,11307,as,85,0
1152,11310,the,85,0
1153,11332,famous,85,0
1154,11339,Elysium,85,0
1155,11347,Crater,85,0
1156,11354,Resort,85,0
1157,11382,WE,85,0
1158,11385,NEED,85,0
1159,11390,YOU,85,0
1160,11394,YOU,85,0
1161,11398,you,85,0
1162,11402,you,85,0
1163,11426,Let,85,0
1164,11430,our,85,0
1165,11434,abundant,85,0
1166,11443,man,85,0
1167,11447,made,85,0
1168,11452,labour,85,0
1169,11477,force,85,0
1170,11483,cater,85,0
1171,11489,to,85,0
1172,11492,your,85,0
1173,11497,personal,85,0
1174,11506,needs,85,0
1175,11533,WE,85,0
1176,11536,NEED,85,0
1177,11541,YOU,85,0
1178,11545,YOU,85,0
1179,11549,you,85,0
1180,11553,you,85,0
1181,11577,If,85,0
1182,11580,you,85,0
1183,11584,meet,85,0
1184,11589,health,85,0
1185,11596,and,85,0
1186,11600,experience,85,0
1187,11629,qualifications,85,0
1188,11644,for,85,0
1189,11648,the,85,0
1190,11652,Offworld,85,0
1191,11679,Emmigration,85,0
1192,11691,Programs,85,0
1193,11703,the,85,0
1194,11725,standard,85,0
1195,11734,OPE,85,0
1196,11738,short,85,0
1197,11744,form,85,0
1198,11752,there's,85,0
1199,11778,a,85,0
1200,11780,place,85,0
1201,11786,for,85,0
1202,11790,you,85,0
1203,11794,at,85,0
1204,11797,Dominguez,85,0
1205,11807,and,85,0
1206,11829,Shimata,85,0
1207,11837,Colonies,85,0
1208,11866,Press,85,0
1209,11872,the,85,0
1210,11876,button,85,0
1211,11883,now,85,0
1212,11907,Give,85,0
1213,11912,yourself,85,0
1214,11921,a,85,0
1215,11923,brand,85,0
1216,11929,new,85,0
1217,11933,world,85,0
1218,11960,WE,85,0
1219,11963,NEED,85,0
1220,11968,YOU,85,0
1221,11972,YOU,85,0
1222,11976,you,85,0
1223,11980,you,85,0
1224,11995,EXT,86,0
1225,12000,CITY,86,0
1226,12005,STREET,86,0
1227,12014,NIGHT,86,0
1228,12050,5,86,0
1229,12061,Lights,87,0
1230,12068,from,87,0
1231,12073,the,87,0
1232,12077,blimp,87,0
1233,12083,flash,87,0
1234,12089,along,87,0
1235,12095,the,87,0
1236,12099,street,87,0
1237,12106,and,87,0
1238,12110,wipe,87,0
1239,12123,across,87,0
1240,12130,the,87,0
1241,12134,crowds,87,0
1242,12141,of,87,0
1243,12144,pedestrians,87,0
1244,12156,as,87,0
1245,12159,the,87,0
1246,12163,VOICE,87,0
1247,12169,TRACK,87,0
1248,12183,CONTINUES,87,0
1249,12193,TO,87,0
1250,12196,BLARE,87,0
1251,12202,from,87,0
1252,12207,above,87,0
1253,12223,A,87,0
1254,12225,portable,87,0
1255,12234,noodle,87,0
1256,12241,bar,87,0
1257,12245,is,87,0
1258,12248,crowded,87,0
1259,12256,with,87,0
1260,12261,customers,87,0
1261,12272,sit,87,0
1262,12285,ting,87,0
1263,12290,on,87,0
1264,12293,stools,87,0
1265,12300,slurping,87,0
1266,12309,their,87,0
1267,12315,food,87,0
1268,12320,out,87,0
1269,12324,of,87,0
1270,12327,bowls,87,0
1271,12343,DECKARD,87,0
1272,12351,is,87,0
1273,12354,standing,87,0
1274,12363,near,87,0
1275,12368,the,87,0
1276,12372,noodle,87,0
1277,12379,bar,87,0
1278,12383,waiting,87,0
1279,12391,for,87,0
1280,12395,a,87,0
1281,12405,seat,87,0
1282,12412,He's,87,0
1283,12417,in,87,0
1284,12420,his,87,0
1285,12424,thirties,87,0
1286,12434,wiry,87,0
1287,12440,athletic,87,0
1288,12450,rumpled,87,0
1289,12467,used,87,0
1290,12473,unshaven,87,0
1291,12484,He's,87,0
1292,12489,holding,87,0
1293,12497,a,87,0
1294,12499,newspaper,87,0
1295,12510,made,87,0
1296,12515,of,87,0
1297,12526,tissue,87,0
1298,12533,paper,87,0
1299,12540,open,87,0
1300,12545,while,87,0
1301,12551,he,87,0
1302,12554,glances,87,0
1303,12562,at,87,0
1304,12565,the,87,0
1305,12569,blimp,87,0
1306,12583,passing,87,0
1307,12591,NOISILY,87,0
1308,12599,overhead,87,0
1309,12610,Then,87,0
1310,12615,he,87,0
1311,12618,notices,87,0
1312,12626,the,87,0
1313,12638,COUNTERMAN,88,0
1314,12659,The,88,0
1315,12663,Counterman,88,0
1316,12674,is,88,0
1317,12677,beckoning,88,0
1318,12687,to,88,0
1319,12690,him,88,0
1320,12694,to,88,0
1321,12697,a,88,0
1322,12699,newly,88,0
1323,12705,vacated,88,0
1324,12721,seat,88,0
1325,12736,Deckard,88,0
1326,12744,sits,88,0
1327,12749,down,88,0
1328,12754,at,88,0
1329,12757,the,88,0
1330,12761,noodle,88,0
1331,12768,bar,88,0
1332,12772,and,88,0
1333,12776,the,88,0
1334,12780,Counterman,88,0
1335,12800,an,88,0
1336,12803,elderly,88,0
1337,12811,Japanese,88,0
1338,12821,slaps,88,0
1339,12827,a,88,0
1340,12829,menu,88,0
1341,12834,in,88,0
1342,12837,front,88,0
1343,12843,of,88,0
1344,12846,him,88,0
1345,12860,No,88,0
1346,12863,words,88,0
1347,12869,on,88,0
1348,12872,the,88,0
1349,12876,menu,88,0
1350,12882,just,88,0
1351,12887,pictures,88,0
1352,12896,of,88,0
1353,12899,sliced,88,0
1354,12906,fish,88,0
1355,12919,parts,88,0
1356,12935,Deckard,88,0
1357,12943,points,88,0
1358,12950,to,88,0
1359,12953,a,88,0
1360,12955,particular,88,0
1361,12966,item,88,0
1362,12971,and,88,0
1363,12975,holds,88,0
1364,12981,up,88,0
1365,12984,four,88,0
1366,12997,fingers,88,0
1367,13015,The,88,0
1368,13019,Counterman,88,0
1369,13030,looks,88,0
1370,13036,at,88,0
1371,13039,the,88,0
1372,13043,item,88,0
1373,13048,on,88,0
1374,13051,the,88,0
1375,13055,menu,88,0
1376,13061,confirms,88,0
1377,13078,the,88,0
1378,13082,order,88,0
1379,13088,by,88,0
1380,13091,holding,88,0
1381,13099,up,88,0
1382,13102,two,88,0
1383,13106,fingers,88,0
1384,13124,Deckard,88,0
1385,13132,shakes,88,0
1386,13139,his,88,0
1387,13143,head,88,0
1388,13149,no,88,0
1389,13153,and,88,0
1390,13157,repeats,88,0
1391,13165,his,88,0
1392,13169,four,88,0
1393,13182,fingers,88,0
1394,13200,The,88,0
1395,13204,Counterman,88,0
1396,13215,nods,88,0
1397,13221,corrected,88,0
1398,13231,and,88,0
1399,13235,hurries,88,0
1400,13243,off,88,0
1401,13257,Deckard,88,0
1402,13265,glances,88,0
1403,13273,overhead,88,0
1404,13292,The,88,0
1405,13296,blimp,88,0
1406,13302,drifts,88,0
1407,13309,off,88,0
1408,13313,among,88,0
1409,13319,the,88,0
1410,13323,buildings,88,0
1411,13333,like,88,0
1412,13338,a,88,0
1413,13340,fish,88,0
1414,13353,disappearing,88,0
1415,13366,in,88,0
1416,13369,seaweed,88,0
1417,13378,the,88,0
1418,13382,NOISY,88,0
1419,13388,VOICE,88,0
1420,13394,doing,88,0
1421,13400,a,88,0
1422,13410,diminuendo,88,0
1423,13431,Whap,88,0
1424,13438,The,88,0
1425,13442,Counterman,88,0
1426,13453,slaps,88,0
1427,13459,a,88,0
1428,13461,bowl,88,0
1429,13466,of,88,0
1430,13469,rice,88,0
1431,13474,and,88,0
1432,13478,a,88,0
1433,13480,pot,88,0
1434,13492,of,88,0
1435,13495,tea,88,0
1436,13499,in,88,0
1437,13502,front,88,0
1438,13508,of,88,0
1439,13511,Deckard,88,0
1440,13521,Then,88,0
1441,13526,he,88,0
1442,13529,puts,88,0
1443,13534,the,88,0
1444,13538,little,88,0
1445,13553,bowl,88,0
1446,13558,with,88,0
1447,13563,the,88,0
1448,13567,two,88,0
1449,13571,slices,88,0
1450,13578,of,88,0
1451,13581,fish,88,0
1452,13586,on,88,0
1453,13589,the,88,0
1454,13593,counter,88,0
1455,13611,Deckard,88,0
1456,13619,looks,88,0
1457,13625,at,88,0
1458,13628,the,88,0
1459,13632,fish,88,0
1460,13639,Two,88,0
1461,13643,slices,88,0
1462,13650,of,88,0
1463,13653,fish,88,0
1464,13668,He,88,0
1465,13671,looks,88,0
1466,13677,at,88,0
1467,13680,the,88,0
1468,13684,Counterman,88,0
1469,13695,and,88,0
1470,13699,holds,88,0
1471,13705,up,88,0
1472,13708,four,88,0
1473,13713,fingers,88,0
1474,13731,The,88,0
1475,13735,Counterman,88,0
1476,13746,looks,88,0
1477,13752,down,88,0
1478,13757,at,88,0
1479,13760,the,88,0
1480,13764,two,88,0
1481,13768,slices,88,0
1482,13775,of,88,0
1483,13778,fish,88,0
1484,13792,looks,88,0
1485,13798,like,88,0
1486,13803,two,88,0
1487,13807,to,88,0
1488,13810,him,88,0
1489,13816,He,88,0
1490,13819,looks,88,0
1491,13825,at,88,0
1492,13828,Deckard,88,0
1493,13836,as,88,0
1494,13839,though,88,0
1495,13854,Deckard,88,0
1496,13862,was,88,0
1497,13866,a,88,0
1498,13868,fool,88,0
1499,13873,and,88,0
1500,13877,holds,88,0
1501,13883,up,88,0
1502,13886,two,88,0
1503,13890,fingers,88,0
1504,13900,He,88,0
1505,13903,can,88,0
1506,13915,count,88,0
1507,13931,Deckard,88,0
1508,13939,stares,88,0
1509,13946,bleakly,88,0
1510,13954,at,88,0
1511,13957,the,88,0
1512,13961,fish,88,0
1513,13968,Can't,88,0
1514,13974,win,88,0
1515,13988,He,88,0
1516,13991,starts,88,0
1517,13998,to,88,0
1518,14001,eat,88,0
1519,14005,and,88,0
1520,14009,that's,88,0
1521,14016,when,88,0
1522,14021,he,88,0
1523,14024,feels,88,0
1524,14030,a,88,0
1525,14032,tap,88,0
1526,14036,on,88,0
1527,14039,his,88,0
1528,14051,shoulder,88,0
1529,14062,He,88,0
1530,14065,glances,88,0
1531,14073,over,88,0
1532,14078,his,88,0
1533,14082,right,88,0
1534,14088,shoulder,88,0
1535,14107,A,88,0
1536,14109,huge,88,0
1537,14114,cop,88,0
1538,14118,in,88,0
1539,14121,uniform,88,0
1540,14129,is,88,0
1541,14132,looming,88,0
1542,14140,behind,88,0
1543,14147,him,88,0
1544,14161,Deckard,88,0
1545,14169,feels,88,0
1546,14175,funny,88,0
1547,14182,looks,88,0
1548,14188,left,88,0
1549,14203,Another,88,0
1550,14211,cop,88,0
1551,14215,is,88,0
1552,14218,looming,88,0
1553,14226,over,88,0
1554,14231,his,88,0
1555,14235,left,88,0
1556,14240,shoulder,88,0
1557,14259,Deckard,88,0
1558,14267,is,88,0
1559,14270,tapped,88,0
1560,14277,again,88,0
1561,14283,from,88,0
1562,14288,the,88,0
1563,14292,right,88,0
1564,14308,Turning,88,0
1565,14316,again,88,0
1566,14322,he,88,0
1567,14325,realizes,88,0
1568,14334,that,88,0
1569,14339,it,88,0
1570,14342,isn't,88,0
1571,14348,the,88,0
1572,14352,cop,88,0
1573,14356,tapping,88,0
1574,14372,him,88,0
1575,14377,it's,88,0
1576,14382,the,88,0
1577,14386,short,88,0
1578,14392,Japanese,88,0
1579,14401,guy,88,0
1580,14405,next,88,0
1581,14410,to,88,0
1582,14413,the,88,0
1583,14417,cop,88,0
1584,14423,The,88,0
1585,14435,guy's,88,0
1586,14441,got,88,0
1587,14445,beady,88,0
1588,14451,eyes,88,0
1589,14456,and,88,0
1590,14460,lots,88,0
1591,14465,of,88,0
1592,14468,energy,88,0
1593,14477,His,88,0
1594,14481,name,88,0
1595,14486,is,88,0
1596,14497,GAFF,89,0
1597,14536,GAFF,90,0
1598,14567,in,90,0
1599,14570,Japanese,90,0
1600,14602,You,90,0
1601,14606,will,90,0
1602,14611,be,90,0
1603,14614,required,90,0
1604,14623,to,90,0
1605,14644,accompany,90,0
1606,14654,me,90,0
1607,14658,sir,90,0
1608,14676,Deckard,90,0
1609,14684,doesn't,90,0
1610,14692,understand,90,0
1611,14703,Japanese,90,0
1612,14713,thinks,90,0
1613,14720,the,90,0
1614,14724,man,90,0
1615,14736,wants,90,0
1616,14742,a,90,0
1617,14744,seat,90,0
1618,14783,DECKARD,91,0
1619,14809,Wait,91,0
1620,14814,your,91,0
1621,14819,turn,91,0
1622,14825,pal,91,0
1623,14839,Deckard,91,0
1624,14847,turns,91,0
1625,14853,back,91,0
1626,14858,to,91,0
1627,14861,his,91,0
1628,14865,food,91,0
1629,14904,GAFF,92,0
1630,14935,in,92,0
1631,14938,Japanese,92,0
1632,14970,If,92,0
1633,14973,you,92,0
1634,14977,do,92,0
1635,14980,not,92,0
1636,14984,comply,92,0
1637,14991,with,92,0
1638,14996,an,92,0
1639,15017,official,92,0
1640,15026,request,92,0
1641,15035,I,92,0
1642,15037,will,92,0
1643,15042,be,92,0
1644,15063,obliged,92,0
1645,15071,to,92,0
1646,15074,exert,92,0
1647,15080,my,92,0
1648,15083,authority,92,0
1649,15107,Deckard,92,0
1650,15115,is,92,0
1651,15118,ignoring,92,0
1652,15127,Gaff,92,0
1653,15132,but,92,0
1654,15136,the,92,0
1655,15140,Counterman,92,0
1656,15151,leans,92,0
1657,15157,in,92,0
1658,15168,Deckard's,92,0
1659,15178,face,92,0
1660,15183,and,92,0
1661,15187,translates,92,0
1662,15232,THE,93,0
1663,15236,COUNTERMAN,93,0
1664,15265,He,93,0
1665,15268,say,93,0
1666,15273,you,93,0
1667,15277,go,93,0
1668,15280,with,93,0
1669,15285,him,93,0
1670,15299,Deckard,93,0
1671,15307,turns,93,0
1672,15313,and,93,0
1673,15317,finds,93,0
1674,15323,Gaff,93,0
1675,15328,waving,93,0
1676,15335,a,93,0
1677,15337,badge,93,0
1678,15343,in,93,0
1679,15346,his,93,0
1680,15350,face,93,0
1681,15389,GAFF,94,0
1682,15420,in,94,0
1683,15423,Japanese,94,0
1684,15455,To,94,0
1685,15458,defy,94,0
1686,15463,duly,94,0
1687,15468,constituted,94,0
1688,15498,authority,94,0
1689,15508,is,94,0
1690,15511,to,94,0
1691,15514,flaunt,94,0
1692,15521,the,94,0
1693,15525,public,94,0
1694,15550,good,94,0
1695,15569,Deckard,94,0
1696,15577,doesn't,94,0
1697,15585,understand,94,0
1698,15596,a,94,0
1699,15598,word,94,0
1700,15637,THE,95,0
1701,15641,COUNTERMAN,95,0
1702,15670,He,95,0
1703,15673,say,95,0
1704,15678,you're,95,0
1705,15685,under,95,0
1706,15691,arrest,95,0
1707,15699,Deckard,95,0
1708,15717,Deckard,95,0
1709,15725,turns,95,0
1710,15731,back,95,0
1711,15736,to,95,0
1712,15739,his,95,0
1713,15743,food,95,0
1714,15782,DECKARD,96,0
1715,15808,Tell,96,0
1716,15813,him,96,0
1717,15817,he's,96,0
1718,15822,got,96,0
1719,15826,the,96,0
1720,15830,wrong,96,0
1721,15836,guy,96,0
1722,15867,turning,96,0
1723,15875,to,96,0
1724,15878,Gaff,96,0
1725,15909,loudly,96,0
1726,15935,You,96,0
1727,15939,got,96,0
1728,15943,the,96,0
1729,15947,wrong,96,0
1730,15953,guy,96,0
1731,15958,pal,96,0
1732,15996,GAFF,97,0
1733,16027,in,97,0
1734,16030,Japanese,97,0
1735,16062,Wrong,97,0
1736,16068,guy,97,0
1737,16073,my,97,0
1738,16076,ass,97,0
1739,16082,You're,97,0
1740,16107,known,97,0
1741,16113,as,97,0
1742,16116,The,97,0
1743,16120,Boogeyman,97,0
1744,16130,in,97,0
1745,16133,every,97,0
1746,16157,mean,97,0
1747,16162,joint,97,0
1748,16168,in,97,0
1749,16171,town,97,0
1750,16214,THE,98,0
1751,16218,COUNTERMAN,98,0
1752,16247,He,98,0
1753,16250,say,98,0
1754,16255,Boogeyman,98,0
1755,16275,Deckard,98,0
1756,16283,flinches,98,0
1757,16292,at,98,0
1758,16295,the,98,0
1759,16299,word,98,0
1760,16305,Boogeyman,98,0
1761,16317,but,98,0
1762,16321,goes,98,0
1763,16326,on,98,0
1764,16337,eating,98,0
1765,16346,But,98,0
1766,16350,now,98,0
1767,16354,we,98,0
1768,16357,know,98,0
1769,16363,and,98,0
1770,16367,he,98,0
1771,16370,knows,98,0
1772,16376,it's,98,0
1773,16381,not,98,0
1774,16385,a,98,0
1775,16395,mistake,98,0
1776,16437,GAFF,99,0
1777,16468,in,99,0
1778,16471,Japanese,99,0
1779,16503,You,99,0
1780,16507,are,99,0
1781,16511,a,99,0
1782,16513,Blade,99,0
1783,16519,Runner,99,0
1784,16526,in,99,0
1785,16529,the,99,0
1786,16551,Four,99,0
1787,16556,Sector,99,0
1788,16563,and,99,0
1789,16567,after,99,0
1790,16573,the,99,0
1791,16577,slaughter,99,0
1792,16605,at,99,0
1793,16608,the,99,0
1794,16612,steel,99,0
1795,16618,shop,99,0
1796,16623,they,99,0
1797,16628,called,99,0
1798,16635,you,99,0
1799,16657,Mister,99,0
1800,16664,Nighttime,99,0
1801,16712,THE,100,0
1802,16716,COUNTERMAN,100,0
1803,16745,He,100,0
1804,16748,say,100,0
1805,16753,Brade,100,0
1806,16759,Runner,100,0
1807,16768,He,100,0
1808,16771,say,100,0
1809,16794,Mister,100,0
1810,16801,Nightime,100,0
1811,16844,DECKARD,101,0
1812,16870,Tell,101,0
1813,16875,him,101,0
1814,16879,I'm,101,0
1815,16883,eating,101,0
1816,16924,GAFF,102,0
1817,16955,to,102,0
1818,16958,the,102,0
1819,16962,Counterman,102,0
1820,16999,in,102,0
1821,17002,Japanese,102,0
1822,17034,Please,102,0
1823,17041,tell,102,0
1824,17046,this,102,0
1825,17051,notorious,102,0
1826,17079,gentleman,102,0
1827,17089,that,102,0
1828,17094,I,102,0
1829,17096,am,102,0
1830,17099,acting,102,0
1831,17106,as,102,0
1832,17109,an,102,0
1833,17130,emmisary,102,0
1834,17139,from,102,0
1835,17144,Captain,102,0
1836,17152,Bryant,102,0
1837,17159,and,102,0
1838,17181,Captain,102,0
1839,17189,Bryant,102,0
1840,17196,has,102,0
1841,17200,ordered,102,0
1842,17208,me,102,0
1843,17211,to,102,0
1844,17232,bring,102,0
1845,17238,Mr,102,0
1846,17242,Deckard,102,0
1847,17250,to,102,0
1848,17253,headquarters,102,0
1849,17284,even,102,0
1850,17289,if,102,0
1851,17292,I,102,0
1852,17294,have,102,0
1853,17299,to,102,0
1854,17302,serve,102,0
1855,17308,him,102,0
1856,17312,like,102,0
1857,17335,so,102,0
1858,17338,much,102,0
1859,17343,sushi,102,0
1860,17363,Deckard,102,0
1861,17371,is,102,0
1862,17374,continuing,102,0
1863,17385,to,102,0
1864,17388,eat,102,0
1865,17392,but,102,0
1866,17396,he,102,0
1867,17399,has,102,0
1868,17403,reacted,102,0
1869,17411,to,102,0
1870,17422,Gaff's,102,0
1871,17429,repeated,102,0
1872,17438,use,102,0
1873,17442,of,102,0
1874,17445,the,102,0
1875,17449,word,102,0
1876,17455,Bryant,102,0
1877,17497,THE,103,0
1878,17501,COUNTERMAN,103,0
1879,17538,to,103,0
1880,17541,Deckard,103,0
1881,17568,He,103,0
1882,17571,say,103,0
1883,17576,you,103,0
1884,17580,be,103,0
1885,17583,ornery,103,0
1886,17591,okay,103,0
1887,17598,He,103,0
1888,17619,say,103,0
1889,17623,big,103,0
1890,17627,boss,103,0
1891,17632,Bryant,103,0
1892,17639,give,103,0
1893,17644,him,103,0
1894,17666,permission,103,0
1895,17677,to,103,0
1896,17680,use,103,0
1897,17684,violence,103,0
1898,17693,make,103,0
1899,17716,arrest,103,0
1900,17725,He,103,0
1901,17728,say,103,0
1902,17732,Bryant,103,0
1903,17739,tell,103,0
1904,17744,him,103,0
1905,17766,rearrange,103,0
1906,17776,your,103,0
1907,17781,brains,103,0
1908,17788,akay,103,0
1909,17795,Make,103,0
1910,17818,you,103,0
1911,17822,raw,103,0
1912,17826,fish,103,0
1913,17841,Deckard,103,0
1914,17849,looks,103,0
1915,17855,disgusted,103,0
1916,17865,and,103,0
1917,17869,resigned,103,0
1918,17912,DECKARD,104,0
1919,17938,Bryant,104,0
1920,17945,huh,104,0
1921,18002,CUT,105,0
1922,18006,TO,105,0
1923,18020,EXT,106,0
1924,18025,STREET,106,0
1925,18034,NIGHT,106,0
1926,18075,6,106,0
1927,18086,Deckard,107,0
1928,18095,still,107,0
1929,18101,holding,107,0
1930,18109,his,107,0
1931,18113,bowl,107,0
1932,18118,of,107,0
1933,18121,food,107,0
1934,18127,is,107,0
1935,18130,climbing,107,0
1936,18147,into,107,0
1937,18152,a,107,0
1938,18154,spinner,107,0
1939,18162,behind,107,0
1940,18169,Gaff,107,0
1941,18174,as,107,0
1942,18177,the,107,0
1943,18181,two,107,0
1944,18185,cops,107,0
1945,18190,loom,107,0
1946,18195,over,107,0
1947,18208,him,107,0
1948,18214,One,107,0
1949,18218,of,107,0
1950,18221,the,107,0
1951,18225,cops,107,0
1952,18230,shuts,107,0
1953,18236,the,107,0
1954,18240,spinner,107,0
1955,18248,door,107,0
1956,18253,behind,107,0
1957,18268,Deckard,107,0
1958,18276,and,107,0
1959,18280,the,107,0
1960,18284,spinner,107,0
1961,18292,lifts,107,0
1962,18298,off,107,0
1963,18302,in,107,0
1964,18305,a,107,0
1965,18307,flurry,107,0
1966,18314,of,107,0
1967,18317,wind,107,0
1968,18375,CUT,108,0
1969,18379,TO,108,0
1970,18393,EXT,109,0
1971,18398,CITY,109,0
1972,18405,BIRD'S,109,0
1973,18412,EYE,109,0
1974,18416,VIEW,109,0
1975,18423,NIGHT,109,0
1976,18448,7,109,0
1977,18459,The,110,0
1978,18463,spinner,110,0
1979,18471,zips,110,0
1980,18476,through,110,0
1981,18484,the,110,0
1982,18488,canyons,110,0
1983,18496,of,110,0
1984,18499,the,110,0
1985,18503,city,110,0
1986,18518,Deckard,110,0
1987,18526,is,110,0
1988,18529,sitting,110,0
1989,18537,in,110,0
1990,18540,the,110,0
1991,18544,passenger,110,0
1992,18554,seat,110,0
1993,18560,eating,110,0
1994,18567,while,110,0
1995,18581,he,110,0
1996,18584,watches,110,0
1997,18592,the,110,0
1998,18596,maze,110,0
1999,18601,of,110,0
2000,18604,suspension,110,0
2001,18615,bridges,110,0
2002,18624,platforms,110,0
2003,18642,and,110,0
2004,18646,catwalks,110,0
2005,18655,swim,110,0
2006,18660,by,110,0
2007,18663,below,110,0
2008,18671,The,110,0
2009,18675,tops,110,0
2010,18680,of,110,0
2011,18683,larger,110,0
2012,18690,build,110,0
2013,18705,ings,110,0
2014,18710,emblazoned,110,0
2015,18721,with,110,0
2016,18726,fluorescent,110,0
2017,18738,numerals,110,0
2018,18747,and,110,0
2019,18751,scrawls,110,0
2020,18767,of,110,0
2021,18770,neon,110,0
2022,18775,ads,110,0
2023,18832,CUT,111,0
2024,18836,TO,111,0
2025,18850,INT,112,0
2026,18855,SPINNER,112,0
2027,18865,NIGHT,112,0
2028,18905,8,112,0
2029,18916,Deckard,113,0
2030,18924,is,113,0
2031,18927,sitting,113,0
2032,18935,gloomily,113,0
2033,18944,in,113,0
2034,18947,the,113,0
2035,18951,passenger,113,0
2036,18961,seat,113,0
2037,18975,still,113,0
2038,18981,eating,113,0
2039,18988,from,113,0
2040,18993,his,113,0
2041,18997,bowl,113,0
2042,19002,with,113,0
2043,19007,chopsticks,113,0
2044,19018,as,113,0
2045,19021,Gaff,113,0
2046,19034,maneuvers,113,0
2047,19044,the,113,0
2048,19048,spinner,113,0
2049,19056,through,113,0
2050,19064,the,113,0
2051,19068,city,113,0
2052,19073,canyons,113,0
2053,19081,chat,113,0
2054,19095,tering,113,0
2055,19102,in,113,0
2056,19105,rapid,113,0
2057,19111,Japanese,113,0
2058,19154,GAFF,114,0
2059,19185,in,114,0
2060,19188,Japanese,114,0
2061,19216,I,114,0
2062,19218,told,114,0
2063,19223,Bryant,114,0
2064,19230,I,114,0
2065,19232,could,114,0
2066,19238,take,114,0
2067,19243,care,114,0
2068,19248,of,114,0
2069,19269,this,114,0
2070,19274,myself,114,0
2071,19283,Just,114,0
2072,19288,move,114,0
2073,19293,me,114,0
2074,19296,up,114,0
2075,19318,I'll,114,0
2076,19323,do,114,0
2077,19326,the,114,0
2078,19330,job,114,0
2079,19335,I,114,0
2080,19337,told,114,0
2081,19342,him,114,0
2082,19348,Five,114,0
2083,19371,phonies,114,0
2084,19381,I,114,0
2085,19383,just,114,0
2086,19388,air,114,0
2087,19393,em,114,0
2088,19396,out,114,0
2089,19427,he,114,0
2090,19430,imitates,114,0
2091,19439,shooting,114,0
2092,19467,Bow,114,0
2093,19473,Bow,114,0
2094,19479,Bow,114,0
2095,19493,Deckard,114,0
2096,19501,looks,114,0
2097,19507,at,114,0
2098,19510,Gaff,114,0
2099,19515,uncomprehendingly,114,0
2100,19567,GAFF,115,0
2101,19599,continuing,115,0
2102,19610,in,115,0
2103,19613,Japanese,115,0
2104,19641,But,115,0
2105,19645,no,115,0
2106,19649,he,115,0
2107,19652,says,115,0
2108,19659,Bryant,115,0
2109,19666,thinks,115,0
2110,19691,you're,115,0
2111,19698,hot,115,0
2112,19702,shit,115,0
2113,19708,smartest,115,0
2114,19717,spotter,115,0
2115,19744,baddest,115,0
2116,19752,Blade,115,0
2117,19758,Runner,115,0
2118,19767,You,115,0
2119,19771,don't,115,0
2120,19795,look,115,0
2121,19800,so,115,0
2122,19803,hot,115,0
2123,19807,to,115,0
2124,19810,me,115,0
2125,19815,Don't,115,0
2126,19821,even,115,0
2127,19844,shave,115,0
2128,19852,Bad,115,0
2129,19856,grooming,115,0
2130,19865,reflects,115,0
2131,19874,on,115,0
2132,19895,the,115,0
2133,19899,whole,115,0
2134,19905,department,115,0
2135,19918,You,115,0
2136,19922,don't,115,0
2137,19946,dress,115,0
2138,19952,well,115,0
2139,19958,that,115,0
2140,19963,reflects,115,0
2141,19972,on,115,0
2142,19975,me,115,0
2143,19999,makes,115,0
2144,20005,the,115,0
2145,20009,whole,115,0
2146,20015,department,115,0
2147,20026,look,115,0
2148,20049,like,115,0
2149,20054,shit,115,0
2150,20078,The,115,0
2151,20082,skin,115,0
2152,20087,jobs,115,0
2153,20092,look,115,0
2154,20097,better,115,0
2155,20104,than,115,0
2156,20109,you,115,0
2157,20131,do,115,0
2158,20136,What's,115,0
2159,20143,the,115,0
2160,20147,point,115,0
2161,20153,of,115,0
2162,20156,wiping,115,0
2163,20163,out,115,0
2164,20185,skin,115,0
2165,20190,jobs,115,0
2166,20195,if,115,0
2167,20198,they,115,0
2168,20203,look,115,0
2169,20208,better,115,0
2170,20215,than,115,0
2171,20238,Enforcement,115,0
2172,20252,pretty,115,0
2173,20259,soon,115,0
2174,20264,the,115,0
2175,20268,public,115,0
2176,20293,will,115,0
2177,20298,want,115,0
2178,20303,skin,115,0
2179,20308,jobs,115,0
2180,20313,for,115,0
2181,20317,Enforcement,115,0
2182,20348,I,115,0
2183,20350,guess,115,0
2184,20356,you'd,115,0
2185,20362,prefer,115,0
2186,20369,that,115,0
2187,20375,hunh,115,0
2188,20399,That,115,0
2189,20404,why,115,0
2190,20408,you,115,0
2191,20412,quit,115,0
2192,20427,Deckard,115,0
2193,20435,looks,115,0
2194,20441,at,115,0
2195,20444,Gaff,115,0
2196,20451,He,115,0
2197,20454,hasn't,115,0
2198,20461,understood,115,0
2199,20472,a,115,0
2200,20474,word,115,0
2201,20513,DECKARD,116,0
2202,20539,I,116,0
2203,20541,don't,116,0
2204,20547,understand,116,0
2205,20558,a,116,0
2206,20560,word,116,0
2207,20565,you're,116,0
2208,20590,saying,116,0
2209,20607,Gaff,116,0
2210,20612,glares,116,0
2211,20619,and,116,0
2212,20623,mutters,116,0
2213,20632,turning,116,0
2214,20640,his,116,0
2215,20644,attention,116,0
2216,20654,to,116,0
2217,20657,navi,116,0
2218,20671,gation,116,0
2219,20678,of,116,0
2220,20681,the,116,0
2221,20685,spinner,116,0
2222,20727,GAFF,117,0
2223,20758,in,117,0
2224,20761,Japanese,117,0
2225,20789,Exactly,117,0
2226,20799,Whatta,117,0
2227,20806,jerk,117,0
2228,20813,If,117,0
2229,20816,I,117,0
2230,20818,wasn't,117,0
2231,20843,up,117,0
2232,20846,for,117,0
2233,20850,promotion,117,0
2234,20860,I'd,117,0
2235,20864,put,117,0
2236,20868,this,117,0
2237,20873,baby,117,0
2238,20896,in,117,0
2239,20899,a,117,0
2240,20901,hot,117,0
2241,20905,spin,117,0
2242,20910,and,117,0
2243,20914,leave,117,0
2244,20920,your,117,0
2245,20925,dinner,117,0
2246,20950,all,117,0
2247,20954,over,117,0
2248,20959,the,117,0
2249,20963,glass,117,0
2250,20979,The,117,0
2251,20983,spinner,117,0
2252,20991,flies,117,0
2253,20997,low,117,0
2254,21001,along,117,0
2255,21007,the,117,0
2256,21011,center,117,0
2257,21018,of,117,0
2258,21021,a,117,0
2259,21023,busy,117,0
2260,21036,street,117,0
2261,21043,and,117,0
2262,21047,then,117,0
2263,21052,turns,117,0
2264,21058,right,117,0
2265,21075,EXT,118,0
2266,21080,PRECINCT,118,0
2267,21089,SPINNER,118,0
2268,21097,PAD,118,0
2269,21103,NIGHT,118,0
2270,21130,9,118,0
2271,21141,The,119,0
2272,21145,spinner,119,0
2273,21153,slides,119,0
2274,21160,toward,119,0
2275,21167,the,119,0
2276,21171,pad,119,0
2277,21176,cuts,119,0
2278,21181,speed,119,0
2279,21187,and,119,0
2280,21199,gently,119,0
2281,21206,touches,119,0
2282,21214,down,119,0
2283,21219,as,119,0
2284,21222,another,119,0
2285,21230,lifts,119,0
2286,21236,off,119,0
2287,21293,CUT,120,0
2288,21297,TO,120,0
2289,21311,INT,121,1
2290,21316,POLICE,121,1
2291,21323,HQ,121,1
2292,21326,CONCOURSE,121,1
2293,21338,NIGHT,121,1
2294,21366,10,121,1
2295,21378,An,122,1
2296,21381,enormous,122,1
2297,21390,grey,122,1
2298,21395,vault,122,1
2299,21401,of,122,1
2300,21404,a,122,1
2301,21406,building,122,1
2302,21416,Deckard,122,1
2303,21424,and,122,1
2304,21428,Gaff,122,1
2305,21441,stride,122,1
2306,21448,down,122,1
2307,21453,the,122,1
2308,21457,long,122,1
2309,21462,corridor,122,1
2310,21473,Perhaps,122,1
2311,21481,Gaff,122,1
2312,21486,is,122,1
2313,21489,still,122,1
2314,21503,jabbering,122,1
2315,21513,in,122,1
2316,21516,Japanese,122,1
2317,21578,CUT,123,1
2318,21582,TO,123,1
2319,21596,INT,124,1
2320,21601,BRYANT'S,124,1
2321,21610,OFFICE,124,1
2322,21619,NIGHT,124,1
2323,21651,11,124,1
2324,21663,BRYANT,125,1
2325,21670,is,125,1
2326,21673,sitting,125,1
2327,21681,behind,125,1
2328,21688,his,125,1
2329,21692,big,125,1
2330,21696,desk,125,1
2331,21702,a,125,1
2332,21704,fat,125,1
2333,21708,man,125,1
2334,21712,in,125,1
2335,21715,his,125,1
2336,21727,fifties,125,1
2337,21735,with,125,1
2338,21740,grey,125,1
2339,21745,hair,125,1
2340,21751,jowls,125,1
2341,21757,and,125,1
2342,21761,gas,125,1
2343,21799,BRYANT,126,1
2344,21824,Hiya,126,1
2345,21830,Deck,126,1
2346,21845,Deckard,126,1
2347,21853,is,126,1
2348,21856,standing,126,1
2349,21865,in,126,1
2350,21868,the,126,1
2351,21872,doorway,126,1
2352,21881,still,126,1
2353,21887,in,126,1
2354,21890,the,126,1
2355,21894,cus,126,1
2356,21907,tody,126,1
2357,21912,of,126,1
2358,21915,Gaff,126,1
2359,21922,Deckard,126,1
2360,21930,glares,126,1
2361,21937,at,126,1
2362,21940,Bryant,126,1
2363,21947,and,126,1
2364,21951,doesn't,126,1
2365,21967,answer,126,1
2366,21976,Bryant,126,1
2367,21983,dismisses,126,1
2368,21993,Gaff,126,1
2369,21998,with,126,1
2370,22003,a,126,1
2371,22005,head,126,1
2372,22010,movement,126,1
2373,22028,Deckard,126,1
2374,22036,glares,126,1
2375,22043,at,126,1
2376,22046,Gaff,126,1
2377,22051,who,126,1
2378,22055,glares,126,1
2379,22062,back,126,1
2380,22067,as,126,1
2381,22070,he,126,1
2382,22073,departs,126,1
2383,22115,BRYANT,127,1
2384,22140,You,127,1
2385,22144,wouldn't,127,1
2386,22153,have,127,1
2387,22158,come,127,1
2388,22163,if,127,1
2389,22166,I'd,127,1
2390,22170,just,127,1
2391,22193,asked,127,1
2392,22199,you,127,1
2393,22203,to,127,1
2394,22208,Siddown,127,1
2395,22217,pal,127,1
2396,22231,Deckard,127,1
2397,22239,glares,127,1
2398,22246,at,127,1
2399,22249,Bryant,127,1
2400,22256,without,127,1
2401,22264,moving,127,1
2402,22305,BRYANT,128,1
2403,22330,Don't,128,1
2404,22336,be,128,1
2405,22339,an,128,1
2406,22342,asshole,128,1
2407,22351,Deckard,128,1
2408,22361,I,128,1
2409,22381,got,128,1
2410,22385,five,128,1
2411,22390,skin,128,1
2412,22395,jobs,128,1
2413,22400,walking,128,1
2414,22408,the,128,1
2415,22430,streets,128,1
2416,22448,Deckard,128,1
2417,22456,smiles,128,1
2418,22463,and,128,1
2419,22467,sits,128,1
2420,22472,down,128,1
2421,22511,BRYANT,129,1
2422,22536,They,129,1
2423,22541,jumped,129,1
2424,22548,a,129,1
2425,22550,shuttle,129,1
2426,22558,offworld,129,1
2427,22586,Killed,129,1
2428,22593,the,129,1
2429,22597,crew,129,1
2430,22602,and,129,1
2431,22606,passengers,129,1
2432,22627,Deckard,129,1
2433,22635,reacts,129,1
2434,22644,This,129,1
2435,22649,isn't,129,1
2436,22655,usual,129,1
2437,22695,BRYANT,130,1
2438,22720,We,130,1
2439,22723,found,130,1
2440,22729,the,130,1
2441,22733,shuttle,130,1
2442,22741,floating,130,1
2443,22750,off,130,1
2444,22772,the,130,1
2445,22776,coast,130,1
2446,22782,two,130,1
2447,22786,weeks,130,1
2448,22792,ago,130,1
2449,22798,So,130,1
2450,22801,we,130,1
2451,22822,know,130,1
2452,22827,they're,130,1
2453,22835,around,130,1
2454,22876,DECKARD,131,1
2455,22902,Embarrassing,131,1
2456,22925,Bryant,131,1
2457,22932,is,131,1
2458,22935,pouring,131,1
2459,22943,bourbon,131,1
2460,22951,into,131,1
2461,22956,a,131,1
2462,22958,thick,131,1
2463,22964,shot,131,1
2464,22969,glass,131,1
2465,22977,He,131,1
2466,22988,passes,131,1
2467,22995,the,131,1
2468,22999,amber,131,1
2469,23005,tumbler,131,1
2470,23013,to,131,1
2471,23016,Deckard,131,1
2472,23024,who,131,1
2473,23028,takes,131,1
2474,23034,it,131,1
2475,23037,and,131,1
2476,23049,holds,131,1
2477,23055,it,131,1
2478,23058,to,131,1
2479,23061,the,131,1
2480,23065,light,131,1
2481,23105,BRYANT,132,1
2482,23130,No,132,1
2483,23134,sir,132,1
2484,23140,Not,132,1
2485,23144,fucking,132,1
2486,23152,embarrassing,132,1
2487,23187,Because,132,1
2488,23195,nobody's,132,1
2489,23204,ever,132,1
2490,23209,gonna,132,1
2491,23233,find,132,1
2492,23238,out,132,1
2493,23242,they're,132,1
2494,23250,down,132,1
2495,23255,here,132,1
2496,23260,because,132,1
2497,23286,you're,132,1
2498,23293,gonna,132,1
2499,23299,spot,132,1
2500,23305,em,132,1
2501,23308,an,132,1
2502,23312,you're,132,1
2503,23337,gonna,132,1
2504,23343,air,132,1
2505,23348,em,132,1
2506,23351,out,132,1
2507,23365,Deckard,132,1
2508,23373,downs,132,1
2509,23379,his,132,1
2510,23383,drink,132,1
2511,23389,and,132,1
2512,23393,slides,132,1
2513,23400,the,132,1
2514,23404,empty,132,1
2515,23410,back,132,1
2516,23449,DECKARD,133,1
2517,23475,Not,133,1
2518,23479,me,133,1
2519,23483,Bryant,133,1
2520,23492,I,133,1
2521,23494,won't,133,1
2522,23500,work,133,1
2523,23505,for,133,1
2524,23527,you,133,1
2525,23531,anymore,133,1
2526,23541,Give,133,1
2527,23546,it,133,1
2528,23549,to,133,1
2529,23552,Holden,133,1
2530,23578,he's,133,1
2531,23583,good,133,1
2532,23598,Deckard,133,1
2533,23606,turns,133,1
2534,23612,to,133,1
2535,23615,go,133,1
2536,23652,BRYANT,134,1
2537,23677,I,134,1
2538,23679,did,134,1
2539,23693,Deckard,134,1
2540,23701,freezes,134,1
2541,23709,and,134,1
2542,23713,turns,134,1
2543,23719,back,134,1
2544,23758,DECKARD,135,1
2545,23784,And,135,1
2546,23822,BRYANT,136,1
2547,23847,He,136,1
2548,23850,can,136,1
2549,23854,breathe,136,1
2550,23862,okay,136,1
2551,23870,as,136,1
2552,23873,long,136,1
2553,23878,as,136,1
2554,23899,nobody,136,1
2555,23906,unplugs,136,1
2556,23914,him,136,1
2557,23928,Deckard,136,1
2558,23936,is,136,1
2559,23939,impressed,136,1
2560,23983,BRYANT,137,1
2561,24015,Not,137,1
2562,24019,good,137,1
2563,24024,enough,137,1
2564,24033,Not,137,1
2565,24037,as,137,1
2566,24058,good,137,1
2567,24063,as,137,1
2568,24066,you,137,1
2569,24072,I,137,1
2570,24074,need,137,1
2571,24079,ya,137,1
2572,24083,Deck,137,1
2573,24107,This,137,1
2574,24112,is,137,1
2575,24115,a,137,1
2576,24117,bad,137,1
2577,24121,one,137,1
2578,24126,the,137,1
2579,24130,worst,137,1
2580,24136,yet,137,1
2581,24159,I,137,1
2582,24161,need,137,1
2583,24166,the,137,1
2584,24170,old,137,1
2585,24174,Blade,137,1
2586,24180,Runner,137,1
2587,24188,I,137,1
2588,24208,need,137,1
2589,24213,your,137,1
2590,24218,magic,137,1
2591,24234,Deckard,137,1
2592,24242,meets,137,1
2593,24248,Bryant's,137,1
2594,24257,pleading,137,1
2595,24266,eyes,137,1
2596,24271,for,137,1
2597,24275,a,137,1
2598,24277,beat,137,1
2599,24316,DECKARD,138,1
2600,24342,I,138,1
2601,24344,was,138,1
2602,24348,quit,138,1
2603,24353,when,138,1
2604,24358,I,138,1
2605,24360,walked,138,1
2606,24367,in,138,1
2607,24388,here,138,1
2608,24422,pause,138,1
2609,24451,I'm,138,1
2610,24455,twice,138,1
2611,24461,as,138,1
2612,24464,quit,138,1
2613,24469,now,138,1
2614,24492,See,138,1
2615,24496,ya,138,1
2616,24500,Bryant,138,1
2617,24517,Deckard,138,1
2618,24525,turns,138,1
2619,24531,to,138,1
2620,24534,go,138,1
2621,24547,Bryant's,138,1
2622,24556,pleading,138,1
2623,24565,look,138,1
2624,24570,turns,138,1
2625,24576,abruptly,138,1
2626,24585,cold,138,1
2627,24590,and,138,1
2628,24594,hard,138,1
2629,24633,BRYANT,139,1
2630,24658,Stop,139,1
2631,24663,the,139,1
2632,24667,fuck,139,1
2633,24672,right,139,1
2634,24678,where,139,1
2635,24684,you,139,1
2636,24688,are,139,1
2637,24702,Deckard,139,1
2638,24710,freezes,139,1
2639,24718,at,139,1
2640,24721,the,139,1
2641,24725,hard,139,1
2642,24730,tone,139,1
2643,24769,BRYANT,140,1
2644,24794,You,140,1
2645,24798,know,140,1
2646,24803,the,140,1
2647,24807,score,140,1
2648,24814,pal,140,1
2649,24820,When,140,1
2650,24843,you're,140,1
2651,24850,not,140,1
2652,24854,a,140,1
2653,24856,cop,140,1
2654,24861,you're,140,1
2655,24868,little,140,1
2656,24893,people,140,1
2657,24934,DECKARD,141,1
2658,24960,Forgot,141,1
2659,24967,there,141,1
2660,24973,for,141,1
2661,24977,a,141,1
2662,24979,minute,141,1
2663,24986,about,141,1
2664,25010,the,141,1
2665,25014,little,141,1
2666,25021,people,141,1
2667,25030,No,141,1
2668,25033,choices,141,1
2669,25059,I,141,1
2670,25061,guess,141,1
2671,25101,BRYANT,142,1
2672,25126,No,142,1
2673,25129,choice,142,1
2674,25137,pal,142,1
2675,25194,CUT,142,1
2676,25198,TO,142,1
2677,25210,INT,143,1
2678,25215,WHITE,143,1
2679,25221,TILED,143,1
2680,25227,ROOM,143,1
2681,25233,DAY,143,1
2682,25265,11A,143,1
2683,25278,We,144,1
2684,25281,are,144,1
2685,25285,looking,144,1
2686,25293,at,144,1
2687,25296,the,144,1
2688,25300,bright,144,1
2689,25307,image,144,1
2690,25313,of,144,1
2691,25316,a,144,1
2692,25318,NAKED,144,1
2693,25324,MAN,144,1
2694,25328,in,144,1
2695,25331,a,144,1
2696,25341,white,144,1
2697,25347,tiled,144,1
2698,25353,room,144,1
2699,25358,with,144,1
2700,25363,a,144,1
2701,25365,white,144,1
2702,25371,floor,144,1
2703,25380,an,144,1
2704,25383,abbatoir,144,1
2705,25400,without,144,1
2706,25408,blood,144,1
2707,25415,The,144,1
2708,25419,naked,144,1
2709,25425,man,144,1
2710,25429,is,144,1
2711,25432,very,144,1
2712,25437,athletic,144,1
2713,25447,His,144,1
2714,25459,face,144,1
2715,25464,reveals,144,1
2716,25472,nothing,144,1
2717,25480,as,144,1
2718,25483,he,144,1
2719,25486,executes,144,1
2720,25495,one,144,1
2721,25499,physical,144,1
2722,25508,demon,144,1
2723,25523,stration,144,1
2724,25532,after,144,1
2725,25538,another,144,1
2726,25550,one,144,1
2727,25554,handed,144,1
2728,25561,pushups,144,1
2729,25570,gymnastic,144,1
2730,25588,contortions,144,1
2731,25600,etc,144,1
2732,25605,An,144,1
2733,25608,accompanying,144,1
2734,25621,soundtrack,144,1
2735,25632,drones,144,1
2736,25647,boringly,144,1
2737,25656,and,144,1
2738,25660,while,144,1
2739,25666,we,144,1
2740,25669,might,144,1
2741,25675,pick,144,1
2742,25680,up,144,1
2743,25683,a,144,1
2744,25685,few,144,1
2745,25689,key,144,1
2746,25693,words,144,1
2747,25707,such,144,1
2748,25712,as,144,1
2749,25716,emigration,144,1
2750,25729,incentive,144,1
2751,25739,and,144,1
2752,25744,Man,144,1
2753,25748,made,144,1
2754,25767,that,144,1
2755,25772,we,144,1
2756,25775,absorb,144,1
2757,25782,the,144,1
2758,25786,words,144,1
2759,25794,they,144,1
2760,25799,are,144,1
2761,25803,the,144,1
2762,25807,music,144,1
2763,25813,to,144,1
2764,25816,which,144,1
2765,25830,the,144,1
2766,25834,image,144,1
2767,25840,exercises,144,1
2768,25860,After,144,1
2769,25866,a,144,1
2770,25868,moment,144,1
2771,25875,a,144,1
2772,25877,series,144,1
2773,25884,of,144,1
2774,25887,lines,144,1
2775,25893,cross,144,1
2776,25899,the,144,1
2777,25903,screen,144,1
2778,25910,and,144,1
2779,25922,the,144,1
2780,25926,image,144,1
2781,25932,diminishes,144,1
2782,25943,and,144,1
2783,25947,we,144,1
2784,25950,realise,144,1
2785,25958,we,144,1
2786,25961,are,144,1
2787,25965,looking,144,1
2788,25973,at,144,1
2789,25984,a,144,1
2790,25986,monitor,144,1
2791,26005,INT,145,1
2792,26010,BRYANT'S,145,1
2793,26019,OFFICE,145,1
2794,26027,DAY,145,1
2795,26060,12,145,1
2796,26072,Deckard,146,1
2797,26080,and,146,1
2798,26084,Bryant,146,1
2799,26091,are,146,1
2800,26095,sitting,146,1
2801,26103,in,146,1
2802,26106,the,146,1
2803,26110,dark,146,1
2804,26115,looking,146,1
2805,26131,at,146,1
2806,26134,a,146,1
2807,26136,series,146,1
2808,26143,of,146,1
2809,26146,flickering,146,1
2810,26157,monitors,146,1
2811,26167,Deckard,146,1
2812,26175,has,146,1
2813,26179,a,146,1
2814,26189,bored,146,1
2815,26195,expression,146,1
2816,26206,on,146,1
2817,26209,his,146,1
2818,26213,face,146,1
2819,26252,BRYANT,147,1
2820,26277,We,147,1
2821,26280,had,147,1
2822,26284,an,147,1
2823,26287,escape,147,1
2824,26294,from,147,1
2825,26299,the,147,1
2826,26303,Off,147,1
2827,26307,world,147,1
2828,26331,colonies,147,1
2829,26340,two,147,1
2830,26344,weeks,147,1
2831,26350,ago,147,1
2832,26355,Six,147,1
2833,26359,repli,147,1
2834,26384,cants,147,1
2835,26391,three,147,1
2836,26397,male,147,1
2837,26403,three,147,1
2838,26409,female,147,1
2839,26435,Slaughtered,147,1
2840,26447,twenty,147,1
2841,26454,three,147,1
2842,26460,people,147,1
2843,26467,and,147,1
2844,26489,jumped,147,1
2845,26496,a,147,1
2846,26498,shuttle,147,1
2847,26507,An,147,1
2848,26510,aerial,147,1
2849,26517,patrol,147,1
2850,26542,found,147,1
2851,26548,the,147,1
2852,26552,ship,147,1
2853,26557,in,147,1
2854,26560,the,147,1
2855,26564,desert,147,1
2856,26572,No,147,1
2857,26593,crew,147,1
2858,26632,DECKARD,148,1
2859,26658,These,148,1
2860,26664,are,148,1
2861,26668,old,148,1
2862,26672,slave,148,1
2863,26678,tapes,148,1
2864,26685,show,148,1
2865,26690,me,148,1
2866,26711,something,148,1
2867,26721,new,148,1
2868,26735,The,148,1
2869,26739,naked,148,1
2870,26745,man,148,1
2871,26749,continues,148,1
2872,26759,to,148,1
2873,26762,exercise,148,1
2874,26771,as,148,1
2875,26774,Bryant,148,1
2876,26789,continues,148,1
2877,26833,BRYANT,149,1
2878,26858,No,149,1
2879,26861,sign,149,1
2880,26866,of,149,1
2881,26869,them,149,1
2882,26874,then,149,1
2883,26879,three,149,1
2884,26885,nights,149,1
2885,26892,ago,149,1
2886,26914,they,149,1
2887,26919,tried,149,1
2888,26925,to,149,1
2889,26928,break,149,1
2890,26934,into,149,1
2891,26939,the,149,1
2892,26943,Tyrell,149,1
2893,26968,Corporation,149,1
2894,26981,one,149,1
2895,26985,got,149,1
2896,26989,fried,149,1
2897,26995,going,149,1
2898,27001,through,149,1
2899,27027,an,149,1
2900,27030,electro,149,1
2901,27038,field,149,1
2902,27044,but,149,1
2903,27048,we,149,1
2904,27051,lost,149,1
2905,27056,the,149,1
2906,27060,others,149,1
2907,27086,Going,149,1
2908,27092,on,149,1
2909,27095,the,149,1
2910,27099,possibibility,149,1
2911,27113,they,149,1
2912,27118,might,149,1
2913,27142,try,149,1
2914,27146,to,149,1
2915,27149,infiltrate,149,1
2916,27160,as,149,1
2917,27163,employees,149,1
2918,27174,we,149,1
2919,27177,sent,149,1
2920,27200,Holden,149,1
2921,27207,in,149,1
2922,27210,to,149,1
2923,27213,run,149,1
2924,27217,Voight,149,1
2925,27224,Kampff,149,1
2926,27231,tests,149,1
2927,27237,on,149,1
2928,27258,new,149,1
2929,27262,workers,149,1
2930,27272,Guess,149,1
2931,27278,he,149,1
2932,27281,found,149,1
2933,27287,himself,149,1
2934,27295,one,149,1
2935,27309,The,149,1
2936,27313,screen,149,1
2937,27320,changes,149,1
2938,27329,Roy,149,1
2939,27333,Batty,149,1
2940,27339,in,149,1
2941,27342,a,149,1
2942,27344,loin,149,1
2943,27349,cloth,149,1
2944,27355,is,149,1
2945,27358,battering,149,1
2946,27376,a,149,1
2947,27378,metal,149,1
2948,27384,post,149,1
2949,27389,with,149,1
2950,27394,his,149,1
2951,27398,fists,149,1
2952,27406,The,149,1
2953,27410,smile,149,1
2954,27416,on,149,1
2955,27419,his,149,1
2956,27423,face,149,1
2957,27436,indicates,149,1
2958,27446,a,149,1
2959,27448,total,149,1
2960,27454,lack,149,1
2961,27459,of,149,1
2962,27462,pain,149,1
2963,27469,He,149,1
2964,27472,continues,149,1
2965,27482,to,149,1
2966,27485,pummel,149,1
2967,27500,the,149,1
2968,27504,post,149,1
2969,27509,mercilessly,149,1
2970,27521,his,149,1
2971,27525,hands,149,1
2972,27531,becoming,149,1
2973,27540,bloody,149,1
2974,27556,The,149,1
2975,27560,only,149,1
2976,27565,sound,149,1
2977,27571,is,149,1
2978,27574,Batty,149,1
2979,27580,humming,149,1
2980,27588,Beethoven's,149,1
2981,27600,9th,149,1
2982,27614,Deckard,149,1
2983,27622,begins,149,1
2984,27629,to,149,1
2985,27632,look,149,1
2986,27637,interested,149,1
2987,27682,DECKARD,150,1
2988,27708,Who's,150,1
2989,27714,this,150,1
2990,27754,BRYANT,151,1
2991,27779,It's,151,1
2992,27784,a,151,1
2993,27786,Nexus,151,1
2994,27792,6,151,1
2995,27795,Roy,151,1
2996,27799,Batty,151,1
2997,27806,Incept,151,1
2998,27831,date,151,1
2999,27836,2016,151,1
3000,27842,combat,151,1
3001,27849,model,151,1
3002,27855,optimum,151,1
3003,27863,self,151,1
3004,27886,sufficiency,151,1
3005,27899,Probably,151,1
3006,27908,the,151,1
3007,27912,leader,151,1
3008,27953,DECKARD,152,1
3009,27979,Why,152,1
3010,27983,would,152,1
3011,27989,they,152,1
3012,27994,come,152,1
3013,27999,down,152,1
3014,28004,here,152,1
3015,28029,They,152,1
3016,28034,coulda,152,1
3017,28041,hid,152,1
3018,28045,out,152,1
3019,28084,BRYANT,153,1
3020,28109,You,153,1
3021,28113,tell,153,1
3022,28118,me,153,1
3023,28121,pal,153,1
3024,28126,that's,153,1
3025,28133,what,153,1
3026,28138,you're,153,1
3027,28163,here,153,1
3028,28168,for,153,1
3029,28206,DECKARD,154,1
3030,28232,They,154,1
3031,28237,must,154,1
3032,28242,want,154,1
3033,28247,something,154,1
3034,28257,pretty,154,1
3035,28264,important,154,1
3036,28292,to,154,1
3037,28295,risk,154,1
3038,28300,coming,154,1
3039,28307,back,154,1
3040,28312,here,154,1
3041,28318,What,154,1
3042,28323,do,154,1
3043,28326,the,154,1
3044,28348,rest,154,1
3045,28353,look,154,1
3046,28358,like,154,1
3047,28374,Bryant,154,1
3048,28381,pushes,154,1
3049,28388,a,154,1
3050,28390,button,154,1
3051,28398,And,154,1
3052,28402,a,154,1
3053,28404,series,154,1
3054,28411,of,154,1
3055,28414,revolving,154,1
3056,28424,still,154,1
3057,28438,shots,154,1
3058,28444,of,154,1
3059,28447,Leon,154,1
3060,28453,Pris,154,1
3061,28459,Mary,154,1
3062,28464,and,154,1
3063,28468,Zhora,154,1
3064,28474,appear,154,1
3065,28481,on,154,1
3066,28484,the,154,1
3067,28488,screen,154,1
3068,28529,DECKARD,155,1
3069,28555,Why,155,1
3070,28559,the,155,1
3071,28563,Tyrell,155,1
3072,28570,Corporation,155,1
3073,28583,Why,155,1
3074,28587,would,155,1
3075,28611,they,155,1
3076,28616,return,155,1
3077,28623,to,155,1
3078,28626,the,155,1
3079,28630,place,155,1
3080,28636,of,155,1
3081,28639,their,155,1
3082,28663,manufacture,155,1
3083,28709,BRYANT,156,1
3084,28734,Maybe,156,1
3085,28740,they,156,1
3086,28745,want,156,1
3087,28750,to,156,1
3088,28753,find,156,1
3089,28758,out,156,1
3090,28762,when,156,1
3091,28785,they,156,1
3092,28790,were,156,1
3093,28795,made,156,1
3094,28835,DECKARD,157,1
3095,28861,Why,157,1
3096,28865,would,157,1
3097,28871,they,157,1
3098,28876,bother,157,1
3099,28917,BRYANT,158,1
3100,28942,The,158,1
3101,28946,Nexus,158,1
3102,28952,6,158,1
3103,28954,was,158,1
3104,28958,designed,158,1
3105,28967,to,158,1
3106,28970,copy,158,1
3107,28975,human,158,1
3108,28999,beings,158,1
3109,29006,in,158,1
3110,29009,every,158,1
3111,29015,way,158,1
3112,29019,except,158,1
3113,29026,their,158,1
3114,29032,emotions,158,1
3115,29060,But,158,1
3116,29064,the,158,1
3117,29068,makers,158,1
3118,29075,reckoned,158,1
3119,29084,that,158,1
3120,29089,after,158,1
3121,29095,a,158,1
3122,29097,few,158,1
3123,29119,years,158,1
3124,29125,they,158,1
3125,29130,might,158,1
3126,29136,develop,158,1
3127,29144,their,158,1
3128,29150,own,158,1
3129,29172,emotional,158,1
3130,29182,responses,158,1
3131,29194,hate,158,1
3132,29200,love,158,1
3133,29206,fear,158,1
3134,29230,anger,158,1
3135,29237,envy,158,1
3136,29244,So,158,1
3137,29247,they,158,1
3138,29252,built,158,1
3139,29258,in,158,1
3140,29279,a,158,1
3141,29281,fail,158,1
3142,29286,safe,158,1
3143,29291,device,158,1
3144,29332,DECKARD,159,1
3145,29358,What's,159,1
3146,29365,that,159,1
3147,29404,BRYANT,160,1
3148,29429,The,160,1
3149,29433,Nexus,160,1
3150,29439,6,160,1
3151,29441,has,160,1
3152,29445,only,160,1
3153,29450,four,160,1
3154,29455,years,160,1
3155,29479,to,160,1
3156,29482,live,160,1
3157,29497,The,160,1
3158,29501,screens,160,1
3159,29509,go,160,1
3160,29512,blank,160,1
3161,29519,The,160,1
3162,29523,lights,160,1
3163,29530,go,160,1
3164,29533,on,160,1
3165,29538,Bryant,160,1
3166,29545,pours,160,1
3167,29559,two,160,1
3168,29563,more,160,1
3169,29568,drinks,160,1
3170,29575,and,160,1
3171,29579,hands,160,1
3172,29585,one,160,1
3173,29589,to,160,1
3174,29592,Deckard,160,1
3175,29634,BRYANT,161,1
3176,29659,You,161,1
3177,29663,got,161,1
3178,29667,one,161,1
3179,29671,more,161,1
3180,29676,problem,161,1
3181,29685,pal,161,1
3182,29699,Deckard,161,1
3183,29707,downs,161,1
3184,29713,the,161,1
3185,29717,glass,161,1
3186,29757,BRYANT,161,1
3187,29765,continuing,161,1
3188,29795,Looks,161,1
3189,29801,like,161,1
3190,29806,Holden,161,1
3191,29813,found,161,1
3192,29819,out,161,1
3193,29823,that,161,1
3194,29846,V,161,1
3195,29848,K,161,1
3196,29850,machine,161,1
3197,29858,doesn't,161,1
3198,29866,work,161,1
3199,29871,on,161,1
3200,29874,the,161,1
3201,29878,Nexus,161,1
3202,29902,6,161,1
3203,29905,The,161,1
3204,29909,Tyrell,161,1
3205,29916,Corporation,161,1
3206,29928,has,161,1
3207,29932,a,161,1
3208,29934,demo,161,1
3209,29957,model,161,1
3210,29963,so,161,1
3211,29966,go,161,1
3212,29969,check,161,1
3213,29975,it,161,1
3214,29978,out,161,1
3215,29985,If,161,1
3216,29988,the,161,1
3217,30010,machine,161,1
3218,30018,fails,161,1
3219,30025,we're,161,1
3220,30031,in,161,1
3221,30034,deep,161,1
3222,30039,trouble,161,1
3223,30100,CUT,161,1
3224,30104,TO,161,1
3225,30117,INT,162,1
3226,30122,HOSPITAL,162,1
3227,30133,NIGHT,162,1
3228,30172,13,162,1
3229,30184,Small,163,1
3230,30190,green,163,1
3231,30196,letterforms,163,1
3232,30208,skim,163,1
3233,30213,soundlessly,163,1
3234,30225,across,163,1
3235,30232,a,163,1
3236,30234,dark,163,1
3237,30247,glass,163,1
3238,30253,panel,163,1
3239,30261,Beneath,163,1
3240,30269,the,163,1
3241,30273,panel,163,1
3242,30279,a,163,1
3243,30281,sick,163,1
3244,30287,white,163,1
3245,30293,face,163,1
3246,30306,reads,163,1
3247,30312,excerpts,163,1
3248,30321,from,163,1
3249,30326,Treasure,163,1
3250,30335,Island,163,1
3251,30343,mouthing,163,1
3252,30352,the,163,1
3253,30364,words,163,1
3254,30370,as,163,1
3255,30373,they,163,1
3256,30378,appear,163,1
3257,30385,in,163,1
3258,30388,front,163,1
3259,30394,of,163,1
3260,30397,him,163,1
3261,30403,It's,163,1
3262,30408,Holden,163,1
3263,30449,HOLDEN,164,1
3264,30482,reading,164,1
3265,30500,Holden,164,1
3266,30507,is,164,1
3267,30510,flat,164,1
3268,30515,on,164,1
3269,30518,his,164,1
3270,30522,back,164,1
3271,30527,in,164,1
3272,30530,a,164,1
3273,30532,breather,164,1
3274,30542,an,164,1
3275,30545,iron,164,1
3276,30559,lung,164,1
3277,30564,type,164,1
3278,30569,of,164,1
3279,30572,device,164,1
3280,30579,covered,164,1
3281,30587,in,164,1
3282,30590,indicator,164,1
3283,30600,lights,164,1
3284,30607,and,164,1
3285,30619,exotic,164,1
3286,30626,paraphernalia,164,1
3287,30642,The,164,1
3288,30646,hospital,164,1
3289,30655,room,164,1
3290,30660,is,164,1
3291,30663,in,164,1
3292,30666,com,164,1
3293,30679,plete,164,1
3294,30685,darkness,164,1
3295,30696,Holden's,164,1
3296,30705,breaths,164,1
3297,30713,come,164,1
3298,30718,in,164,1
3299,30721,sharp,164,1
3300,30727,rasps,164,1
3301,30741,as,164,1
3302,30744,he,164,1
3303,30747,reads,164,1
3304,30763,We,164,1
3305,30766,become,164,1
3306,30773,aware,164,1
3307,30779,of,164,1
3308,30782,Deckard,164,1
3309,30790,standing,164,1
3310,30799,in,164,1
3311,30802,the,164,1
3312,30806,shadows,164,1
3313,30848,DECKARD,165,1
3314,30874,Whatcha,165,1
3315,30882,reading,165,1
3316,30900,Holden,165,1
3317,30907,is,165,1
3318,30910,startled,165,1
3319,30920,has,165,1
3320,30924,to,165,1
3321,30927,look,165,1
3322,30932,in,165,1
3323,30935,a,165,1
3324,30937,mirror,165,1
3325,30944,angled,165,1
3326,30951,over,165,1
3327,30964,his,165,1
3328,30968,head,165,1
3329,30974,rolling,165,1
3330,30982,his,165,1
3331,30986,eyes,165,1
3332,30991,way,165,1
3333,30995,back,165,1
3334,31000,to,165,1
3335,31003,see,165,1
3336,31007,who,165,1
3337,31011,it,165,1
3338,31014,is,165,1
3339,31051,HOLDEN,166,1
3340,31076,Deckard,166,1
3341,31085,Treasure,166,1
3342,31094,Island,166,1
3343,31103,Good,166,1
3344,31108,to,166,1
3345,31129,see,166,1
3346,31133,ya,166,1
3347,31137,buddy,166,1
3348,31145,Old,166,1
3349,31149,Favourite,166,1
3350,31169,Deckard,166,1
3351,31177,looks,166,1
3352,31183,down,166,1
3353,31188,at,166,1
3354,31191,Holden,166,1
3355,31198,and,166,1
3356,31202,doesn't,166,1
3357,31210,say,166,1
3358,31214,anything,166,1
3359,31257,HOLDEN,167,1
3360,31282,Pretty,167,1
3361,31289,awful,167,1
3362,31296,huh,167,1
3363,31334,DECKARD,168,1
3364,31360,Naw,168,1
3365,31365,you,168,1
3366,31369,look,168,1
3367,31374,great,168,1
3368,31382,Absolutely,168,1
3369,31411,terrific,168,1
3370,31422,Never,168,1
3371,31428,saw,168,1
3372,31432,ya,168,1
3373,31435,look,168,1
3374,31458,better,168,1
3375,31467,Jesus,168,1
3376,31474,you,168,1
3377,31478,look,168,1
3378,31483,good,168,1
3379,31498,Deckard,168,1
3380,31506,pinches,168,1
3381,31514,Holden's,168,1
3382,31523,cheek,168,1
3383,31563,DECKARD,169,1
3384,31589,Great,169,1
3385,31595,complexion,169,1
3386,31608,Suit,169,1
3387,31613,looks,169,1
3388,31637,really,169,1
3389,31644,nice,169,1
3390,31651,Who's,169,1
3391,31657,your,169,1
3392,31662,tailor,169,1
3393,31679,Deckard,169,1
3394,31687,is,169,1
3395,31690,making,169,1
3396,31697,a,169,1
3397,31699,joke,169,1
3398,31705,mocking,169,1
3399,31713,hospital,169,1
3400,31722,good,169,1
3401,31727,cheer,169,1
3402,31741,but,169,1
3403,31745,the,169,1
3404,31749,touch,169,1
3405,31755,of,169,1
3406,31758,bitterness,169,1
3407,31769,in,169,1
3408,31772,his,169,1
3409,31776,voice,169,1
3410,31782,reveals,169,1
3411,31790,his,169,1
3412,31802,sympathy,169,1
3413,31811,for,169,1
3414,31815,Holden,169,1
3415,31830,Tears,169,1
3416,31836,wet,169,1
3417,31840,Holden's,169,1
3418,31849,eyes,169,1
3419,31888,HOLDEN,170,1
3420,31913,A,170,1
3421,31915,big,170,1
3422,31919,fucking,170,1
3423,31927,skin,170,1
3424,31932,job,170,1
3425,31936,put,170,1
3426,31940,the,170,1
3427,31962,smash,170,1
3428,31968,on,170,1
3429,31971,me,170,1
3430,31975,wrecked,170,1
3431,31983,me,170,1
3432,31986,up,170,1
3433,31991,Looka,170,1
3434,32015,me,170,1
3435,32019,for,170,1
3436,32023,Chrissake,170,1
3437,32043,Deckard,170,1
3438,32051,works,170,1
3439,32057,at,170,1
3440,32060,being,170,1
3441,32066,hard,170,1
3442,32106,DECKARD,171,1
3443,32132,Ya,171,1
3444,32135,blew,171,1
3445,32140,it,171,1
3446,32144,huh,171,1
3447,32159,Holden,171,1
3448,32166,recovers,171,1
3449,32175,from,171,1
3450,32180,his,171,1
3451,32184,tears,171,1
3452,32190,and,171,1
3453,32194,whines,171,1
3454,32236,HOLDEN,172,1
3455,32261,It,172,1
3456,32264,ain't,172,1
3457,32270,like,172,1
3458,32275,it,172,1
3459,32278,used,172,1
3460,32283,to,172,1
3461,32286,be,172,1
3462,32290,Deck,172,1
3463,32314,It's,172,1
3464,32319,tough,172,1
3465,32325,now,172,1
3466,32330,These,172,1
3467,32336,replicants,172,1
3468,32365,aren't,172,1
3469,32372,just,172,1
3470,32377,a,172,1
3471,32379,buncha,172,1
3472,32386,muscle,172,1
3473,32393,miners,172,1
3474,32418,anymore,172,1
3475,32427,they're,172,1
3476,32435,no,172,1
3477,32438,goddamn,172,1
3478,32446,different,172,1
3479,32474,than,172,1
3480,32479,you,172,1
3481,32483,or,172,1
3482,32486,me,172,1
3483,32501,Deckard,172,1
3484,32509,lights,172,1
3485,32516,up,172,1
3486,32519,and,172,1
3487,32523,sits,172,1
3488,32528,down,172,1
3489,32534,resting,172,1
3490,32542,his,172,1
3491,32546,elbows,172,1
3492,32553,on,172,1
3493,32564,the,172,1
3494,32568,glass,172,1
3495,32609,DECKARD,173,1
3496,32635,So,173,1
3497,32638,what,173,1
3498,32643,happened,173,1
3499,32688,HOLDEN,174,1
3500,32713,Ten,174,1
3501,32717,days,174,1
3502,32722,ago,174,1
3503,32726,Security,174,1
3504,32735,at,174,1
3505,32738,the,174,1
3506,32760,Tyrell,174,1
3507,32767,Corp,174,1
3508,32772,finds,174,1
3509,32778,three,174,1
3510,32784,intruders,174,1
3511,32812,in,174,1
3512,32815,the,174,1
3513,32819,records,174,1
3514,32827,room,174,1
3515,32835,Kills,174,1
3516,32841,one,174,1
3517,32864,two,174,1
3518,32868,get,174,1
3519,32872,away,174,1
3520,32878,okay,174,1
3521,32894,Deckard,174,1
3522,32902,nods,174,1
3523,32942,HOLDEN,175,1
3524,32967,They,175,1
3525,32972,do,175,1
3526,32975,a,175,1
3527,32977,routine,175,1
3528,32985,autopsy,175,1
3529,32993,on,175,1
3530,32996,the,175,1
3531,33018,one,175,1
3532,33022,that,175,1
3533,33027,got,175,1
3534,33031,aired,175,1
3535,33037,and,175,1
3536,33043,whaddya,175,1
3537,33051,know,175,1
3538,33075,A,175,1
3539,33077,skin,175,1
3540,33082,job,175,1
3541,33087,one,175,1
3542,33091,of,175,1
3543,33094,the,175,1
3544,33098,ones,175,1
3545,33103,that,175,1
3546,33126,busted,175,1
3547,33133,out,175,1
3548,33139,Top,175,1
3549,33143,drawer,175,1
3550,33150,replicant,175,1
3551,33180,combat,175,1
3552,33187,type,175,1
3553,33194,Nexus,175,1
3554,33200,six,175,1
3555,33239,DECKARD,176,1
3556,33265,Pretty,176,1
3557,33272,sexy,176,1
3558,33278,the,176,1
3559,33282,sixes,176,1
3560,33323,HOLDEN,177,1
3561,33348,Sexy,177,1
3562,33355,Three,177,1
3563,33361,hours,177,1
3564,33367,into,177,1
3565,33372,the,177,1
3566,33376,autopsy,177,1
3567,33402,they,177,1
3568,33407,still,177,1
3569,33413,think,177,1
3570,33419,they're,177,1
3571,33427,cutting,177,1
3572,33453,up,177,1
3573,33456,a,177,1
3574,33458,human,177,1
3575,33466,No,177,1
3576,33469,marks,177,1
3577,33476,nothing,177,1
3578,33494,Deckard,177,1
3579,33502,looks,177,1
3580,33508,impressed,177,1
3581,33519,Satisfied,177,1
3582,33530,Holden,177,1
3583,33537,continues,177,1
3584,33583,HOLDEN,178,1
3585,33608,I,178,1
3586,33610,decided,178,1
3587,33618,to,178,1
3588,33621,check,178,1
3589,33627,out,178,1
3590,33631,all,178,1
3591,33635,new,178,1
3592,33639,employees,178,1
3593,33667,at,178,1
3594,33670,Tyrell,178,1
3595,33678,I,178,1
3596,33680,test,178,1
3597,33685,26,178,1
3598,33688,boring,178,1
3599,33695,jerks,178,1
3600,33701,until,178,1
3601,33725,in,178,1
3602,33728,comes,178,1
3603,33734,this,178,1
3604,33739,guy,178,1
3605,33743,Leon,178,1
3606,33748,Somebody,178,1
3607,33758,nothing,178,1
3608,33784,special,178,1
3609,33792,but,178,1
3610,33796,very,178,1
3611,33801,big,178,1
3612,33838,pause,178,1
3613,33863,Anyway,178,1
3614,33909,DECKARD,179,1
3615,33935,You,179,1
3616,33939,Voight,179,1
3617,33946,Kampff,179,1
3618,33953,him,179,1
3619,33968,Holden's,179,1
3620,33977,eyes,179,1
3621,33982,flutter,179,1
3622,33990,a,179,1
3623,33992,moment,179,1
3624,34001,Deckard,179,1
3625,34009,waits,179,1
3626,34017,The,179,1
3627,34029,breathing,179,1
3628,34039,changes,179,1
3629,34047,rhythm,179,1
3630,34090,HOLDEN,180,1
3631,34115,Yeah,180,1
3632,34122,I,180,1
3633,34124,thought,180,1
3634,34132,maybe,180,1
3635,34138,I,180,1
3636,34140,was,180,1
3637,34144,getting,180,1
3638,34170,something,180,1
3639,34204,Maybe,180,1
3640,34210,it,180,1
3641,34213,doesn't,180,1
3642,34221,work,180,1
3643,34226,on,180,1
3644,34229,these,180,1
3645,34235,ones,180,1
3646,34258,Deck,180,1
3647,34273,Deckard,180,1
3648,34281,gets,180,1
3649,34286,up,180,1
3650,34289,and,180,1
3651,34293,gives,180,1
3652,34299,Holden,180,1
3653,34306,phony,180,1
3654,34312,good,180,1
3655,34317,cheer,180,1
3656,34359,HOLDEN,181,1
3657,34396,continuing,181,1
3658,34426,It's,181,1
3659,34431,all,181,1
3660,34435,over,181,1
3661,34441,it's,181,1
3662,34446,a,181,1
3663,34448,wipe,181,1
3664,34453,out,181,1
3665,34476,they're,181,1
3666,34484,almost,181,1
3667,34491,us,181,1
3668,34495,Deck,181,1
3669,34501,they're,181,1
3670,34527,a,181,1
3671,34529,disease,181,1
3672,34538,they're,181,1
3673,34585,DECKARD,182,1
3674,34611,Take,182,1
3675,34616,it,182,1
3676,34619,easy,182,1
3677,34625,take,182,1
3678,34630,it,182,1
3679,34633,easy,182,1
3680,34660,Tyrell,182,1
3681,34667,Corp's,182,1
3682,34674,got,182,1
3683,34678,one,182,1
3684,34683,I'm,182,1
3685,34687,gonna,182,1
3686,34711,Vee,182,1
3687,34715,Kay,182,1
3688,34719,it,182,1
3689,34722,tomorrow,182,1
3690,34767,HOLDEN,183,1
3691,34792,Push,183,1
3692,34797,it,183,1
3693,34802,Push,183,1
3694,34807,that,183,1
3695,34812,button,183,1
3696,34829,Deckard,183,1
3697,34837,pushes,183,1
3698,34880,DECKARD,184,1
3699,34906,What's,184,1
3700,34913,it,184,1
3701,34916,for,184,1
3702,34956,HOLDEN,185,1
3703,34981,Pain,185,1
3704,35039,CUT,185,1
3705,35043,TO,185,1
3706,35055,EXT,186,1
3707,35060,CITYSCAPE,186,1
3708,35072,MORNING,186,1
3709,35110,14,186,1
3710,35122,A,187,1
3711,35124,bleak,187,1
3712,35130,morning,187,1
3713,35191,CUT,187,1
3714,35195,TO,187,1
3715,35207,EXT,188,1
3716,35212,SPINNER,188,1
3717,35222,MORNING,188,1
3718,35262,15,188,1
3719,35274,The,189,1
3720,35278,police,189,1
3721,35285,spinner,189,1
3722,35293,is,189,1
3723,35296,whizzing,189,1
3724,35305,over,189,1
3725,35310,the,189,1
3726,35314,city,189,1
3727,35372,CUT,189,1
3728,35376,TO,189,1
3729,35388,INT,190,1
3730,35393,SINNER,190,1
3731,35402,MORNING,190,1
3732,35443,16,190,1
3733,35455,Deckard,191,1
3734,35463,looks,191,1
3735,35469,very,191,1
3736,35474,rumpled,191,1
3737,35482,as,191,1
3738,35485,he,191,1
3739,35488,sits,191,1
3740,35493,sleepily,191,1
3741,35502,in,191,1
3742,35505,the,191,1
3743,35517,passenger,191,1
3744,35527,seat,191,1
3745,35532,drinking,191,1
3746,35541,coffee,191,1
3747,35548,from,191,1
3748,35553,a,191,1
3749,35555,mug,191,1
3750,35559,and,191,1
3751,35563,smoking,191,1
3752,35582,INT,192,1
3753,35587,SPINNER,192,1
3754,35597,MORNING,192,1
3755,35637,17,192,1
3756,35649,Gaff,193,1
3757,35654,is,193,1
3758,35657,terse,193,1
3759,35663,and,193,1
3760,35667,silent,193,1
3761,35674,at,193,1
3762,35677,the,193,1
3763,35681,controls,193,1
3764,35692,Suddenly,193,1
3765,35701,the,193,1
3766,35713,spinner,193,1
3767,35721,rocks,193,1
3768,35727,urgently,193,1
3769,35736,from,193,1
3770,35741,side,193,1
3771,35746,to,193,1
3772,35749,side,193,1
3773,35754,and,193,1
3774,35758,the,193,1
3775,35762,sound,193,1
3776,35776,of,193,1
3777,35779,a,193,1
3778,35781,hot,193,1
3779,35785,Ferrari,193,1
3780,35793,Spinner,193,1
3781,35801,dopplers,193,1
3782,35810,off,193,1
3783,35824,Gaff,193,1
3784,35829,is,193,1
3785,35832,pop,193,1
3786,35836,eyed,193,1
3787,35841,with,193,1
3788,35846,instant,193,1
3789,35854,fury,193,1
3790,35861,He,193,1
3791,35864,hits,193,1
3792,35869,the,193,1
3793,35873,spinner,193,1
3794,35889,lights,193,1
3795,35896,and,193,1
3796,35900,flashes,193,1
3797,35908,them,193,1
3798,35966,CUT,194,1
3799,35970,TO,194,1
3800,35984,EXT,195,2
3801,35989,OVER,195,2
3802,35994,CITY,195,2
3803,36001,MORNING,195,2
3804,36039,18,195,2
3805,36051,The,196,2
3806,36055,Ferrari,196,2
3807,36063,Spinner,196,2
3808,36071,zips,196,2
3809,36076,right,196,2
3810,36082,around,196,2
3811,36089,a,196,2
3812,36091,huge,196,2
3813,36096,smokestack,196,2
3814,36115,and,196,2
3815,36119,shoots,196,2
3816,36126,insolently,196,2
3817,36137,off,196,2
3818,36141,into,196,2
3819,36146,the,196,2
3820,36150,distance,196,2
3821,36212,CUT,197,2
3822,36216,TO,197,2
3823,36230,INT,198,2
3824,36235,SPINNER,198,2
3825,36245,MORNING,198,2
3826,36285,19,198,2
3827,36297,Gaff,199,2
3828,36302,sputters,199,2
3829,36311,and,199,2
3830,36315,fumes,199,2
3831,36321,as,199,2
3832,36324,he,199,2
3833,36327,guides,199,2
3834,36334,the,199,2
3835,36338,spinner,199,2
3836,36346,around,199,2
3837,36361,the,199,2
3838,36365,same,199,2
3839,36370,stack,199,2
3840,36386,Deckard,199,2
3841,36394,looks,199,2
3842,36400,at,199,2
3843,36403,Gaff,199,2
3844,36410,It's,199,2
3845,36415,too,199,2
3846,36419,early,199,2
3847,36425,in,199,2
3848,36428,the,199,2
3849,36432,morning,199,2
3850,36448,for,199,2
3851,36452,all,199,2
3852,36456,this,199,2
3853,36461,energy,199,2
3854,36521,CUT,200,2
3855,36525,TO,200,2
3856,36539,EXT,201,2
3857,36544,SPINNER,201,2
3858,36554,MORNING,201,2
3859,36594,20,201,2
3860,36606,The,202,2
3861,36610,Spinner,202,2
3862,36618,makes,202,2
3863,36624,a,202,2
3864,36626,sharp,202,2
3865,36632,bank,202,2
3866,36638,drops,202,2
3867,36644,into,202,2
3868,36649,a,202,2
3869,36651,steep,202,2
3870,36665,curve,202,2
3871,36671,and,202,2
3872,36675,slides,202,2
3873,36682,toward,202,2
3874,36689,the,202,2
3875,36693,vast,202,2
3876,36698,plain,202,2
3877,36704,of,202,2
3878,36707,industrializa,202,2
3879,36730,tion,202,2
3880,36736,the,202,2
3881,36740,menacing,202,2
3882,36749,shapes,202,2
3883,36756,on,202,2
3884,36759,the,202,2
3885,36763,horizon,202,2
3886,36772,stacks,202,2
3887,36787,of,202,2
3888,36790,belching,202,2
3889,36799,flames,202,2
3890,36806,five,202,2
3891,36811,hundred,202,2
3892,36819,feet,202,2
3893,36824,into,202,2
3894,36829,the,202,2
3895,36833,sky,202,2
3896,36837,the,202,2
3897,36849,color,202,2
3898,36855,of,202,2
3899,36858,cigar,202,2
3900,36864,ash,202,2
3901,36869,towards,202,2
3902,36877,a,202,2
3903,36879,large,202,2
3904,36885,pyramid,202,2
3905,36893,shaped,202,2
3906,36908,building,202,2
3907,36970,CUT,203,2
3908,36974,TO,203,2
3909,36988,EXT,204,2
3910,36993,THE,204,2
3911,36997,PYRAMID,204,2
3912,37007,MORNING,204,2
3913,37043,21,204,2
3914,37055,The,205,2
3915,37059,spinner,205,2
3916,37067,is,205,2
3917,37070,in,205,2
3918,37073,a,205,2
3919,37075,holding,205,2
3920,37083,pattern,205,2
3921,37144,CUT,206,2
3922,37148,TO,206,2
3923,37162,INT,207,2
3924,37167,SPINNER,207,2
3925,37177,MORNING,207,2
3926,37217,22,207,2
3927,37229,Traffic,208,2
3928,37237,control,208,2
3929,37245,purrs,208,2
3930,37251,its,208,2
3931,37255,SOFT,208,2
3932,37260,ELECTRONIC,208,2
3933,37271,INSTRUCTION,208,2
3934,37291,into,208,2
3935,37296,the,208,2
3936,37300,cockpit,208,2
3937,37308,as,208,2
3938,37311,the,208,2
3939,37315,spinner,208,2
3940,37323,rocks,208,2
3941,37329,gently,208,2
3942,37336,lower,208,2
3943,37351,spiralling,208,2
3944,37362,into,208,2
3945,37367,the,208,2
3946,37371,vortex,208,2
3947,37406,page,208,2
3948,37411,22,208,2
3949,37414,missing,208,2
3950,37422,from,208,2
3951,37427,script,208,2
3952,37445,CONTINUED,208,2
3953,37500,24,208,2
3954,37512,Now,208,2
3955,37516,we,208,2
3956,37519,see,208,2
3957,37523,for,208,2
3958,37527,the,208,2
3959,37531,first,208,2
3960,37537,time,208,2
3961,37543,Rachael,208,2
3962,37552,a,208,2
3963,37554,beautiful,208,2
3964,37572,woman,208,2
3965,37578,in,208,2
3966,37581,her,208,2
3967,37585,late,208,2
3968,37590,twenties,208,2
3969,37599,dressed,208,2
3970,37607,with,208,2
3971,37612,taste,208,2
3972,37618,and,208,2
3973,37630,dignity,208,2
3974,37672,DECKARD,209,2
3975,37698,Replicants,209,2
3976,37709,are,209,2
3977,37713,like,209,2
3978,37718,any,209,2
3979,37722,other,209,2
3980,37746,machine,209,2
3981,37755,They,209,2
3982,37760,can,209,2
3983,37764,be,209,2
3984,37767,a,209,2
3985,37769,benefit,209,2
3986,37795,or,209,2
3987,37798,a,209,2
3988,37800,hazard,209,2
3989,37808,If,209,2
3990,37811,it's,209,2
3991,37816,a,209,2
3992,37818,benefit,209,2
3993,37845,it's,209,2
3994,37850,not,209,2
3995,37854,my,209,2
3996,37857,problem,209,2
3997,37899,RACHAEL,210,2
3998,37925,May,210,2
3999,37929,I,210,2
4000,37931,ask,210,2
4001,37935,a,210,2
4002,37937,personal,210,2
4003,37946,question,210,2
4004,37989,DECKARD,211,2
4005,38015,Go,211,2
4006,38018,ahead,211,2
4007,38058,RACHAEL,212,2
4008,38084,Have,212,2
4009,38089,you,212,2
4010,38093,ever,212,2
4011,38098,retired,212,2
4012,38106,a,212,2
4013,38108,human,212,2
4014,38114,by,212,2
4015,38135,mistake,212,2
4016,38154,Deckard,212,2
4017,38162,blinks,212,2
4018,38172,hesitates,212,2
4019,38182,before,212,2
4020,38189,answering,212,2
4021,38199,the,212,2
4022,38211,question,212,2
4023,38254,DECKARD,213,2
4024,38280,No,213,2
4025,38317,RACHAEL,214,2
4026,38343,But,214,2
4027,38347,in,214,2
4028,38350,your,214,2
4029,38355,position,214,2
4030,38364,that,214,2
4031,38369,is,214,2
4032,38372,a,214,2
4033,38374,risk,214,2
4034,38389,An,214,2
4035,38392,OWL,214,2
4036,38396,flaps,214,2
4037,38402,around,214,2
4038,38409,the,214,2
4039,38413,huge,214,2
4040,38418,marble,214,2
4041,38425,office,214,2
4042,38466,TYRELL,214,2
4043,38474,os,214,2
4044,38496,Is,214,2
4045,38499,this,214,2
4046,38504,to,214,2
4047,38507,be,214,2
4048,38510,an,214,2
4049,38513,empathy,214,2
4050,38521,test,214,2
4051,38545,Capillary,214,2
4052,38555,dilation,214,2
4053,38564,of,214,2
4054,38567,the,214,2
4055,38571,so,214,2
4056,38574,called,214,2
4057,38599,blush,214,2
4058,38605,response,214,2
4059,38616,fluctuation,214,2
4060,38628,of,214,2
4061,38631,the,214,2
4062,38653,pupil,214,2
4063,38659,involuntary,214,2
4064,38671,dilation,214,2
4065,38680,of,214,2
4066,38701,the,214,2
4067,38705,iris,214,2
4068,38749,DECKARD,215,2
4069,38775,We,215,2
4070,38778,call,215,2
4071,38783,it,215,2
4072,38786,Voight,215,2
4073,38793,Kampff,215,2
4074,38800,for,215,2
4075,38804,short,215,2
4076,38820,Deckard,215,2
4077,38828,turns,215,2
4078,38834,to,215,2
4079,38837,see,215,2
4080,38841,an,215,2
4081,38844,older,215,2
4082,38850,man,215,2
4083,38855,very,215,2
4084,38860,distinguished,215,2
4085,38882,very,215,2
4086,38887,well,215,2
4087,38892,tailored,215,2
4088,38901,has,215,2
4089,38905,entered,215,2
4090,38913,the,215,2
4091,38917,huge,215,2
4092,38922,marble,215,2
4093,38929,office,215,2
4094,38945,TYRELL,216,2
4095,38986,RACHAEL,217,2
4096,39012,Mr,217,2
4097,39016,Deckard,217,2
4098,39026,Dr,217,2
4099,39030,Eldon,217,2
4100,39036,Tyrell,217,2
4101,39053,Tyrell,217,2
4102,39060,has,217,2
4103,39064,extended,217,2
4104,39073,his,217,2
4105,39077,hand,217,2
4106,39082,to,217,2
4107,39085,Deckard,217,2
4108,39094,Deckard,217,2
4109,39102,shakes,217,2
4110,39143,TYRELL,218,2
4111,39168,Demonstrate,218,2
4112,39180,it,218,2
4113,39184,I,218,2
4114,39186,want,218,2
4115,39191,to,218,2
4116,39194,see,218,2
4117,39198,it,218,2
4118,39219,work,218,2
4119,39258,DECKARD,219,2
4120,39284,Where's,219,2
4121,39292,the,219,2
4122,39296,prototype,219,2
4123,39341,TYRELL,220,2
4124,39366,I,220,2
4125,39368,want,220,2
4126,39373,to,220,2
4127,39376,see,220,2
4128,39380,it,220,2
4129,39383,work,220,2
4130,39388,on,220,2
4131,39391,a,220,2
4132,39393,person,220,2
4133,39419,I,220,2
4134,39421,want,220,2
4135,39426,to,220,2
4136,39429,see,220,2
4137,39433,a,220,2
4138,39435,negative,220,2
4139,39444,before,220,2
4140,39451,I,220,2
4141,39471,provide,220,2
4142,39479,you,220,2
4143,39483,with,220,2
4144,39488,a,220,2
4145,39490,positive,220,2
4146,39533,DECKARD,221,2
4147,39559,What's,221,2
4148,39566,that,221,2
4149,39571,gonna,221,2
4150,39577,prove,221,2
4151,39617,TYRELL,222,2
4152,39642,Indulge,222,2
4153,39650,me,222,2
4154,39687,DECKARD,223,2
4155,39713,On,223,2
4156,39716,you,223,2
4157,39730,Tyrell,223,2
4158,39737,indicates,223,2
4159,39747,Rachael,223,2
4160,39789,TYRELL,224,2
4161,39814,Try,224,2
4162,39818,her,224,2
4163,39832,Deckard,224,2
4164,39840,looks,224,2
4165,39846,at,224,2
4166,39849,Rachael,224,2
4167,39859,She's,224,2
4168,39865,a,224,2
4169,39867,beauty,224,2
4170,39874,alright,224,2
4171,39884,He,224,2
4172,39895,shrugs,224,2
4173,39936,DECKARD,225,2
4174,39962,It's,225,2
4175,39967,too,225,2
4176,39971,bright,225,2
4177,39978,in,225,2
4178,39981,here,225,2
4179,39996,Tyrell,225,2
4180,40003,hits,225,2
4181,40008,a,225,2
4182,40010,button,225,2
4183,40027,The,225,2
4184,40031,windows,225,2
4185,40039,darken,225,2
4186,40047,a,225,2
4187,40049,polaroid,225,2
4188,40058,effect,225,2
4189,40065,that,225,2
4190,40070,seems,225,2
4191,40076,to,225,2
4192,40087,give,225,2
4193,40092,Tyrell,225,2
4194,40099,the,225,2
4195,40103,power,225,2
4196,40109,to,225,2
4197,40112,turn,225,2
4198,40117,off,225,2
4199,40121,the,225,2
4200,40125,sun,225,2
4201,40139,Deckard,225,2
4202,40147,is,225,2
4203,40150,placing,225,2
4204,40158,the,225,2
4205,40162,Voight,225,2
4206,40169,Kampff,225,2
4207,40176,case,225,2
4208,40181,on,225,2
4209,40184,the,225,2
4210,40188,table,225,2
4211,40204,The,225,2
4212,40208,Voight,225,2
4213,40215,Kampff,225,2
4214,40222,opens,225,2
4215,40228,like,225,2
4216,40233,a,225,2
4217,40235,butterfly,225,2
4218,40245,as,225,2
4219,40248,the,225,2
4220,40252,room,225,2
4221,40265,darkens,225,2
4222,40284,INT,226,2
4223,40289,TYRELL'S,226,2
4224,40298,OFFICE,226,2
4225,40307,A,226,2
4226,40309,LITTLE,226,2
4227,40316,LATER,226,2
4228,40340,25,226,2
4229,40352,Rachael's,227,2
4230,40362,eye,227,2
4231,40366,fills,227,2
4232,40372,the,227,2
4233,40376,screen,227,2
4234,40384,the,227,2
4235,40388,iris,227,2
4236,40393,brilliant,227,2
4237,40412,shot,227,2
4238,40417,with,227,2
4239,40422,light,227,2
4240,40429,the,227,2
4241,40433,pupil,227,2
4242,40439,contracting,227,2
4243,40453,We,227,2
4244,40456,hear,227,2
4245,40469,Deckard's,227,2
4246,40479,voice,227,2
4247,40485,and,227,2
4248,40489,we,227,2
4249,40492,have,227,2
4250,40497,the,227,2
4251,40501,impression,227,2
4252,40512,the,227,2
4253,40516,test,227,2
4254,40529,has,227,2
4255,40533,been,227,2
4256,40538,going,227,2
4257,40544,on,227,2
4258,40547,for,227,2
4259,40551,a,227,2
4260,40553,while,227,2
4261,40593,DECKARD,228,2
4262,40602,O,228,2
4263,40604,S,228,2
4264,40626,You,228,2
4265,40630,are,228,2
4266,40634,given,228,2
4267,40640,a,228,2
4268,40642,calfskin,228,2
4269,40651,wallet,228,2
4270,40676,for,228,2
4271,40680,your,228,2
4272,40685,birthday,228,2
4273,40706,Tyrell,228,2
4274,40713,stands,228,2
4275,40720,silhouetted,228,2
4276,40732,behind,228,2
4277,40739,Deckard,228,2
4278,40748,who,228,2
4279,40752,sits,228,2
4280,40757,in,228,2
4281,40768,front,228,2
4282,40774,of,228,2
4283,40777,Rachael,228,2
4284,40795,The,228,2
4285,40799,needles,228,2
4286,40807,in,228,2
4287,40810,both,228,2
4288,40815,gauges,228,2
4289,40822,swing,228,2
4290,40828,violently,228,2
4291,40838,past,228,2
4292,40843,green,228,2
4293,40857,to,228,2
4294,40860,red,228,2
4295,40865,then,228,2
4296,40870,subside,228,2
4297,40912,RACHAEL,229,2
4298,40938,I,229,2
4299,40940,wouldn't,229,2
4300,40949,accept,229,2
4301,40956,it,229,2
4302,40960,also,229,2
4303,40965,I'd,229,2
4304,40987,report,229,2
4305,40994,the,229,2
4306,40998,person,229,2
4307,41005,who,229,2
4308,41009,gave,229,2
4309,41014,it,229,2
4310,41017,to,229,2
4311,41020,me,229,2
4312,41041,to,229,2
4313,41044,the,229,2
4314,41048,police,229,2
4315,41089,DECKARD,230,2
4316,41115,You,230,2
4317,41119,have,230,2
4318,41124,a,230,2
4319,41126,little,230,2
4320,41133,boy,230,2
4321,41139,He,230,2
4322,41142,shows,230,2
4323,41166,you,230,2
4324,41170,his,230,2
4325,41174,butterfly,230,2
4326,41184,collection,230,2
4327,41196,plus,230,2
4328,41219,the,230,2
4329,41223,killing,230,2
4330,41231,jar,230,2
4331,41245,Again,230,2
4332,41251,the,230,2
4333,41255,gauges,230,2
4334,41262,register,230,2
4335,41272,but,230,2
4336,41276,not,230,2
4337,41280,so,230,2
4338,41283,far,230,2
4339,41321,RACHAEL,231,2
4340,41347,I'd,231,2
4341,41351,take,231,2
4342,41356,him,231,2
4343,41360,to,231,2
4344,41363,the,231,2
4345,41367,doctor,231,2
4346,41408,DECKARD,232,2
4347,41434,You're,232,2
4348,41441,watching,232,2
4349,41450,TV,232,2
4350,41453,and,232,2
4351,41457,suddenly,232,2
4352,41484,you,232,2
4353,41488,notice,232,2
4354,41495,a,232,2
4355,41497,wasp,232,2
4356,41502,crawling,232,2
4357,41511,on,232,2
4358,41532,your,232,2
4359,41537,wrist,232,2
4360,41577,RACHAEL,233,2
4361,41603,I'd,233,2
4362,41607,kill,233,2
4363,41612,it,233,2
4364,41625,Both,233,2
4365,41630,needles,233,2
4366,41638,go,233,2
4367,41641,red,233,2
4368,41647,Deckard,233,2
4369,41655,makes,233,2
4370,41661,a,233,2
4371,41663,note,233,2
4372,41669,takes,233,2
4373,41675,a,233,2
4374,41685,sip,233,2
4375,41689,of,233,2
4376,41692,coffee,233,2
4377,41699,and,233,2
4378,41703,continues,233,2
4379,41747,DECKARD,234,2
4380,41773,In,234,2
4381,41776,a,234,2
4382,41778,magazine,234,2
4383,41787,you,234,2
4384,41791,come,234,2
4385,41796,across,234,2
4386,41803,a,234,2
4387,41823,full,234,2
4388,41828,page,234,2
4389,41833,photo,234,2
4390,41839,of,234,2
4391,41842,a,234,2
4392,41844,nude,234,2
4393,41849,girl,234,2
4394,41888,RACHAEL,235,2
4395,41914,Is,235,2
4396,41917,this,235,2
4397,41922,testing,235,2
4398,41930,whether,235,2
4399,41938,I'm,235,2
4400,41942,a,235,2
4401,41962,replicant,235,2
4402,41972,or,235,2
4403,41975,a,235,2
4404,41977,lesbian,235,2
4405,42019,DECKARD,236,2
4406,42045,You,236,2
4407,42049,show,236,2
4408,42054,the,236,2
4409,42058,pciture,236,2
4410,42066,to,236,2
4411,42069,your,236,2
4412,42092,husband,236,2
4413,42102,He,236,2
4414,42105,likes,236,2
4415,42111,it,236,2
4416,42114,and,236,2
4417,42118,hangs,236,2
4418,42142,it,236,2
4419,42145,on,236,2
4420,42148,the,236,2
4421,42152,wall,236,2
4422,42159,The,236,2
4423,42163,girl,236,2
4424,42168,is,236,2
4425,42171,lying,236,2
4426,42195,on,236,2
4427,42198,a,236,2
4428,42200,bearskin,236,2
4429,42209,rug,236,2
4430,42247,RACHAEL,237,2
4431,42273,I,237,2
4432,42275,wouldn't,237,2
4433,42284,let,237,2
4434,42288,him,237,2
4435,42326,DECKARD,238,2
4436,42352,Why,238,2
4437,42356,not,238,2
4438,42394,RACHAEL,239,2
4439,42420,I,239,2
4440,42422,should,239,2
4441,42429,be,239,2
4442,42432,enough,239,2
4443,42439,for,239,2
4444,42443,him,239,2
4445,42457,Deckard,239,2
4446,42465,frowns,239,2
4447,42473,then,239,2
4448,42478,smiles,239,2
4449,42487,His,239,2
4450,42491,smile,239,2
4451,42497,looks,239,2
4452,42503,a,239,2
4453,42505,little,239,2
4454,42520,like,239,2
4455,42525,a,239,2
4456,42527,grimace,239,2
4457,42535,or,239,2
4458,42538,the,239,2
4459,42542,other,239,2
4460,42548,way,239,2
4461,42552,around,239,2
4462,42593,DECKARD,240,2
4463,42619,Last,240,2
4464,42624,question,240,2
4465,42635,You're,240,2
4466,42642,watching,240,2
4467,42669,an,240,2
4468,42672,old,240,2
4469,42676,movie,240,2
4470,42684,It,240,2
4471,42687,shows,240,2
4472,42693,a,240,2
4473,42695,banquet,240,2
4474,42721,in,240,2
4475,42724,progress,240,2
4476,42734,the,240,2
4477,42738,guests,240,2
4478,42745,are,240,2
4479,42749,enjoying,240,2
4480,42776,raw,240,2
4481,42780,oysters,240,2
4482,42822,RACHAEL,241,2
4483,42848,Ugh,241,2
4484,42862,Both,241,2
4485,42867,needles,241,2
4486,42875,swing,241,2
4487,42881,swiftly,241,2
4488,42923,DECKARD,242,2
4489,42949,The,242,2
4490,42953,entree,242,2
4491,42960,consists,242,2
4492,42969,of,242,2
4493,42972,boiled,242,2
4494,42997,dog,242,2
4495,43001,stuffed,242,2
4496,43009,with,242,2
4497,43014,rice,242,2
4498,43029,Needles,242,2
4499,43037,move,242,2
4500,43042,less,242,2
4501,43081,DECKARD,243,2
4502,43115,continuing,243,2
4503,43145,The,243,2
4504,43149,raw,243,2
4505,43153,oysters,243,2
4506,43161,are,243,2
4507,43165,less,243,2
4508,43170,acceptable,243,2
4509,43199,to,243,2
4510,43202,you,243,2
4511,43206,than,243,2
4512,43211,a,243,2
4513,43213,dish,243,2
4514,43218,of,243,2
4515,43221,boiled,243,2
4516,43228,dog,243,2
4517,43242,Deckard,243,2
4518,43250,switches,243,2
4519,43259,off,243,2
4520,43263,his,243,2
4521,43267,beam,243,2
4522,43306,TYRELL,244,2
4523,43331,Well,244,2
4524,43337,Mr,244,2
4525,43341,Deckard,244,2
4526,43359,Deckard,244,2
4527,43367,is,244,2
4528,43370,looking,244,2
4529,43378,at,244,2
4530,43381,Tyrell,244,2
4531,43388,and,244,2
4532,43392,wincing,244,2
4533,43400,indecisively,244,2
4534,43423,He,244,2
4535,43426,doesn't,244,2
4536,43434,get,244,2
4537,43438,it,244,2
4538,43443,Are,244,2
4539,43447,they,244,2
4540,43452,playing,244,2
4541,43460,with,244,2
4542,43465,him,244,2
4543,43503,TYRELL,245,2
4544,43536,continuing,245,2
4545,43566,Perhaps,245,2
4546,43574,some,245,2
4547,43579,privacy,245,2
4548,43587,will,245,2
4549,43592,loosen,245,2
4550,43617,your,245,2
4551,43622,tongue,245,2
4552,43630,Mr,245,2
4553,43634,Deckard,245,2
4554,43652,He,245,2
4555,43655,turns,245,2
4556,43661,to,245,2
4557,43664,Rachael,245,2
4558,43705,TYRELL,246,2
4559,43730,Would,246,2
4560,43736,you,246,2
4561,43740,step,246,2
4562,43745,out,246,2
4563,43749,for,246,2
4564,43753,a,246,2
4565,43755,few,246,2
4566,43759,moments,246,2
4567,43786,Rachael,246,2
4568,43804,Rachael,246,2
4569,43812,exits,246,2
4570,43818,looking,246,2
4571,43826,a,246,2
4572,43828,little,246,2
4573,43835,shaken,246,2
4574,43844,What's,246,2
4575,43851,going,246,2
4576,43865,on,246,2
4577,43878,Deckard,246,2
4578,43886,stares,246,2
4579,43893,at,246,2
4580,43896,Tyrell,246,2
4581,43913,Tyrell,246,2
4582,43920,meets,246,2
4583,43926,his,246,2
4584,43930,look,246,2
4585,43969,TYRELL,247,2
4586,43994,I'm,247,2
4587,43998,impressed,247,2
4588,44010,How,247,2
4589,44014,many,247,2
4590,44019,questions,247,2
4591,44047,does,247,2
4592,44052,it,247,2
4593,44055,usually,247,2
4594,44063,take,247,2
4595,44068,to,247,2
4596,44071,spot,247,2
4597,44076,one,247,2
4598,44114,DECKARD,248,2
4599,44140,I,248,2
4600,44142,don't,248,2
4601,44148,get,248,2
4602,44152,it,248,2
4603,44189,TYRELL,249,2
4604,44214,How,249,2
4605,44218,many,249,2
4606,44223,questions,249,2
4607,44268,DECKARD,250,2
4608,44294,In,250,2
4609,44297,columns,250,2
4610,44305,of,250,2
4611,44308,four,250,2
4612,44313,cross,250,2
4613,44319,referenced,250,2
4614,44349,twenty,250,2
4615,44356,or,250,2
4616,44359,thirty,250,2
4617,44400,TYRELL,251,2
4618,44425,It,251,2
4619,44428,took,251,2
4620,44433,more,251,2
4621,44438,than,251,2
4622,44443,a,251,2
4623,44445,hundred,251,2
4624,44453,for,251,2
4625,44475,Rachael,251,2
4626,44484,didn't,251,2
4627,44491,it,251,2
4628,44529,DECKARD,252,2
4629,44555,She,252,2
4630,44559,really,252,2
4631,44566,doesn't,252,2
4632,44574,know,252,2
4633,44614,TYRELL,253,2
4634,44639,She's,253,2
4635,44645,beginning,253,2
4636,44655,to,253,2
4637,44658,suspect,253,2
4638,44667,I,253,2
4639,44669,think,253,2
4640,44709,DECKARD,254,2
4641,44735,Suspect,254,2
4642,44745,How,254,2
4643,44749,can,254,2
4644,44753,she,254,2
4645,44757,not,254,2
4646,44761,know,254,2
4647,44784,she,254,2
4648,44788,is,254,2
4649,44825,TYRELL,255,2
4650,44850,Well,255,2
4651,44856,we,255,2
4652,44859,began,255,2
4653,44865,to,255,2
4654,44868,notice,255,2
4655,44875,in,255,2
4656,44878,them,255,2
4657,44901,a,255,2
4658,44903,strange,255,2
4659,44911,obsession,255,2
4660,44931,Tyrell,255,2
4661,44938,is,255,2
4662,44941,pacing,255,2
4663,44948,now,255,2
4664,44953,lecturing,255,2
4665,44997,TYRELL,256,2
4666,45022,After,256,2
4667,45028,all,256,2
4668,45033,they,256,2
4669,45038,are,256,2
4670,45042,emotionally,256,2
4671,45072,inexperienced,256,2
4672,45086,with,256,2
4673,45091,only,256,2
4674,45096,a,256,2
4675,45098,few,256,2
4676,45120,years,256,2
4677,45126,inwhich,256,2
4678,45134,to,256,2
4679,45137,store,256,2
4680,45143,up,256,2
4681,45146,the,256,2
4682,45168,experiences,256,2
4683,45180,which,256,2
4684,45186,you,256,2
4685,45190,and,256,2
4686,45194,I,256,2
4687,45196,take,256,2
4688,45219,for,256,2
4689,45223,granted,256,2
4690,45233,If,256,2
4691,45236,we,256,2
4692,45239,gift,256,2
4693,45244,them,256,2
4694,45267,with,256,2
4695,45272,a,256,2
4696,45274,past,256,2
4697,45282,we,256,2
4698,45285,create,256,2
4699,45292,a,256,2
4700,45312,cushion,256,2
4701,45320,or,256,2
4702,45323,pillow,256,2
4703,45330,for,256,2
4704,45334,their,256,2
4705,45363,emotions,256,2
4706,45374,and,256,2
4707,45378,we,256,2
4708,45381,can,256,2
4709,45403,control,256,2
4710,45411,them,256,2
4711,45416,better,256,2
4712,45457,DECKARD,257,2
4713,45483,They,257,2
4714,45488,want,257,2
4715,45493,memories,257,2
4716,45536,TYRELL,258,2
4717,45561,It's,258,2
4718,45566,the,258,2
4719,45570,dark,258,2
4720,45575,corners,258,2
4721,45584,the,258,2
4722,45588,little,258,2
4723,45613,shadowy,258,2
4724,45621,places,258,2
4725,45628,that,258,2
4726,45633,makes,258,2
4727,45639,you,258,2
4728,45661,interesting,258,2
4729,45674,Deckard,258,2
4730,45687,gusty,258,2
4731,45711,emotions,258,2
4732,45720,on,258,2
4733,45723,a,258,2
4734,45725,wet,258,2
4735,45729,road,258,2
4736,45734,on,258,2
4737,45737,an,258,2
4738,45758,autumn,258,2
4739,45765,night,258,2
4740,45773,the,258,2
4741,45777,change,258,2
4742,45784,of,258,2
4743,45805,seasons,258,2
4744,45818,the,258,2
4745,45822,sweet,258,2
4746,45828,guilt,258,2
4747,45852,after,258,2
4748,45858,masturbation,258,2
4749,45905,DECKARD,259,2
4750,45931,Jesus,259,2
4751,45938,Christ,259,2
4752,45945,Tyrell,259,2
4753,45962,Tyrell,259,2
4754,45969,looks,259,2
4755,45975,startled,259,2
4756,46018,DECKARD,260,2
4757,46044,Where,260,2
4758,46050,do,260,2
4759,46053,you,260,2
4760,46057,get,260,2
4761,46061,them,260,2
4762,46067,the,260,2
4763,46089,memories,260,2
4764,46132,TYRELL,261,2
4765,46157,In,261,2
4766,46160,the,261,2
4767,46164,case,261,2
4768,46169,of,261,2
4769,46172,Rachael,261,2
4770,46181,I,261,2
4771,46183,simply,261,2
4772,46208,copied,261,2
4773,46215,and,261,2
4774,46219,regenerated,261,2
4775,46231,cells,261,2
4776,46237,from,261,2
4777,46260,the,261,2
4778,46264,brain,261,2
4779,46270,of,261,2
4780,46273,my,261,2
4781,46276,sixteen,261,2
4782,46284,year,261,2
4783,46308,old,261,2
4784,46312,niece,261,2
4785,46320,Rachael,261,2
4786,46328,remembers,261,2
4787,46356,what,261,2
4788,46361,my,261,2
4789,46364,little,261,2
4790,46371,niece,261,2
4791,46377,remembers,261,2
4792,46421,DECKARD,262,2
4793,46447,I,262,2
4794,46449,saw,262,2
4795,46453,an,262,2
4796,46456,old,262,2
4797,46460,movie,262,2
4798,46466,once,262,2
4799,46473,The,262,2
4800,46495,guy,262,2
4801,46499,had,262,2
4802,46504,bolts,262,2
4803,46510,in,262,2
4804,46513,his,262,2
4805,46517,head,262,2
4806,46532,Deckard,262,2
4807,46540,looks,262,2
4808,46546,amazed,262,2
4809,46553,while,262,2
4810,46559,Tyrell,262,2
4811,46566,looks,262,2
4812,46572,pleased,262,2
4813,46580,with,262,2
4814,46593,himself,262,2
4815,46654,CUT,262,2
4816,46658,TO,262,2
4817,46671,EXT,263,2
4818,46676,OVERHEAD,263,2
4819,46685,VIEW,263,2
4820,46690,OF,263,2
4821,46693,HOTEL,263,2
4822,46701,NIGHT,263,2
4823,46727,26,263,2
4824,46739,The,264,2
4825,46743,hotel,264,2
4826,46749,is,264,2
4827,46752,in,264,2
4828,46755,a,264,2
4829,46757,seedy,264,2
4830,46763,part,264,2
4831,46768,of,264,2
4832,46771,town,264,2
4833,46787,EXT,265,2
4834,46792,ANGLE,265,2
4835,46798,ON,265,2
4836,46801,DECKARD,265,2
4837,46811,NIGHT,265,2
4838,46843,27,265,2
4839,46855,Deckard,266,2
4840,46863,and,266,2
4841,46867,Gaff,266,2
4842,46872,are,266,2
4843,46876,standing,266,2
4844,46885,in,266,2
4845,46888,front,266,2
4846,46894,of,266,2
4847,46897,the,266,2
4848,46901,hotel,266,2
4849,46916,looking,266,2
4850,46924,it,266,2
4851,46927,over,266,2
4852,46942,Deckard,266,2
4853,46950,glances,266,2
4854,46958,at,266,2
4855,46961,a,266,2
4856,46963,crumpled,266,2
4857,46972,piece,266,2
4858,46978,of,266,2
4859,46981,paper,266,2
4860,46987,in,266,2
4861,46990,his,266,2
4862,47002,hand,266,2
4863,47007,with,266,2
4864,47012,an,266,2
4865,47015,address,266,2
4866,47023,scrawled,266,2
4867,47032,on,266,2
4868,47035,it,266,2
4869,47048,He,266,2
4870,47051,glances,266,2
4871,47059,at,266,2
4872,47062,the,266,2
4873,47066,hotel,266,2
4874,47074,The,266,2
4875,47078,address,266,2
4876,47086,is,266,2
4877,47089,correct,266,2
4878,47107,Deckard,266,2
4879,47115,and,266,2
4880,47119,Gaff,266,2
4881,47124,enter,266,2
4882,47130,the,266,2
4883,47134,hotel,266,2
4884,47141,leaving,266,2
4885,47149,frame,266,2
4886,47208,CUT,267,2
4887,47212,TO,267,2
4888,47226,INT,268,2
4889,47231,HOTEL,268,2
4890,47237,CORRIDOR,268,2
4891,47248,NIGHT,268,2
4892,47282,28,268,2
4893,47294,A,269,2
4894,47296,dingy,269,2
4895,47303,trash,269,2
4896,47309,filled,269,2
4897,47316,corridor,269,2
4898,47335,An,269,2
4899,47338,OLD,269,2
4900,47342,MAN,269,2
4901,47346,leads,269,2
4902,47352,Deckard,269,2
4903,47360,and,269,2
4904,47364,Gaff,269,2
4905,47369,to,269,2
4906,47372,a,269,2
4907,47374,door,269,2
4908,47381,The,269,2
4909,47385,Old,269,2
4910,47397,Man,269,2
4911,47401,is,269,2
4912,47404,wearing,269,2
4913,47412,an,269,2
4914,47415,oxygen,269,2
4915,47422,tank,269,2
4916,47427,taking,269,2
4917,47434,occasional,269,2
4918,47445,hits,269,2
4919,47458,of,269,2
4920,47461,air,269,2
4921,47465,from,269,2
4922,47470,a,269,2
4923,47472,mask,269,2
4924,47479,He,269,2
4925,47482,unlocks,269,2
4926,47490,the,269,2
4927,47494,door,269,2
4928,47509,Deckard,269,2
4929,47517,and,269,2
4930,47521,Gaff,269,2
4931,47526,enter,269,2
4932,47532,wearily,269,2
4933,47541,hands,269,2
4934,47547,inside,269,2
4935,47554,their,269,2
4936,47568,coats,269,2
4937,47574,on,269,2
4938,47577,their,269,2
4939,47583,weapons,269,2
4940,47644,CUT,270,2
4941,47648,TO,270,2
4942,47662,INT,271,3
4943,47667,HOTEL,271,3
4944,47673,ROOM,271,3
4945,47680,NIGHT,271,3
4946,47718,29,271,3
4947,47730,The,272,3
4948,47734,room,272,3
4949,47739,is,272,3
4950,47742,dark,272,3
4951,47747,and,272,3
4952,47751,ominous,272,3
4953,47760,full,272,3
4954,47765,of,272,3
4955,47768,danger,272,3
4956,47785,Deckard,272,3
4957,47793,studies,272,3
4958,47801,the,272,3
4959,47805,shadows,272,3
4960,47814,weapon,272,3
4961,47821,ready,272,3
4962,47837,Satisfied,272,3
4963,47847,the,272,3
4964,47851,room,272,3
4965,47856,is,272,3
4966,47859,empty,272,3
4967,47866,he,272,3
4968,47869,hits,272,3
4969,47874,the,272,3
4970,47878,wall,272,3
4971,47883,switch,272,3
4972,47900,A,272,3
4973,47902,four,272,3
4974,47907,tube,272,3
4975,47912,fluorescent,272,3
4976,47924,light,272,3
4977,47930,overhead,272,3
4978,47939,flutters,272,3
4979,47948,weakly,272,3
4980,47963,to,272,3
4981,47966,half,272,3
4982,47971,life,272,3
4983,47977,two,272,3
4984,47981,tubes,272,3
4985,47997,Deckard,272,3
4986,48005,studies,272,3
4987,48013,the,272,3
4988,48017,room,272,3
4989,48032,It's,272,3
4990,48037,clean,272,3
4991,48043,in,272,3
4992,48046,contrast,272,3
4993,48055,to,272,3
4994,48058,the,272,3
4995,48062,littered,272,3
4996,48071,hallway,272,3
4997,48081,A,272,3
4998,48083,bed,272,3
4999,48096,a,272,3
5000,48098,wardrobe,272,3
5001,48108,a,272,3
5002,48110,small,272,3
5003,48116,desk,272,3
5004,48122,a,272,3
5005,48124,chair,272,3
5006,48132,Spartan,272,3
5007,48141,almost,272,3
5008,48156,military,272,3
5009,48175,Gaff,272,3
5010,48180,has,272,3
5011,48184,seated,272,3
5012,48191,himself,272,3
5013,48199,on,272,3
5014,48202,the,272,3
5015,48206,windowsill,272,3
5016,48219,Except,272,3
5017,48226,for,272,3
5018,48238,his,272,3
5019,48242,eyes,272,3
5020,48247,he,272,3
5021,48250,is,272,3
5022,48253,motionless,272,3
5023,48264,like,272,3
5024,48269,a,272,3
5025,48271,statue,272,3
5026,48288,Deckard,272,3
5027,48296,reaches,272,3
5028,48304,into,272,3
5029,48309,his,272,3
5030,48313,pocket,272,3
5031,48320,and,272,3
5032,48324,takes,272,3
5033,48330,out,272,3
5034,48334,infrared,272,3
5035,48351,goggles,272,3
5036,48359,which,272,3
5037,48365,he,272,3
5038,48368,puts,272,3
5039,48373,on,272,3
5040,48378,He,272,3
5041,48381,looks,272,3
5042,48387,strange,272,3
5043,48395,wearing,272,3
5044,48403,the,272,3
5045,48415,goggles,272,3
5046,48433,The,272,3
5047,48437,room,272,3
5048,48443,from,272,3
5049,48448,his,272,3
5050,48452,POV,272,3
5051,48457,is,272,3
5052,48460,seen,272,3
5053,48465,in,272,3
5054,48468,high,272,3
5055,48473,contrast,272,3
5056,48491,every,272,3
5057,48497,speck,272,3
5058,48503,of,272,3
5059,48506,dust,272,3
5060,48511,in,272,3
5061,48514,bright,272,3
5062,48521,white,272,3
5063,48528,the,272,3
5064,48532,fingerprints,272,3
5065,48553,on,272,3
5066,48556,the,272,3
5067,48560,wall,272,3
5068,48565,standing,272,3
5069,48574,out,272,3
5070,48578,like,272,3
5071,48583,paintings,272,3
5072,48594,Gaff,272,3
5073,48599,appear,272,3
5074,48615,ing,272,3
5075,48619,eerie,272,3
5076,48625,and,272,3
5077,48629,ominous,272,3
5078,48647,Deckard,272,3
5079,48655,starts,272,3
5080,48662,to,272,3
5081,48665,inspect,272,3
5082,48673,the,272,3
5083,48677,room,272,3
5084,48682,with,272,3
5085,48687,great,272,3
5086,48693,care,272,3
5087,48707,feeling,272,3
5088,48715,the,272,3
5089,48719,moulding,272,3
5090,48729,inspecting,272,3
5091,48740,the,272,3
5092,48744,mattress,272,3
5093,48753,on,272,3
5094,48756,the,272,3
5095,48768,bed,272,3
5096,48773,studying,272,3
5097,48782,the,272,3
5098,48786,fingerprints,272,3
5099,48799,on,272,3
5100,48802,the,272,3
5101,48806,wall,272,3
5102,48821,Gaff,272,3
5103,48826,watches,272,3
5104,48834,motionless,272,3
5105,48898,CUT,273,3
5106,48902,TO,273,3
5107,48916,INT,274,3
5108,48921,HOTEL,274,3
5109,48927,ROOM,274,3
5110,48934,NIGHT,274,3
5111,48941,A,274,3
5112,48943,LITTLE,274,3
5113,48950,LATER,274,3
5114,48972,30,274,3
5115,48984,Deckard,275,3
5116,48992,has,275,3
5117,48996,opened,275,3
5118,49003,the,275,3
5119,49007,wardrobe,275,3
5120,49026,He's,275,3
5121,49031,inspecting,275,3
5122,49042,the,275,3
5123,49046,suit,275,3
5124,49051,neatly,275,3
5125,49058,hung,275,3
5126,49063,there,275,3
5127,49071,He,275,3
5128,49074,feels,275,3
5129,49088,in,275,3
5130,49091,the,275,3
5131,49095,pockets,275,3
5132,49105,He,275,3
5133,49108,pulls,275,3
5134,49114,out,275,3
5135,49118,a,275,3
5136,49120,packet,275,3
5137,49127,of,275,3
5138,49130,about,275,3
5139,49136,sixty,275,3
5140,49150,photographs,275,3
5141,49164,He,275,3
5142,49167,thumbs,275,3
5143,49174,them,275,3
5144,49181,Very,275,3
5145,49186,ordinary,275,3
5146,49195,looking,275,3
5147,49211,snapshots,275,3
5148,49223,Maybe,275,3
5149,49229,he,275,3
5150,49232,notices,275,3
5151,49240,a,275,3
5152,49242,couple,275,3
5153,49249,of,275,3
5154,49252,strange,275,3
5155,49260,ones,275,3
5156,49274,Maybe,275,3
5157,49280,not,275,3
5158,49294,Deckard,275,3
5159,49302,pockets,275,3
5160,49310,the,275,3
5161,49314,pictures,275,3
5162,49323,and,275,3
5163,49327,continues,275,3
5164,49337,his,275,3
5165,49341,inspec,275,3
5166,49357,tion,275,3
5167,49372,Gaff,275,3
5168,49377,sits,275,3
5169,49382,motionless,275,3
5170,49393,like,275,3
5171,49398,a,275,3
5172,49400,statue,275,3
5173,49418,INT,276,3
5174,49423,HOTEL,276,3
5175,49429,BATHROOM,276,3
5176,49440,NIGHT,276,3
5177,49447,MOMENTS,276,3
5178,49455,LATER,276,3
5179,49474,31,276,3
5180,49486,Deckard,277,3
5181,49495,still,277,3
5182,49501,wearing,277,3
5183,49509,goggles,277,3
5184,49518,is,277,3
5185,49521,checking,277,3
5186,49530,the,277,3
5187,49534,inside,277,3
5188,49549,of,277,3
5189,49552,the,277,3
5190,49556,medicine,277,3
5191,49565,cabinet,277,3
5192,49573,in,277,3
5193,49576,the,277,3
5194,49580,tiny,277,3
5195,49585,bathroom,277,3
5196,49604,Nothing,277,3
5197,49614,Clean,277,3
5198,49630,He,277,3
5199,49633,shuts,277,3
5200,49639,the,277,3
5201,49643,cabinet,277,3
5202,49651,and,277,3
5203,49655,sees,277,3
5204,49660,himself,277,3
5205,49668,in,277,3
5206,49671,the,277,3
5207,49675,mirror,277,3
5208,49690,in,277,3
5209,49693,infrared,277,3
5210,49702,wearing,277,3
5211,49710,goggles,277,3
5212,49720,Weird,277,3
5213,49736,He,277,3
5214,49739,exits,277,3
5215,49745,the,277,3
5216,49749,neat,277,3
5217,49755,tiny,277,3
5218,49760,bathroom,277,3
5219,49822,CUT,278,3
5220,49826,TO,278,3
5221,49840,INT,279,3
5222,49845,HOTEL,279,3
5223,49851,ROOM,279,3
5224,49858,NIGHT,279,3
5225,49896,32,279,3
5226,49908,Deckard,280,3
5227,49916,steps,280,3
5228,49922,out,280,3
5229,49926,of,280,3
5230,49929,the,280,3
5231,49933,bathroom,280,3
5232,49943,notices,280,3
5233,49951,something,280,3
5234,49969,on,280,3
5235,49972,the,280,3
5236,49976,floor,280,3
5237,49992,Gaff,280,3
5238,49997,is,280,3
5239,50000,motionless,280,3
5240,50064,CUT,281,3
5241,50068,TO,281,3
5242,50082,INT,282,3
5243,50087,HOTEL,282,3
5244,50093,ROOM,282,3
5245,50100,NIGHT,282,3
5246,50107,MOMENTS,282,3
5247,50115,LATER,282,3
5248,50138,33,282,3
5249,50150,Deckard,283,3
5250,50158,is,283,3
5251,50161,on,283,3
5252,50164,his,283,3
5253,50168,hands,283,3
5254,50174,and,283,3
5255,50178,knees,283,3
5256,50184,studying,283,3
5257,50193,the,283,3
5258,50197,floor,283,3
5259,50212,He,283,3
5260,50215,picks,283,3
5261,50221,up,283,3
5262,50224,a,283,3
5263,50226,little,283,3
5264,50233,speck,283,3
5265,50239,on,283,3
5266,50242,his,283,3
5267,50246,finger,283,3
5268,50254,studies,283,3
5269,50262,it,283,3
5270,50275,He,283,3
5271,50278,picks,283,3
5272,50284,up,283,3
5273,50287,another,283,3
5274,50305,He,283,3
5275,50308,puts,283,3
5276,50313,the,283,3
5277,50317,speck,283,3
5278,50323,in,283,3
5279,50326,his,283,3
5280,50330,wallet,283,3
5281,50347,Gaff,283,3
5282,50352,sits,283,3
5283,50357,motionless,283,3
5284,50368,on,283,3
5285,50371,the,283,3
5286,50375,sill,283,3
5287,50433,CUT,284,3
5288,50437,TO,284,3
5289,50451,INT,285,3
5290,50456,HOTEL,285,3
5291,50462,ROOM,285,3
5292,50469,NIGHT,285,3
5293,50476,A,285,3
5294,50478,LITTLE,285,3
5295,50485,LATER,285,3
5296,50507,34,285,3
5297,50519,Deckard,286,3
5298,50527,takes,286,3
5299,50533,off,286,3
5300,50537,the,286,3
5301,50541,goggles,286,3
5302,50551,He,286,3
5303,50554,motions,286,3
5304,50562,Gaff,286,3
5305,50567,off,286,3
5306,50579,the,286,3
5307,50583,sill,286,3
5308,50588,with,286,3
5309,50593,his,286,3
5310,50597,head,286,3
5311,50612,Deckard,286,3
5312,50620,steps,286,3
5313,50626,to,286,3
5314,50629,the,286,3
5315,50633,window,286,3
5316,50641,pulls,286,3
5317,50647,the,286,3
5318,50651,photos,286,3
5319,50658,from,286,3
5320,50671,his,286,3
5321,50675,pocket,286,3
5322,50682,and,286,3
5323,50686,studies,286,3
5324,50694,them,286,3
5325,50699,in,286,3
5326,50702,the,286,3
5327,50706,faint,286,3
5328,50712,light,286,3
5329,50718,from,286,3
5330,50731,outside,286,3
5331,50749,Snapshots,286,3
5332,50761,Very,286,3
5333,50766,ordinary,286,3
5334,50785,Gaff,286,3
5335,50790,stands,286,3
5336,50797,near,286,3
5337,50802,the,286,3
5338,50806,door,286,3
5339,50812,watching,286,3
5340,50821,Deckard,286,3
5341,50839,Deckard,286,3
5342,50847,shuffles,286,3
5343,50856,through,286,3
5344,50864,the,286,3
5345,50868,pictures,286,3
5346,50877,in,286,3
5347,50880,front,286,3
5348,50886,of,286,3
5349,50889,the,286,3
5350,50901,window,286,3
5351,50961,CUT,287,3
5352,50965,TO,287,3
5353,50979,EXT,288,3
5354,50984,HOTEL,288,3
5355,50992,NIGHT,288,3
5356,51035,35,288,3
5357,51047,Leon,289,3
5358,51052,is,289,3
5359,51055,looking,289,3
5360,51063,up,289,3
5361,51066,at,289,3
5362,51069,the,289,3
5363,51073,hotel,289,3
5364,51089,He,289,3
5365,51092,can,289,3
5366,51096,see,289,3
5367,51100,Deckard,289,3
5368,51108,in,289,3
5369,51111,the,289,3
5370,51115,window,289,3
5371,51122,looking,289,3
5372,51130,at,289,3
5373,51133,pictures,289,3
5374,51152,Leon,289,3
5375,51157,is,289,3
5376,51160,breathing,289,3
5377,51170,hard,289,3
5378,51176,angry,289,3
5379,51235,CUT,290,3
5380,51239,TO,290,3
5381,51253,INT,291,3
5382,51258,HOTEL,291,3
5383,51264,ROOM,291,3
5384,51271,NIGHT,291,3
5385,51309,36,291,3
5386,51321,Deckard,292,3
5387,51329,feels,292,3
5388,51335,funny,292,3
5389,51341,as,292,3
5390,51344,he,292,3
5391,51347,studies,292,3
5392,51355,the,292,3
5393,51359,pictures,292,3
5394,51369,his,292,3
5395,51381,mind,292,3
5396,51386,changes,292,3
5397,51394,focus,292,3
5398,51402,He,292,3
5399,51405,steps,292,3
5400,51411,aside,292,3
5401,51418,against,292,3
5402,51426,the,292,3
5403,51430,wall,292,3
5404,51444,and,292,3
5405,51448,glances,292,3
5406,51456,out,292,3
5407,51460,of,292,3
5408,51463,the,292,3
5409,51467,window,292,3
5410,51484,Gaff,292,3
5411,51489,watches,292,3
5412,51497,Deckard,292,3
5413,51505,and,292,3
5414,51509,frowns,292,3
5415,51516,uncomprehending,292,3
5416,51542,Deckard,292,3
5417,51551,satisfied,292,3
5418,51561,at,292,3
5419,51564,what,292,3
5420,51569,he,292,3
5421,51572,sees,292,3
5422,51577,out,292,3
5423,51581,the,292,3
5424,51585,window,292,3
5425,51601,studies,292,3
5426,51609,the,292,3
5427,51613,photographs,292,3
5428,51625,again,292,3
5429,51632,but,292,3
5430,51636,not,292,3
5431,51640,in,292,3
5432,51643,front,292,3
5433,51649,of,292,3
5434,51660,the,292,3
5435,51664,window,292,3
5436,51681,Gaff,292,3
5437,51687,frowning,292,3
5438,51697,approaches,292,3
5439,51708,the,292,3
5440,51712,window,292,3
5441,51719,and,292,3
5442,51723,looks,292,3
5443,51729,out,292,3
5444,51742,puzzled,292,3
5445,51803,CUT,293,3
5446,51807,TO,293,3
5447,51821,EXT,294,3
5448,51826,HOTEL,294,3
5449,51834,NIGHT,294,3
5450,51877,37,294,3
5451,51889,An,295,3
5452,51892,angry,295,3
5453,51898,Leon,295,3
5454,51903,sees,295,3
5455,51908,Gaff,295,3
5456,51913,peering,295,3
5457,51921,out,295,3
5458,51925,the,295,3
5459,51929,window,295,3
5460,51936,above,295,3
5461,51952,Leon's,295,3
5462,51959,eyes,295,3
5463,51964,blaze,295,3
5464,51970,with,295,3
5465,51975,anger,295,3
5466,51983,He,295,3
5467,51986,turns,295,3
5468,51992,and,295,3
5469,51996,runs,295,3
5470,52001,off,295,3
5471,52058,CUT,296,3
5472,52062,TO,296,3
5473,52076,EXT,297,4
5474,52081,STREET,297,4
5475,52090,NIGHT,297,4
5476,52132,38,297,4
5477,52144,A,298,4
5478,52146,blimp,298,4
5479,52152,is,298,4
5480,52155,drifting,298,4
5481,52164,silently,298,4
5482,52173,over,298,4
5483,52178,the,298,4
5484,52182,city,298,4
5485,52187,reflect,298,4
5486,52204,ed,298,4
5487,52207,in,298,4
5488,52210,an,298,4
5489,52213,eyeball,298,4
5490,52221,while,298,4
5491,52227,we,298,4
5492,52230,hear,298,4
5493,52235,the,298,4
5494,52239,SOUNDS,298,4
5495,52246,OF,298,4
5496,52249,THE,298,4
5497,52261,STREET,299,4
5498,52278,The,299,4
5499,52282,eyeball,299,4
5500,52290,belongs,299,4
5501,52298,to,299,4
5502,52301,BATTY,299,4
5503,52307,who,299,4
5504,52311,is,299,4
5505,52314,standing,299,4
5506,52323,on,299,4
5507,52334,the,299,4
5508,52338,sidewalk,299,4
5509,52348,He,299,4
5510,52351,resembles,299,4
5511,52361,a,299,4
5512,52363,tradition,299,4
5513,52374,the,299,4
5514,52378,gym,299,4
5515,52390,instructor,299,4
5516,52402,short,299,4
5517,52409,cropped,299,4
5518,52417,hair,299,4
5519,52422,with,299,4
5520,52427,the,299,4
5521,52431,body,299,4
5522,52436,of,299,4
5523,52439,a,299,4
5524,52449,drill,299,4
5525,52455,sergeant,299,4
5526,52464,but,299,4
5527,52468,the,299,4
5528,52472,eyes,299,4
5529,52477,are,299,4
5530,52481,gray,299,4
5531,52486,and,299,4
5532,52490,chilling,299,4
5533,52508,Roy,299,4
5534,52512,Batty,299,4
5535,52518,is,299,4
5536,52521,a,299,4
5537,52523,presence,299,4
5538,52532,of,299,4
5539,52535,force,299,4
5540,52541,with,299,4
5541,52546,a,299,4
5542,52548,lazy,299,4
5543,52554,but,299,4
5544,52566,acute,299,4
5545,52572,sense,299,4
5546,52578,of,299,4
5547,52581,what,299,4
5548,52586,goes,299,4
5549,52591,on,299,4
5550,52594,around,299,4
5551,52601,him,299,4
5552,52615,He,299,4
5553,52618,lowers,299,4
5554,52625,his,299,4
5555,52629,attention,299,4
5556,52639,from,299,4
5557,52644,the,299,4
5558,52648,sky,299,4
5559,52652,to,299,4
5560,52655,Leon,299,4
5561,52670,Leon,299,4
5562,52675,approaches,299,4
5563,52686,him,299,4
5564,52724,BATTY,300,4
5565,52748,Did,300,4
5566,52752,you,300,4
5567,52756,get,300,4
5568,52760,your,300,4
5569,52765,precious,300,4
5570,52774,photos,300,4
5571,52815,LEON,301,4
5572,52838,Somebody,301,4
5573,52847,was,301,4
5574,52851,there,301,4
5575,52891,BATTY,302,4
5576,52915,Police,302,4
5577,52956,LEON,303,4
5578,52979,Just,303,4
5579,52984,men,303,4
5580,53022,BATTY,304,4
5581,53046,Police,304,4
5582,53053,men,304,4
5583,53067,Leon,304,4
5584,53072,looks,304,4
5585,53078,sullen,304,4
5586,53087,He,304,4
5587,53090,doesn't,304,4
5588,53098,know,304,4
5589,53113,Batty,304,4
5590,53119,is,304,4
5591,53122,looking,304,4
5592,53130,at,304,4
5593,53133,the,304,4
5594,53137,storefront,304,4
5595,53148,across,304,4
5596,53155,the,304,4
5597,53159,street,304,4
5598,53175,the,304,4
5599,53179,one,304,4
5600,53183,that,304,4
5601,53188,says,304,4
5602,53193,HANNIBAL,304,4
5603,53202,CHEW,304,4
5604,53207,over,304,4
5605,53212,the,304,4
5606,53216,door,304,4
5607,53231,Batty,304,4
5608,53237,indicates,304,4
5609,53247,the,304,4
5610,53251,store,304,4
5611,53257,to,304,4
5612,53260,Leon,304,4
5613,53265,with,304,4
5614,53270,a,304,4
5615,53272,head,304,4
5616,53277,movement,304,4
5617,53339,CUT,304,4
5618,53343,TO,304,4
5619,53356,INT,305,4
5620,53361,CHEW'S,305,4
5621,53368,SHOP,305,4
5622,53375,NIGHT,305,4
5623,53412,39,305,4
5624,53424,Eyes,306,4
5625,53430,Nothing,306,4
5626,53438,but,306,4
5627,53442,eyes,306,4
5628,53447,swimming,306,4
5629,53456,in,306,4
5630,53459,a,306,4
5631,53461,thick,306,4
5632,53468,clear,306,4
5633,53482,solution,306,4
5634,53501,The,306,4
5635,53505,eyes,306,4
5636,53510,are,306,4
5637,53514,in,306,4
5638,53517,an,306,4
5639,53520,aquarium,306,4
5640,53529,inside,306,4
5641,53536,Chew's,306,4
5642,53543,shop,306,4
5643,53557,There,306,4
5644,53563,are,306,4
5645,53567,other,306,4
5646,53573,aquariums,306,4
5647,53583,and,306,4
5648,53587,technical,306,4
5649,53597,equipment,306,4
5650,53617,CHEW,306,4
5651,53622,himself,306,4
5652,53631,wearing,306,4
5653,53639,a,306,4
5654,53641,heavy,306,4
5655,53647,fur,306,4
5656,53651,coat,306,4
5657,53656,and,306,4
5658,53660,gloves,306,4
5659,53667,is,306,4
5660,53678,hunched,306,4
5661,53686,over,306,4
5662,53691,a,306,4
5663,53693,workbench,306,4
5664,53703,in,306,4
5665,53706,a,306,4
5666,53708,pool,306,4
5667,53713,of,306,4
5668,53716,light,306,4
5669,53722,doing,306,4
5670,53736,meticulous,306,4
5671,53747,work,306,4
5672,53752,with,306,4
5673,53757,a,306,4
5674,53759,pair,306,4
5675,53764,of,306,4
5676,53767,forceps,306,4
5677,53777,He,306,4
5678,53780,is,306,4
5679,53783,an,306,4
5680,53794,ancient,306,4
5681,53802,Asian,306,4
5682,53808,and,306,4
5683,53813,his,306,4
5684,53817,steamy,306,4
5685,53824,breath,306,4
5686,53831,and,306,4
5687,53835,frosty,306,4
5688,53842,beard,306,4
5689,53856,indicate,306,4
5690,53865,just,306,4
5691,53870,how,306,4
5692,53874,cold,306,4
5693,53879,it,306,4
5694,53882,is,306,4
5695,53885,in,306,4
5696,53888,this,306,4
5697,53893,sub,306,4
5698,53897,zero,306,4
5699,53910,laboratory,306,4
5700,53931,Chew,306,4
5701,53936,dips,306,4
5702,53941,the,306,4
5703,53945,forceps,306,4
5704,53953,into,306,4
5705,53958,a,306,4
5706,53960,vat,306,4
5707,53964,at,306,4
5708,53967,his,306,4
5709,53971,side,306,4
5710,53985,Deep,306,4
5711,53990,cold,306,4
5712,54005,The,306,4
5713,54009,forceps,306,4
5714,54017,and,306,4
5715,54021,the,306,4
5716,54025,tiny,306,4
5717,54030,item,306,4
5718,54035,in,306,4
5719,54038,the,306,4
5720,54042,forceps,306,4
5721,54050,come,306,4
5722,54055,out,306,4
5723,54067,of,306,4
5724,54070,the,306,4
5725,54074,solution,306,4
5726,54083,frozen,306,4
5727,54090,solid,306,4
5728,54106,A,306,4
5729,54108,SPEAKER,306,4
5730,54116,on,306,4
5731,54119,the,306,4
5732,54123,wall,306,4
5733,54128,CRACKLES,306,4
5734,54137,and,306,4
5735,54141,FARTS,306,4
5736,54147,STATIC,306,4
5737,54188,WALL,307,4
5738,54193,SPEAKER,307,4
5739,54219,Mr,307,4
5740,54223,Chew,307,4
5741,54238,Chew,307,4
5742,54243,keeps,307,4
5743,54249,working,307,4
5744,54291,CHEW,308,4
5745,54314,Aaaaaaaannnnn,308,4
5746,54338,The,308,4
5747,54342,wall,308,4
5748,54347,speaker,308,4
5749,54355,is,308,4
5750,54358,intermittent,308,4
5751,54405,WALL,309,4
5752,54410,SPEAKER,309,4
5753,54440,one,309,4
5754,54447,URP,309,4
5755,54454,wants,309,4
5756,54463,to,309,4
5757,54484,see,309,4
5758,54488,you,309,4
5759,54502,Chew,309,4
5760,54507,continues,309,4
5761,54517,working,309,4
5762,54559,CHEW,310,4
5763,54582,Busy,310,4
5764,54621,WALL,311,4
5765,54626,SPEAKER,311,4
5766,54656,talk,311,4
5767,54661,to,311,4
5768,54664,you,311,4
5769,54671,Nexus,311,4
5770,54677,Six,311,4
5771,54702,designs,311,4
5772,54720,Chew,311,4
5773,54725,frowns,311,4
5774,54732,and,311,4
5775,54736,turns,311,4
5776,54742,from,311,4
5777,54747,his,311,4
5778,54751,work,311,4
5779,54756,disgruntled,311,4
5780,54802,CHEW,312,4
5781,54825,Busy,312,4
5782,54840,Chew,312,4
5783,54845,continues,312,4
5784,54855,working,312,4
5785,54863,while,312,4
5786,54869,he,312,4
5787,54872,mutters,312,4
5788,54880,in,312,4
5789,54883,Chinese,312,4
5790,54900,Peace,312,4
5791,54906,returns,312,4
5792,54915,he,312,4
5793,54918,calms,312,4
5794,54924,down,312,4
5795,54929,and,312,4
5796,54933,works,312,4
5797,54939,in,312,4
5798,54942,chilly,312,4
5799,54957,silence,312,4
5800,54975,Then,312,4
5801,54980,the,312,4
5802,54984,door,312,4
5803,54989,opens,312,4
5804,55005,Standing,312,4
5805,55014,in,312,4
5806,55017,the,312,4
5807,55021,doorway,312,4
5808,55029,is,312,4
5809,55032,Roy,312,4
5810,55036,Batty,312,4
5811,55052,Chew,312,4
5812,55057,gets,312,4
5813,55062,up,312,4
5814,55065,fuming,312,4
5815,55106,CHEW,313,4
5816,55129,Busy,313,4
5817,55136,Busy,313,4
5818,55143,You,313,4
5819,55147,go,313,4
5820,55150,away,313,4
5821,55157,Make,313,4
5822,55180,appointment,313,4
5823,55202,Chew,313,4
5824,55207,bursts,313,4
5825,55214,into,313,4
5826,55219,Chinese,313,4
5827,55237,Batty,313,4
5828,55243,smiles,313,4
5829,55252,You,313,4
5830,55256,would,313,4
5831,55262,not,313,4
5832,55266,want,313,4
5833,55271,him,313,4
5834,55275,to,313,4
5835,55278,smile,313,4
5836,55284,at,313,4
5837,55287,you,313,4
5838,55301,Leon,313,4
5839,55306,enters,313,4
5840,55313,and,313,4
5841,55317,closes,313,4
5842,55324,the,313,4
5843,55328,door,313,4
5844,55367,CHEW,314,4
5845,55396,apoplectic,314,4
5846,55426,No,314,4
5847,55431,No,314,4
5848,55436,Cold,314,4
5849,55443,Cold,314,4
5850,55450,Go,314,4
5851,55453,away,314,4
5852,55468,Batty,314,4
5853,55474,smiles,314,4
5854,55482,His,314,4
5855,55486,coat,314,4
5856,55491,is,314,4
5857,55494,already,314,4
5858,55502,covered,314,4
5859,55510,with,314,4
5860,55515,ice,314,4
5861,55553,BATTY,315,4
5862,55577,Questions,315,4
5863,55621,CHEW,316,4
5864,55644,No,316,4
5865,55649,No,316,4
5866,55652,questions,316,4
5867,55672,Leon,316,4
5868,55677,is,316,4
5869,55680,staring,316,4
5870,55688,at,316,4
5871,55691,the,316,4
5872,55695,floating,316,4
5873,55704,eyes,316,4
5874,55709,in,316,4
5875,55712,an,316,4
5876,55715,aquarium,316,4
5877,55734,Batty,316,4
5878,55740,smiles,316,4
5879,55747,pleasantly,316,4
5880,55758,and,316,4
5881,55762,glances,316,4
5882,55770,at,316,4
5883,55773,a,316,4
5884,55775,tank,316,4
5885,55780,of,316,4
5886,55791,deep,316,4
5887,55796,cold,316,4
5888,55802,Batty,316,4
5889,55808,sticks,316,4
5890,55815,his,316,4
5891,55819,hand,316,4
5892,55824,in,316,4
5893,55861,CHEW,317,4
5894,55891,urgently,317,4
5895,55919,No,317,4
5896,55923,Cold,317,4
5897,55938,Batty,317,4
5898,55944,still,317,4
5899,55950,smioing,317,4
5900,55959,pulls,317,4
5901,55965,his,317,4
5902,55969,hand,317,4
5903,55974,out,317,4
5904,55979,It's,317,4
5905,55984,icy,317,4
5906,55998,Chew,317,4
5907,56003,looks,317,4
5908,56009,at,317,4
5909,56012,Batty's,317,4
5910,56020,hand,317,4
5911,56025,and,317,4
5912,56029,then,317,4
5913,56034,at,317,4
5914,56037,his,317,4
5915,56041,smiling,317,4
5916,56049,face,317,4
5917,56064,Chew,317,4
5918,56069,screams,317,4
5919,56077,in,317,4
5920,56080,sudden,317,4
5921,56087,discovery,317,4
5922,56097,and,317,4
5923,56101,outrage,317,4
5924,56143,CHEW,318,4
5925,56166,You,318,4
5926,56170,replicant,318,4
5927,56190,We,318,4
5928,56193,looks,318,4
5929,56199,at,318,4
5930,56202,Batty's,318,4
5931,56210,machine,318,4
5932,56218,gun,318,4
5933,56222,smile,318,4
5934,56229,steam,318,4
5935,56235,pouring,318,4
5936,56251,from,318,4
5937,56256,his,318,4
5938,56260,nostrils,318,4
5939,56269,as,318,4
5940,56272,we,318,4
5941,56275,hear,318,4
5942,56280,the,318,4
5943,56284,shrill,318,4
5944,56292,indignant,318,4
5945,56310,voice,318,4
5946,56316,of,318,4
5947,56319,Chew,318,4
5948,56324,being,318,4
5949,56330,outraged,318,4
5950,56373,CHEW'S,319,4
5951,56380,VOICE,319,4
5952,56387,OS,319,4
5953,56409,You,319,4
5954,56413,illegal,319,4
5955,56423,Can't,319,4
5956,56429,come,319,4
5957,56434,here,319,4
5958,56458,Illegal,319,4
5959,56476,Batty,319,4
5960,56482,is,319,4
5961,56485,smiling,319,4
5962,56493,his,319,4
5963,56497,smokey,319,4
5964,56504,smile,319,4
5965,56510,and,319,4
5966,56514,Chew,319,4
5967,56519,is,319,4
5968,56522,point,319,4
5969,56537,ing,319,4
5970,56541,up,319,4
5971,56578,CHEW,320,4
5972,56601,You,320,4
5973,56605,not,320,4
5974,56609,belong,320,4
5975,56616,here,320,4
5976,56622,Up,320,4
5977,56625,there,320,4
5978,56665,BATTY,321,4
5979,56689,Fiery,321,4
5980,56695,the,321,4
5981,56699,Angels,321,4
5982,56706,fell,321,4
5983,56714,And,321,4
5984,56718,as,321,4
5985,56721,they,321,4
5986,56744,fell,321,4
5987,56749,deep,321,4
5988,56754,thunder,321,4
5989,56762,rolled,321,4
5990,56769,around,321,4
5991,56776,their,321,4
5992,56800,shores,321,4
5993,56826,indignant,321,4
5994,56855,burning,321,4
5995,56863,with,321,4
5996,56868,the,321,4
5997,56872,fires,321,4
5998,56878,of,321,4
5999,56881,Orc,321,4
6000,56895,Chew,321,4
6001,56900,is,321,4
6002,56903,bug,321,4
6003,56907,eyed,321,4
6004,56913,What,321,4
6005,56918,is,321,4
6006,56921,this,321,4
6007,56926,shit,321,4
6008,56941,Batty,321,4
6009,56947,reaches,321,4
6010,56955,out,321,4
6011,56959,and,321,4
6012,56963,puts,321,4
6013,56968,his,321,4
6014,56972,hands,321,4
6015,56978,on,321,4
6016,56981,the,321,4
6017,56985,collar,321,4
6018,56992,of,321,4
6019,57003,Chews's,321,4
6020,57011,fur,321,4
6021,57015,coat,321,4
6022,57054,BATTY,322,4
6023,57078,Questions,322,4
6024,57098,RRRRRIIIIIIPPPP,322,4
6025,57114,Batty,322,4
6026,57120,pulls,322,4
6027,57126,the,322,4
6028,57130,coat,322,4
6029,57135,apart,322,4
6030,57142,it,322,4
6031,57145,splits,322,4
6032,57160,along,322,4
6033,57166,the,322,4
6034,57170,back,322,4
6035,57175,seam,322,4
6036,57180,and,322,4
6037,57184,falls,322,4
6038,57190,away,322,4
6039,57195,like,322,4
6040,57200,a,322,4
6041,57202,banana,322,4
6042,57209,peel,322,4
6043,57224,Chew,322,4
6044,57229,is,322,4
6045,57232,suddenly,322,4
6046,57241,totally,322,4
6047,57249,scared,322,4
6048,57257,totally,322,4
6049,57265,cold,322,4
6050,57270,and,322,4
6051,57274,totally,322,4
6052,57290,co,322,4
6053,57293,operative,322,4
6054,57337,CHEW,323,4
6055,57360,Okay,323,4
6056,57367,Answers,323,4
6057,57401,pointing,323,4
6058,57429,Gimmeee,323,4
6059,57437,coat,323,4
6060,57444,Cold,323,4
6061,57459,Chew,323,4
6062,57464,is,323,4
6063,57467,pointing,323,4
6064,57476,to,323,4
6065,57479,the,323,4
6066,57483,wall,323,4
6067,57488,pegs,323,4
6068,57493,where,323,4
6069,57499,more,323,4
6070,57504,fur,323,4
6071,57508,coats,323,4
6072,57522,hang,323,4
6073,57561,BATTY,324,4
6074,57585,Morphology,324,4
6075,57598,longevity,324,4
6076,57611,use,324,4
6077,57615,life,324,4
6078,57641,incept,324,4
6079,57648,dates,324,4
6080,57690,CHEW,325,4
6081,57721,squealing,325,4
6082,57750,I,325,4
6083,57752,dunno,325,4
6084,57760,Dunna,325,4
6085,57766,that,325,4
6086,57771,stuff,325,4
6087,57778,I,325,4
6088,57780,do,325,4
6089,57801,eyes,325,4
6090,57808,Just,325,4
6091,57813,eyes,325,4
6092,57820,Genetic,325,4
6093,57828,designs,325,4
6094,57855,just,325,4
6095,57860,eyes,325,4
6096,57875,Batty,325,4
6097,57881,looks,325,4
6098,57887,around,325,4
6099,57894,the,325,4
6100,57898,room,325,4
6101,57903,at,325,4
6102,57906,the,325,4
6103,57910,tank,325,4
6104,57915,of,325,4
6105,57918,eyes,325,4
6106,57924,the,325,4
6107,57936,muscle,325,4
6108,57943,charts,325,4
6109,57950,of,325,4
6110,57953,eyes,325,4
6111,57959,the,325,4
6112,57963,pictures,325,4
6113,57972,of,325,4
6114,57975,eyes,325,4
6115,58014,BATTY,326,4
6116,58038,Ah,326,4
6117,58043,I,326,4
6118,58045,thought,326,4
6119,58053,perhaps,326,4
6120,58061,feet,326,4
6121,58087,hands,326,4
6122,58096,muscle,326,4
6123,58103,tissue,326,4
6124,58112,or,326,4
6125,58135,noses,326,4
6126,58177,CHEW,327,4
6127,58208,desperate,327,4
6128,58237,Just,327,4
6129,58242,eyes,327,4
6130,58248,Gimee,327,4
6131,58254,coat,327,4
6132,58260,okay,327,4
6133,58275,Leon,327,4
6134,58280,is,327,4
6135,58283,staring,327,4
6136,58291,into,327,4
6137,58296,the,327,4
6138,58300,tank,327,4
6139,58305,of,327,4
6140,58308,eyes,327,4
6141,58314,trying,327,4
6142,58321,not,327,4
6143,58325,to,327,4
6144,58336,blink,327,4
6145,58352,The,327,4
6146,58356,eyes,327,4
6147,58361,stare,327,4
6148,58367,back,327,4
6149,58372,at,327,4
6150,58375,Leon,327,4
6151,58381,unblinkingly,327,4
6152,58395,arrogantly,327,4
6153,58440,BATTY,328,4
6154,58464,My,328,4
6155,58468,eyes,328,4
6156,58478,I,328,4
6157,58480,guess,328,4
6158,58486,you,328,4
6159,58490,designed,328,4
6160,58517,them,328,4
6161,58523,eh,328,4
6162,58560,CHEW,329,4
6163,58583,You,329,4
6164,58587,Nexus,329,4
6165,58594,I,329,4
6166,58596,design,329,4
6167,58603,Nexus,329,4
6168,58609,eyes,329,4
6169,58624,SMASH,329,4
6170,58632,Leon,329,4
6171,58638,infuriated,329,4
6172,58649,by,329,4
6173,58652,the,329,4
6174,58656,unblinking,329,4
6175,58667,eyes,329,4
6176,58673,smashes,329,4
6177,58689,the,329,4
6178,58693,tank,329,4
6179,58698,and,329,4
6180,58702,the,329,4
6181,58706,insolent,329,4
6182,58715,eyes,329,4
6183,58720,pour,329,4
6184,58725,out,329,4
6185,58729,onto,329,4
6186,58734,the,329,4
6187,58738,floor,329,4
6188,58754,Batty,329,4
6189,58760,smiles,329,4
6190,58767,and,329,4
6191,58771,points,329,4
6192,58778,to,329,4
6193,58781,his,329,4
6194,58785,own,329,4
6195,58789,eyes,329,4
6196,58828,BATTY,330,4
6197,58852,Ah,330,4
6198,58856,Chew,330,4
6199,58890,squish,330,4
6200,58897,squish,330,4
6201,58923,If,330,4
6202,58926,only,330,4
6203,58931,you,330,4
6204,58935,could,330,4
6205,58941,see,330,4
6206,58945,the,330,4
6207,58949,things,330,4
6208,58974,I,330,4
6209,58976,have,330,4
6210,58981,seen,330,4
6211,58986,with,330,4
6212,58991,your,330,4
6213,58996,eyes,330,4
6214,59011,Squish,330,4
6215,59020,Squish,330,4
6216,59029,The,330,4
6217,59033,squishes,330,4
6218,59042,are,330,4
6219,59046,Batty's,330,4
6220,59054,feet,330,4
6221,59067,stepping,330,4
6222,59076,in,330,4
6223,59079,eyeballs,330,4
6224,59088,as,330,4
6225,59091,he,330,4
6226,59094,paces,330,4
6227,59100,in,330,4
6228,59103,front,330,4
6229,59109,of,330,4
6230,59112,Chew,330,4
6231,59151,CHEW,331,4
6232,59174,Please,331,4
6233,59183,Cc,331,4
6234,59186,cc,331,4
6235,59189,cold,331,4
6236,59228,BATTY,332,4
6237,59259,prosecuting,332,4
6238,59271,attorney,332,4
6239,59299,Questions,332,4
6240,59343,CHEW,333,4
6241,59366,D,333,4
6242,59368,dunno,333,4
6243,59374,answers,333,4
6244,59384,P,333,4
6245,59386,please,333,4
6246,59427,BATTY,334,4
6247,59451,Who,334,4
6248,59455,does,334,4
6249,59494,CHEW,335,4
6250,59517,Tyro,335,4
6251,59523,Knows,335,4
6252,59529,everything,335,4
6253,59574,BATTY,336,4
6254,59598,The,336,4
6255,59602,Tyrell,336,4
6256,59609,Corporation,336,4
6257,59655,CHEW,337,4
6258,59678,Big,337,4
6259,59682,boss,337,4
6260,59689,Big,337,4
6261,59693,genius,337,4
6262,59702,Design,337,4
6263,59727,your,337,4
6264,59732,brain,337,4
6265,59772,BATTY,338,4
6266,59796,Ah,338,4
6267,59801,Smart,338,4
6268,59841,CHEW,339,4
6269,59864,V,339,4
6270,59866,very,339,4
6271,59871,cold,339,4
6272,59877,p,339,4
6273,59879,please,339,4
6274,59923,BATTY,340,4
6275,59947,Not,340,4
6276,59951,an,340,4
6277,59954,easy,340,4
6278,59959,man,340,4
6279,59963,to,340,4
6280,59966,see,340,4
6281,59971,I'd,340,4
6282,59993,guess,340,4
6283,60001,Security,340,4
6284,60048,CHEW,341,4
6285,60071,Sebastian,341,4
6286,60081,take,341,4
6287,60086,you,341,4
6288,60092,Gimmee,341,4
6289,60117,coat,341,4
6290,60156,BATTY,342,4
6291,60180,And,342,4
6292,60184,who,342,4
6293,60188,is,342,4
6294,60191,Sebastian,342,4
6295,60211,Chew,342,4
6296,60216,is,342,4
6297,60219,blue,342,4
6298,60224,and,342,4
6299,60228,hysterical,342,4
6300,60273,CHEW,343,4
6301,60296,J,343,4
6302,60298,j,343,4
6303,60300,j,343,4
6304,60302,j,343,4
6305,60304,j,343,4
6306,60306,F,343,4
6307,60309,S,343,4
6308,60311,sebastian,343,4
6309,60340,Please,343,4
6310,60393,BATTY,344,4
6311,60417,Ah,344,4
6312,60422,How,344,4
6313,60426,would,344,4
6314,60432,I,344,4
6315,60434,find,344,4
6316,60439,him,344,4
6317,60464,J,344,4
6318,60466,F,344,4
6319,60469,Sebastian,344,4
6320,60490,Chew,344,4
6321,60495,looks,344,4
6322,60501,like,344,4
6323,60506,heart,344,4
6324,60512,attack,344,4
6325,60519,city,344,4
6326,60526,Is,344,4
6327,60529,it,344,4
6328,60532,going,344,4
6329,60538,to,344,4
6330,60549,go,344,4
6331,60552,on,344,4
6332,60555,forever,344,4
6333,60616,CUT,344,4
6334,60620,TO,344,4
6335,60633,EXT,345,4
6336,60638,DECKARD'S,345,4
6337,60648,APARTMENT,345,4
6338,60658,BUILDING,345,4
6339,60669,NIGHT,345,4
6340,60689,40,345,4
6341,60701,Deckard's,346,4
6342,60711,car,346,4
6343,60715,pulls,346,4
6344,60721,up,346,4
6345,60724,into,346,4
6346,60729,a,346,4
6347,60731,drive,346,4
6348,60737,of,346,4
6349,60740,a,346,4
6350,60742,condominium,346,4
6351,60762,block,346,4
6352,60768,that,346,4
6353,60773,looms,346,4
6354,60779,against,346,4
6355,60787,the,346,4
6356,60791,night,346,4
6357,60797,sky,346,4
6358,60801,like,346,4
6359,60806,a,346,4
6360,60808,pile,346,4
6361,60821,of,346,4
6362,60824,cardboard,346,4
6363,60834,boxes,346,4
6364,60850,Deckard,346,4
6365,60858,gets,346,4
6366,60863,out,346,4
6367,60867,of,346,4
6368,60870,the,346,4
6369,60874,car,346,4
6370,60878,wearily,346,4
6371,60886,and,346,4
6372,60890,heads,346,4
6373,60896,for,346,4
6374,60900,the,346,4
6375,60912,front,346,4
6376,60918,door,346,4
6377,60976,CUT,346,4
6378,60980,TO,346,4
6379,60993,INT,347,4
6380,60998,ELEVATOR,347,4
6381,61007,NIGHT,347,4
6382,61049,41,347,4
6383,61061,The,348,4
6384,61065,elevator,348,4
6385,61074,is,348,4
6386,61077,gloomy,348,4
6387,61085,poorly,348,4
6388,61092,lit,348,4
6389,61097,full,348,4
6390,61102,of,348,4
6391,61105,shadows,348,4
6392,61123,Deckard,348,4
6393,61131,asks,348,4
6394,61136,for,348,4
6395,61140,the,348,4
6396,61144,97th,348,4
6397,61149,Floor,348,4
6398,61165,The,348,4
6399,61169,ELEVATOR,348,4
6400,61178,makes,348,4
6401,61184,a,348,4
6402,61186,creaking,348,4
6403,61195,noise,348,4
6404,61202,very,348,4
6405,61207,distinctive,348,4
6406,61228,and,348,4
6407,61232,starts,348,4
6408,61239,upward,348,4
6409,61256,Deckard,348,4
6410,61264,frowns,348,4
6411,61273,Something,348,4
6412,61283,is,348,4
6413,61286,wrong,348,4
6414,61293,He,348,4
6415,61296,is,348,4
6416,61299,suddenly,348,4
6417,61316,very,348,4
6418,61321,alert,348,4
6419,61328,ready,348,4
6420,61344,There,348,4
6421,61350,are,348,4
6422,61354,shadows,348,4
6423,61362,behind,348,4
6424,61369,him,348,4
6425,61373,but,348,4
6426,61377,he,348,4
6427,61380,can't,348,4
6428,61386,turn,348,4
6429,61391,to,348,4
6430,61394,look,348,4
6431,61409,The,348,4
6432,61413,ELEVATOR,348,4
6433,61422,CREAKS,348,4
6434,61429,UPWARDS,348,4
6435,61447,Deckard,348,4
6436,61455,goes,348,4
6437,61460,for,348,4
6438,61464,his,348,4
6439,61468,blaster,348,4
6440,61477,gets,348,4
6441,61482,it,348,4
6442,61485,out,348,4
6443,61489,quick,348,4
6444,61495,and,348,4
6445,61507,whirls,348,4
6446,61524,Rachael,348,4
6447,61532,is,348,4
6448,61535,there,348,4
6449,61542,in,348,4
6450,61545,the,348,4
6451,61549,shadows,348,4
6452,61567,Deckard's,348,4
6453,61577,blaster,348,4
6454,61585,is,348,4
6455,61588,pointed,348,4
6456,61596,at,348,4
6457,61599,her,348,4
6458,61605,One,348,4
6459,61609,more,348,4
6460,61614,second,348,4
6461,61635,Deckard,348,4
6462,61643,lowers,348,4
6463,61650,the,348,4
6464,61654,blaster,348,4
6465,61664,He's,348,4
6466,61669,shaking,348,4
6467,61677,all,348,4
6468,61681,of,348,4
6469,61684,a,348,4
6470,61686,sudden,348,4
6471,61727,RACHAEL,349,4
6472,61753,I'm,349,4
6473,61757,sorry,349,4
6474,61774,INT,350,4
6475,61779,CORRIDOR,350,4
6476,61788,NIGHT,350,4
6477,61830,42,350,4
6478,61842,Deckard,351,4
6479,61850,exits,351,4
6480,61856,the,351,4
6481,61860,elevator,351,4
6482,61869,and,351,4
6483,61873,approaches,351,4
6484,61884,his,351,4
6485,61888,door,351,4
6486,61903,Rachael,351,4
6487,61911,is,351,4
6488,61914,behind,351,4
6489,61921,him,351,4
6490,61926,she's,351,4
6491,61932,desperate,351,4
6492,61952,Deckard,351,4
6493,61960,takes,351,4
6494,61966,out,351,4
6495,61970,his,351,4
6496,61974,wallet,351,4
6497,61982,it,351,4
6498,61985,drops,351,4
6499,61991,to,351,4
6500,61994,the,351,4
6501,61998,floor,351,4
6502,62012,scattering,351,4
6503,62023,his,351,4
6504,62027,cards,351,4
6505,62043,Rachael,351,4
6506,62051,picks,351,4
6507,62057,up,351,4
6508,62060,the,351,4
6509,62064,cards,351,4
6510,62104,RACHAEL,352,4
6511,62130,Let,352,4
6512,62134,me,352,4
6513,62137,help,352,4
6514,62142,you,352,4
6515,62180,DECKARD,353,4
6516,62206,What,353,4
6517,62211,do,353,4
6518,62214,I,353,4
6519,62216,need,353,4
6520,62221,help,353,4
6521,62226,for,353,4
6522,62240,Deckard,353,4
6523,62248,takes,353,4
6524,62254,the,353,4
6525,62258,card,353,4
6526,62263,from,353,4
6527,62268,her,353,4
6528,62272,and,353,4
6529,62276,starts,353,4
6530,62283,to,353,4
6531,62286,open,353,4
6532,62299,the,353,4
6533,62303,door,353,4
6534,62342,RACHAEL,354,4
6535,62368,I,354,4
6536,62370,don't,354,4
6537,62376,know,354,4
6538,62381,why,354,4
6539,62385,he,354,4
6540,62388,told,354,4
6541,62393,you,354,4
6542,62397,what,354,4
6543,62420,he,354,4
6544,62423,did,354,4
6545,62461,DECKARD,355,4
6546,62487,Talk,355,4
6547,62492,to,355,4
6548,62495,him,355,4
6549,62510,INT,356,4
6550,62515,DECKARD'S,356,4
6551,62525,APARTMENT,356,4
6552,62537,NIGHT,356,4
6553,62566,43,356,4
6554,62578,The,357,4
6555,62582,place,357,4
6556,62588,is,357,4
6557,62591,a,357,4
6558,62593,mess,357,4
6559,62598,Deckard,357,4
6560,62606,walks,357,4
6561,62612,in,357,4
6562,62615,leaving,357,4
6563,62623,the,357,4
6564,62627,door,357,4
6565,62632,open,357,4
6566,62671,RACHAEL,358,4
6567,62697,He,358,4
6568,62700,wouldn't,358,4
6569,62709,see,358,4
6570,62713,me,358,4
6571,62726,Deckard,358,4
6572,62734,goes,358,4
6573,62739,into,358,4
6574,62744,the,358,4
6575,62748,kitchen,358,4
6576,62757,comes,358,4
6577,62763,out,358,4
6578,62767,with,358,4
6579,62772,a,358,4
6580,62774,towel,358,4
6581,62780,drying,358,4
6582,62795,his,358,4
6583,62799,hair,358,4
6584,62806,He,358,4
6585,62809,walks,358,4
6586,62815,to,358,4
6587,62818,the,358,4
6588,62822,cocktail,358,4
6589,62831,cabinet,358,4
6590,62839,and,358,4
6591,62843,pours,358,4
6592,62849,himself,358,4
6593,62865,a,358,4
6594,62867,drink,358,4
6595,62907,DECKARD,359,4
6596,62933,I'm,359,4
6597,62937,gonna,359,4
6598,62943,have,359,4
6599,62948,a,359,4
6600,62950,drink,359,4
6601,62990,RACHAEL,360,4
6602,63016,You,360,4
6603,63020,think,360,4
6604,63026,I'm,360,4
6605,63030,a,360,4
6606,63032,replicant,360,4
6607,63043,don't,360,4
6608,63067,you,360,4
6609,63081,Deckard,360,4
6610,63089,takes,360,4
6611,63095,off,360,4
6612,63099,his,360,4
6613,63103,wet,360,4
6614,63107,raincoat,360,4
6615,63116,and,360,4
6616,63120,throws,360,4
6617,63127,it,360,4
6618,63130,on,360,4
6619,63133,a,360,4
6620,63135,chair,360,4
6621,63175,RACHAEL,361,4
6622,63201,Look,361,4
6623,63216,She,361,4
6624,63220,goes,361,4
6625,63225,to,361,4
6626,63228,him,361,4
6627,63232,holding,361,4
6628,63240,a,361,4
6629,63242,picture,361,4
6630,63250,in,361,4
6631,63253,her,361,4
6632,63257,hand,361,4
6633,63272,Deckard,361,4
6634,63280,looks,361,4
6635,63286,at,361,4
6636,63289,it,361,4
6637,63302,It's,361,4
6638,63307,an,361,4
6639,63310,old,361,4
6640,63314,snapshot,361,4
6641,63324,a,361,4
6642,63326,little,361,4
6643,63333,girl,361,4
6644,63338,with,361,4
6645,63343,a,361,4
6646,63345,mother,361,4
6647,63352,and,361,4
6648,63356,father,361,4
6649,63397,RACHAEL,362,4
6650,63423,It's,362,4
6651,63428,me,362,4
6652,63431,with,362,4
6653,63436,my,362,4
6654,63439,parents,362,4
6655,63457,Deckard,362,4
6656,63465,hands,362,4
6657,63471,it,362,4
6658,63474,back,362,4
6659,63479,to,362,4
6660,63482,her,362,4
6661,63486,slowly,362,4
6662,63495,Finally,362,4
6663,63503,speaks,362,4
6664,63544,DECKARD,363,4
6665,63570,You,363,4
6666,63574,remember,363,4
6667,63583,when,363,4
6668,63588,you,363,4
6669,63592,were,363,4
6670,63597,about,363,4
6671,63603,six,363,4
6672,63607,and,363,4
6673,63611,you,363,4
6674,63633,and,363,4
6675,63637,your,363,4
6676,63642,brother,363,4
6677,63650,snuck,363,4
6678,63656,into,363,4
6679,63661,an,363,4
6680,63664,empty,363,4
6681,63670,building,363,4
6682,63701,through,363,4
6683,63709,the,363,4
6684,63713,basement,363,4
6685,63722,window,363,4
6686,63764,RACHAEL,364,4
6687,63790,What,364,4
6688,63796,Y,364,4
6689,63798,yes,364,4
6690,63839,DECKARD,365,4
6691,63865,You,365,4
6692,63869,were,365,4
6693,63874,going,365,4
6694,63880,to,365,4
6695,63883,play,365,4
6696,63888,Doctor,365,4
6697,63896,He,365,4
6698,63899,showed,365,4
6699,63924,you,365,4
6700,63928,his,365,4
6701,63933,then,365,4
6702,63938,you,365,4
6703,63942,chickened,365,4
6704,63952,and,365,4
6705,63956,ran,365,4
6706,63960,out,365,4
6707,63998,RACHAEL,366,4
6708,64024,But,366,4
6709,64041,She,366,4
6710,64045,looks,366,4
6711,64051,up,366,4
6712,64054,and,366,4
6713,64058,he's,366,4
6714,64063,staring,366,4
6715,64071,at,366,4
6716,64074,her,366,4
6717,64079,but,366,4
6718,64083,she,366,4
6719,64087,doesn't,366,4
6720,64095,seem,366,4
6721,64108,to,366,4
6722,64111,notice,366,4
6723,64152,DECKARD,367,4
6724,64178,Remember,367,4
6725,64187,the,367,4
6726,64191,bush,367,4
6727,64196,outside,367,4
6728,64204,your,367,4
6729,64209,window,367,4
6730,64234,with,367,4
6731,64239,the,367,4
6732,64243,spider,367,4
6733,64250,in,367,4
6734,64253,it,367,4
6735,64266,Rachael,367,4
6736,64274,looks,367,4
6737,64280,up,367,4
6738,64283,at,367,4
6739,64286,him,367,4
6740,64324,DECKARD,368,4
6741,64350,Green,368,4
6742,64356,body,368,4
6743,64362,orange,368,4
6744,64369,legs,368,4
6745,64377,you,368,4
6746,64381,watched,368,4
6747,64407,her,368,4
6748,64411,build,368,4
6749,64417,a,368,4
6750,64419,web,368,4
6751,64423,all,368,4
6752,64427,summer,368,4
6753,64468,RACHAEL,369,4
6754,64494,Yes,369,4
6755,64508,Her,369,4
6756,64512,voice,369,4
6757,64518,is,369,4
6758,64521,getting,369,4
6759,64529,very,369,4
6760,64534,small,369,4
6761,64574,DECKARD,370,4
6762,64600,One,370,4
6763,64604,day,370,4
6764,64608,there,370,4
6765,64614,was,370,4
6766,64618,an,370,4
6767,64621,egg,370,4
6768,64625,in,370,4
6769,64628,the,370,4
6770,64632,webb,370,4
6771,64647,Rachael,370,4
6772,64655,nods,370,4
6773,64660,faintly,370,4
6774,64702,RACHAEL,371,4
6775,64728,After,371,4
6776,64734,a,371,4
6777,64736,while,371,4
6778,64743,the,371,4
6779,64747,egg,371,4
6780,64751,hatched,371,4
6781,64759,and,371,4
6782,64781,hundreds,371,4
6783,64790,of,371,4
6784,64793,baby,371,4
6785,64798,spiders,371,4
6786,64806,came,371,4
6787,64811,out,371,4
6788,64815,and,371,4
6789,64837,ate,371,4
6790,64841,her,371,4
6791,64848,That,371,4
6792,64853,made,371,4
6793,64858,quite,371,4
6794,64864,an,371,4
6795,64867,impression,371,4
6796,64896,on,371,4
6797,64899,me,371,4
6798,64903,Mr,371,4
6799,64907,Deckard,371,4
6800,64949,DECKARD,372,4
6801,64975,You,372,4
6802,64979,still,372,4
6803,64985,don't,372,4
6804,64991,get,372,4
6805,64995,it,372,4
6806,65032,RACHAEL,373,4
6807,65058,No,373,4
6808,65063,I,373,4
6809,65068,I,373,4
6810,65075,don't,373,4
6811,65091,Deckard,373,4
6812,65099,is,373,4
6813,65102,now,373,4
6814,65106,nasty,373,4
6815,65113,downright,373,4
6816,65123,bitter,373,4
6817,65164,DECKARD,374,4
6818,65190,Implants,374,4
6819,65201,They,374,4
6820,65206,are,374,4
6821,65210,not,374,4
6822,65214,your,374,4
6823,65219,memories,374,4
6824,65247,they,374,4
6825,65252,belong,374,4
6826,65259,to,374,4
6827,65262,Tyrell's,374,4
6828,65271,sixteen,374,4
6829,65279,year,374,4
6830,65302,old,374,4
6831,65306,niece,374,4
6832,65322,Rachael,374,4
6833,65330,doesnt,374,4
6834,65337,say,374,4
6835,65341,anything,374,4
6836,65351,she,374,4
6837,65355,can't,374,4
6838,65395,DECKARD,375,4
6839,65421,He's,375,4
6840,65426,very,375,4
6841,65431,proud,375,4
6842,65437,of,375,4
6843,65440,them,375,4
6844,65447,He,375,4
6845,65450,ran,375,4
6846,65454,them,375,4
6847,65477,on,375,4
6848,65480,a,375,4
6849,65482,scanner,375,4
6850,65490,for,375,4
6851,65494,me,375,4
6852,65507,Rachael,375,4
6853,65515,just,375,4
6854,65520,stares,375,4
6855,65527,at,375,4
6856,65530,him,375,4
6857,65535,stunned,375,4
6858,65543,and,375,4
6859,65547,barely,375,4
6860,65554,holding,375,4
6861,65562,on,375,4
6862,65599,DECKARD,376,4
6863,65625,Still,376,4
6864,65631,don't,376,4
6865,65637,believe,376,4
6866,65645,me,376,4
6867,65683,RACHAEL,377,4
6868,65709,I,378,4
6869,65714,I,378,4
6870,65752,DECKARD,379,4
6871,65778,Right,379,4
6872,65786,I,379,4
6873,65788,made,379,4
6874,65793,it,379,4
6875,65796,all,379,4
6876,65800,up,379,4
6877,65805,You're,379,4
6878,65812,not,379,4
6879,65834,a,379,4
6880,65836,replicant,379,4
6881,65847,It,379,4
6882,65850,was,379,4
6883,65854,a,379,4
6884,65856,nasty,379,4
6885,65862,joke,379,4
6886,65868,Go,379,4
6887,65871,home,379,4
6888,65886,Rachael,379,4
6889,65894,is,379,4
6890,65897,biting,379,4
6891,65904,her,379,4
6892,65908,lip,379,4
6893,65912,or,379,4
6894,65915,something,379,4
6895,65926,holding,379,4
6896,65934,it,379,4
6897,65937,back,379,4
6898,65976,DECKARD,380,4
6899,66002,Go,380,4
6900,66005,on,380,4
6901,66010,Beat,380,4
6902,66015,it,380,4
6903,66020,Sorry,380,4
6904,66029,Bad,380,4
6905,66033,joke,380,4
6906,66048,Deckard,380,4
6907,66056,sees,380,4
6908,66062,he's,380,4
6909,66067,gotten,380,4
6910,66074,through,380,4
6911,66085,maybe,380,4
6912,66091,too,380,4
6913,66095,far,380,4
6914,66133,DECKARD,381,4
6915,66159,Wanna,381,4
6916,66165,drink,381,4
6917,66182,She's,381,4
6918,66188,completely,381,4
6919,66199,destroyed,381,4
6920,66210,silent,381,4
6921,66251,DECKARD,382,4
6922,66277,I'll,382,4
6923,66282,getcha,382,4
6924,66289,one,382,4
6925,66303,Deckard,382,4
6926,66311,hurries,382,4
6927,66319,out,382,4
6928,66333,The,382,4
6929,66337,CLOCK,382,4
6930,66343,IS,382,4
6931,66346,TICKING,382,4
6932,66408,CUT,382,4
6933,66412,TO,382,4
6934,66425,INT,383,4
6935,66430,KITCHEN,383,4
6936,66440,NIGHT,383,4
6937,66481,44,383,4
6938,66493,Deckard,384,4
6939,66501,is,384,4
6940,66504,peering,384,4
6941,66512,at,384,4
6942,66515,her,384,4
6943,66519,from,384,4
6944,66524,the,384,4
6945,66528,doorway,384,4
6946,66537,a,384,4
6947,66539,Peeping,384,4
6948,66555,Tom,384,4
6949,66561,He,384,4
6950,66564,sees,384,4
6951,66569,the,384,4
6952,66573,shaking,384,4
6953,66581,hands,384,4
6954,66589,He,384,4
6955,66592,doesn't,384,4
6956,66600,like,384,4
6957,66605,this,384,4
6958,66618,shit,384,4
6959,66633,He,384,4
6960,66636,turns,384,4
6961,66642,his,384,4
6962,66646,attention,384,4
6963,66656,to,384,4
6964,66659,getting,384,4
6965,66667,the,384,4
6966,66671,drink,384,4
6967,66679,The,384,4
6968,66691,kitchen,384,4
6969,66699,is,384,4
6970,66702,a,384,4
6971,66704,disaster,384,4
6972,66713,area,384,4
6973,66719,dirty,384,4
6974,66725,dishes,384,4
6975,66732,overflowing,384,4
6976,66752,from,384,4
6977,66757,the,384,4
6978,66761,sink,384,4
6979,66766,the,384,4
6980,66770,way,384,4
6981,66774,a,384,4
6982,66776,plant,384,4
6983,66782,grows,384,4
6984,66788,out,384,4
6985,66792,of,384,4
6986,66795,a,384,4
6987,66797,pot,384,4
6988,66811,Deckard,384,4
6989,66819,opens,384,4
6990,66825,the,384,4
6991,66829,refrigerator,384,4
6992,66844,The,384,4
6993,66848,contents,384,4
6994,66857,aren't,384,4
6995,66872,messy,384,4
6996,66878,so,384,4
6997,66881,much,384,4
6998,66886,as,384,4
6999,66889,unusual,384,4
7000,66899,He,384,4
7001,66902,opens,384,4
7002,66908,the,384,4
7003,66912,freezer,384,4
7004,66920,com,384,4
7005,66933,partment,384,4
7006,66942,and,384,4
7007,66946,pulls,384,4
7008,66952,out,384,4
7009,66956,a,384,4
7010,66958,bottle,384,4
7011,66965,of,384,4
7012,66968,Tsing,384,4
7013,66974,Tao,384,4
7014,66978,vodka,384,4
7015,66992,and,384,4
7016,66996,eyes,384,4
7017,67001,it,384,4
7018,67006,Half,384,4
7019,67011,empty,384,4
7020,67027,He,384,4
7021,67030,rummages,384,4
7022,67039,among,384,4
7023,67045,the,384,4
7024,67049,dirty,384,4
7025,67055,dishes,384,4
7026,67062,for,384,4
7027,67066,a,384,4
7028,67068,glass,384,4
7029,67074,that,384,4
7030,67087,doesn't,384,4
7031,67095,actually,384,4
7032,67104,have,384,4
7033,67109,fungus,384,4
7034,67116,growing,384,4
7035,67124,in,384,4
7036,67127,it,384,4
7037,67132,He,384,4
7038,67135,finds,384,4
7039,67149,one,384,4
7040,67153,that's,384,4
7041,67160,only,384,4
7042,67165,greasy,384,4
7043,67173,wipes,384,4
7044,67179,it,384,4
7045,67182,with,384,4
7046,67187,a,384,4
7047,67189,dirty,384,4
7048,67195,towel,384,4
7049,67210,making,384,4
7050,67217,it,384,4
7051,67220,greasier,384,4
7052,67230,and,384,4
7053,67234,pours,384,4
7054,67240,vodka,384,4
7055,67246,into,384,4
7056,67251,it,384,4
7057,67264,He,384,4
7058,67267,heads,384,4
7059,67273,back,384,4
7060,67278,into,384,4
7061,67283,the,384,4
7062,67287,living,384,4
7063,67294,room,384,4
7064,67310,INT,385,4
7065,67315,LIVING,385,4
7066,67322,ROOM,385,4
7067,67329,NIGHT,385,4
7068,67366,45,385,4
7069,67378,Deckard,386,4
7070,67386,stops,386,4
7071,67392,in,386,4
7072,67395,the,386,4
7073,67399,doorway,386,4
7074,67407,surprised,386,4
7075,67427,The,386,4
7076,67431,room,386,4
7077,67436,is,386,4
7078,67439,empty,386,4
7079,67446,Rachael,386,4
7080,67454,is,386,4
7081,67457,gone,386,4
7082,67472,Deckard,386,4
7083,67480,stares,386,4
7084,67487,at,386,4
7085,67490,the,386,4
7086,67494,empty,386,4
7087,67500,room,386,4
7088,67505,for,386,4
7089,67509,a,386,4
7090,67511,long,386,4
7091,67516,moment,386,4
7092,67525,Then,386,4
7093,67538,he,386,4
7094,67541,chug,386,4
7095,67546,a,386,4
7096,67548,lugs,386,4
7097,67553,the,386,4
7098,67557,vodka,386,4
7099,67564,As,386,4
7100,67567,he,386,4
7101,67570,brings,386,4
7102,67577,his,386,4
7103,67581,head,386,4
7104,67586,back,386,4
7105,67591,and,386,4
7106,67603,winces,386,4
7107,67610,from,386,4
7108,67615,the,386,4
7109,67619,fiery,386,4
7110,67625,booze,386,4
7111,67631,he,386,4
7112,67634,sees,386,4
7113,67639,something,386,4
7114,67659,Something,386,4
7115,67669,crumpled,386,4
7116,67678,on,386,4
7117,67681,the,386,4
7118,67685,floor,386,4
7119,67701,He,386,4
7120,67704,goes,386,4
7121,67709,over,386,4
7122,67714,and,386,4
7123,67718,picks,386,4
7124,67724,it,386,4
7125,67727,up,386,4
7126,67740,It's,386,4
7127,67745,the,386,4
7128,67749,picture,386,4
7129,67757,of,386,4
7130,67760,Rachael,386,4
7131,67768,with,386,4
7132,67773,her,386,4
7133,67777,parents,386,4
7134,67786,He,386,4
7135,67789,studies,386,4
7136,67805,it,386,4
7137,67818,On,386,4
7138,67821,the,386,4
7139,67825,other,386,4
7140,67831,side,386,4
7141,67836,is,386,4
7142,67839,a,386,4
7143,67841,phone,386,4
7144,67847,number,386,4
7145,67864,Deckard,386,4
7146,67872,walks,386,4
7147,67878,over,386,4
7148,67883,to,386,4
7149,67886,the,386,4
7150,67890,window,386,4
7151,67897,and,386,4
7152,67901,stares,386,4
7153,67908,out,386,4
7154,67922,A,386,4
7155,67924,spinner,386,4
7156,67932,flashes,386,4
7157,67940,by,386,4
7158,67943,smearing,386,4
7159,67952,light,386,4
7160,67958,on,386,4
7161,67961,his,386,4
7162,67965,face,386,4
7163,68023,CUT,386,4
7164,68027,TO,386,4
7165,68040,OMIT,386,4
7166,68096,46,386,4
7167,68108,OMIT,386,4
7168,68164,47,386,4
7169,68176,OMIT,386,4
7170,68232,48,386,4
7171,68244,EXT,387,4
7172,68249,AN,387,4
7173,68252,ABANDONED,387,4
7174,68262,BUILDING,387,4
7175,68273,NIGHT,387,4
7176,68300,49,387,4
7177,68312,Pris,388,4
7178,68317,exits,388,4
7179,68323,the,388,4
7180,68327,building,388,4
7181,68336,and,388,4
7182,68340,starts,388,4
7183,68347,across,388,4
7184,68354,the,388,4
7185,68358,street,388,4
7186,68375,A,388,4
7187,68377,spinner,388,4
7188,68385,rockets,388,4
7189,68393,past,388,4
7190,68398,overhead,388,4
7191,68409,She,388,4
7192,68413,reacts,388,4
7193,68420,nervously,388,4
7194,68438,watches,388,4
7195,68446,the,388,4
7196,68450,spinner,388,4
7197,68458,slide,388,4
7198,68464,away,388,4
7199,68479,She,388,4
7200,68483,crosses,388,4
7201,68491,the,388,4
7202,68495,street,388,4
7203,68502,past,388,4
7204,68507,a,388,4
7205,68509,window,388,4
7206,68516,full,388,4
7207,68521,of,388,4
7208,68524,wedding,388,4
7209,68532,dresses,388,4
7210,68548,as,388,4
7211,68551,the,388,4
7212,68555,spinner,388,4
7213,68563,zips,388,4
7214,68568,off,388,4
7215,68572,in,388,4
7216,68575,the,388,4
7217,68579,distance,388,4
7218,68599,EXT,389,5
7219,68604,SEBASTIAN'S,389,5
7220,68616,BUILDING,389,5
7221,68627,NIGHT,389,5
7222,68655,50,389,5
7223,68667,Pris,390,5
7224,68672,walks,390,5
7225,68678,under,390,5
7226,68684,the,390,5
7227,68688,art,390,5
7228,68692,deco,390,5
7229,68697,marquee,390,5
7230,68705,between,390,5
7231,68713,the,390,5
7232,68717,twisted,390,5
7233,68733,corduroy,390,5
7234,68742,columns,390,5
7235,68750,and,390,5
7236,68754,into,390,5
7237,68759,the,390,5
7238,68763,foyer,390,5
7239,68779,She,390,5
7240,68783,picks,390,5
7241,68789,a,390,5
7242,68791,spot,390,5
7243,68796,near,390,5
7244,68801,the,390,5
7245,68805,entrance,390,5
7246,68814,and,390,5
7247,68818,is,390,5
7248,68821,covering,390,5
7249,68830,herself,390,5
7250,68838,with,390,5
7251,68851,old,390,5
7252,68855,newspapers,390,5
7253,68866,and,390,5
7254,68870,trash,390,5
7255,68876,for,390,5
7256,68880,warmth,390,5
7257,68887,when,390,5
7258,68892,she,390,5
7259,68896,hears,390,5
7260,68902,a,390,5
7261,68904,strange,390,5
7262,68920,NOISE,391,5
7263,68936,A,391,5
7264,68938,weird,391,5
7265,68944,street,391,5
7266,68951,cleaning,391,5
7267,68960,MACHINE,391,5
7268,68968,GRINDS,391,5
7269,68975,past,391,5
7270,68990,Pris,391,5
7271,68995,watches,391,5
7272,69003,the,391,5
7273,69007,machine,391,5
7274,69015,with,391,5
7275,69020,interest,391,5
7276,69030,then,391,5
7277,69035,huddles,391,5
7278,69051,under,391,5
7279,69057,the,391,5
7280,69061,trash,391,5
7281,69077,A,391,5
7282,69079,battered,391,5
7283,69088,old,391,5
7284,69092,truck,391,5
7285,69099,Sebastian's,391,5
7286,69112,SPUTTER,391,5
7287,69120,AND,391,5
7288,69124,FARTS,391,5
7289,69138,to,391,5
7290,69141,a,391,5
7291,69143,halt,391,5
7292,69148,in,391,5
7293,69151,front,391,5
7294,69167,SEBASTIAN,391,5
7295,69177,gets,391,5
7296,69182,out,391,5
7297,69187,a,391,5
7298,69189,young,391,5
7299,69195,man,391,5
7300,69199,with,391,5
7301,69204,skin,391,5
7302,69209,that,391,5
7303,69214,is,391,5
7304,69217,yel,391,5
7305,69230,lowing,391,5
7306,69237,into,391,5
7307,69242,old,391,5
7308,69246,parchment,391,5
7309,69258,He's,391,5
7310,69263,wearing,391,5
7311,69271,a,391,5
7312,69273,World,391,5
7313,69279,War,391,5
7314,69291,Two,391,5
7315,69295,leather,391,5
7316,69303,pilot's,391,5
7317,69311,cap,391,5
7318,69315,and,391,5
7319,69319,dark,391,5
7320,69324,goggles,391,5
7321,69332,and,391,5
7322,69336,carrying,391,5
7323,69353,a,391,5
7324,69355,pack,391,5
7325,69370,In,391,5
7326,69373,spite,391,5
7327,69379,of,391,5
7328,69382,his,391,5
7329,69386,youth,391,5
7330,69393,he,391,5
7331,69396,carries,391,5
7332,69404,himself,391,5
7333,69412,like,391,5
7334,69417,Old,391,5
7335,69429,China,391,5
7336,69435,as,391,5
7337,69438,he,391,5
7338,69441,walks,391,5
7339,69447,toward,391,5
7340,69454,the,391,5
7341,69458,entrance,391,5
7342,69467,with,391,5
7343,69472,the,391,5
7344,69476,gait,391,5
7345,69489,of,391,5
7346,69492,an,391,5
7347,69495,old,391,5
7348,69499,man,391,5
7349,69513,Sebastian,391,5
7350,69523,stumbles,391,5
7351,69532,over,391,5
7352,69537,the,391,5
7353,69541,trash,391,5
7354,69547,covered,391,5
7355,69555,body,391,5
7356,69560,of,391,5
7357,69563,Pris,391,5
7358,69576,and,391,5
7359,69580,Pris,391,5
7360,69585,leaps,391,5
7361,69591,to,391,5
7362,69594,her,391,5
7363,69598,feet,391,5
7364,69603,and,391,5
7365,69607,start,391,5
7366,69613,to,391,5
7367,69616,run,391,5
7368,69620,like,391,5
7369,69625,a,391,5
7370,69635,frightened,391,5
7371,69646,gazelle,391,5
7372,69688,SEBASTIAN,392,5
7373,69716,Hey,392,5
7374,69730,He,392,5
7375,69733,reaches,392,5
7376,69741,down,392,5
7377,69746,and,392,5
7378,69750,picks,392,5
7379,69756,up,392,5
7380,69759,the,392,5
7381,69763,bag,392,5
7382,69767,she,392,5
7383,69771,left,392,5
7384,69776,in,392,5
7385,69779,the,392,5
7386,69791,trash,392,5
7387,69831,SEBASTIAN,393,5
7388,69859,You,393,5
7389,69863,forgot,393,5
7390,69870,your,393,5
7391,69875,bag,393,5
7392,69889,He's,393,5
7393,69894,holding,393,5
7394,69902,it,393,5
7395,69905,up,393,5
7396,69918,She,393,5
7397,69922,eyes,393,5
7398,69927,him,393,5
7399,69931,from,393,5
7400,69936,a,393,5
7401,69938,distance,393,5
7402,69950,unsure,393,5
7403,69957,of,393,5
7404,69960,him,393,5
7405,69966,Then,393,5
7406,69979,she,393,5
7407,69983,moves,393,5
7408,69989,toward,393,5
7409,69996,him,393,5
7410,70000,tentatively,393,5
7411,70022,Sebastian,393,5
7412,70032,smiles,393,5
7413,70039,awkwardly,393,5
7414,70049,and,393,5
7415,70053,holds,393,5
7416,70059,out,393,5
7417,70063,the,393,5
7418,70067,bag,393,5
7419,70105,PRIS,394,5
7420,70128,I'm,394,5
7421,70132,lost,394,5
7422,70171,SEBASTIAN,395,5
7423,70199,Don't,395,5
7424,70205,worry,395,5
7425,70212,I,395,5
7426,70214,won't,395,5
7427,70220,hurt,395,5
7428,70225,you,395,5
7429,70239,Both,395,5
7430,70244,of,395,5
7431,70247,them,395,5
7432,70252,are,395,5
7433,70256,silent,395,5
7434,70265,People,395,5
7435,70272,are,395,5
7436,70276,not,395,5
7437,70280,Sebastian's,395,5
7438,70300,forte,395,5
7439,70309,usually,395,5
7440,70317,he's,395,5
7441,70322,too,395,5
7442,70326,shy,395,5
7443,70331,but,395,5
7444,70335,this,395,5
7445,70340,girl,395,5
7446,70345,is,395,5
7447,70348,shyer,395,5
7448,70362,still,395,5
7449,70370,Plus,395,5
7450,70375,they're,395,5
7451,70383,about,395,5
7452,70389,the,395,5
7453,70393,same,395,5
7454,70398,age,395,5
7455,70405,it,395,5
7456,70408,gives,395,5
7457,70422,him,395,5
7458,70426,courage,395,5
7459,70468,SEBASTIAN,396,5
7460,70496,What's,396,5
7461,70503,your,396,5
7462,70508,name,396,5
7463,70547,PRIS,397,5
7464,70570,Pris,397,5
7465,70609,SEBASTIAN,398,5
7466,70637,Mine's,398,5
7467,70644,J,398,5
7468,70646,F,398,5
7469,70649,Sebastian,398,5
7470,70693,PRIS,399,5
7471,70716,Hi,399,5
7472,70729,So,399,5
7473,70732,pleased,399,5
7474,70740,with,399,5
7475,70745,the,399,5
7476,70749,way,399,5
7477,70753,that,399,5
7478,70758,went,399,5
7479,70764,he,399,5
7480,70767,forgets,399,5
7481,70775,for,399,5
7482,70779,a,399,5
7483,70789,while,399,5
7484,70795,what,399,5
7485,70800,comes,399,5
7486,70806,next,399,5
7487,70845,SEBASTIAN,400,5
7488,70873,Oh,400,5
7489,70879,where,400,5
7490,70885,were,400,5
7491,70890,you,400,5
7492,70894,going,400,5
7493,70910,She,400,5
7494,70914,shrugs,400,5
7495,70923,That,400,5
7496,70928,leaves,400,5
7497,70935,him,400,5
7498,70939,a,400,5
7499,70941,lot,400,5
7500,70945,of,400,5
7501,70948,responsibility,400,5
7502,70972,He,400,5
7503,70975,throws,400,5
7504,70982,her,400,5
7505,70986,side,400,5
7506,70991,long,400,5
7507,70996,glances,400,5
7508,71005,but,400,5
7509,71009,she's,400,5
7510,71015,not,400,5
7511,71019,helping,400,5
7512,71061,SEBASTIAN,401,5
7513,71089,Home,401,5
7514,71128,PRIS,402,5
7515,71151,I,402,5
7516,71153,don't,402,5
7517,71159,have,402,5
7518,71164,one,402,5
7519,71202,SEBASTIAN,403,5
7520,71230,Oh,403,5
7521,71243,She,403,5
7522,71247,looks,403,5
7523,71253,at,403,5
7524,71256,him,403,5
7525,71261,a,403,5
7526,71263,shadow,403,5
7527,71270,of,403,5
7528,71273,enticement,403,5
7529,71284,in,403,5
7530,71287,her,403,5
7531,71291,clear,403,5
7532,71305,blue,403,5
7533,71310,eyes,403,5
7534,71349,PRIS,404,5
7535,71372,We,404,5
7536,71375,scared,404,5
7537,71382,each,404,5
7538,71387,other,404,5
7539,71393,pretty,404,5
7540,71400,good,404,5
7541,71424,didn't,404,5
7542,71431,we,404,5
7543,71468,SEBASTIAN,405,5
7544,71496,We,405,5
7545,71499,sure,405,5
7546,71504,did,405,5
7547,71518,She,405,5
7548,71522,giggles,405,5
7549,71530,and,405,5
7550,71534,laughs,405,5
7551,71575,PRIS,406,5
7552,71598,I'm,406,5
7553,71602,hungry,406,5
7554,71610,J,406,5
7555,71612,F,406,5
7556,71648,SEBASTIAN,407,5
7557,71676,I've,407,5
7558,71681,got,407,5
7559,71685,stuff,407,5
7560,71691,inside,407,5
7561,71699,you,407,5
7562,71703,wanna,407,5
7563,71727,come,407,5
7564,71732,in,407,5
7565,71769,PRIS,408,5
7566,71792,I,408,5
7567,71794,was,408,5
7568,71798,hoping,408,5
7569,71805,you'd,408,5
7570,71811,say,408,5
7571,71815,that,408,5
7572,71830,Sebastian's,408,5
7573,71842,grey,408,5
7574,71847,face,408,5
7575,71852,flushes,408,5
7576,71860,with,408,5
7577,71865,pleasure,408,5
7578,71876,He,408,5
7579,71879,turns,408,5
7580,71893,and,408,5
7581,71897,inserts,408,5
7582,71905,a,408,5
7583,71907,key,408,5
7584,71911,in,408,5
7585,71914,the,408,5
7586,71918,ornate,408,5
7587,71925,iron,408,5
7588,71930,mesh,408,5
7589,71935,door,408,5
7590,71940,and,408,5
7591,71952,swings,408,5
7592,71959,it,408,5
7593,71962,open,408,5
7594,72020,CUT,409,5
7595,72024,TO,409,5
7596,72038,INT,410,5
7597,72043,SEBASTIAN'S,410,5
7598,72055,LOBBY,410,5
7599,72063,NIGHT,410,5
7600,72070,SHOT,410,5
7601,72094,51,410,5
7602,72106,Stacks,411,5
7603,72113,of,411,5
7604,72116,gaudy,411,5
7605,72122,balconies,411,5
7606,72132,loom,411,5
7607,72137,into,411,5
7608,72142,shadows,411,5
7609,72150,above,411,5
7610,72166,Overhead,411,5
7611,72175,lights,411,5
7612,72182,reveal,411,5
7613,72189,a,411,5
7614,72191,shark,411,5
7615,72197,like,411,5
7616,72202,blimp,411,5
7617,72208,cruising,411,5
7618,72225,above,411,5
7619,72231,the,411,5
7620,72235,building,411,5
7621,72244,glowing,411,5
7622,72252,with,411,5
7623,72257,advertisements,411,5
7624,72282,Pris,411,5
7625,72287,stares,411,5
7626,72294,in,411,5
7627,72297,wonder,411,5
7628,72338,PRIS,412,5
7629,72361,And,412,5
7630,72365,you,412,5
7631,72369,live,412,5
7632,72374,in,412,5
7633,72377,this,412,5
7634,72382,building,412,5
7635,72391,all,412,5
7636,72413,by,412,5
7637,72416,yourself,412,5
7638,72460,SEBASTIAN,413,5
7639,72488,Yeah,413,5
7640,72494,I,413,5
7641,72496,live,413,5
7642,72501,here,413,5
7643,72506,pretty,413,5
7644,72513,much,413,5
7645,72518,alone,413,5
7646,72542,right,413,5
7647,72548,now,413,5
7648,72608,CUT,413,5
7649,72612,TO,413,5
7650,72625,INT,414,5
7651,72630,CAGE,414,5
7652,72635,ELEVATOR,414,5
7653,72645,SHOT,414,5
7654,72681,51A,414,5
7655,72694,Pris,415,5
7656,72699,and,415,5
7657,72703,Sebastian,415,5
7658,72713,are,415,5
7659,72717,standing,415,5
7660,72726,in,415,5
7661,72729,the,415,5
7662,72733,mesh,415,5
7663,72738,elevator,415,5
7664,72755,as,415,5
7665,72758,it,415,5
7666,72761,grumbles,415,5
7667,72770,noisily,415,5
7668,72778,into,415,5
7669,72783,the,415,5
7670,72787,shadows,415,5
7671,72795,above,415,5
7672,72812,INT,416,5
7673,72817,CORRIDOR,416,5
7674,72828,NIGHT,416,5
7675,72835,SHOT,416,5
7676,72868,51B,416,5
7677,72881,Pris,417,5
7678,72886,and,417,5
7679,72890,Sebastian,417,5
7680,72900,are,417,5
7681,72904,standing,417,5
7682,72913,in,417,5
7683,72916,the,417,5
7684,72920,mesh,417,5
7685,72925,elevator,417,5
7686,72942,as,417,5
7687,72945,it,417,5
7688,72948,grumbles,417,5
7689,72957,noisily,417,5
7690,72965,into,417,5
7691,72970,the,417,5
7692,72974,shadows,417,5
7693,72982,above,417,5
7694,72999,INT,418,5
7695,73004,CORRIDOR,418,5
7696,73015,NIGHT,418,5
7697,73022,SHOT,418,5
7698,73055,51B,418,5
7699,73068,Sebastian,419,5
7700,73078,and,419,5
7701,73082,Pris,419,5
7702,73087,walk,419,5
7703,73093,down,419,5
7704,73098,the,419,5
7705,73102,corridor,419,5
7706,73111,towards,419,5
7707,73127,his,419,5
7708,73131,apartment,419,5
7709,73176,PRIS,420,5
7710,73182,WILD,420,5
7711,73187,LINE,420,5
7712,73211,No,420,5
7713,73214,housing,420,5
7714,73222,shortage,420,5
7715,73231,around,420,5
7716,73238,here,420,5
7717,73277,SEBASTIAN,421,5
7718,73288,WILD,421,5
7719,73293,LINE,421,5
7720,73317,Plenty,421,5
7721,73324,of,421,5
7722,73327,room,421,5
7723,73332,for,421,5
7724,73336,everybody,421,5
7725,73349,most,421,5
7726,73372,of,421,5
7727,73375,the,421,5
7728,73379,others,421,5
7729,73386,have,421,5
7730,73391,emigrated,421,5
7731,73401,already,421,5
7732,73420,INT,422,5
7733,73425,CORRIDOR,422,5
7734,73436,NIGHT,422,5
7735,73476,51B,422,5
7736,73489,Sebastian,423,5
7737,73499,is,423,5
7738,73502,unlocking,423,5
7739,73512,his,423,5
7740,73516,door,423,5
7741,73523,He,423,5
7742,73526,opens,423,5
7743,73532,the,423,5
7744,73536,door,423,5
7745,73549,and,423,5
7746,73553,ushers,423,5
7747,73560,Pris,423,5
7748,73565,into,423,5
7749,73570,the,423,5
7750,73574,apartment,423,5
7751,73595,INT,424,5
7752,73600,SEBASTIAN'S,424,5
7753,73612,APARTMENT,424,5
7754,73623,NIGHT,424,5
7755,73651,51C,424,5
7756,73664,Sebastian,425,5
7757,73674,flicks,425,5
7758,73681,on,425,5
7759,73684,the,425,5
7760,73688,light,425,5
7761,73694,revealing,425,5
7762,73704,the,425,5
7763,73708,high,425,5
7764,73721,walls,425,5
7765,73728,elegant,425,5
7766,73736,moulding,425,5
7767,73745,and,425,5
7768,73749,strange,425,5
7769,73757,contents,425,5
7770,73776,A,425,5
7771,73778,three,425,5
7772,73784,foot,425,5
7773,73789,high,425,5
7774,73794,Kaiser,425,5
7775,73801,Wilhelm,425,5
7776,73809,figure,425,5
7777,73816,and,425,5
7778,73820,a,425,5
7779,73822,teddy,425,5
7780,73836,bear,425,5
7781,73841,dressed,425,5
7782,73849,as,425,5
7783,73852,Napoleon,425,5
7784,73861,march,425,5
7785,73867,into,425,5
7786,73872,view,425,5
7787,73877,from,425,5
7788,73882,a,425,5
7789,73892,doorway,425,5
7790,73902,An,425,5
7791,73905,alarm,425,5
7792,73911,sounds,425,5
7793,73952,SEBASTIAN,426,5
7794,73980,Yoo,426,5
7795,73984,hoo,426,5
7796,73989,home,426,5
7797,73994,again,426,5
7798,74001,home,426,5
7799,74006,again,426,5
7800,74046,BEAR,427,5
7801,74069,Good,427,5
7802,74074,evening,427,5
7803,74082,J,427,5
7804,74084,F,427,5
7805,74096,The,427,5
7806,74100,alarm,427,5
7807,74106,cuts,427,5
7808,74111,out,427,5
7809,74125,The,427,5
7810,74129,Bear,427,5
7811,74134,and,427,5
7812,74138,Kasier,427,5
7813,74146,Wilhelm,427,5
7814,74154,stare,427,5
7815,74160,woodenly,427,5
7816,74169,at,427,5
7817,74172,Pris,427,5
7818,74185,for,427,5
7819,74189,a,427,5
7820,74191,moment,427,5
7821,74199,then,427,5
7822,74204,turn,427,5
7823,74209,away,427,5
7824,74214,disappearing,427,5
7825,74227,into,427,5
7826,74232,the,427,5
7827,74236,gloom,427,5
7828,74276,SEBASTIAN,428,5
7829,74304,They're,428,5
7830,74312,my,428,5
7831,74315,friends,428,5
7832,74326,here,428,5
7833,74350,can,428,5
7834,74354,I,428,5
7835,74356,take,428,5
7836,74361,your,428,5
7837,74366,things,428,5
7838,74374,they're,428,5
7839,74382,soaked,428,5
7840,74423,BEAR,429,5
7841,74457,muttering,429,5
7842,74486,Home,429,5
7843,74491,again,429,5
7844,74498,home,429,5
7845,74503,again,429,5
7846,74510,jiggidy,429,5
7847,74518,jig,429,5
7848,74532,Pris,429,5
7849,74537,is,429,5
7850,74540,delighted,429,5
7851,74552,She,429,5
7852,74556,strips,429,5
7853,74563,off,429,5
7854,74567,her,429,5
7855,74571,topcoat,429,5
7856,74588,revealing,429,5
7857,74598,a,429,5
7858,74600,shape,429,5
7859,74606,to,429,5
7860,74609,pop,429,5
7861,74613,eyes,429,5
7862,74652,SEBASTIAN,430,5
7863,74691,besides,430,5
7864,74699,himself,430,5
7865,74726,Where,430,5
7866,74732,are,430,5
7867,74736,your,430,5
7868,74741,folks,430,5
7869,74782,PRIS,431,5
7870,74805,I'm,431,5
7871,74809,sort,431,5
7872,74814,of,431,5
7873,74817,an,431,5
7874,74820,orphan,431,5
7875,74837,Pris,431,5
7876,74842,smiles,431,5
7877,74883,SEBASTIAN,432,5
7878,74911,What,432,5
7879,74916,about,432,5
7880,74922,friends,432,5
7881,74964,PRIS,433,5
7882,74987,I,433,5
7883,74989,have,433,5
7884,74994,some,433,5
7885,75000,but,433,5
7886,75004,I,433,5
7887,75006,have,433,5
7888,75011,to,433,5
7889,75014,find,433,5
7890,75019,them,433,5
7891,75046,I'll,433,5
7892,75051,let,433,5
7893,75055,them,433,5
7894,75060,know,433,5
7895,75065,where,433,5
7896,75071,I,433,5
7897,75073,am,433,5
7898,75076,tomorrow,433,5
7899,75119,SEBASTIAN,434,5
7900,75147,Oh,434,5
7901,75160,There,434,5
7902,75166,is,434,5
7903,75169,a,434,5
7904,75171,silence,434,5
7905,75180,He,434,5
7906,75183,steals,434,5
7907,75190,a,434,5
7908,75192,glance,434,5
7909,75199,at,434,5
7910,75202,her,434,5
7911,75240,SEBASTIAN,435,5
7912,75268,Well,435,5
7913,75278,I,435,5
7914,75280,can,435,5
7915,75284,sleep,435,5
7916,75290,on,435,5
7917,75293,the,435,5
7918,75297,couch,435,5
7919,75337,PRIS,436,5
7920,75360,Watch,436,5
7921,75366,the,436,5
7922,75370,bed,436,5
7923,75374,bugs,436,5
7924,75379,don't,436,5
7925,75385,bite,436,5
7926,75402,INT,437,5
7927,75407,DECKARD'S,437,5
7928,75417,APARTMENT,437,5
7929,75429,NIGHT,437,5
7930,75458,52,437,5
7931,75470,A,438,5
7932,75472,blurry,438,5
7933,75479,photograph,438,5
7934,75491,unclear,438,5
7935,75500,FILLS,438,5
7936,75506,THE,438,5
7937,75510,SCREEN,438,5
7938,75527,The,438,5
7939,75531,photograph,438,5
7940,75542,intensified,438,5
7941,75556,The,438,5
7942,75560,foreground,438,5
7943,75571,BLURS,438,5
7944,75577,AND,438,5
7945,75589,SHARPENS,438,5
7946,75600,it's,438,5
7947,75605,the,438,5
7948,75610,man,438,5
7949,75615,in,438,5
7950,75618,Leon's,438,5
7951,75625,room,438,5
7952,75630,with,438,5
7953,75635,the,438,5
7954,75647,wardrobe,438,5
7955,75656,behind,438,5
7956,75663,him,438,5
7957,75669,The,438,5
7958,75673,head,438,5
7959,75678,is,438,5
7960,75681,turned,438,5
7961,75688,away,438,5
7962,75693,and,438,5
7963,75705,downward,438,5
7964,75715,the,438,5
7965,75719,face,438,5
7966,75724,unreadable,438,5
7967,75745,Another,438,5
7968,75753,change,438,5
7969,75762,A,438,5
7970,75764,dramatic,438,5
7971,75773,one,438,5
7972,75779,The,438,5
7973,75783,picture,438,5
7974,75791,is,438,5
7975,75802,suddenly,438,5
7976,75811,three,438,5
7977,75817,dimensional,438,5
7978,75839,Now,438,5
7979,75843,we,438,5
7980,75846,see,438,5
7981,75850,that,438,5
7982,75855,Deckard,438,5
7983,75863,is,438,5
7984,75866,studying,438,5
7985,75875,the,438,5
7986,75879,picture,438,5
7987,75887,in,438,5
7988,75890,a,438,5
7989,75900,viewer,438,5
7990,75907,controlling,438,5
7991,75919,the,438,5
7992,75923,effects,438,5
7993,75931,with,438,5
7994,75936,punch,438,5
7995,75942,controls,438,5
7996,75961,The,438,5
7997,75965,ashtray,438,5
7998,75973,next,438,5
7999,75978,to,438,5
8000,75981,him,438,5
8001,75985,is,438,5
8002,75988,full,438,5
8003,75993,of,438,5
8004,75996,butts,438,5
8005,76004,The,438,5
8006,76008,bottle,438,5
8007,76023,of,438,5
8008,76026,vodka,438,5
8009,76032,is,438,5
8010,76035,nearly,438,5
8011,76042,empty,438,5
8012,76058,He,438,5
8013,76061,sucks,438,5
8014,76067,on,438,5
8015,76070,his,438,5
8016,76074,cigarette,438,5
8017,76084,and,438,5
8018,76088,empties,438,5
8019,76096,the,438,5
8020,76100,vodka,438,5
8021,76106,bottle,438,5
8022,76121,into,438,5
8023,76126,his,438,5
8024,76130,glass,438,5
8025,76136,and,438,5
8026,76140,goes,438,5
8027,76145,back,438,5
8028,76150,to,438,5
8029,76153,peering,438,5
8030,76161,into,438,5
8031,76166,the,438,5
8032,76178,viewer,438,5
8033,76195,He,438,5
8034,76198,punches,438,5
8035,76206,up,438,5
8036,76219,A,438,5
8037,76221,transparent,438,5
8038,76233,grid,438,5
8039,76238,with,438,5
8040,76243,vectors,438,5
8041,76251,is,438,5
8042,76254,superimposed,438,5
8043,76267,over,438,5
8044,76280,the,438,5
8045,76284,photo,438,5
8046,76300,Deckard's,438,5
8047,76310,eyes,438,5
8048,76315,move,438,5
8049,76320,over,438,5
8050,76325,it,438,5
8051,76328,carefully,438,5
8052,76372,DECKARD,439,5
8053,76398,Sharpen,439,5
8054,76406,line,439,5
8055,76411,forty,439,5
8056,76417,eight,439,5
8057,76423,between,439,5
8058,76449,twenty,439,5
8059,76456,point,439,5
8060,76462,twenty,439,5
8061,76469,seven,439,5
8062,76485,The,439,5
8063,76489,edge,439,5
8064,76494,of,439,5
8065,76497,the,439,5
8066,76501,man,439,5
8067,76505,sharpens,439,5
8068,76548,DECKARD,440,5
8069,76574,Profile,440,5
8070,76582,trace,440,5
8071,76598,Slowly,440,5
8072,76605,the,440,5
8073,76609,view,440,5
8074,76614,tracks,440,5
8075,76621,the,440,5
8076,76625,periphery,440,5
8077,76635,of,440,5
8078,76638,the,440,5
8079,76642,man's,440,5
8080,76656,shoulder,440,5
8081,76666,up,440,5
8082,76669,and,440,5
8083,76673,around,440,5
8084,76680,the,440,5
8085,76684,skull,440,5
8086,76691,down,440,5
8087,76696,the,440,5
8088,76700,other,440,5
8089,76714,side,440,5
8090,76719,and,440,5
8091,76723,as,440,5
8092,76726,it,440,5
8093,76729,approaches,440,5
8094,76740,the,440,5
8095,76744,bottom,440,5
8096,76751,of,440,5
8097,76754,the,440,5
8098,76758,picture,440,5
8099,76774,passes,440,5
8100,76781,a,440,5
8101,76783,miniscule,440,5
8102,76793,sparkle,440,5
8103,76837,DECKARD,441,5
8104,76863,Stop,441,5
8105,76870,Back,441,5
8106,76875,up,441,5
8107,76888,The,441,5
8108,76892,line,441,5
8109,76897,is,441,5
8110,76900,retraced,441,5
8111,76943,DECKARD,442,5
8112,76969,Stop,442,5
8113,76984,The,442,5
8114,76988,faintest,442,5
8115,76997,little,442,5
8116,77004,sparkle,442,5
8117,77014,Static,442,5
8118,77023,Almost,442,5
8119,77030,nothing,442,5
8120,77047,Deckard,442,5
8121,77055,leans,442,5
8122,77061,forward,442,5
8123,77103,DECKARD,443,5
8124,77129,Enhance,443,5
8125,77147,The,443,5
8126,77151,view,443,5
8127,77156,squeezes,443,5
8128,77165,in,443,5
8129,77170,The,443,5
8130,77175,spark,443,5
8131,77182,seems,443,5
8132,77188,to,443,5
8133,77191,be,443,5
8134,77194,coming,443,5
8135,77209,from,443,5
8136,77214,about,443,5
8137,77220,fifteen,443,5
8138,77228,feet,443,5
8139,77233,behind,443,5
8140,77240,the,443,5
8141,77244,figure,443,5
8142,77254,from,443,5
8143,77267,within,443,5
8144,77274,the,443,5
8145,77278,wardrobe,443,5
8146,77321,DECKARD,444,5
8147,77347,Seesaw,444,5
8148,77364,After,444,5
8149,77370,a,444,5
8150,77372,short,444,5
8151,77378,pause,444,5
8152,77385,as,444,5
8153,77388,if,444,5
8154,77391,the,444,5
8155,77395,command,444,5
8156,77403,causes,444,5
8157,77410,the,444,5
8158,77422,machine,444,5
8159,77430,to,444,5
8160,77433,strain,444,5
8161,77441,it,444,5
8162,77444,emits,444,5
8163,77450,a,444,5
8164,77452,thin,444,5
8165,77458,high,444,5
8166,77463,pitched,444,5
8167,77479,FREQUENCY,444,5
8168,77489,SOUND,444,5
8169,77495,and,444,5
8170,77499,the,444,5
8171,77503,picture,444,5
8172,77511,begins,444,5
8173,77518,a,444,5
8174,77520,horizontal,444,5
8175,77539,yawing,444,5
8176,77546,motion,444,5
8177,77555,As,444,5
8178,77558,it,444,5
8179,77561,swings,444,5
8180,77568,back,444,5
8181,77573,and,444,5
8182,77577,forth,444,5
8183,77583,glimpses,444,5
8184,77600,of,444,5
8185,77603,things,444,5
8186,77610,previously,444,5
8187,77621,obscured,444,5
8188,77630,by,444,5
8189,77633,the,444,5
8190,77637,foreground,444,5
8191,77656,figure,444,5
8192,77663,are,444,5
8193,77667,revealed,444,5
8194,77678,Slightly,444,5
8195,77687,at,444,5
8196,77690,first,444,5
8197,77697,but,444,5
8198,77701,the,444,5
8199,77713,opening,444,5
8200,77721,grows,444,5
8201,77727,as,444,5
8202,77730,the,444,5
8203,77734,process,444,5
8204,77742,picks,444,5
8205,77748,up,444,5
8206,77751,momentum,444,5
8207,77770,Deckard's,444,5
8208,77780,right,444,5
8209,77786,down,444,5
8210,77791,there,444,5
8211,77798,hands,444,5
8212,77804,on,444,5
8213,77807,his,444,5
8214,77811,knees,444,5
8215,77817,like,444,5
8216,77830,a,444,5
8217,77832,man,444,5
8218,77836,watching,444,5
8219,77845,his,444,5
8220,77849,favorite,444,5
8221,77858,team,444,5
8222,77863,make,444,5
8223,77868,a,444,5
8224,77870,crucial,444,5
8225,77878,play,444,5
8226,77917,DECKARD,445,5
8227,77943,Stop,445,5
8228,77958,The,445,5
8229,77962,picture,445,5
8230,77970,freezes,445,5
8231,78012,DECKARD,446,5
8232,78038,Enhance,446,5
8233,78056,The,446,5
8234,78060,view,446,5
8235,78065,pushes,446,5
8236,78072,in,446,5
8237,78075,to,446,5
8238,78078,the,446,5
8239,78082,wardrobe,446,5
8240,78093,In,446,5
8241,78096,its,446,5
8242,78100,gloomy,446,5
8243,78115,recesses,446,5
8244,78124,hangs,446,5
8245,78130,a,446,5
8246,78132,dress,446,5
8247,78172,DECKARD,447,5
8248,78198,Enhance,447,5
8249,78216,In,447,5
8250,78219,closer,447,5
8251,78226,on,447,5
8252,78229,the,447,5
8253,78233,dress,447,5
8254,78241,An,447,5
8255,78244,exotic,447,5
8256,78251,shimmering,447,5
8257,78262,gown,447,5
8258,78275,made,447,5
8259,78280,of,447,5
8260,78283,sequins,447,5
8261,78293,Deckard,447,5
8262,78301,ponders,447,5
8263,78309,it,447,5
8264,78313,smiles,447,5
8265,78320,slightly,447,5
8266,78363,DECKARD,448,5
8267,78389,I,448,5
8268,78391,don't,448,5
8269,78397,suppose,448,5
8270,78405,one,448,5
8271,78409,of,448,5
8272,78412,those,448,5
8273,78418,males,448,5
8274,78442,has,448,5
8275,78446,a,448,5
8276,78448,transvestite,448,5
8277,78461,problem,448,5
8278,78479,Pause,448,5
8279,78519,DECKARD,449,5
8280,78545,Hey,449,5
8281,78559,Esper,449,5
8282,78565,wakes,449,5
8283,78571,up,449,5
8284,78608,ESPER,450,5
8285,78632,Yes,450,5
8286,78670,DECKARD,451,5
8287,78696,I,451,5
8288,78698,said,451,5
8289,78704,I,451,5
8290,78706,don't,451,5
8291,78712,suppose,451,5
8292,78720,one,451,5
8293,78724,of,451,5
8294,78745,those,451,5
8295,78751,males,451,5
8296,78757,has,451,5
8297,78761,a,451,5
8298,78763,transvestite,451,5
8299,78794,problem,451,5
8300,78812,Pause,451,5
8301,78852,ESPER,452,5
8302,78876,Negative,452,5
8303,78895,Deckard,452,5
8304,78903,considers,452,5
8305,78913,the,452,5
8306,78917,situation,452,5
8307,78927,for,452,5
8308,78931,a,452,5
8309,78933,few,452,5
8310,78937,moments,452,5
8311,78954,then,452,5
8312,78959,frowns,452,5
8313,78966,thoughtfully,452,5
8314,78979,and,452,5
8315,78983,fishes,452,5
8316,78990,his,452,5
8317,78994,wallet,452,5
8318,79001,out,452,5
8319,79005,of,452,5
8320,79016,his,452,5
8321,79020,pocket,452,5
8322,79029,He,452,5
8323,79032,produces,452,5
8324,79041,the,452,5
8325,79045,flakes,452,5
8326,79052,he,452,5
8327,79055,found,452,5
8328,79061,in,452,5
8329,79064,the,452,5
8330,79076,hotel,452,5
8331,79082,room,452,5
8332,79097,Deckard,452,5
8333,79105,lights,452,5
8334,79112,a,452,5
8335,79114,cigarette,452,5
8336,79134,The,452,5
8337,79138,flake,452,5
8338,79154,He's,452,5
8339,79159,holding,452,5
8340,79167,it,452,5
8341,79170,on,452,5
8342,79173,the,452,5
8343,79177,tip,452,5
8344,79181,of,452,5
8345,79184,his,452,5
8346,79188,finger,452,5
8347,79195,under,452,5
8348,79201,the,452,5
8349,79213,light,452,5
8350,79219,of,452,5
8351,79222,the,452,5
8352,79226,console,452,5
8353,79234,screen,452,5
8354,79243,He,452,5
8355,79246,sits,452,5
8356,79251,down,452,5
8357,79257,studying,452,5
8358,79274,it,452,5
8359,79277,like,452,5
8360,79282,Hamlet,452,5
8361,79290,contemplating,452,5
8362,79304,Yorick's,452,5
8363,79313,skull,452,5
8364,79321,But,452,5
8365,79333,for,452,5
8366,79337,the,452,5
8367,79341,HUM,452,5
8368,79345,OF,452,5
8369,79348,THE,452,5
8370,79352,MACHINE,452,5
8371,79361,a,452,5
8372,79363,long,452,5
8373,79368,silence,452,5
8374,79410,ESPER,453,5
8375,79434,You're,453,5
8376,79441,gonna,453,5
8377,79447,have,453,5
8378,79452,a,453,5
8379,79454,fire,453,5
8380,79459,if,453,5
8381,79462,you,453,5
8382,79484,don't,453,5
8383,79490,turn,453,5
8384,79495,off,453,5
8385,79499,the,453,5
8386,79503,machine,453,5
8387,79521,Absently,453,5
8388,79531,Deckard,453,5
8389,79539,reaches,453,5
8390,79547,out,453,5
8391,79551,and,453,5
8392,79555,flips,453,5
8393,79561,it,453,5
8394,79564,off,453,5
8395,79570,He,453,5
8396,79581,sits,453,5
8397,79586,a,453,5
8398,79588,while,453,5
8399,79594,in,453,5
8400,79597,the,453,5
8401,79601,silent,453,5
8402,79608,dark,453,5
8403,79615,Then,453,5
8404,79620,goes,453,5
8405,79625,into,453,5
8406,79630,the,453,5
8407,79642,bathroom,453,5
8408,79662,INT,454,5
8409,79667,SHOWER,454,5
8410,79676,NIGHT,454,5
8411,79718,53,454,5
8412,79721,OUT,454,5
8413,79734,Deckard,455,5
8414,79742,stands,455,5
8415,79749,in,455,5
8416,79752,the,455,5
8417,79756,shower,455,5
8418,79764,his,455,5
8419,79768,cigarette,455,5
8420,79778,still,455,5
8421,79784,in,455,5
8422,79795,his,455,5
8423,79799,mouth,455,5
8424,79858,CUT,456,5
8425,79862,TO,456,5
8426,79876,EXT,457,6
8427,79881,NOODLE,457,6
8428,79888,BAR,457,6
8429,79894,NIGHT,457,6
8430,79932,54,457,6
8431,79944,It,458,6
8432,79947,might,458,6
8433,79953,be,458,6
8434,79956,2,458,6
8435,79958,00,458,6
8436,79961,a,458,6
8437,79963,m,458,6
8438,79966,but,458,6
8439,79970,the,458,6
8440,79974,joint,458,6
8441,79980,is,458,6
8442,79983,still,458,6
8443,79989,crowded,458,6
8444,80005,as,458,6
8445,80008,noisy,458,6
8446,80014,taxi,458,6
8447,80019,drivers,458,6
8448,80027,jostle,458,6
8449,80034,each,458,6
8450,80039,other,458,6
8451,80045,for,458,6
8452,80049,seats,458,6
8453,80055,and,458,6
8454,80067,jabber,458,6
8455,80074,in,458,6
8456,80077,Kangaroo,458,6
8457,80087,a,458,6
8458,80089,crude,458,6
8459,80095,lingual,458,6
8460,80103,mix,458,6
8461,80107,of,458,6
8462,80110,Chinese,458,6
8463,80127,Japanese,458,6
8464,80137,French,458,6
8465,80144,and,458,6
8466,80148,Tagalog,458,6
8467,80166,Deckard,458,6
8468,80174,is,458,6
8469,80177,hunched,458,6
8470,80185,over,458,6
8471,80190,his,458,6
8472,80194,bowl,458,6
8473,80199,of,458,6
8474,80202,noodles,458,6
8475,80211,slurping,458,6
8476,80228,hungrily,458,6
8477,80237,from,458,6
8478,80242,his,458,6
8479,80246,busy,458,6
8480,80251,chopsticks,458,6
8481,80272,Whap,458,6
8482,80279,The,458,6
8483,80283,counterman,458,6
8484,80294,slaps,458,6
8485,80300,a,458,6
8486,80302,serving,458,6
8487,80310,of,458,6
8488,80313,fish,458,6
8489,80318,heads,458,6
8490,80324,on,458,6
8491,80335,the,458,6
8492,80339,counter,458,6
8493,80347,in,458,6
8494,80350,front,458,6
8495,80356,of,458,6
8496,80359,a,458,6
8497,80361,CHINESE,458,6
8498,80369,sitting,458,6
8499,80377,next,458,6
8500,80382,to,458,6
8501,80393,Deckard,458,6
8502,80411,Startled,458,6
8503,80420,by,458,6
8504,80423,the,458,6
8505,80427,sound,458,6
8506,80433,Deckard,458,6
8507,80441,glances,458,6
8508,80449,at,458,6
8509,80452,the,458,6
8510,80456,bowl,458,6
8511,80461,of,458,6
8512,80472,fish,458,6
8513,80477,heads,458,6
8514,80484,then,458,6
8515,80489,turns,458,6
8516,80495,his,458,6
8517,80499,attention,458,6
8518,80509,back,458,6
8519,80514,to,458,6
8520,80517,his,458,6
8521,80529,noodles,458,6
8522,80547,But,458,6
8523,80551,after,458,6
8524,80557,two,458,6
8525,80561,bites,458,6
8526,80567,he,458,6
8527,80570,frowns,458,6
8528,80577,and,458,6
8529,80581,turns,458,6
8530,80587,to,458,6
8531,80590,look,458,6
8532,80595,at,458,6
8533,80606,the,458,6
8534,80610,fish,458,6
8535,80615,heads,458,6
8536,80621,again,458,6
8537,80637,The,458,6
8538,80641,Chinese,458,6
8539,80649,is,458,6
8540,80652,eating,458,6
8541,80659,the,458,6
8542,80663,flesh,458,6
8543,80669,hungrily,458,6
8544,80678,from,458,6
8545,80683,a,458,6
8546,80685,head,458,6
8547,80699,He,458,6
8548,80702,cleans,458,6
8549,80709,the,458,6
8550,80713,skull,458,6
8551,80719,and,458,6
8552,80723,drops,458,6
8553,80729,it,458,6
8554,80732,on,458,6
8555,80735,the,458,6
8556,80739,plate,458,6
8557,80755,Deckard,458,6
8558,80763,stares,458,6
8559,80770,at,458,6
8560,80773,the,458,6
8561,80777,heads,458,6
8562,80783,with,458,6
8563,80788,their,458,6
8564,80794,blank,458,6
8565,80800,stares,458,6
8566,80815,that,458,6
8567,80820,seem,458,6
8568,80825,to,458,6
8569,80828,gaze,458,6
8570,80833,at,458,6
8571,80836,eternity,458,6
8572,80855,Deckard,458,6
8573,80863,is,458,6
8574,80866,thinking,458,6
8575,80885,The,458,6
8576,80889,Chinese,458,6
8577,80897,is,458,6
8578,80900,eating,458,6
8579,80917,Deckard,458,6
8580,80925,frowns,458,6
8581,80932,lost,458,6
8582,80937,in,458,6
8583,80940,furious,458,6
8584,80948,thought,458,6
8585,80958,Suddenly,458,6
8586,80967,he,458,6
8587,80978,reaches,458,6
8588,80986,out,458,6
8589,80990,and,458,6
8590,80994,grabs,458,6
8591,81000,a,458,6
8592,81002,fish,458,6
8593,81007,head,458,6
8594,81022,The,458,6
8595,81026,Chinese,458,6
8596,81034,goes,458,6
8597,81039,bug,458,6
8598,81043,eyed,458,6
8599,81048,with,458,6
8600,81053,indignation,458,6
8601,81099,CHINESE,459,6
8602,81133,in,459,6
8603,81136,Chinese,459,6
8604,81163,What,459,6
8605,81168,the,459,6
8606,81172,hell,459,6
8607,81177,are,459,6
8608,81181,you,459,6
8609,81185,doing,459,6
8610,81192,you,459,6
8611,81214,moronic,459,6
8612,81222,ahng,459,6
8613,81227,mo,459,6
8614,81230,dim,459,6
8615,81234,bulb,459,6
8616,81241,That's,459,6
8617,81266,my,459,6
8618,81269,goddamn,459,6
8619,81277,dinner,459,6
8620,81284,you,459,6
8621,81289,in,459,6
8622,81292,English,459,6
8623,81319,dumb,459,6
8624,81324,shit,459,6
8625,81339,Deckard,459,6
8626,81347,is,459,6
8627,81350,peeling,459,6
8628,81358,scales,459,6
8629,81365,off,459,6
8630,81369,the,459,6
8631,81373,fish,459,6
8632,81378,head,459,6
8633,81385,He,459,6
8634,81388,grabs,459,6
8635,81402,his,459,6
8636,81406,wallet,459,6
8637,81414,produces,459,6
8638,81423,the,459,6
8639,81427,flake,459,6
8640,81433,and,459,6
8641,81437,compares,459,6
8642,81446,it,459,6
8643,81449,to,459,6
8644,81452,the,459,6
8645,81464,scales,459,6
8646,81471,from,459,6
8647,81476,the,459,6
8648,81480,head,459,6
8649,81487,He,459,6
8650,81490,ignores,459,6
8651,81498,the,459,6
8652,81502,ranting,459,6
8653,81510,of,459,6
8654,81513,the,459,6
8655,81525,Chinese,459,6
8656,81533,as,459,6
8657,81536,he,459,6
8658,81539,stares,459,6
8659,81546,at,459,6
8660,81549,the,459,6
8661,81553,flake,459,6
8662,81559,next,459,6
8663,81564,to,459,6
8664,81567,the,459,6
8665,81571,scales,459,6
8666,81612,DECKARD,460,6
8667,81638,Fish,460,6
8668,81677,CHINESE,461,6
8669,81711,in,461,6
8670,81714,Chinese,461,6
8671,81741,What,461,6
8672,81746,do,461,6
8673,81749,you,461,6
8674,81753,expect,461,6
8675,81760,you,461,6
8676,81764,get,461,6
8677,81768,from,461,6
8678,81791,fish,461,6
8679,81796,head,461,6
8680,81802,stupid,461,6
8681,81836,in,461,6
8682,81839,English,461,6
8683,81866,Elephant,461,6
8684,81875,shit,461,6
8685,81933,CUT,462,6
8686,81937,TO,462,6
8687,81951,EXT,463,6
8688,81956,ANIMAL,463,6
8689,81963,ROW,463,6
8690,81969,NIGHT,463,6
8691,82007,55,463,6
8692,82019,An,464,6
8693,82022,aquarium,464,6
8694,82031,full,464,6
8695,82036,of,464,6
8696,82039,fish,464,6
8697,82045,weird,464,6
8698,82051,looking,464,6
8699,82059,fish,464,6
8700,82065,the,464,6
8701,82077,kind,464,6
8702,82082,that,464,6
8703,82087,might,464,6
8704,82093,eat,464,6
8705,82097,each,464,6
8706,82102,other,464,6
8707,82110,They're,464,6
8708,82118,gliding,464,6
8709,82126,in,464,6
8710,82137,sinister,464,6
8711,82146,clusters,464,6
8712,82155,like,464,6
8713,82160,Doberman,464,6
8714,82169,pinschers,464,6
8715,82179,with,464,6
8716,82184,gills,464,6
8717,82200,The,464,6
8718,82204,CAMBODIAN,464,6
8719,82214,LADY,464,6
8720,82219,is,464,6
8721,82222,a,464,6
8722,82224,withered,464,6
8723,82233,woman,464,6
8724,82239,in,464,6
8725,82242,black,464,6
8726,82257,She's,464,6
8727,82263,got,464,6
8728,82267,a,464,6
8729,82269,lens,464,6
8730,82274,in,464,6
8731,82277,her,464,6
8732,82281,eye,464,6
8733,82285,and,464,6
8734,82289,she's,464,6
8735,82295,looking,464,6
8736,82303,at,464,6
8737,82306,the,464,6
8738,82318,flake,464,6
8739,82324,which,464,6
8740,82330,is,464,6
8741,82333,on,464,6
8742,82336,the,464,6
8743,82340,tip,464,6
8744,82344,of,464,6
8745,82347,her,464,6
8746,82351,finger,464,6
8747,82392,CAMBODIAN,465,6
8748,82402,LADY,465,6
8749,82425,Not,465,6
8750,82429,fish,465,6
8751,82436,Snake,465,6
8752,82453,And,465,6
8753,82457,she,465,6
8754,82461,points,465,6
8755,82468,down,465,6
8756,82473,the,465,6
8757,82477,row,465,6
8758,82491,Deckard,465,6
8759,82499,looks,465,6
8760,82505,that,465,6
8761,82510,way,465,6
8762,82514,and,465,6
8763,82518,we,465,6
8764,82582,CUT,465,6
8765,82586,TO,465,6
8766,82599,OMIT,465,6
8767,82655,56,465,6
8768,82667,MICROSCOPIC,465,6
8769,82679,VIEW,465,6
8770,82686,NIGHT,465,6
8771,82723,57,465,6
8772,82735,We,465,6
8773,82738,are,465,6
8774,82742,looking,465,6
8775,82750,at,465,6
8776,82753,a,465,6
8777,82755,huge,465,6
8778,82760,enlargement,465,6
8779,82772,of,465,6
8780,82775,a,465,6
8781,82777,snake,465,6
8782,82783,scale,465,6
8783,82797,seen,465,6
8784,82802,through,465,6
8785,82810,a,465,6
8786,82812,microscope,465,6
8787,82825,but,465,6
8788,82829,we,465,6
8789,82832,don't,465,6
8790,82838,know,465,6
8791,82843,that,465,6
8792,82857,It's,465,6
8793,82862,just,465,6
8794,82867,a,465,6
8795,82869,grand,465,6
8796,82875,abstract,465,6
8797,82884,weirdness,465,6
8798,82894,blurring,465,6
8799,82903,and,465,6
8800,82915,sharpening,465,6
8801,82926,and,465,6
8802,82930,changing,465,6
8803,82973,EGYPTIAN,466,6
8804,82983,OS,466,6
8805,83005,The,466,6
8806,83009,finest,466,6
8807,83016,quality,466,6
8808,83025,yeeeeeeessssss,466,6
8809,83059,Perfect,466,6
8810,83067,workmanship,466,6
8811,83098,Geniune,466,6
8812,83106,artificial,466,6
8813,83117,snake,466,6
8814,83133,The,466,6
8815,83137,flake,466,6
8816,83144,becomes,466,6
8817,83152,a,466,6
8818,83154,landscape,466,6
8819,83164,of,466,6
8820,83167,forests,466,6
8821,83175,and,466,6
8822,83179,moon,466,6
8823,83193,scapes,466,6
8824,83202,Buried,466,6
8825,83209,deep,466,6
8826,83214,in,466,6
8827,83217,the,466,6
8828,83221,texture,466,6
8829,83229,of,466,6
8830,83232,the,466,6
8831,83236,thing,466,6
8832,83242,is,466,6
8833,83245,a,466,6
8834,83255,serial,466,6
8835,83262,number,466,6
8836,83303,EGYPTIAN,467,6
8837,83313,OS,467,6
8838,83335,Serial,467,6
8839,83342,Number,467,6
8840,83349,99069745xb7Y,467,6
8841,83380,That,467,6
8842,83385,would,467,6
8843,83391,indicate,467,6
8844,83400,a,467,6
8845,83402,Crotalus,467,6
8846,83429,Atrox,467,6
8847,83493,CUT,467,6
8848,83497,TO,467,6
8849,83510,EXT,468,6
8850,83515,EGYPTIANS,468,6
8851,83525,JOINT,468,6
8852,83533,NIGHT,468,6
8853,83566,58,468,6
8854,83578,We,469,6
8855,83581,see,469,6
8856,83585,the,469,6
8857,83589,Egyptian,469,6
8858,83598,for,469,6
8859,83602,the,469,6
8860,83606,first,469,6
8861,83612,time,469,6
8862,83617,as,469,6
8863,83620,he,469,6
8864,83623,takes,469,6
8865,83637,his,469,6
8866,83641,eye,469,6
8867,83645,from,469,6
8868,83650,the,469,6
8869,83654,viewer,469,6
8870,83661,and,469,6
8871,83665,points,469,6
8872,83672,to,469,6
8873,83675,a,469,6
8874,83677,snake,469,6
8875,83683,in,469,6
8876,83686,one,469,6
8877,83698,of,469,6
8878,83701,the,469,6
8879,83705,many,469,6
8880,83710,tanks,469,6
8881,83716,that,469,6
8882,83721,writhe,469,6
8883,83728,with,469,6
8884,83733,groggy,469,6
8885,83740,reptiles,469,6
8886,83783,EGYPTIAN,470,6
8887,83818,continuing,470,6
8888,83852,such,470,6
8889,83857,as,470,6
8890,83860,that,470,6
8891,83865,one,470,6
8892,83869,there,470,6
8893,83875,with,470,6
8894,83898,the,470,6
8895,83902,black,470,6
8896,83908,and,470,6
8897,83912,white,470,6
8898,83918,ring,470,6
8899,83923,on,470,6
8900,83926,tail,470,6
8901,83958,making,470,6
8902,83965,a,470,6
8903,83967,whirring,470,6
8904,83976,noise,470,6
8905,84001,Western,470,6
8906,84009,Diamon,470,6
8907,84016,Back,470,6
8908,84051,whirr,470,6
8909,84076,Rattler,470,6
8910,84094,Deckard,470,6
8911,84102,is,470,6
8912,84105,looking,470,6
8913,84113,at,470,6
8914,84116,the,470,6
8915,84120,ugly,470,6
8916,84125,serpent,470,6
8917,84143,The,470,6
8918,84147,Egyptian,470,6
8919,84156,hands,470,6
8920,84162,the,470,6
8921,84166,scale,470,6
8922,84172,back,470,6
8923,84177,to,470,6
8924,84180,Deckard,470,6
8925,84222,DECKARD,471,6
8926,84248,Who,471,6
8927,84252,made,471,6
8928,84257,it,471,6
8929,84295,EGYPTIAN,472,6
8930,84322,This,472,6
8931,84327,quality,472,6
8932,84338,not,472,6
8933,84342,too,472,6
8934,84346,many,472,6
8935,84385,DECKARD,473,6
8936,84411,How,473,6
8937,84415,many,473,6
8938,84455,EGYPTIAN,474,6
8939,84482,Very,474,6
8940,84487,few,474,6
8941,84525,DECKARD,475,6
8942,84551,How,475,6
8943,84555,few,475,6
8944,84594,EGYPTIAN,476,6
8945,84621,Perhaps,476,6
8946,84629,less,476,6
8947,84634,than,476,6
8948,84639,I,476,6
8949,84641,thought,476,6
8950,84671,but,476,6
8951,84675,still,476,6
8952,84682,more,476,6
8953,84687,than,476,6
8954,84692,I,476,6
8955,84694,can,476,6
8956,84698,remember,476,6
8957,84741,DECKARD,477,6
8958,84767,What,477,6
8959,84772,helps,477,6
8960,84778,you,477,6
8961,84782,to,477,6
8962,84785,remember,477,6
8963,84805,The,477,6
8964,84809,Egyptian,477,6
8965,84818,pushes,477,6
8966,84825,a,477,6
8967,84827,hand,477,6
8968,84832,out,477,6
8969,84836,in,477,6
8970,84839,front,477,6
8971,84845,of,477,6
8972,84848,him,477,6
8973,84853,revolving,477,6
8974,84871,the,477,6
8975,84875,thumb,477,6
8976,84881,slowly,477,6
8977,84888,against,477,6
8978,84896,the,477,6
8979,84900,next,477,6
8980,84905,two,477,6
8981,84909,fingers,477,6
8982,84927,Deckard,477,6
8983,84935,slips,477,6
8984,84941,a,477,6
8985,84943,card,477,6
8986,84948,out,477,6
8987,84952,of,477,6
8988,84955,his,477,6
8989,84959,pocket,477,6
8990,84966,and,477,6
8991,84970,into,477,6
8992,84975,the,477,6
8993,84987,man's,477,6
8994,84993,fingers,477,6
8995,85003,It's,477,6
8996,85008,a,477,6
8997,85010,police,477,6
8998,85017,card,477,6
8999,85024,It,477,6
9000,85027,gets,477,6
9001,85032,a,477,6
9002,85034,super,477,6
9003,85049,cilious,477,6
9004,85057,smile,477,6
9005,85064,a,477,6
9006,85066,sigh,477,6
9007,85071,and,477,6
9008,85075,a,477,6
9009,85077,shrug,477,6
9010,85085,And,477,6
9011,85089,that's,477,6
9012,85096,all,477,6
9013,85108,it,477,6
9014,85111,gets,477,6
9015,85118,The,477,6
9016,85122,man,477,6
9017,85126,knows,477,6
9018,85132,his,477,6
9019,85136,rights,477,6
9020,85145,The,477,6
9021,85149,card,477,6
9022,85154,is,477,6
9023,85165,handed,477,6
9024,85172,back,477,6
9025,85179,The,477,6
9026,85183,smile,477,6
9027,85189,remains,477,6
9028,85231,EGYPTIAN,478,6
9029,85258,What,478,6
9030,85263,was,478,6
9031,85267,the,478,6
9032,85271,question,478,6
9033,85280,again,478,6
9034,85320,DECKARD,479,6
9035,85346,The,479,6
9036,85350,question,479,6
9037,85359,is,479,6
9038,85374,Deckard,479,6
9039,85382,steps,479,6
9040,85388,in,479,6
9041,85391,closer,479,6
9042,85432,DECKARD,480,6
9043,85458,Are,480,6
9044,85462,you,480,6
9045,85466,a,480,6
9046,85468,citizen,480,6
9047,85510,EGYPTIAN,481,6
9048,85537,Yes,481,6
9049,85575,DECKARD,482,6
9050,85601,Naturalized,482,6
9051,85647,EGYPTIAN,483,6
9052,85674,Yes,483,6
9053,85712,DECKARD,484,6
9054,85738,Your,484,6
9055,85743,papers,484,6
9056,85750,are,484,6
9057,85754,in,484,6
9058,85757,order,484,6
9059,85797,EGYPTIAN,485,6
9060,85824,Of,485,6
9061,85827,course,485,6
9062,85844,This,485,6
9063,85849,guy's,485,6
9064,85855,got,485,6
9065,85859,it,485,6
9066,85862,covered,485,6
9067,85904,DECKARD,486,6
9068,85930,You,486,6
9069,85934,have,486,6
9070,85939,a,486,6
9071,85941,license,486,6
9072,85949,for,486,6
9073,85953,this,486,6
9074,85976,establishment,486,6
9075,86000,He,486,6
9076,86003,points,486,6
9077,86010,it,486,6
9078,86013,out,486,6
9079,86017,with,486,6
9080,86022,a,486,6
9081,86024,righteous,486,6
9082,86034,finger,486,6
9083,86075,DECKARD,487,6
9084,86101,Fire,487,6
9085,86106,permit,487,6
9086,86147,EGYPTIAN,488,6
9087,86174,Right,488,6
9088,86180,here,488,6
9089,86195,He,488,6
9090,86198,lifts,488,6
9091,86204,it,488,6
9092,86207,out,488,6
9093,86211,of,488,6
9094,86214,a,488,6
9095,86216,drawer,488,6
9096,86224,displays,488,6
9097,86233,it,488,6
9098,86238,A,488,6
9099,86240,long,488,6
9100,86253,pause,488,6
9101,86261,The,488,6
9102,86265,Egyptian,488,6
9103,86274,smiles,488,6
9104,86281,smugly,488,6
9105,86290,It,488,6
9106,86293,pays,488,6
9107,86298,to,488,6
9108,86301,have,488,6
9109,86314,things,488,6
9110,86321,covered,488,6
9111,86331,Deckard,488,6
9112,86339,pushes,488,6
9113,86346,closer,488,6
9114,86387,DECKARD,489,6
9115,86413,In,489,6
9116,86416,two,489,6
9117,86420,seconds,489,6
9118,86428,I'm,489,6
9119,86432,gonna,489,6
9120,86438,break,489,6
9121,86462,your,489,6
9122,86467,fuckin,489,6
9123,86475,spine,489,6
9124,86481,if,489,6
9125,86484,you,489,6
9126,86488,don't,489,6
9127,86512,tell,489,6
9128,86517,me,489,6
9129,86520,what,489,6
9130,86525,I,489,6
9131,86527,wanna,489,6
9132,86533,know,489,6
9133,86548,Pause,489,6
9134,86588,EGYPTIAN,490,6
9135,86615,I,490,6
9136,86617,see,490,6
9137,86631,Deckard's,490,6
9138,86641,face,490,6
9139,86646,is,490,6
9140,86649,two,490,6
9141,86653,inches,490,6
9142,86660,away,490,6
9143,86667,It's,490,6
9144,86672,all,490,6
9145,86676,very,490,6
9146,86689,plain,490,6
9147,86729,EGYPTIAN,491,6
9148,86756,In,491,6
9149,86759,that,491,6
9150,86764,case,491,6
9151,86770,I,491,6
9152,86772,think,491,6
9153,86778,I,491,6
9154,86780,will,491,6
9155,86785,be,491,6
9156,86788,obliged,491,6
9157,86814,to,491,6
9158,86817,tell,491,6
9159,86822,you,491,6
9160,86826,that,491,6
9161,86831,one,491,6
9162,86835,of,491,6
9163,86838,two,491,6
9164,86842,men,491,6
9165,86846,could,491,6
9166,86870,have,491,6
9167,86875,done,491,6
9168,86880,this,491,6
9169,86919,DECKARD,492,6
9170,86945,Who,492,6
9171,86984,EGYPTIAN,493,6
9172,87011,Me,493,6
9173,87024,The,493,6
9174,87028,Egyptian,493,6
9175,87037,works,493,6
9176,87043,on,493,6
9177,87046,an,493,6
9178,87049,uncertain,493,6
9179,87059,shit,493,6
9180,87064,eating,493,6
9181,87071,grin,493,6
9182,87084,hoping,493,6
9183,87091,to,493,6
9184,87094,charm,493,6
9185,87100,his,493,6
9186,87104,way,493,6
9187,87108,out,493,6
9188,87112,of,493,6
9189,87115,a,493,6
9190,87117,hole,493,6
9191,87132,Deckard,493,6
9192,87140,lets,493,6
9193,87145,him,493,6
9194,87149,sweat,493,6
9195,87155,for,493,6
9196,87159,a,493,6
9197,87161,beat,493,6
9198,87166,or,493,6
9199,87169,two,493,6
9200,87174,looking,493,6
9201,87182,hard,493,6
9202,87221,DECKARD,494,6
9203,87247,Who,494,6
9204,87251,do,494,6
9205,87254,you,494,6
9206,87258,sell,494,6
9207,87263,your,494,6
9208,87268,junk,494,6
9209,87273,to,494,6
9210,87311,EGYPTIAN,495,6
9211,87338,Artists,495,6
9212,87347,Always,495,6
9213,87354,to,495,6
9214,87357,artists,495,6
9215,87375,The,495,6
9216,87379,Eygptian,495,6
9217,87388,looks,495,6
9218,87394,nervously,495,6
9219,87404,at,495,6
9220,87407,Deckard,495,6
9221,87415,sees,495,6
9222,87420,he,495,6
9223,87431,means,495,6
9224,87437,business,495,6
9225,87446,and,495,6
9226,87450,hastily,495,6
9227,87458,begins,495,6
9228,87465,to,495,6
9229,87468,shuffle,495,6
9230,87476,through,495,6
9231,87484,a,495,6
9232,87494,wad,495,6
9233,87498,of,495,6
9234,87501,receipts,495,6
9235,87510,from,495,6
9236,87515,a,495,6
9237,87517,cigar,495,6
9238,87523,box,495,6
9239,87580,CUT,495,6
9240,87584,TO,495,6
9241,87597,OMIT,495,6
9242,87653,59,495,6
9243,87665,OMIT,495,6
9244,87721,60,495,6
9245,87733,INT,496,6
9246,87738,TAFFEY'S,496,6
9247,87747,SNAKE,496,6
9248,87753,PIT,496,6
9249,87757,BAR,496,6
9250,87763,NIGHT,496,6
9251,87789,60A,496,6
9252,87802,A,497,6
9253,87804,big,497,6
9254,87808,guy,497,6
9255,87813,back,497,6
9256,87818,to,497,6
9257,87821,camera,497,6
9258,87828,is,497,6
9259,87831,sitting,497,6
9260,87839,at,497,6
9261,87842,the,497,6
9262,87846,bar,497,6
9263,87850,in,497,6
9264,87861,this,497,6
9265,87866,sleazy,497,6
9266,87873,joint,497,6
9267,87913,DECKARD,498,6
9268,87922,OS,498,6
9269,87944,You,498,6
9270,87948,buy,498,6
9271,87952,a,498,6
9272,87954,snake,498,6
9273,87960,off,498,6
9274,87964,an,498,6
9275,87967,Egyptian,498,6
9276,87987,The,498,6
9277,87991,big,498,6
9278,87995,guy,498,6
9279,87999,turns,498,6
9280,88005,to,498,6
9281,88008,face,498,6
9282,88013,his,498,6
9283,88017,questioner,498,6
9284,88030,His,498,6
9285,88034,name,498,6
9286,88047,is,498,6
9287,88050,TAFFEY,498,6
9288,88057,LEWIS,498,6
9289,88063,big,498,6
9290,88067,and,498,6
9291,88071,bad,498,6
9292,88075,and,498,6
9293,88079,low,498,6
9294,88083,life,498,6
9295,88090,He,498,6
9296,88093,looks,498,6
9297,88107,like,498,6
9298,88112,he's,498,6
9299,88117,looking,498,6
9300,88125,at,498,6
9301,88128,a,498,6
9302,88130,cockroach,498,6
9303,88174,TAFFEY,499,6
9304,88199,Buzz,499,6
9305,88204,off,499,6
9306,88209,fella,499,6
9307,88225,Deckard,499,6
9308,88233,is,499,6
9309,88236,searching,499,6
9310,88246,in,499,6
9311,88249,his,499,6
9312,88253,pockets,499,6
9313,88263,He,499,6
9314,88266,pulls,499,6
9315,88272,a,499,6
9316,88274,dirty,499,6
9317,88288,handkerchief,499,6
9318,88301,out,499,6
9319,88306,puts,499,6
9320,88311,it,499,6
9321,88314,on,499,6
9322,88317,the,499,6
9323,88321,bar,499,6
9324,88326,pulls,499,6
9325,88332,out,499,6
9326,88336,a,499,6
9327,88346,crumpled,499,6
9328,88355,pack,499,6
9329,88360,of,499,6
9330,88363,cigs,499,6
9331,88368,from,499,6
9332,88373,another,499,6
9333,88381,pocket,499,6
9334,88389,a,499,6
9335,88391,wad,499,6
9336,88395,of,499,6
9337,88406,money,499,6
9338,88412,cards,499,6
9339,88418,from,499,6
9340,88423,another,499,6
9341,88433,He's,499,6
9342,88438,putting,499,6
9343,88446,all,499,6
9344,88450,sorts,499,6
9345,88456,of,499,6
9346,88467,things,499,6
9347,88474,on,499,6
9348,88477,the,499,6
9349,88481,bar,499,6
9350,88487,Among,499,6
9351,88493,them,499,6
9352,88498,is,499,6
9353,88501,the,499,6
9354,88505,picture,499,6
9355,88513,of,499,6
9356,88524,Rachael,499,6
9357,88532,and,499,6
9358,88536,her,499,6
9359,88540,parents,499,6
9360,88582,DECKARD,500,6
9361,88608,You,500,6
9362,88612,ever,500,6
9363,88617,see,500,6
9364,88626,you,500,6
9365,88630,ever,500,6
9366,88635,se,500,6
9367,88652,At,500,6
9368,88655,last,500,6
9369,88660,he,500,6
9370,88663,finds,500,6
9371,88669,the,500,6
9372,88673,photo,500,6
9373,88679,of,500,6
9374,88682,the,500,6
9375,88686,reclining,500,6
9376,88696,woman,500,6
9377,88703,shows,500,6
9378,88717,it,500,6
9379,88720,to,500,6
9380,88723,Taffey,500,6
9381,88764,DECKARD,501,6
9382,88790,You,501,6
9383,88794,ever,501,6
9384,88799,see,501,6
9385,88803,this,501,6
9386,88808,woman,501,6
9387,88825,Taffey,501,6
9388,88832,doesn't,501,6
9389,88840,even,501,6
9390,88845,look,501,6
9391,88850,at,501,6
9392,88853,the,501,6
9393,88857,picture,501,6
9394,88899,TAFFEY,502,6
9395,88924,Never,502,6
9396,88930,saw,502,6
9397,88934,her,502,6
9398,88940,Buzz,502,6
9399,88945,off,502,6
9400,88949,pal,502,6
9401,88963,Deckard,502,6
9402,88971,flashes,502,6
9403,88979,his,502,6
9404,88983,police,502,6
9405,88990,card,502,6
9406,89029,DECKARD,503,6
9407,89055,Got,503,6
9408,89059,your,503,6
9409,89064,licenses,503,6
9410,89073,in,503,6
9411,89076,order,503,6
9412,89083,old,503,6
9413,89105,buddy,503,6
9414,89146,TAFFEY,504,6
9415,89171,Pal,504,6
9416,89176,I,504,6
9417,89178,got,504,6
9418,89182,a,504,6
9419,89184,license,504,6
9420,89192,to,504,6
9421,89195,piss,504,6
9422,89219,I,504,6
9423,89221,got,504,6
9424,89225,a,504,6
9425,89227,license,504,6
9426,89235,to,504,6
9427,89238,kiss,504,6
9428,89262,An,504,6
9429,89266,I,504,6
9430,89268,got,504,6
9431,89272,a,504,6
9432,89274,license,504,6
9433,89282,to,504,6
9434,89285,pee,504,6
9435,89289,at,504,6
9436,89310,four,504,6
9437,89315,in,504,6
9438,89318,the,504,6
9439,89322,morning,504,6
9440,89350,I,504,6
9441,89352,got,504,6
9442,89356,licenses,504,6
9443,89365,for,504,6
9444,89369,things,504,6
9445,89376,I,504,6
9446,89378,do,504,6
9447,89381,with,504,6
9448,89404,my,504,6
9449,89407,wife,504,6
9450,89412,an,504,6
9451,89416,I,504,6
9452,89418,got,504,6
9453,89422,licenses,504,6
9454,89431,for,504,6
9455,89435,things,504,6
9456,89460,I,504,6
9457,89462,don't,504,6
9458,89468,do,504,6
9459,89471,with,504,6
9460,89476,my,504,6
9461,89479,wife,504,6
9462,89504,I,504,6
9463,89506,got,504,6
9464,89510,licenses,504,6
9465,89519,for,504,6
9466,89523,bad,504,6
9467,89527,dreams,504,6
9468,89535,pal,504,6
9469,89558,I,504,6
9470,89560,got,504,6
9471,89564,licenses,504,6
9472,89573,you,504,6
9473,89577,wouldn't,504,6
9474,89586,believe,504,6
9475,89613,Now,504,6
9476,89617,buzz,504,6
9477,89622,the,504,6
9478,89626,fuck,504,6
9479,89631,off,504,6
9480,89636,okay,504,6
9481,89652,Deckard,504,6
9482,89660,seems,504,6
9483,89666,blown,504,6
9484,89672,away,504,6
9485,89678,puts,504,6
9486,89683,his,504,6
9487,89687,hands,504,6
9488,89693,up,504,6
9489,89697,palms,504,6
9490,89703,forward,504,6
9491,89720,surrendering,504,6
9492,89767,DECKARD,505,6
9493,89793,Take,505,6
9494,89798,it,505,6
9495,89801,easy,505,6
9496,89806,mister,505,6
9497,89814,don't,505,6
9498,89820,get,505,6
9499,89842,excited,505,6
9500,89884,TAFFEY,506,6
9501,89909,Nobody,506,6
9502,89916,pushes,506,6
9503,89923,me,506,6
9504,89926,around,506,6
9505,89967,DECKARD,507,6
9506,89993,Forget,507,6
9507,90000,I,507,6
9508,90002,asked,507,6
9509,90010,My,507,6
9510,90013,mistake,507,6
9511,90040,Water,507,6
9512,90046,under,507,6
9513,90052,the,507,6
9514,90056,bridge,507,6
9515,90073,Taffey,507,6
9516,90080,looks,507,6
9517,90086,a,507,6
9518,90088,little,507,6
9519,90095,startled,507,6
9520,90105,It,507,6
9521,90108,was,507,6
9522,90112,this,507,6
9523,90117,easy,507,6
9524,90125,He's,507,6
9525,90138,kind,507,6
9526,90143,of,507,6
9527,90146,pleased,507,6
9528,90154,with,507,6
9529,90159,himself,507,6
9530,90167,now,507,6
9531,90171,that,507,6
9532,90176,he's,507,6
9533,90181,firmly,507,6
9534,90188,estab,507,6
9535,90203,lished,507,6
9536,90210,his,507,6
9537,90214,authority,507,6
9538,90258,TAFFEY,508,6
9539,90283,No,508,6
9540,90286,hard,508,6
9541,90291,feelings,508,6
9542,90301,I,508,6
9543,90303,just,508,6
9544,90308,don't,508,6
9545,90332,take,508,6
9546,90337,a,508,6
9547,90339,push,508,6
9548,90345,that's,508,6
9549,90352,all,508,6
9550,90390,DECKARD,509,6
9551,90416,No,509,6
9552,90419,hard,509,6
9553,90424,feelings,509,6
9554,90467,TAFFEY,510,6
9555,90500,to,510,6
9556,90503,the,510,6
9557,90507,bartender,510,6
9558,90536,Louis,510,6
9559,90543,the,510,6
9560,90547,man's,510,6
9561,90553,dry,510,6
9562,90559,Give,510,6
9563,90564,him,510,6
9564,90586,one,510,6
9565,90590,on,510,6
9566,90593,the,510,6
9567,90597,house,510,6
9568,90604,huh,510,6
9569,90643,BARTENDER,511,6
9570,90671,Whatcha,511,6
9571,90679,drinking,511,6
9572,90723,DECKARD,512,6
9573,90749,Smokey,512,6
9574,90757,dry,512,6
9575,90795,TAFFEY,513,6
9576,90820,You,513,6
9577,90824,assed,513,6
9578,90830,about,513,6
9579,90836,a,513,6
9580,90838,snake,513,6
9581,90858,Deckard,513,6
9582,90866,is,513,6
9583,90869,suddenly,513,6
9584,90878,hopeful,513,6
9585,90920,DECKARD,514,6
9586,90946,Yeah,514,6
9587,90989,TAFFEY,515,6
9588,91014,Wanna,515,6
9589,91020,see,515,6
9590,91024,a,515,6
9591,91026,snake,515,6
9592,91033,huh,515,6
9593,91047,The,515,6
9594,91051,Bartender,515,6
9595,91061,puts,515,6
9596,91066,a,515,6
9597,91068,weird,515,6
9598,91074,drink,515,6
9599,91080,in,515,6
9600,91083,front,515,6
9601,91089,of,515,6
9602,91092,Deckard,515,6
9603,91111,tiny,515,6
9604,91116,worms,515,6
9605,91122,floating,515,6
9606,91131,in,515,6
9607,91134,a,515,6
9608,91136,viscous,515,6
9609,91144,liquid,515,6
9610,91161,Deckard,515,6
9611,91169,takes,515,6
9612,91175,the,515,6
9613,91179,drink,515,6
9614,91185,like,515,6
9615,91190,he,515,6
9616,91193,was,515,6
9617,91197,used,515,6
9618,91202,to,515,6
9619,91205,it,515,6
9620,91208,and,515,6
9621,91212,swigs,515,6
9622,91252,TAFFEY,516,6
9623,91277,Louis,516,6
9624,91284,show,516,6
9625,91289,the,516,6
9626,91293,cop,516,6
9627,91297,the,516,6
9628,91301,snake,516,6
9629,91326,willya,516,6
9630,91343,The,516,6
9631,91347,Bartender,516,6
9632,91357,reaches,516,6
9633,91365,under,516,6
9634,91371,the,516,6
9635,91375,bar,516,6
9636,91379,and,516,6
9637,91383,pulls,516,6
9638,91389,out,516,6
9639,91393,a,516,6
9640,91403,large,516,6
9641,91409,snake,516,6
9642,91415,that,516,6
9643,91420,writhes,516,6
9644,91428,lazily,516,6
9645,91435,on,516,6
9646,91438,the,516,6
9647,91442,bar,516,6
9648,91448,It,516,6
9649,91451,is,516,6
9650,91462,bright,516,6
9651,91469,gold,516,6
9652,91508,DECKARD,517,6
9653,91539,disappointed,517,6
9654,91571,Wrong,517,6
9655,91577,snake,517,6
9656,91617,TAFFEY,518,6
9657,91642,Don't,518,6
9658,91648,like,518,6
9659,91653,gold,518,6
9660,91693,DECKARD,519,6
9661,91719,Gold's,519,6
9662,91726,okay,519,6
9663,91765,TAFFEY,520,6
9664,91790,Original,520,6
9665,91799,paint,520,6
9666,91805,job,520,6
9667,91809,was,520,6
9668,91813,shitty,520,6
9669,91822,Those,520,6
9670,91846,fucking,520,6
9671,91854,Egyptian's,520,6
9672,91865,do,520,6
9673,91868,crappy,520,6
9674,91875,work,520,6
9675,91914,DECKARD,521,6
9676,91940,How,521,6
9677,91944,long,521,6
9678,91949,ago,521,6
9679,91953,did,521,6
9680,91957,ya,521,6
9681,91960,paint,521,6
9682,91966,it,521,6
9683,92003,TAFFEY,522,6
9684,92028,I,522,6
9685,92030,dunno,522,6
9686,92038,Couple,522,6
9687,92045,of,522,6
9688,92048,months,522,6
9689,92074,Why,522,6
9690,92090,Deckard,522,6
9691,92098,looks,522,6
9692,92104,discouraged,522,6
9693,92117,swigs,522,6
9694,92123,the,522,6
9695,92127,last,522,6
9696,92132,of,522,6
9697,92135,his,522,6
9698,92139,drink,522,6
9699,92179,DECKARD,523,6
9700,92205,No,523,6
9701,92208,reason,523,6
9702,92217,Doesn't,523,6
9703,92225,matter,523,6
9704,92256,to,523,6
9705,92259,the,523,6
9706,92263,bartender,523,6
9707,92292,Gimmee,523,6
9708,92299,another,523,6
9709,92308,willya,523,6
9710,92325,There,523,6
9711,92331,is,523,6
9712,92334,a,523,6
9713,92336,burst,523,6
9714,92342,of,523,6
9715,92345,applause,523,6
9716,92354,and,523,6
9717,92358,they,523,6
9718,92363,all,523,6
9719,92367,look,523,6
9720,92372,around,523,6
9721,92387,toward,523,6
9722,92394,the,523,6
9723,92398,stage,523,6
9724,92414,A,523,6
9725,92416,large,523,6
9726,92422,egg,523,6
9727,92426,has,523,6
9728,92430,appeared,523,6
9729,92439,on,523,6
9730,92442,the,523,6
9731,92446,stage,523,6
9732,92453,beside,523,6
9733,92460,it,523,6
9734,92463,a,523,6
9735,92473,smaller,523,6
9736,92481,egg,523,6
9737,92519,TAFFEY,524,6
9738,92544,Getta,524,6
9739,92550,loada,524,6
9740,92556,this,524,6
9741,92562,New,524,6
9742,92566,act,524,6
9743,92589,Very,524,6
9744,92594,artistic,524,6
9745,92604,very,524,6
9746,92609,sen,524,6
9747,92613,shoe,524,6
9748,92618,all,524,6
9749,92641,Beautiful,524,6
9750,92661,Music,524,6
9751,92667,starts,524,6
9752,92674,to,524,6
9753,92677,play,524,6
9754,92692,Deckard,524,6
9755,92700,looks,524,6
9756,92706,bored,524,6
9757,92712,and,524,6
9758,92716,discouraged,524,6
9759,92730,Absently,524,6
9760,92739,starts,524,6
9761,92754,picking,524,6
9762,92762,up,524,6
9763,92765,his,524,6
9764,92769,junk,524,6
9765,92774,off,524,6
9766,92778,the,524,6
9767,92782,bar,524,6
9768,92789,the,524,6
9769,92793,wads,524,6
9770,92798,of,524,6
9771,92801,money,524,6
9772,92807,cards,524,6
9773,92822,cigarette,524,6
9774,92832,packs,524,6
9775,92839,matches,524,6
9776,92850,the,524,6
9777,92854,picture,524,6
9778,92862,of,524,6
9779,92865,Rachael,524,6
9780,92875,That,524,6
9781,92888,catches,524,6
9782,92896,his,524,6
9783,92900,attention,524,6
9784,92920,Deckard,524,6
9785,92928,stares,524,6
9786,92935,at,524,6
9787,92938,the,524,6
9788,92942,picture,524,6
9789,92950,for,524,6
9790,92954,a,524,6
9791,92956,long,524,6
9792,92961,moment,524,6
9793,93002,DECKARD,525,6
9794,93028,Gotta,525,6
9795,93034,phone,525,6
9796,93094,CUT,525,6
9797,93098,TO,525,6
9798,93111,OMIT,525,6
9799,93167,61,525,6
9800,93179,OMIT,525,6
9801,93235,62,525,6
9802,93247,INT,526,6
9803,93252,TAFFEY'S,526,6
9804,93261,BAR,526,6
9805,93265,MOMENTS,526,6
9806,93273,LATER,526,6
9807,93303,62A,526,6
9808,93316,Deckard,527,6
9809,93324,is,527,6
9810,93327,at,527,6
9811,93330,a,527,6
9812,93332,telephone,527,6
9813,93342,not,527,6
9814,93346,far,527,6
9815,93350,from,527,6
9816,93356,the,527,6
9817,93360,bar,527,6
9818,93366,He's,527,6
9819,93379,got,527,6
9820,93383,the,527,6
9821,93387,phone,527,6
9822,93393,hooked,527,6
9823,93400,between,527,6
9824,93408,his,527,6
9825,93412,shoulder,527,6
9826,93421,and,527,6
9827,93425,ear,527,6
9828,93429,while,527,6
9829,93443,he,527,6
9830,93446,notes,527,6
9831,93452,a,527,6
9832,93454,number,527,6
9833,93495,DECKARD,528,6
9834,93528,six,528,6
9835,93532,six,528,6
9836,93536,five,528,6
9837,93542,Thanks,528,6
9838,93559,Deckard,528,6
9839,93567,breaks,528,6
9840,93574,the,528,6
9841,93578,connection,528,6
9842,93590,then,528,6
9843,93595,starts,528,6
9844,93602,punching,528,6
9845,93611,the,528,6
9846,93623,numbers,528,6
9847,93641,Behind,528,6
9848,93648,him,528,6
9849,93652,the,528,6
9850,93656,stage,528,6
9851,93662,show,528,6
9852,93667,is,528,6
9853,93670,progressing,528,6
9854,93684,A,528,6
9855,93686,beautiful,528,6
9856,93704,woman,528,6
9857,93710,named,528,6
9858,93716,SALOME,528,6
9859,93723,is,528,6
9860,93726,emerging,528,6
9861,93735,from,528,6
9862,93740,the,528,6
9863,93744,large,528,6
9864,93750,egg,528,6
9865,93755,very,528,6
9866,93768,scantily,528,6
9867,93777,clad,528,6
9868,93783,an,528,6
9869,93786,erotic,528,6
9870,93793,birth,528,6
9871,93799,scene,528,6
9872,93815,Rachael,528,6
9873,93823,appears,528,6
9874,93831,on,528,6
9875,93834,the,528,6
9876,93838,telephone,528,6
9877,93848,vid,528,6
9878,93852,screen,528,6
9879,93893,RACHAEL,529,6
9880,93919,Hello,529,6
9881,93959,DECKARD,530,6
9882,93985,People,530,6
9883,93992,have,530,6
9884,93997,walked,530,6
9885,94004,out,530,6
9886,94008,on,530,6
9887,94011,me,530,6
9888,94032,before,530,6
9889,94042,but,530,6
9890,94046,never,530,6
9891,94052,when,530,6
9892,94057,I,530,6
9893,94059,was,530,6
9894,94081,being,530,6
9895,94087,charming,530,6
9896,94106,Rachael,530,6
9897,94114,freezes,530,6
9898,94122,when,530,6
9899,94127,she,530,6
9900,94131,see,530,6
9901,94135,who,530,6
9902,94139,it,530,6
9903,94142,is,530,6
9904,94147,Says,530,6
9905,94152,nothing,530,6
9906,94194,DECKARD,531,6
9907,94220,Ya,531,6
9908,94223,missed,531,6
9909,94230,out,531,6
9910,94234,on,531,6
9911,94237,the,531,6
9912,94241,drink,531,6
9913,94247,I,531,6
9914,94267,poured,531,6
9915,94274,ya,531,6
9916,94287,Rachael,531,6
9917,94295,still,531,6
9918,94301,says,531,6
9919,94306,nothing,531,6
9920,94348,DECKARD,532,6
9921,94374,Wanna,532,6
9922,94380,try,532,6
9923,94384,again,532,6
9924,94401,For,532,6
9925,94405,a,532,6
9926,94407,long,532,6
9927,94412,moment,532,6
9928,94419,it,532,6
9929,94422,seems,532,6
9930,94428,Rachael,532,6
9931,94436,isn't,532,6
9932,94442,going,532,6
9933,94448,to,532,6
9934,94451,say,532,6
9935,94463,anything,532,6
9936,94482,Rachael,532,6
9937,94490,is,532,6
9938,94493,bitter,532,6
9939,94534,RACHAEL,533,6
9940,94566,on,533,6
9941,94569,Vid,533,6
9942,94573,screen,533,6
9943,94599,Hunting,533,6
9944,94611,skin,533,6
9945,94616,jobs,533,6
9946,94657,DECKARD,534,6
9947,94683,Didn't,534,6
9948,94690,find,534,6
9949,94695,any,534,6
9950,94699,All,534,6
9951,94703,I,534,6
9952,94705,found,534,6
9953,94711,was,534,6
9954,94715,a,534,6
9955,94717,bar,534,6
9956,94740,Why,534,6
9957,94744,waste,534,6
9958,94750,it,534,6
9959,94788,RACHAEL,535,6
9960,94820,on,535,6
9961,94823,vid,535,6
9962,94827,screen,535,6
9963,94853,Not,535,6
9964,94857,my,535,6
9965,94860,kind,535,6
9966,94865,of,535,6
9967,94868,place,535,6
9968,94874,I'm,535,6
9969,94878,afraid,535,6
9970,94919,DECKARD,536,6
9971,94945,Meet,536,6
9972,94950,me,536,6
9973,94953,here,536,6
9974,94960,We'll,536,6
9975,94966,go,536,6
9976,94969,someplace,536,6
9977,94997,else,536,6
9978,95004,It's,536,6
9979,95009,in,536,6
9980,95012,the,536,6
9981,95016,Fourth,536,6
9982,95023,Sector,536,6
9983,95043,Something,536,6
9984,95053,on,536,6
9985,95056,the,536,6
9986,95060,stage,536,6
9987,95066,catches,536,6
9988,95074,Deckard's,536,6
9989,95084,eye,536,6
9990,95089,He,536,6
9991,95092,frowns,536,6
9992,95109,On,536,6
9993,95112,stage,536,6
9994,95119,a,536,6
9995,95121,snake,536,6
9996,95127,has,536,6
9997,95131,emerged,536,6
9998,95139,from,536,6
9999,95144,the,536,6
10000,95148,second,536,6
10001,95155,egg,536,6
10002,95169,Deckard,536,6
10003,95177,is,536,6
10004,95180,suddenly,536,6
10005,95189,pre,536,6
10006,95193,occupied,536,6
10007,95202,with,536,6
10008,95207,the,536,6
10009,95211,stage,536,6
10010,95217,show,536,6
10011,95222,as,536,6
10012,95233,he,536,6
10013,95236,absently,536,6
10014,95245,gives,536,6
10015,95251,the,536,6
10016,95255,address,536,6
10017,95263,over,536,6
10018,95268,the,536,6
10019,95272,phone,536,6
10020,95312,DECKARD,537,6
10021,95345,the,537,6
10022,95350,Fourth,537,6
10023,95357,Sector,537,6
10024,95365,on,537,6
10025,95368,the,537,6
10026,95372,line,537,6
10027,95396,Taffey,537,6
10028,95403,Lewis,537,6
10029,95411,Snake,537,6
10030,95417,Pit,537,6
10031,95455,RACHAEL,538,6
10032,95481,I,538,6
10033,95483,don't,538,6
10034,95489,think,538,6
10035,95495,so,538,6
10036,95498,Mr,538,6
10037,95502,Deckard,538,6
10038,95529,As,538,6
10039,95532,I,538,6
10040,95534,said,538,6
10041,95554,Deckard,538,6
10042,95562,is,538,6
10043,95565,staring,538,6
10044,95573,at,538,6
10045,95576,the,538,6
10046,95580,stage,538,6
10047,95586,show,538,6
10048,95625,DECKARD,539,6
10049,95659,absently,539,6
10050,95687,See,539,6
10051,95691,ya,539,6
10052,95694,in,539,6
10053,95697,a,539,6
10054,95699,half,539,6
10055,95704,hour,539,6
10056,95719,He,539,6
10057,95722,hangs,539,6
10058,95728,up,539,6
10059,95741,On,539,6
10060,95744,stage,539,6
10061,95751,the,539,6
10062,95755,snake,539,6
10063,95761,and,539,6
10064,95765,Salome,539,6
10065,95772,are,539,6
10066,95776,into,539,6
10067,95781,sexy,539,6
10068,95786,stuff,539,6
10069,95845,CUT,539,6
10070,95849,TO,539,6
10071,95862,INT,540,6
10072,95867,BACKSTAGE,540,6
10073,95877,A,540,6
10074,95879,LITTLE,540,6
10075,95886,LATER,540,6
10076,95918,63,540,6
10077,95930,You,541,6
10078,95934,can,541,6
10079,95938,hear,541,6
10080,95943,applause,541,6
10081,95952,and,541,6
10082,95956,catcalls,541,6
10083,95965,from,541,6
10084,95970,the,541,6
10085,95974,audience,541,6
10086,95991,as,541,6
10087,95994,Salome,541,6
10088,96001,flounces,541,6
10089,96010,backstage,541,6
10090,96022,She,541,6
10091,96026,starts,541,6
10092,96033,toward,541,6
10093,96040,the,541,6
10094,96052,dressing,541,6
10095,96061,room,541,6
10096,96076,Deckard,541,6
10097,96084,emerges,541,6
10098,96092,from,541,6
10099,96097,the,541,6
10100,96101,shadow,541,6
10101,96142,DECKARD,542,6
10102,96168,Excuse,542,6
10103,96175,me,542,6
10104,96179,Miss,542,6
10105,96185,Salome,542,6
10106,96205,She,542,6
10107,96209,turns,542,6
10108,96217,Deckard's,542,6
10109,96227,posture,542,6
10110,96235,and,542,6
10111,96239,attitude,542,6
10112,96248,suggest,542,6
10113,96256,humble,542,6
10114,96272,sleazy,542,6
10115,96279,persistence,542,6
10116,96293,He,542,6
10117,96296,comes,542,6
10118,96302,closer,542,6
10119,96309,with,542,6
10120,96314,his,542,6
10121,96318,shit,542,6
10122,96323,eating,542,6
10123,96338,grin,542,6
10124,96377,DECKARD,543,6
10125,96403,I'd,543,6
10126,96407,like,543,6
10127,96412,to,543,6
10128,96415,have,543,6
10129,96420,a,543,6
10130,96422,word,543,6
10131,96427,with,543,6
10132,96432,you,543,6
10133,96454,if,543,6
10134,96457,I,543,6
10135,96459,could,543,6
10136,96475,Salome,543,6
10137,96482,stands,543,6
10138,96489,almost,543,6
10139,96496,six,543,6
10140,96500,feet,543,6
10141,96505,tall,543,6
10142,96510,in,543,6
10143,96513,her,543,6
10144,96517,high,543,6
10145,96522,heels,543,6
10146,96528,and,543,6
10147,96540,looks,543,6
10148,96546,down,543,6
10149,96551,on,543,6
10150,96554,him,543,6
10151,96558,with,543,6
10152,96563,haughty,543,6
10153,96571,suspicion,543,6
10154,96584,a,543,6
10155,96586,girl,543,6
10156,96591,who,543,6
10157,96603,knows,543,6
10158,96609,how,543,6
10159,96613,to,543,6
10160,96616,handle,543,6
10161,96623,cheap,543,6
10162,96629,hits,543,6
10163,96668,SALOME,544,6
10164,96693,Yeah,544,6
10165,96733,DECKARD,545,6
10166,96759,I'm,545,6
10167,96763,with,545,6
10168,96768,the,545,6
10169,96773,American,545,6
10170,96782,Federation,545,6
10171,96793,of,545,6
10172,96814,Variety,545,6
10173,96822,Artists,545,6
10174,96843,He,545,6
10175,96846,holds,545,6
10176,96852,up,545,6
10177,96855,a,545,6
10178,96857,hand,545,6
10179,96862,as,545,6
10180,96865,if,545,6
10181,96868,to,545,6
10182,96871,stop,545,6
10183,96876,her,545,6
10184,96880,from,545,6
10185,96885,protesting,545,6
10186,96930,DECKARD,546,6
10187,96956,Don't,546,6
10188,96962,worry,546,6
10189,96969,I'm,546,6
10190,96973,not,546,6
10191,96977,here,546,6
10192,96982,to,546,6
10193,97003,make,546,6
10194,97008,you,546,6
10195,97012,join,546,6
10196,97020,that's,546,6
10197,97027,not,546,6
10198,97031,my,546,6
10199,97034,department,546,6
10200,97055,He,546,6
10201,97058,glances,546,6
10202,97066,around,546,6
10203,97073,like,546,6
10204,97078,a,546,6
10205,97080,guy,546,6
10206,97084,who's,546,6
10207,97090,not,546,6
10208,97094,supposed,546,6
10209,97103,to,546,6
10210,97106,be,546,6
10211,97117,there,546,6
10212,97157,DECKARD,547,6
10213,97183,I'm,547,6
10214,97187,an,547,6
10215,97190,investigator,547,6
10216,97203,for,547,6
10217,97207,the,547,6
10218,97211,Confidential,547,6
10219,97242,Committee,547,6
10220,97252,on,547,6
10221,97255,Moral,547,6
10222,97262,Abuses,547,6
10223,97279,She,547,6
10224,97283,nods,547,6
10225,97289,taking,547,6
10226,97296,it,547,6
10227,97299,a,547,6
10228,97301,little,547,6
10229,97308,more,547,6
10230,97313,seriously,547,6
10231,97357,DECKARD,548,6
10232,97383,There's,548,6
10233,97391,been,548,6
10234,97396,reports,548,6
10235,97404,of,548,6
10236,97407,the,548,6
10237,97429,management,548,6
10238,97440,taking,548,6
10239,97447,liberties,548,6
10240,97457,with,548,6
10241,97480,the,548,6
10242,97484,artists,548,6
10243,97492,in,548,6
10244,97495,this,548,6
10245,97500,place,548,6
10246,97540,SALOME,549,6
10247,97565,I,549,6
10248,97567,don't,549,6
10249,97573,know,549,6
10250,97578,nothing,549,6
10251,97586,about,549,6
10252,97592,it,549,6
10253,97629,DECKARD,550,6
10254,97655,You,550,6
10255,97659,haven't,550,6
10256,97667,felt,550,6
10257,97672,yourself,550,6
10258,97681,to,550,6
10259,97684,be,550,6
10260,97705,exploited,550,6
10261,97715,by,550,6
10262,97718,the,550,6
10263,97722,management,550,6
10264,97733,in,550,6
10265,97754,any,550,6
10266,97758,way,550,6
10267,97772,She's,550,6
10268,97778,definitely,550,6
10269,97789,puzzled,550,6
10270,97831,SALOME,551,6
10271,97856,How,551,6
10272,97860,do,551,6
10273,97863,you,551,6
10274,97867,mean,551,6
10275,97873,exploited,551,6
10276,97918,DECKARD,552,6
10277,97944,Like,552,6
10278,97949,to,552,6
10279,97952,get,552,6
10280,97956,this,552,6
10281,97961,job,552,6
10282,97968,did,552,6
10283,97972,you,552,6
10284,97994,or,552,6
10285,97997,were,552,6
10286,98002,you,552,6
10287,98006,asked,552,6
10288,98012,to,552,6
10289,98015,do,552,6
10290,98018,anything,552,6
10291,98045,lewd,552,6
10292,98050,or,552,6
10293,98053,unsavory,552,6
10294,98062,or,552,6
10295,98065,otherwise,552,6
10296,98093,repulsive,552,6
10297,98103,to,552,6
10298,98106,your,552,6
10299,98111,person,552,6
10300,98152,SALOME,553,6
10301,98177,Are,553,6
10302,98181,you,553,6
10303,98185,for,553,6
10304,98189,real,553,6
10305,98228,DECKARD,554,6
10306,98254,Oh,554,6
10307,98258,yeah,554,6
10308,98265,You'd,554,6
10309,98271,be,554,6
10310,98274,surprised,554,6
10311,98302,what,554,6
10312,98307,goes,554,6
10313,98312,on,554,6
10314,98315,around,554,6
10315,98322,here,554,6
10316,98329,I'd,554,6
10317,98351,like,554,6
10318,98356,to,554,6
10319,98359,check,554,6
10320,98365,the,554,6
10321,98369,dressing,554,6
10322,98378,room,554,6
10323,98401,if,554,6
10324,98404,I,554,6
10325,98406,could,554,6
10326,98446,SALOME,555,6
10327,98471,What,555,6
10328,98476,the,555,6
10329,98480,fuck,555,6
10330,98485,for,555,6
10331,98523,DECKARD,556,6
10332,98549,For,556,6
10333,98553,holes,556,6
10334,98569,This,556,6
10335,98574,guy,556,6
10336,98578,might,556,6
10337,98584,be,556,6
10338,98587,an,556,6
10339,98590,asshole,556,6
10340,98599,but,556,6
10341,98603,he's,556,6
10342,98608,funny,556,6
10343,98648,SALOME,557,6
10344,98673,I,557,6
10345,98675,don't,557,6
10346,98681,believe,557,6
10347,98689,this,557,6
10348,98704,She,557,6
10349,98708,shrugs,557,6
10350,98715,and,557,6
10351,98719,they,557,6
10352,98724,go,557,6
10353,98727,in,557,6
10354,98741,INT,558,6
10355,98746,DRESSING,558,6
10356,98755,ROOM,558,6
10357,98762,NIGHT,558,6
10358,98797,64,558,6
10359,98809,Musty,559,6
10360,98816,cramped,559,6
10361,98826,A,559,6
10362,98828,portable,559,6
10363,98837,shower,559,6
10364,98845,a,559,6
10365,98847,dressing,559,6
10366,98856,table,559,6
10367,98870,and,559,6
10368,98874,not,559,6
10369,98878,much,559,6
10370,98883,else,559,6
10371,98890,On,559,6
10372,98893,the,559,6
10373,98897,dressing,559,6
10374,98906,table,559,6
10375,98912,lies,559,6
10376,98917,a,559,6
10377,98919,snake,559,6
10378,98934,Deckard,559,6
10379,98942,watches,559,6
10380,98950,it,559,6
10381,98953,undulate,559,6
10382,98962,into,559,6
10383,98967,the,559,6
10384,98971,warmth,559,6
10385,98978,of,559,6
10386,98981,the,559,6
10387,98993,lights,559,6
10388,99034,DECKARD,560,6
10389,99060,Is,560,6
10390,99063,that,560,6
10391,99068,mother,560,6
10392,99075,for,560,6
10393,99079,real,560,6
10394,99119,SALOME,561,6
10395,99144,Of,561,6
10396,99147,course,561,6
10397,99154,he's,561,6
10398,99159,not,561,6
10399,99163,real,561,6
10400,99170,You,561,6
10401,99174,think,561,6
10402,99198,I'd,561,6
10403,99202,be,561,6
10404,99205,working,561,6
10405,99213,here,561,6
10406,99218,if,561,6
10407,99221,I,561,6
10408,99223,could,561,6
10409,99229,afford,561,6
10410,99254,a,561,6
10411,99256,real,561,6
10412,99261,snake,561,6
10413,99278,Deckard,561,6
10414,99286,reaches,561,6
10415,99294,out,561,6
10416,99298,to,561,6
10417,99301,touch,561,6
10418,99307,it,561,6
10419,99312,As,561,6
10420,99315,his,561,6
10421,99319,fingers,561,6
10422,99327,make,561,6
10423,99340,contact,561,6
10424,99349,there's,561,6
10425,99357,an,561,6
10426,99360,electric,561,6
10427,99370,snap,561,6
10428,99378,he,561,6
10429,99381,jerks,561,6
10430,99387,his,561,6
10431,99391,hand,561,6
10432,99404,back,561,6
10433,99409,from,561,6
10434,99414,the,561,6
10435,99418,shock,561,6
10436,99434,Salome,561,6
10437,99441,is,561,6
10438,99444,taking,561,6
10439,99451,off,561,6
10440,99455,her,561,6
10441,99459,costume,561,6
10442,99469,There's,561,6
10443,99477,not,561,6
10444,99481,much,561,6
10445,99486,to,561,6
10446,99497,take,561,6
10447,99502,off,561,6
10448,99516,Deckard,561,6
10449,99524,gets,561,6
10450,99529,a,561,6
10451,99531,glimpse,561,6
10452,99539,of,561,6
10453,99542,nakedness,561,6
10454,99552,as,561,6
10455,99555,she,561,6
10456,99559,slips,561,6
10457,99565,behind,561,6
10458,99580,the,561,6
10459,99584,screen,561,6
10460,99591,and,561,6
10461,99595,turns,561,6
10462,99601,on,561,6
10463,99604,the,561,6
10464,99608,shower,561,6
10465,99649,DECKARD,562,6
10466,99675,How,562,6
10467,99679,long,562,6
10468,99684,you,562,6
10469,99688,been,562,6
10470,99693,doing,562,6
10471,99699,a,562,6
10472,99701,snake,562,6
10473,99707,act,562,6
10474,99746,SALOME,563,6
10475,99771,What,563,6
10476,99776,is,563,6
10477,99779,it,563,6
10478,99782,with,563,6
10479,99787,you,563,6
10480,99794,you,563,6
10481,99798,looking,563,6
10482,99806,for,563,6
10483,99828,holes,563,6
10484,99834,or,563,6
10485,99837,what,563,6
10486,99853,He,563,6
10487,99856,starts,563,6
10488,99863,pacing,563,6
10489,99870,the,563,6
10490,99874,room,563,6
10491,99879,like's,563,6
10492,99886,he's,563,6
10493,99891,inspecting,563,6
10494,99902,the,563,6
10495,99906,walls,563,6
10496,99946,DECKARD,564,6
10497,99972,You'd,564,6
10498,99978,be,564,6
10499,99981,surprised,564,6
10500,99993,they,564,6
10501,99998,have,564,6
10502,100003,their,564,6
10503,100009,ways,564,6
10504,100032,of,564,6
10505,100035,doing,564,6
10506,100041,their,564,6
10507,100047,dirty,564,6
10508,100053,work,564,6
10509,100058,without,564,6
10510,100066,the,564,6
10511,100070,victim,564,6
10512,100095,even,564,6
10513,100100,knowing,564,6
10514,100108,what's,564,6
10515,100115,going,564,6
10516,100121,on,564,6
10517,100134,His,564,6
10518,100138,fingers,564,6
10519,100146,are,564,6
10520,100150,moving,564,6
10521,100157,over,564,6
10522,100162,her,564,6
10523,100166,gowns,564,6
10524,100173,There's,564,6
10525,100181,about,564,6
10526,100187,six,564,6
10527,100191,of,564,6
10528,100202,them,564,6
10529,100208,on,564,6
10530,100211,hangers,564,6
10531,100220,but,564,6
10532,100224,nothing,564,6
10533,100232,quite,564,6
10534,100238,like,564,6
10535,100243,the,564,6
10536,100247,one,564,6
10537,100251,in,564,6
10538,100254,Leon's,564,6
10539,100269,closet,564,6
10540,100310,DECKARD,565,6
10541,100336,You'd,565,6
10542,100342,be,565,6
10543,100345,surprised,565,6
10544,100355,what,565,6
10545,100360,a,565,6
10546,100362,guy'll,565,6
10547,100369,go,565,6
10548,100372,through,565,6
10549,100398,to,565,6
10550,100401,get,565,6
10551,100405,a,565,6
10552,100407,glimpse,565,6
10553,100415,of,565,6
10554,100418,a,565,6
10555,100420,beautiful,565,6
10556,100430,body,565,6
10557,100469,SALOME,566,6
10558,100494,No,566,6
10559,100498,I,566,6
10560,100500,wouldn't,566,6
10561,100543,DECKARD,567,6
10562,100569,Little,567,6
10563,100576,dirty,567,6
10564,100582,holes,567,6
10565,100588,they,567,6
10566,100593,drill,567,6
10567,100599,in,567,6
10568,100602,the,567,6
10569,100606,wall,567,6
10570,100629,so,567,6
10571,100632,they,567,6
10572,100637,can,567,6
10573,100641,watch,567,6
10574,100647,a,567,6
10575,100649,lady,567,6
10576,100654,undress,567,6
10577,100672,And,567,6
10578,100676,to,567,6
10579,100679,his,567,6
10580,100683,amazement,567,6
10581,100694,low,567,6
10582,100698,on,567,6
10583,100701,the,567,6
10584,100705,wall,567,6
10585,100711,behind,567,6
10586,100718,the,567,6
10587,100722,dresses,567,6
10588,100739,he,567,6
10589,100742,actually,567,6
10590,100751,spots,567,6
10591,100757,one,567,6
10592,100762,He,567,6
10593,100765,moves,567,6
10594,100771,down,567,6
10595,100776,for,567,6
10596,100780,a,567,6
10597,100782,peek,567,6
10598,100821,SALOME,568,6
10599,100846,And,568,6
10600,100850,what,568,6
10601,100855,if,568,6
10602,100858,somebody,568,6
10603,100867,did,568,6
10604,100871,try,568,6
10605,100875,to,568,6
10606,100879,exploit,568,6
10607,100906,me,568,6
10608,100911,Who,568,6
10609,100915,do,568,6
10610,100918,I,568,6
10611,100920,go,568,6
10612,100923,to,568,6
10613,100937,Deckard's,568,6
10614,100947,peeking,568,6
10615,100955,at,568,6
10616,100958,a,568,6
10617,100960,pair,568,6
10618,100965,of,568,6
10619,100968,fat,568,6
10620,100972,legs,568,6
10621,100977,in,568,6
10622,100980,the,568,6
10623,100984,next,568,6
10624,100989,room,568,6
10625,101028,DECKARD,569,6
10626,101054,Me,569,6
10627,101091,SALOME,570,6
10628,101116,And,570,6
10629,101120,who,570,6
10630,101124,do,570,6
10631,101127,I,570,6
10632,101129,go,570,6
10633,101132,to,570,6
10634,101135,about,570,6
10635,101141,you,570,6
10636,101156,He,570,6
10637,101159,looks,570,6
10638,101165,around,570,6
10639,101175,she's,570,6
10640,101181,out,570,6
10641,101185,of,570,6
10642,101188,the,570,6
10643,101192,shower,570,6
10644,101199,dripping,570,6
10645,101208,nude,570,6
10646,101222,Her,570,6
10647,101226,hair,570,6
10648,101231,blonde,570,6
10649,101238,and,570,6
10650,101242,cropped,570,6
10651,101250,short,570,6
10652,101258,Her,570,6
10653,101262,black,570,6
10654,101268,hair,570,6
10655,101273,is,570,6
10656,101276,a,570,6
10657,101278,wig,570,6
10658,101290,which,570,6
10659,101296,now,570,6
10660,101300,hangs,570,6
10661,101306,on,570,6
10662,101309,the,570,6
10663,101313,wall,570,6
10664,101318,next,570,6
10665,101323,to,570,6
10666,101326,the,570,6
10667,101330,shower,570,6
10668,101339,She,570,6
10669,101343,didn't,570,6
10670,101358,look,570,6
10671,101363,like,570,6
10672,101368,Nexus,570,6
10673,101374,designated,570,6
10674,101385,Zhora,570,6
10675,101391,to,570,6
10676,101394,begin,570,6
10677,101400,with,570,6
10678,101406,but,570,6
10679,101410,even,570,6
10680,101415,less,570,6
10681,101428,now,570,6
10682,101466,SALOME,571,6
10683,101491,So,571,6
10684,101494,did,571,6
10685,101498,you,571,6
10686,101502,find,571,6
10687,101507,any,571,6
10688,101511,holes,571,6
10689,101528,Deckard,571,6
10690,101536,makes,571,6
10691,101542,a,571,6
10692,101544,sheepish,571,6
10693,101553,grin,571,6
10694,101592,DECKARD,572,6
10695,101618,One,572,6
10696,101622,so,572,6
10697,101625,far,572,6
10698,101663,SALOME,573,6
10699,101688,You're,573,6
10700,101695,a,573,6
10701,101697,dedicated,573,6
10702,101707,man,573,6
10703,101721,Her,573,6
10704,101725,smile,573,6
10705,101731,is,573,6
10706,101734,an,573,6
10707,101737,invitation,573,6
10708,101750,She,573,6
10709,101754,throws,573,6
10710,101761,him,573,6
10711,101765,a,573,6
10712,101767,towel,573,6
10713,101782,He,573,6
10714,101785,catches,573,6
10715,101793,it,573,6
10716,101796,and,573,6
10717,101800,she,573,6
10718,101804,turns,573,6
10719,101810,her,573,6
10720,101814,back,573,6
10721,101819,to,573,6
10722,101822,him,573,6
10723,101860,SALOME,574,6
10724,101885,Dry,574,6
10725,101889,me,574,6
10726,101902,The,574,6
10727,101906,evening,574,6
10728,101914,doesn't,574,6
10729,101922,have,574,6
10730,101927,to,574,6
10731,101930,be,574,6
10732,101933,a,574,6
10733,101935,total,574,6
10734,101941,waste,574,6
10735,101949,Deckard,574,6
10736,101965,steps,574,6
10737,101971,up,574,6
10738,101974,behind,574,6
10739,101981,her,574,6
10740,101985,and,574,6
10741,101989,starts,574,6
10742,101996,patting,574,6
10743,102004,her,574,6
10744,102008,down,574,6
10745,102023,On,574,6
10746,102026,the,574,6
10747,102030,dressing,574,6
10748,102039,table,574,6
10749,102045,in,574,6
10750,102048,front,574,6
10751,102054,of,574,6
10752,102057,them,574,6
10753,102062,the,574,6
10754,102066,python,574,6
10755,102081,noses,574,6
10756,102087,through,574,6
10757,102095,the,574,6
10758,102099,cosmetics,574,6
10759,102110,tongue,574,6
10760,102117,flicking,574,6
10761,102127,trying,574,6
10762,102142,to,574,6
10763,102145,get,574,6
10764,102149,back,574,6
10765,102154,to,574,6
10766,102157,its,574,6
10767,102161,mistress,574,6
10768,102172,Caught,574,6
10769,102179,up,574,6
10770,102182,in,574,6
10771,102185,the,574,6
10772,102189,sensu,574,6
10773,102204,ousness,574,6
10774,102212,of,574,6
10775,102215,the,574,6
10776,102219,moment,574,6
10777,102227,absently,574,6
10778,102236,she,574,6
10779,102240,reaches,574,6
10780,102248,out,574,6
10781,102252,to,574,6
10782,102263,stroke,574,6
10783,102270,the,574,6
10784,102274,snake,574,6
10785,102290,Deckard,574,6
10786,102298,works,574,6
10787,102304,his,574,6
10788,102308,way,574,6
10789,102312,down,574,6
10790,102317,her,574,6
10791,102321,back,574,6
10792,102327,over,574,6
10793,102332,her,574,6
10794,102336,buns,574,6
10795,102341,and,574,6
10796,102353,as,574,6
10797,102356,he,574,6
10798,102359,reaches,574,6
10799,102367,her,574,6
10800,102371,thighs,574,6
10801,102379,sits,574,6
10802,102384,on,574,6
10803,102387,the,574,6
10804,102391,cot,574,6
10805,102397,Concen,574,6
10806,102413,trating,574,6
10807,102421,on,574,6
10808,102424,her,574,6
10809,102428,buns,574,6
10810,102434,he,574,6
10811,102437,leans,574,6
10812,102443,back,574,6
10813,102448,for,574,6
10814,102452,a,574,6
10815,102454,handier,574,6
10816,102462,per,574,6
10817,102475,spective,574,6
10818,102486,But,574,6
10819,102490,jerks,574,6
10820,102496,forward,574,6
10821,102504,like,574,6
10822,102509,he'd,574,6
10823,102514,been,574,6
10824,102519,stung,574,6
10825,102525,as,574,6
10826,102536,his,574,6
10827,102540,ears,574,6
10828,102545,are,574,6
10829,102549,hit,574,6
10830,102553,with,574,6
10831,102558,the,574,6
10832,102562,BUZZ,574,6
10833,102567,OF,574,6
10834,102570,RATTLES,574,6
10835,102578,directly,574,6
10836,102587,be,574,6
10837,102599,hind,574,6
10838,102604,him,574,6
10839,102618,Partly,574,6
10840,102625,hidden,574,6
10841,102632,behind,574,6
10842,102639,the,574,6
10843,102643,pillow,574,6
10844,102650,against,574,6
10845,102658,the,574,6
10846,102662,wall,574,6
10847,102667,is,574,6
10848,102678,the,574,6
10849,102682,Egyptian's,574,6
10850,102693,pride,574,6
10851,102699,and,574,6
10852,102703,joy,574,6
10853,102708,a,574,6
10854,102710,four,574,6
10855,102715,and,574,6
10856,102719,a,574,6
10857,102721,half,574,6
10858,102726,foot,574,6
10859,102740,ring,574,6
10860,102745,tailed,574,6
10861,102752,diamondback,574,6
10862,102764,rattler,574,6
10863,102774,Its,574,6
10864,102778,lethal,574,6
10865,102785,looking,574,6
10866,102801,spade,574,6
10867,102807,shaped,574,6
10868,102814,head,574,6
10869,102819,elevated,574,6
10870,102828,out,574,6
10871,102832,of,574,6
10872,102835,its,574,6
10873,102839,coiled,574,6
10874,102846,body,574,6
10875,102860,tail,574,6
10876,102865,erect,574,6
10877,102871,and,574,6
10878,102875,whirring,574,6
10879,102884,madly,574,6
10880,102900,Deckard,574,6
10881,102908,rolls,574,6
10882,102914,off,574,6
10883,102918,the,574,6
10884,102922,cot,574,6
10885,102926,going,574,6
10886,102932,for,574,6
10887,102936,his,574,6
10888,102940,blaster,574,6
10889,102948,as,574,6
10890,102951,he,574,6
10891,102962,hits,574,6
10892,102967,the,574,6
10893,102971,floor,574,6
10894,102979,SALOME,574,6
10895,102986,ZHORA,574,6
10896,102992,has,574,6
10897,102996,her,574,6
10898,103000,hand,574,6
10899,103005,around,574,6
10900,103012,the,574,6
10901,103024,head,574,6
10902,103029,of,574,6
10903,103032,the,574,6
10904,103036,python,574,6
10905,103043,and,574,6
10906,103048,using,574,6
10907,103054,it,574,6
10908,103057,like,574,6
10909,103062,a,574,6
10910,103064,club,574,6
10911,103070,she,574,6
10912,103082,brings,574,6
10913,103089,it,574,6
10914,103092,down,574,6
10915,103097,with,574,6
10916,103102,all,574,6
10917,103106,her,574,6
10918,103110,might,574,6
10919,103126,Deckard,574,6
10920,103134,rolls,574,6
10921,103140,out,574,6
10922,103144,of,574,6
10923,103147,the,574,6
10924,103151,way,574,6
10925,103155,as,574,6
10926,103158,the,574,6
10927,103162,SNAKE,574,6
10928,103168,WHISTLES,574,6
10929,103185,through,574,6
10930,103193,the,574,6
10931,103197,air,574,6
10932,103201,with,574,6
10933,103206,such,574,6
10934,103211,force,574,6
10935,103218,it,574,6
10936,103221,ruptures,574,6
10937,103230,as,574,6
10938,103233,it,574,6
10939,103244,hits,574,6
10940,103249,the,574,6
10941,103253,floor,574,6
10942,103269,If,574,6
10943,103272,Deckard's,574,6
10944,103282,fast,574,6
10945,103288,Zhora's,574,6
10946,103296,a,574,6
10947,103298,blur,574,6
10948,103305,As,574,6
10949,103308,he,574,6
10950,103311,FIRES,574,6
10951,103318,her,574,6
10952,103330,foot,574,6
10953,103335,kicks,574,6
10954,103341,into,574,6
10955,103346,his,574,6
10956,103350,groin,574,6
10957,103357,and,574,6
10958,103361,he,574,6
10959,103364,doubles,574,6
10960,103372,up,574,6
10961,103375,with,574,6
10962,103380,the,574,6
10963,103392,pain,574,6
10964,103397,of,574,6
10965,103400,it,574,6
10966,103405,He,574,6
10967,103408,tries,574,6
10968,103414,for,574,6
10969,103418,a,574,6
10970,103420,second,574,6
10971,103427,shot,574,6
10972,103432,but,574,6
10973,103436,she's,574,6
10974,103442,al,574,6
10975,103454,ready,574,6
10976,103460,out,574,6
10977,103464,the,574,6
10978,103468,door,574,6
10979,103473,carrying,574,6
10980,103482,a,574,6
10981,103484,raincoat,574,6
10982,103504,INT,575,6
10983,103509,PASSAGEWAY,575,6
10984,103522,NIGHT,575,6
10985,103560,65,575,6
10986,103572,Bottom,576,6
10987,103579,lip,576,6
10988,103583,between,576,6
10989,103591,his,576,6
10990,103595,teeth,576,6
10991,103602,Deckard,576,6
10992,103610,hops,576,6
10993,103615,out,576,6
10994,103619,of,576,6
10995,103622,the,576,6
10996,103634,dressing,576,6
10997,103643,room,576,6
10998,103648,in,576,6
10999,103651,time,576,6
11000,103656,to,576,6
11001,103659,see,576,6
11002,103663,her,576,6
11003,103667,go,576,6
11004,103670,through,576,6
11005,103678,the,576,6
11006,103682,door,576,6
11007,103687,at,576,6
11008,103698,the,576,6
11009,103702,other,576,6
11010,103708,end,576,6
11011,103712,of,576,6
11012,103715,the,576,6
11013,103719,hall,576,6
11014,103734,It,576,6
11015,103737,hurts,576,6
11016,103743,to,576,6
11017,103746,move,576,6
11018,103751,so,576,6
11019,103754,fast,576,6
11020,103760,but,576,6
11021,103764,he,576,6
11022,103767,jack,576,6
11023,103772,legs,576,6
11024,103777,after,576,6
11025,103783,her,576,6
11026,103796,arrives,576,6
11027,103804,at,576,6
11028,103807,the,576,6
11029,103811,door,576,6
11030,103816,and,576,6
11031,103820,flings,576,6
11032,103827,it,576,6
11033,103830,open,576,6
11034,103837,Blackness,576,6
11035,103856,The,576,6
11036,103860,SOUND,576,6
11037,103866,OF,576,6
11038,103869,HER,576,6
11039,103873,HIGH,576,6
11040,103878,HEELS,576,6
11041,103884,CLATTER,576,6
11042,103892,down,576,6
11043,103897,the,576,6
11044,103901,metal,576,6
11045,103915,steps,576,6
11046,103932,EXT,577,6
11047,103937,STREET,577,6
11048,103946,OPERA,577,6
11049,103952,HOUSE,577,6
11050,103960,NIGHT,577,6
11051,103988,66,577,6
11052,104000,It's,578,6
11053,104005,RAINING,578,6
11054,104013,HEAVILY,578,6
11055,104031,The,578,6
11056,104035,front,578,6
11057,104041,of,578,6
11058,104044,the,578,6
11059,104048,Opera,578,6
11060,104054,House,578,6
11061,104060,is,578,6
11062,104063,open,578,6
11063,104068,only,578,6
11064,104073,to,578,6
11065,104076,foot,578,6
11066,104089,traffic,578,6
11067,104097,these,578,6
11068,104103,days,578,6
11069,104110,A,578,6
11070,104112,bizarre,578,6
11071,104120,place,578,6
11072,104126,on,578,6
11073,104129,a,578,6
11074,104131,Friday,578,6
11075,104138,night,578,6
11076,104153,hawkers,578,6
11077,104161,and,578,6
11078,104165,whores,578,6
11079,104173,the,578,6
11080,104177,rabble,578,6
11081,104185,the,578,6
11082,104189,poor,578,6
11083,104194,and,578,6
11084,104198,the,578,6
11085,104202,curi,578,6
11086,104216,ous,578,6
11087,104220,mill,578,6
11088,104225,around,578,6
11089,104232,the,578,6
11090,104236,crudely,578,6
11091,104244,built,578,6
11092,104250,platforms,578,6
11093,104260,and,578,6
11094,104272,brightly,578,6
11095,104281,lit,578,6
11096,104285,stands,578,6
11097,104294,Zhora,578,6
11098,104301,in,578,6
11099,104304,just,578,6
11100,104309,a,578,6
11101,104311,translucent,578,6
11102,104331,raincoat,578,6
11103,104341,is,578,6
11104,104344,not,578,6
11105,104348,out,578,6
11106,104352,of,578,6
11107,104355,place,578,6
11108,104361,in,578,6
11109,104364,this,578,6
11110,104369,flea,578,6
11111,104374,market,578,6
11112,104381,at,578,6
11113,104393,mosphere,578,6
11114,104404,Trying,578,6
11115,104411,not,578,6
11116,104415,to,578,6
11117,104418,run,578,6
11118,104423,she,578,6
11119,104427,slices,578,6
11120,104434,through,578,6
11121,104442,the,578,6
11122,104454,mob,578,6
11123,104458,as,578,6
11124,104461,quickly,578,6
11125,104469,as,578,6
11126,104472,she,578,6
11127,104476,can,578,6
11128,104482,Deckard,578,6
11129,104490,is,578,6
11130,104493,not,578,6
11131,104497,far,578,6
11132,104501,behind,578,6
11133,104517,dodging,578,6
11134,104525,and,578,6
11135,104529,side,578,6
11136,104534,stepping,578,6
11137,104544,trying,578,6
11138,104551,to,578,6
11139,104554,move,578,6
11140,104559,against,578,6
11141,104567,the,578,6
11142,104579,tide,578,6
11143,104584,of,578,6
11144,104587,people,578,6
11145,104594,scurrying,578,6
11146,104604,for,578,6
11147,104608,shelter,578,6
11148,104626,She,578,6
11149,104630,comes,578,6
11150,104636,to,578,6
11151,104639,an,578,6
11152,104642,intersection,578,6
11153,104655,and,578,6
11154,104659,turns,578,6
11155,104665,out,578,6
11156,104669,of,578,6
11157,104672,the,578,6
11158,104676,mall,578,6
11159,104689,onto,578,6
11160,104694,a,578,6
11161,104696,less,578,6
11162,104701,crowded,578,6
11163,104709,street,578,6
11164,104718,She,578,6
11165,104722,glances,578,6
11166,104730,over,578,6
11167,104735,her,578,6
11168,104747,shoulder,578,6
11169,104756,as,578,6
11170,104759,she,578,6
11171,104763,breaks,578,6
11172,104770,into,578,6
11173,104775,a,578,6
11174,104777,run,578,6
11175,104781,and,578,6
11176,104785,runs,578,6
11177,104790,right,578,6
11178,104796,into,578,6
11179,104809,a,578,6
11180,104811,couple,578,6
11181,104818,of,578,6
11182,104821,pedestrians,578,6
11183,104835,All,578,6
11184,104839,three,578,6
11185,104845,go,578,6
11186,104848,down,578,6
11187,104863,Deckard,578,6
11188,104871,comes,578,6
11189,104877,out,578,6
11190,104881,of,578,6
11191,104884,the,578,6
11192,104888,crowd,578,6
11193,104894,in,578,6
11194,104897,time,578,6
11195,104902,to,578,6
11196,104905,spot,578,6
11197,104910,her,578,6
11198,104914,get,578,6
11199,104927,ting,578,6
11200,104932,to,578,6
11201,104935,her,578,6
11202,104939,feet,578,6
11203,104946,She,578,6
11204,104950,sees,578,6
11205,104955,him,578,6
11206,104959,and,578,6
11207,104963,runs,578,6
11208,104970,The,578,6
11209,104974,two,578,6
11210,104986,pedestrians,578,6
11211,104998,are,578,6
11212,105002,in,578,6
11213,105005,his,578,6
11214,105009,line,578,6
11215,105014,of,578,6
11216,105017,fire,578,6
11217,105024,He,578,6
11218,105027,runs,578,6
11219,105032,past,578,6
11220,105045,them,578,6
11221,105050,and,578,6
11222,105054,drops,578,6
11223,105060,to,578,6
11224,105063,one,578,6
11225,105067,knee,578,6
11226,105073,leveling,578,6
11227,105082,his,578,6
11228,105086,blaster,578,6
11229,105128,DECKARD,579,6
11230,105154,Stop,579,6
11231,105159,or,579,6
11232,105162,you're,579,6
11233,105169,dead,579,6
11234,105184,She,579,6
11235,105188,doesn't,579,6
11236,105206,Deckard,579,6
11237,105214,OPENS,579,6
11238,105220,UP,579,6
11239,105224,squeezing,579,6
11240,105234,off,579,6
11241,105238,two,579,6
11242,105242,quick,579,6
11243,105248,misses,579,6
11244,105265,WHAP,579,6
11245,105272,The,579,6
11246,105276,corner,579,6
11247,105283,of,579,6
11248,105286,the,579,6
11249,105290,building,579,6
11250,105299,disintegrates,579,6
11251,105324,bricks,579,6
11252,105331,imploding,579,6
11253,105342,dust,579,6
11254,105347,in,579,6
11255,105350,the,579,6
11256,105354,air,579,6
11257,105368,FWAAAP,579,6
11258,105377,Another,579,6
11259,105385,miss,579,6
11260,105392,A,579,6
11261,105394,lamppost,579,6
11262,105403,wrenched,579,6
11263,105412,with,579,6
11264,105417,a,579,6
11265,105427,tight,579,6
11266,105433,air,579,6
11267,105437,implosion,579,6
11268,105449,Twisted,579,6
11269,105457,metal,579,6
11270,105464,a,579,6
11271,105466,breath,579,6
11272,105473,of,579,6
11273,105476,smoke,579,6
11274,105492,Deckard,579,6
11275,105500,FIRES,579,6
11276,105506,again,579,6
11277,105522,WHUMP,579,6
11278,105530,Zhora,579,6
11279,105536,takes,579,6
11280,105542,a,579,6
11281,105544,hit,579,6
11282,105548,in,579,6
11283,105551,the,579,6
11284,105555,back,579,6
11285,105560,of,579,6
11286,105563,the,579,6
11287,105567,head,579,6
11288,105573,and,579,6
11289,105585,that's,579,6
11290,105592,it,579,6
11291,105595,for,579,6
11292,105599,her,579,6
11293,105603,except,579,6
11294,105610,her,579,6
11295,105614,motor,579,6
11296,105620,reflexes,579,6
11297,105629,which,579,6
11298,105635,keep,579,6
11299,105648,her,579,6
11300,105652,going,579,6
11301,105658,right,579,6
11302,105664,into,579,6
11303,105669,a,579,6
11304,105671,showcase,579,6
11305,105680,window,579,6
11306,105697,CRASH,579,6
11307,105705,Zhora,579,6
11308,105711,explodes,579,6
11309,105720,through,579,6
11310,105728,a,579,6
11311,105730,series,579,6
11312,105737,of,579,6
11313,105740,plate,579,6
11314,105746,glass,579,6
11315,105760,windows,579,6
11316,105768,in,579,6
11317,105771,adjoining,579,6
11318,105781,shops,579,6
11319,105797,Deckard,579,6
11320,105805,is,579,6
11321,105808,trying,579,6
11322,105815,to,579,6
11323,105818,pour,579,6
11324,105823,FIRE,579,6
11325,105828,through,579,6
11326,105836,the,579,6
11327,105840,tunnel,579,6
11328,105847,of,579,6
11329,105850,her,579,6
11330,105862,jagged,579,6
11331,105869,wake,579,6
11332,105875,but,579,6
11333,105879,after,579,6
11334,105885,TWO,579,6
11335,105889,MISSES,579,6
11336,105896,his,579,6
11337,105900,blaster,579,6
11338,105908,CLICKS,579,6
11339,105923,empty,579,6
11340,105930,CLICKS,579,6
11341,105937,empty,579,6
11342,105944,CLICKS,579,6
11343,105951,empty,579,6
11344,105957,and,579,6
11345,105961,he,579,6
11346,105964,watches,579,6
11347,105972,her,579,6
11348,105984,go,579,6
11349,105997,Zhora,579,6
11350,106003,breaks,579,6
11351,106010,through,579,6
11352,106018,one,579,6
11353,106022,window,579,6
11354,106029,after,579,6
11355,106035,another,579,6
11356,106044,getting,579,6
11357,106060,sliced,579,6
11358,106068,already,579,6
11359,106076,shot,579,6
11360,106082,running,579,6
11361,106090,on,579,6
11362,106093,reflexes,579,6
11363,106104,Glass,579,6
11364,106118,sprays,579,6
11365,106125,like,579,6
11366,106130,fireworks,579,6
11367,106140,as,579,6
11368,106143,she,579,6
11369,106147,smashes,579,6
11370,106155,through,579,6
11371,106163,the,579,6
11372,106167,last,579,6
11373,106180,two,579,6
11374,106184,windows,579,6
11375,106192,and,579,6
11376,106196,into,579,6
11377,106201,the,579,6
11378,106205,street,579,6
11379,106214,She's,579,6
11380,106220,going,579,6
11381,106226,too,579,6
11382,106230,fast,579,6
11383,106243,to,579,6
11384,106246,stop,579,6
11385,106261,She,579,6
11386,106265,hits,579,6
11387,106270,a,579,6
11388,106272,passing,579,6
11389,106280,bus,579,6
11390,106284,so,579,6
11391,106287,hard,579,6
11392,106292,she's,579,6
11393,106298,smeared,579,6
11394,106306,all,579,6
11395,106310,over,579,6
11396,106315,the,579,6
11397,106327,side,579,6
11398,106332,like,579,6
11399,106337,a,579,6
11400,106339,mural,579,6
11401,106345,and,579,6
11402,106349,the,579,6
11403,106353,bus,579,6
11404,106357,squeals,579,6
11405,106365,to,579,6
11406,106368,a,579,6
11407,106370,halt,579,6
11408,106385,The,579,6
11409,106389,rain,579,6
11410,106394,has,579,6
11411,106398,stopped,579,6
11412,106406,and,579,6
11413,106410,turned,579,6
11414,106417,into,579,6
11415,106422,a,579,6
11416,106424,quiet,579,6
11417,106430,DRIZZLE,579,6
11418,106447,WATER,579,6
11419,106453,GURGLING,579,6
11420,106462,down,579,6
11421,106467,the,579,6
11422,106471,gutters,579,6
11423,106489,Hunched,579,6
11424,106497,over,579,6
11425,106503,breathing,579,6
11426,106513,hard,579,6
11427,106519,Deckard,579,6
11428,106527,comes,579,6
11429,106533,slowly,579,6
11430,106548,forward,579,6
11431,106558,The,579,6
11432,106562,crowd,579,6
11433,106568,starting,579,6
11434,106577,to,579,6
11435,106580,gather,579,6
11436,106589,Something,579,6
11437,106599,here,579,6
11438,106612,for,579,6
11439,106616,everybody,579,6
11440,106626,as,579,6
11441,106629,they're,579,6
11442,106637,coming,579,6
11443,106644,from,579,6
11444,106649,all,579,6
11445,106653,directions,579,6
11446,106673,Deckard,579,6
11447,106681,moves,579,6
11448,106687,through,579,6
11449,106695,them,579,6
11450,106701,ending,579,6
11451,106708,up,579,6
11452,106711,to,579,6
11453,106714,the,579,6
11454,106718,side,579,6
11455,106723,of,579,6
11456,106734,the,579,6
11457,106738,bus,579,6
11458,106752,Zhora,579,6
11459,106758,is,579,6
11460,106761,wedged,579,6
11461,106768,on,579,6
11462,106771,her,579,6
11463,106775,side,579,6
11464,106781,torn,579,6
11465,106787,bloody,579,6
11466,106794,and,579,6
11467,106798,broken,579,6
11468,106814,All,579,6
11469,106818,she,579,6
11470,106822,can,579,6
11471,106826,move,579,6
11472,106831,is,579,6
11473,106834,her,579,6
11474,106838,eyes,579,6
11475,106846,they,579,6
11476,106851,dart,579,6
11477,106856,about,579,6
11478,106862,like,579,6
11479,106875,a,579,6
11480,106877,wounded,579,6
11481,106885,animal,579,6
11482,106892,doomed,579,6
11483,106899,in,579,6
11484,106902,a,579,6
11485,106904,trap,579,6
11486,106909,and,579,6
11487,106913,stop,579,6
11488,106918,on,579,6
11489,106929,Deckard,579,6
11490,106947,He's,579,6
11491,106952,kneeled,579,6
11492,106960,in,579,6
11493,106963,the,579,6
11494,106967,street,579,6
11495,106975,stooped,579,6
11496,106983,low,579,6
11497,106988,head,579,6
11498,106993,cocked,579,6
11499,107000,at,579,6
11500,107011,an,579,6
11501,107014,awkward,579,6
11502,107022,angle,579,6
11503,107028,looking,579,6
11504,107036,back,579,6
11505,107041,at,579,6
11506,107044,her,579,6
11507,107058,In,579,6
11508,107061,the,579,6
11509,107065,cramped,579,6
11510,107073,and,579,6
11511,107077,dripping,579,6
11512,107086,darkness,579,6
11513,107095,her,579,6
11514,107099,eyes,579,6
11515,107104,are,579,6
11516,107108,turn,579,6
11517,107122,ing,579,6
11518,107126,glassy,579,6
11519,107135,The,579,6
11520,107139,intervals,579,6
11521,107149,between,579,6
11522,107157,the,579,6
11523,107161,FALLING,579,6
11524,107169,DROPS,579,6
11525,107175,OF,579,6
11526,107186,WATER,579,6
11527,107192,accentuate,579,6
11528,107203,the,579,6
11529,107207,silence,579,6
11530,107215,until,579,6
11531,107221,there,579,6
11532,107227,is,579,6
11533,107230,no,579,6
11534,107233,dripping,579,6
11535,107251,and,579,6
11536,107255,even,579,6
11537,107260,the,579,6
11538,107264,gurgling,579,6
11539,107273,gutters,579,6
11540,107281,have,579,6
11541,107286,receded,579,6
11542,107294,into,579,6
11543,107299,silence,579,6
11544,107315,as,579,6
11545,107318,the,579,6
11546,107322,life,579,6
11547,107327,drains,579,6
11548,107334,out,579,6
11549,107338,of,579,6
11550,107341,Zhora's,579,6
11551,107349,face,579,6
11552,107354,until,579,6
11553,107360,it's,579,6
11554,107373,frozen,579,6
11555,107381,dead,579,6
11556,107396,Deckard's,579,6
11557,107406,eyes,579,6
11558,107411,slowly,579,6
11559,107418,follow,579,6
11560,107425,the,579,6
11561,107429,rivulets,579,6
11562,107438,of,579,6
11563,107441,blood,579,6
11564,107447,that,579,6
11565,107460,lead,579,6
11566,107465,over,579,6
11567,107470,the,579,6
11568,107474,slope,579,6
11569,107480,of,579,6
11570,107483,a,579,6
11571,107485,blacktop,579,6
11572,107494,to,579,6
11573,107497,his,579,6
11574,107501,shoes,579,6
11575,107509,Deckard,579,6
11576,107525,tries,579,6
11577,107531,to,579,6
11578,107534,repress,579,6
11579,107542,his,579,6
11580,107546,wince,579,6
11581,107554,His,579,6
11582,107558,eyes,579,6
11583,107563,reveal,579,6
11584,107570,that,579,6
11585,107575,it's,579,6
11586,107588,getting,579,6
11587,107596,to,579,6
11588,107599,him,579,6
11589,107605,He's,579,6
11590,107610,aware,579,6
11591,107616,of,579,6
11592,107619,the,579,6
11593,107623,spectators,579,6
11594,107634,around,579,6
11595,107649,him,579,6
11596,107663,Looking,579,6
11597,107671,up,579,6
11598,107675,he,579,6
11599,107678,sees,579,6
11600,107683,them,579,6
11601,107688,moving,579,6
11602,107695,nervously,579,6
11603,107705,away,579,6
11604,107710,from,579,6
11605,107723,him,579,6
11606,107727,with,579,6
11607,107732,frightened,579,6
11608,107743,looks,579,6
11609,107759,Then,579,6
11610,107764,he,579,6
11611,107767,sees,579,6
11612,107772,her,579,6
11613,107778,Rachael,579,6
11614,107786,is,579,6
11615,107789,standing,579,6
11616,107798,in,579,6
11617,107801,the,579,6
11618,107805,crowd,579,6
11619,107819,staring,579,6
11620,107827,at,579,6
11621,107830,the,579,6
11622,107834,dead,579,6
11623,107839,Zhora,579,6
11624,107855,Rachael's,579,6
11625,107865,face,579,6
11626,107870,reveals,579,6
11627,107878,her,579,6
11628,107882,horror,579,6
11629,107891,She,579,6
11630,107895,looks,579,6
11631,107901,from,579,6
11632,107906,Zhora,579,6
11633,107920,to,579,6
11634,107923,Deckard,579,6
11635,107941,Deckard,579,6
11636,107949,feels,579,6
11637,107955,her,579,6
11638,107959,eyes,579,6
11639,107964,burn,579,6
11640,107969,into,579,6
11641,107974,him,579,6
11642,107981,He,579,6
11643,107984,clicks,579,6
11644,107991,his,579,6
11645,107995,empty,579,6
11646,108009,pistol,579,6
11647,108016,stupidly,579,6
11648,108027,CLICK,579,6
11649,108033,CLICK,579,6
11650,108049,Lights,579,6
11651,108056,from,579,6
11652,108061,a,579,6
11653,108063,spinner,579,6
11654,108071,smear,579,6
11655,108077,over,579,6
11656,108082,the,579,6
11657,108086,crowd,579,6
11658,108093,sirens,579,6
11659,108100,whine,579,6
11660,108116,Deckard,579,6
11661,108124,sees,579,6
11662,108129,Rachael,579,6
11663,108137,disappear,579,6
11664,108147,into,579,6
11665,108152,the,579,6
11666,108156,crowd,579,6
11667,108172,Deckard,579,6
11668,108180,starts,579,6
11669,108187,to,579,6
11670,108190,say,579,6
11671,108194,something,579,6
11672,108204,but,579,6
11673,108208,anything,579,6
11674,108217,he,579,6
11675,108220,said,579,6
11676,108225,would,579,6
11677,108239,be,579,6
11678,108242,drowned,579,6
11679,108250,in,579,6
11680,108253,siren,579,6
11681,108259,noise,579,6
11682,108275,Rachael,579,6
11683,108283,is,579,6
11684,108286,swallowed,579,6
11685,108296,up,579,6
11686,108299,into,579,6
11687,108304,the,579,6
11688,108308,crowd,579,6
11689,108314,near,579,6
11690,108319,a,579,6
11691,108321,big,579,6
11692,108325,sign,579,6
11693,108339,or,579,6
11694,108342,some,579,6
11695,108347,other,579,6
11696,108353,distinctive,579,6
11697,108365,landmark,579,6
11698,108428,CUT,579,6
11699,108432,TO,579,6
11700,108445,OMIT,579,6
11701,108501,67,579,6
11702,108513,OMIT,579,6
11703,108569,68,579,6
11704,108581,OMIT,579,6
11705,108637,69,579,6
11706,108649,OMIT,579,6
11707,108705,70,579,6
11708,108717,OMIT,579,6
11709,108773,71,579,6
11710,108785,EXT,580,7
11711,108790,THE,580,7
11712,108794,CROWD,580,7
11713,108802,NIGHT,580,7
11714,108841,71A,580,7
11715,108854,Leon,581,7
11716,108859,and,581,7
11717,108863,Batty,581,7
11718,108869,are,581,7
11719,108873,just,581,7
11720,108878,faces,581,7
11721,108884,in,581,7
11722,108887,the,581,7
11723,108891,throng,581,7
11724,108898,of,581,7
11725,108901,ASIANS,581,7
11726,108916,and,581,7
11727,108920,LATINOS,581,7
11728,108929,They,581,7
11729,108934,too,581,7
11730,108938,see,581,7
11731,108942,the,581,7
11732,108946,body,581,7
11733,108951,of,581,7
11734,108954,Zhora,581,7
11735,108970,Batty,581,7
11736,108976,and,581,7
11737,108980,Leon,581,7
11738,108985,look,581,7
11739,108990,very,581,7
11740,108995,grim,581,7
11741,109010,They,581,7
11742,109015,turn,581,7
11743,109020,their,581,7
11744,109026,attention,581,7
11745,109036,to,581,7
11746,109040,Deckard,581,7
11747,109058,From,581,7
11748,109063,their,581,7
11749,109069,point,581,7
11750,109075,of,581,7
11751,109078,view,581,7
11752,109083,they,581,7
11753,109088,see,581,7
11754,109092,a,581,7
11755,109094,pantomime,581,7
11756,109104,out,581,7
11757,109108,of,581,7
11758,109111,ear,581,7
11759,109123,shot,581,7
11760,109132,Deckard,581,7
11761,109140,hastily,581,7
11762,109148,flashes,581,7
11763,109156,his,581,7
11764,109160,badge,581,7
11765,109166,at,581,7
11766,109169,arriving,581,7
11767,109186,COPS,581,7
11768,109192,points,581,7
11769,109199,to,581,7
11770,109202,Zhora,581,7
11771,109209,gives,581,7
11772,109215,a,581,7
11773,109217,couple,581,7
11774,109224,of,581,7
11775,109227,instructions,581,7
11776,109240,and,581,7
11777,109252,hurries,581,7
11778,109260,off,581,7
11779,109265,passing,581,7
11780,109273,under,581,7
11781,109279,the,581,7
11782,109283,big,581,7
11783,109287,sign,581,7
11784,109293,leaving,581,7
11785,109301,the,581,7
11786,109305,cops,581,7
11787,109318,to,581,7
11788,109321,stare,581,7
11789,109327,after,581,7
11790,109333,him,581,7
11791,109337,with,581,7
11792,109342,amazement,581,7
11793,109362,Batty,581,7
11794,109368,and,581,7
11795,109372,Leon,581,7
11796,109377,exchange,581,7
11797,109386,a,581,7
11798,109388,look,581,7
11799,109394,Batty,581,7
11800,109400,makes,581,7
11801,109406,a,581,7
11802,109408,head,581,7
11803,109413,movement,581,7
11804,109432,Leon,581,7
11805,109437,heads,581,7
11806,109443,off,581,7
11807,109447,toward,581,7
11808,109454,the,581,7
11809,109458,big,581,7
11810,109462,sign,581,7
11811,109520,CUT,581,7
11812,109524,TO,581,7
11813,109537,EXT,582,7
11814,109542,STREETS,582,7
11815,109552,NIGHT,582,7
11816,109593,71B,582,7
11817,109606,The,583,7
11818,109610,tide,583,7
11819,109615,of,583,7
11820,109618,STREET,583,7
11821,109625,PEOPLE,583,7
11822,109632,moves,583,7
11823,109638,inexorbaly,583,7
11824,109649,as,583,7
11825,109652,Deckard,583,7
11826,109669,like,583,7
11827,109674,a,583,7
11828,109676,swimmer,583,7
11829,109685,moves,583,7
11830,109691,through,583,7
11831,109699,them,583,7
11832,109705,eyes,583,7
11833,109710,busy,583,7
11834,109716,searching,583,7
11835,109734,for,583,7
11836,109738,Rachael,583,7
11837,109756,Thinks,583,7
11838,109763,he,583,7
11839,109766,sees,583,7
11840,109771,her,583,7
11841,109785,Shoves,583,7
11842,109792,his,583,7
11843,109796,way,583,7
11844,109800,through,583,7
11845,109808,the,583,7
11846,109812,crowd,583,7
11847,109828,Not,583,7
11848,109832,her,583,7
11849,109846,Looks,583,7
11850,109852,around,583,7
11851,109859,in,583,7
11852,109862,dispair,583,7
11853,109880,Catches,583,7
11854,109888,sight,583,7
11855,109894,of,583,7
11856,109897,her,583,7
11857,109901,half,583,7
11858,109906,a,583,7
11859,109908,block,583,7
11860,109914,away,583,7
11861,109929,Deckard,583,7
11862,109937,hurries,583,7
11863,109945,after,583,7
11864,109951,her,583,7
11865,109956,Calls,583,7
11866,109962,out,583,7
11867,110000,DECKARD,584,7
11868,110026,Rachael,584,7
11869,110036,Wait,584,7
11870,110051,Rachael,584,7
11871,110059,looks,584,7
11872,110065,back,584,7
11873,110071,sees,584,7
11874,110076,him,584,7
11875,110114,DECKARD,585,7
11876,110140,Hold,585,7
11877,110145,on,585,7
11878,110158,Rachael,585,7
11879,110166,keeps,585,7
11880,110172,going,585,7
11881,110188,Deckard,585,7
11882,110196,is,585,7
11883,110199,hurrying,585,7
11884,110208,past,585,7
11885,110213,the,585,7
11886,110217,mouth,585,7
11887,110223,of,585,7
11888,110226,an,585,7
11889,110229,alley,585,7
11890,110237,Suddenly,585,7
11891,110254,he's,585,7
11892,110259,being,585,7
11893,110265,hurried,585,7
11894,110273,into,585,7
11895,110278,the,585,7
11896,110282,alley,585,7
11897,110322,DECKARD,586,7
11898,110348,Hey,586,7
11899,110362,A,586,7
11900,110364,big,586,7
11901,110368,guy,586,7
11902,110372,is,586,7
11903,110375,collaring,586,7
11904,110385,him,586,7
11905,110389,and,586,7
11906,110393,hauling,586,7
11907,110401,him,586,7
11908,110405,into,586,7
11909,110410,the,586,7
11910,110414,alley,586,7
11911,110430,Leon,586,7
11912,110488,CUT,586,7
11913,110492,TO,586,7
11914,110505,EXT,587,7
11915,110510,ALLEY,587,7
11916,110516,NIGHT,587,7
11917,110561,72,587,7
11918,110573,A,588,7
11919,110575,family,588,7
11920,110582,of,588,7
11921,110585,SAMOANS,588,7
11922,110593,look,588,7
11923,110598,up,588,7
11924,110601,from,588,7
11925,110606,their,588,7
11926,110612,dismal,588,7
11927,110619,cooking,588,7
11928,110635,fire,588,7
11929,110640,in,588,7
11930,110643,the,588,7
11931,110647,alley,588,7
11932,110687,DECKARD,589,7
11933,110713,Hey,589,7
11934,110718,what,589,7
11935,110723,the,589,7
11936,110727,hell,589,7
11937,110733,buddy,589,7
11938,110749,The,589,7
11939,110753,Samoan's,589,7
11940,110762,faces,589,7
11941,110768,are,589,7
11942,110772,blank,589,7
11943,110780,They,589,7
11944,110785,stick,589,7
11945,110791,by,589,7
11946,110794,the,589,7
11947,110798,fire,589,7
11948,110803,and,589,7
11949,110815,express,589,7
11950,110823,no,589,7
11951,110826,feelings,589,7
11952,110835,anout,589,7
11953,110841,the,589,7
11954,110845,events,589,7
11955,110852,in,589,7
11956,110855,the,589,7
11957,110859,alley,589,7
11958,110875,Deckard,589,7
11959,110883,is,589,7
11960,110886,swept,589,7
11961,110892,off,589,7
11962,110896,his,589,7
11963,110900,feet,589,7
11964,110905,and,589,7
11965,110909,twirled,589,7
11966,110917,around,589,7
11967,110924,in,589,7
11968,110935,Leon's,589,7
11969,110942,bear,589,7
11970,110947,trap,589,7
11971,110952,embrace,589,7
11972,110970,Leon,589,7
11973,110975,lets,589,7
11974,110980,go,589,7
11975,110983,and,589,7
11976,110987,Deckard,589,7
11977,110995,hits,589,7
11978,111000,the,589,7
11979,111004,pavement,589,7
11980,111014,skidding,589,7
11981,111031,hard,589,7
11982,111036,enough,589,7
11983,111043,to,589,7
11984,111046,tear,589,7
11985,111051,clothes,589,7
11986,111059,and,589,7
11987,111063,burn,589,7
11988,111068,skin,589,7
11989,111074,but,589,7
11990,111078,he,589,7
11991,111089,rolls,589,7
11992,111095,out,589,7
11993,111099,of,589,7
11994,111102,it,589,7
11995,111105,and,589,7
11996,111109,comes,589,7
11997,111115,up,589,7
11998,111118,with,589,7
11999,111123,gun,589,7
12000,111127,in,589,7
12001,111130,hand,589,7
12002,111136,but,589,7
12003,111140,Leon,589,7
12004,111153,is,589,7
12005,111156,so,589,7
12006,111159,fast,589,7
12007,111164,he's,589,7
12008,111169,already,589,7
12009,111177,there,589,7
12010,111183,and,589,7
12011,111187,kicks,589,7
12012,111193,it,589,7
12013,111196,out,589,7
12014,111200,of,589,7
12015,111203,his,589,7
12016,111215,hand,589,7
12017,111230,Leon,589,7
12018,111235,moves,589,7
12019,111241,towards,589,7
12020,111249,him,589,7
12021,111254,backing,589,7
12022,111262,Deckard,589,7
12023,111270,against,589,7
12024,111278,the,589,7
12025,111290,wall,589,7
12026,111329,LEON,590,7
12027,111352,How,590,7
12028,111356,come,590,7
12029,111361,you,590,7
12030,111365,knew,590,7
12031,111370,where,590,7
12032,111376,Zhora,590,7
12033,111382,was,590,7
12034,111404,so,590,7
12035,111407,quick,590,7
12036,111423,His,590,7
12037,111427,hand,590,7
12038,111432,is,590,7
12039,111435,like,590,7
12040,111440,lightning,590,7
12041,111452,It,590,7
12042,111455,shoots,590,7
12043,111462,out,590,7
12044,111467,grabs,590,7
12045,111473,Deckard's,590,7
12046,111491,hair,590,7
12047,111530,DECKARD,591,7
12048,111556,I,591,7
12049,111558,showed,591,7
12050,111565,pictures,591,7
12051,111576,Somebody,591,7
12052,111603,recognized,591,7
12053,111614,her,591,7
12054,111620,I,591,7
12055,111622,went,591,7
12056,111627,to,591,7
12057,111630,see,591,7
12058,111644,Deckard,591,7
12059,111652,is,591,7
12060,111655,pale,591,7
12061,111662,The,591,7
12062,111666,sweat,591,7
12063,111672,is,591,7
12064,111675,starting,591,7
12065,111684,to,591,7
12066,111687,run,591,7
12067,111725,LEON,592,7
12068,111748,How,592,7
12069,111752,old,592,7
12070,111756,am,592,7
12071,111759,I,592,7
12072,111795,DECKARD,593,7
12073,111821,I,593,7
12074,111823,don't,593,7
12075,111829,know,593,7
12076,111844,The,593,7
12077,111848,grip,593,7
12078,111853,tightens,593,7
12079,111862,and,593,7
12080,111866,twists,593,7
12081,111907,LEON,594,7
12082,111930,My,594,7
12083,111933,birthday,594,7
12084,111942,is,594,7
12085,111945,April,594,7
12086,111951,10,594,7
12087,111955,2017,594,7
12088,111979,How,594,7
12089,111983,long,594,7
12090,111988,do,594,7
12091,111991,I,594,7
12092,111993,live,594,7
12093,112032,DECKARD,595,7
12094,112058,Four,595,7
12095,112063,years,595,7
12096,112079,He,595,7
12097,112082,lets,595,7
12098,112087,go,595,7
12099,112124,LEON,596,7
12100,112147,More,596,7
12101,112152,than,596,7
12102,112157,you,596,7
12103,112171,Deckard's,596,7
12104,112181,knees,596,7
12105,112187,come,596,7
12106,112192,up,596,7
12107,112195,fast,596,7
12108,112201,but,596,7
12109,112205,Leon's,596,7
12110,112212,fist,596,7
12111,112217,comes,596,7
12112,112223,down,596,7
12113,112236,faster,596,7
12114,112244,like,596,7
12115,112249,a,596,7
12116,112251,hammer,596,7
12117,112292,LEON,597,7
12118,112315,Painful,597,7
12119,112323,to,597,7
12120,112326,live,597,7
12121,112331,in,597,7
12122,112334,fear,597,7
12123,112340,isn't,597,7
12124,112346,it,597,7
12125,112359,Deckard,597,7
12126,112367,is,597,7
12127,112370,doubled,597,7
12128,112378,over,597,7
12129,112384,hugging,597,7
12130,112392,his,597,7
12131,112396,thigh,597,7
12132,112436,LEON,598,7
12133,112459,But,598,7
12134,112463,that's,598,7
12135,112470,how,598,7
12136,112474,it,598,7
12137,112477,is,598,7
12138,112480,to,598,7
12139,112483,be,598,7
12140,112486,a,598,7
12141,112488,slave,598,7
12142,112513,The,598,7
12143,112517,future,598,7
12144,112524,is,598,7
12145,112527,sealed,598,7
12146,112534,off,598,7
12147,112539,he,598,7
12148,112560,grovels,598,7
12149,112569,he,598,7
12150,112572,waits,598,7
12151,112588,Even,598,7
12152,112593,hurt,598,7
12153,112599,Deckard,598,7
12154,112607,is,598,7
12155,112610,fast,598,7
12156,112617,He,598,7
12157,112620,goes,598,7
12158,112625,for,598,7
12159,112629,his,598,7
12160,112633,ankle,598,7
12161,112639,gun,598,7
12162,112652,but,598,7
12163,112656,Leon's,598,7
12164,112663,got,598,7
12165,112667,it,598,7
12166,112670,out,598,7
12167,112674,of,598,7
12168,112677,his,598,7
12169,112681,hand,598,7
12170,112686,before,598,7
12171,112693,he,598,7
12172,112696,can,598,7
12173,112700,even,598,7
12174,112713,raise,598,7
12175,112719,it,598,7
12176,112722,and,598,7
12177,112726,throws,598,7
12178,112733,it,598,7
12179,112736,down,598,7
12180,112741,the,598,7
12181,112745,alley,598,7
12182,112761,Deckard,598,7
12183,112769,hurls,598,7
12184,112775,forward,598,7
12185,112784,knocking,598,7
12186,112793,him,598,7
12187,112797,off,598,7
12188,112801,balance,598,7
12189,112810,and,598,7
12190,112822,scrambles,598,7
12191,112832,to,598,7
12192,112835,get,598,7
12193,112839,away,598,7
12194,112846,Leon,598,7
12195,112851,grabs,598,7
12196,112857,him,598,7
12197,112861,by,598,7
12198,112864,the,598,7
12199,112868,foot,598,7
12200,112882,drags,598,7
12201,112888,him,598,7
12202,112892,back,598,7
12203,112897,and,598,7
12204,112901,jerks,598,7
12205,112907,him,598,7
12206,112911,off,598,7
12207,112915,the,598,7
12208,112919,ground,598,7
12209,112960,LEON,599,7
12210,112983,Sex,599,7
12211,112988,reproduction,599,7
12212,113002,security,599,7
12213,113012,the,599,7
12214,113034,simple,599,7
12215,113041,things,599,7
12216,113050,But,599,7
12217,113054,no,599,7
12218,113057,way,599,7
12219,113061,to,599,7
12220,113082,satisfy,599,7
12221,113090,them,599,7
12222,113097,To,599,7
12223,113100,be,599,7
12224,113103,homesick,599,7
12225,113130,with,599,7
12226,113135,no,599,7
12227,113138,place,599,7
12228,113144,to,599,7
12229,113147,go,599,7
12230,113152,Potential,599,7
12231,113180,with,599,7
12232,113185,no,599,7
12233,113188,way,599,7
12234,113192,to,599,7
12235,113195,use,599,7
12236,113199,it,599,7
12237,113204,Lots,599,7
12238,113209,of,599,7
12239,113230,little,599,7
12240,113237,oversights,599,7
12241,113248,in,599,7
12242,113251,the,599,7
12243,113255,Nexus,599,7
12244,113279,Six,599,7
12245,113293,He,599,7
12246,113296,slams,599,7
12247,113302,Deckard,599,7
12248,113310,into,599,7
12249,113315,the,599,7
12250,113319,wall,599,7
12251,113358,LEON,600,7
12252,113381,I,600,7
12253,113383,tell,600,7
12254,113388,you,600,7
12255,113393,nothing,600,7
12256,113401,is,600,7
12257,113404,worse,600,7
12258,113410,than,600,7
12259,113433,having,600,7
12260,113440,an,600,7
12261,113443,itch,600,7
12262,113448,you,600,7
12263,113452,can,600,7
12264,113456,never,600,7
12265,113462,scratch,600,7
12266,113480,Deckard,600,7
12267,113488,slides,600,7
12268,113495,down,600,7
12269,113500,the,600,7
12270,113504,wall,600,7
12271,113509,to,600,7
12272,113512,his,600,7
12273,113516,knees,600,7
12274,113522,and,600,7
12275,113526,huddles,600,7
12276,113542,protecting,600,7
12277,113553,his,600,7
12278,113557,head,600,7
12279,113562,with,600,7
12280,113567,his,600,7
12281,113571,arms,600,7
12282,113577,waiting,600,7
12283,113585,for,600,7
12284,113589,the,600,7
12285,113601,next,600,7
12286,113606,one,600,7
12287,113644,DECKARD,601,7
12288,113670,I,601,7
12289,113672,agree,601,7
12290,113678,with,601,7
12291,113683,you,601,7
12292,113697,Leon,601,7
12293,113702,folds,601,7
12294,113708,his,601,7
12295,113712,big,601,7
12296,113716,hands,601,7
12297,113722,together,601,7
12298,113731,and,601,7
12299,113735,raises,601,7
12300,113742,them,601,7
12301,113747,over,601,7
12302,113760,his,601,7
12303,113764,head,601,7
12304,113770,pausing,601,7
12305,113778,just,601,7
12306,113783,a,601,7
12307,113785,second,601,7
12308,113792,to,601,7
12309,113795,savor,601,7
12310,113801,the,601,7
12311,113805,satisfac,601,7
12312,113823,tion,601,7
12313,113828,of,601,7
12314,113831,smashing,601,7
12315,113840,Deckard's,601,7
12316,113850,skull,601,7
12317,113890,LEON,602,7
12318,113913,Too,602,7
12319,113917,late,602,7
12320,113924,Your,602,7
12321,113929,mistake,602,7
12322,113947,The,602,7
12323,113951,spasm,602,7
12324,113957,that,602,7
12325,113962,runs,602,7
12326,113967,through,602,7
12327,113975,Leon's,602,7
12328,113982,face,602,7
12329,113987,is,602,7
12330,113990,not,602,7
12331,113994,from,602,7
12332,114007,satisfaction,602,7
12333,114022,It's,602,7
12334,114027,the,602,7
12335,114031,bullet,602,7
12336,114038,that,602,7
12337,114043,went,602,7
12338,114048,through,602,7
12339,114056,his,602,7
12340,114068,neck,602,7
12341,114075,He,602,7
12342,114078,hits,602,7
12343,114083,the,602,7
12344,114087,ground,602,7
12345,114094,hard,602,7
12346,114100,his,602,7
12347,114104,big,602,7
12348,114108,teeth,602,7
12349,114114,biting,602,7
12350,114129,the,602,7
12351,114133,air,602,7
12352,114137,like,602,7
12353,114142,a,602,7
12354,114144,rabid,602,7
12355,114150,dog,602,7
12356,114156,Dead,602,7
12357,114171,Deckard,602,7
12358,114179,has,602,7
12359,114183,slumped,602,7
12360,114191,to,602,7
12361,114194,the,602,7
12362,114198,ground,602,7
12363,114205,where,602,7
12364,114211,he,602,7
12365,114214,sits,602,7
12366,114219,propped,602,7
12367,114235,into,602,7
12368,114240,a,602,7
12369,114242,sitting,602,7
12370,114250,position,602,7
12371,114259,by,602,7
12372,114262,the,602,7
12373,114266,wall,602,7
12374,114272,staring,602,7
12375,114280,up,602,7
12376,114283,in,602,7
12377,114294,amazement,602,7
12378,114304,at,602,7
12379,114307,his,602,7
12380,114311,deliverer,602,7
12381,114331,He,602,7
12382,114334,sees,602,7
12383,114339,Rachael,602,7
12384,114347,standing,602,7
12385,114356,there,602,7
12386,114362,with,602,7
12387,114367,his,602,7
12388,114371,blaster,602,7
12389,114388,Rachael,602,7
12390,114396,is,602,7
12391,114399,staring,602,7
12392,114407,at,602,7
12393,114410,the,602,7
12394,114414,body,602,7
12395,114419,of,602,7
12396,114422,Leon,602,7
12397,114428,stunned,602,7
12398,114436,and,602,7
12399,114448,shaken,602,7
12400,114455,at,602,7
12401,114458,what,602,7
12402,114463,she,602,7
12403,114467,has,602,7
12404,114471,done,602,7
12405,114486,Deckard,602,7
12406,114494,looks,602,7
12407,114500,up,602,7
12408,114503,at,602,7
12409,114506,her,602,7
12410,114511,his,602,7
12411,114515,eyes,602,7
12412,114520,swollen,602,7
12413,114528,into,602,7
12414,114533,slits,602,7
12415,114548,his,602,7
12416,114552,mouth,602,7
12417,114558,and,602,7
12418,114562,nose,602,7
12419,114567,bloody,602,7
12420,114576,He,602,7
12421,114579,sees,602,7
12422,114584,how,602,7
12423,114588,shaken,602,7
12424,114595,she,602,7
12425,114599,is,602,7
12426,114612,Rachael,602,7
12427,114620,turns,602,7
12428,114626,and,602,7
12429,114630,looks,602,7
12430,114636,at,602,7
12431,114639,him,602,7
12432,114645,Their,602,7
12433,114651,eyes,602,7
12434,114656,meet,602,7
12435,114670,She,602,7
12436,114674,drops,602,7
12437,114680,the,602,7
12438,114684,blaster,602,7
12439,114702,Deckard,602,7
12440,114710,gets,602,7
12441,114715,painfully,602,7
12442,114725,to,602,7
12443,114728,his,602,7
12444,114732,feet,602,7
12445,114738,picks,602,7
12446,114744,up,602,7
12447,114747,the,602,7
12448,114759,blaster,602,7
12449,114767,and,602,7
12450,114771,starts,602,7
12451,114778,to,602,7
12452,114781,reload,602,7
12453,114788,it,602,7
12454,114793,He,602,7
12455,114796,doesn't,602,7
12456,114804,make,602,7
12457,114809,the,602,7
12458,114821,same,602,7
12459,114826,mistake,602,7
12460,114834,twice,602,7
12461,114842,He,602,7
12462,114845,glances,602,7
12463,114853,at,602,7
12464,114856,her,602,7
12465,114870,Again,602,7
12466,114876,their,602,7
12467,114882,eyes,602,7
12468,114887,meet,602,7
12469,114945,CUT,603,7
12470,114949,TO,603,7
12471,114963,EXT,604,7
12472,114968,42ND,604,7
12473,114973,STREET,604,7
12474,114982,20,604,7
12475,114985,MINUTES,604,7
12476,114993,LATER,604,7
12477,115019,73,604,7
12478,115031,It's,605,7
12479,115036,the,605,7
12480,115040,42nd,605,7
12481,115045,Street,605,7
12482,115052,of,605,7
12483,115055,the,605,7
12484,115059,future,605,7
12485,115067,a,605,7
12486,115069,garish,605,7
12487,115077,wicked,605,7
12488,115092,place,605,7
12489,115108,Deckard,605,7
12490,115116,and,605,7
12491,115120,Rachaek,605,7
12492,115128,are,605,7
12493,115132,walking,605,7
12494,115140,together,605,7
12495,115150,almost,605,7
12496,115165,zombies,605,7
12497,115183,Deckard,605,7
12498,115191,is,605,7
12499,115194,only,605,7
12500,115199,a,605,7
12501,115201,little,605,7
12502,115208,less,605,7
12503,115213,bloody,605,7
12504,115220,and,605,7
12505,115224,a,605,7
12506,115226,lot,605,7
12507,115230,more,605,7
12508,115243,swollen,605,7
12509,115261,Rachael,605,7
12510,115269,looks,605,7
12511,115275,stoned,605,7
12512,115282,on,605,7
12513,115285,the,605,7
12514,115289,horror,605,7
12515,115296,of,605,7
12516,115299,the,605,7
12517,115303,killing,605,7
12518,115345,DECKARD,606,7
12519,115371,There's,606,7
12520,115379,only,606,7
12521,115384,one,606,7
12522,115388,thing,606,7
12523,115394,that,606,7
12524,115399,works,606,7
12525,115423,on,606,7
12526,115426,cuts,606,7
12527,115431,and,606,7
12528,115435,bruises,606,7
12529,115443,and,606,7
12530,115447,long,606,7
12531,115452,nights,606,7
12532,115469,She,606,7
12533,115473,looks,606,7
12534,115479,at,606,7
12535,115482,him,606,7
12536,115486,blankly,606,7
12537,115547,CUT,607,7
12538,115551,TO,607,7
12539,115565,EXT,608,7
12540,115570,KIOSK,608,7
12541,115578,MOMENTS,608,7
12542,115586,LATER,608,7
12543,115621,74,608,7
12544,115633,It's,609,7
12545,115638,a,609,7
12546,115640,grimy,609,7
12547,115646,little,609,7
12548,115653,tienda,609,7
12549,115660,with,609,7
12550,115665,a,609,7
12551,115667,counter,609,7
12552,115675,right,609,7
12553,115681,on,609,7
12554,115684,the,609,7
12555,115696,sidewalk,609,7
12556,115705,and,609,7
12557,115709,shelves,609,7
12558,115717,crammed,609,7
12559,115725,with,609,7
12560,115730,dusty,609,7
12561,115736,bottles,609,7
12562,115753,bright,609,7
12563,115760,packs,609,7
12564,115766,of,609,7
12565,115769,cigarettes,609,7
12566,115781,old,609,7
12567,115785,magazines,609,7
12568,115795,and,609,7
12569,115799,assorted,609,7
12570,115816,junk,609,7
12571,115823,The,609,7
12572,115827,SALESLADY,609,7
12573,115837,wears,609,7
12574,115843,an,609,7
12575,115846,eyepatch,609,7
12576,115855,and,609,7
12577,115859,a,609,7
12578,115861,sharp,609,7
12579,115867,look,609,7
12580,115880,in,609,7
12581,115883,her,609,7
12582,115887,good,609,7
12583,115892,eye,609,7
12584,115906,Deckard,609,7
12585,115914,and,609,7
12586,115918,Rachael,609,7
12587,115926,are,609,7
12588,115930,facing,609,7
12589,115937,her,609,7
12590,115975,DECKARD,610,7
12591,116001,Tsing,610,7
12592,116007,Tao,610,7
12593,116021,The,610,7
12594,116025,Saleslady,610,7
12595,116035,tries,610,7
12596,116041,to,610,7
12597,116044,hand,610,7
12598,116049,Deckard,610,7
12599,116057,a,610,7
12600,116059,half,610,7
12601,116064,pint,610,7
12602,116069,but,610,7
12603,116073,he,610,7
12604,116084,shakes,610,7
12605,116091,his,610,7
12606,116095,head,610,7
12607,116100,and,610,7
12608,116104,points,610,7
12609,116111,and,610,7
12610,116115,she,610,7
12611,116119,produces,610,7
12612,116128,a,610,7
12613,116130,fifth,610,7
12614,116146,Deckard,610,7
12615,116154,is,610,7
12616,116157,paying,610,7
12617,116164,when,610,7
12618,116169,he,610,7
12619,116172,feels,610,7
12620,116178,a,610,7
12621,116180,tap,610,7
12622,116184,on,610,7
12623,116187,his,610,7
12624,116191,shoulder,610,7
12625,116210,He,610,7
12626,116213,turns,610,7
12627,116219,and,610,7
12628,116223,sees,610,7
12629,116228,Gaff,610,7
12630,116233,leering,610,7
12631,116241,at,610,7
12632,116244,him,610,7
12633,116258,Not,610,7
12634,116262,what,610,7
12635,116267,Deckard,610,7
12636,116275,expected,610,7
12637,116284,or,610,7
12638,116287,wanted,610,7
12639,116296,His,610,7
12640,116300,eyes,610,7
12641,116305,flicker,610,7
12642,116321,a,610,7
12643,116323,warning,610,7
12644,116331,in,610,7
12645,116334,Rachael's,610,7
12646,116344,direction,610,7
12647,116364,Rachael,610,7
12648,116372,is,610,7
12649,116375,standing,610,7
12650,116384,in,610,7
12651,116387,the,610,7
12652,116391,flow,610,7
12653,116396,of,610,7
12654,116399,pedestrians,610,7
12655,116412,Asians,610,7
12656,116428,Mexicans,610,7
12657,116437,and,610,7
12658,116441,Indians,610,7
12659,116451,She,610,7
12660,116455,has,610,7
12661,116459,already,610,7
12662,116467,seen,610,7
12663,116472,Gaff,610,7
12664,116477,and,610,7
12665,116489,she,610,7
12666,116493,gets,610,7
12667,116498,the,610,7
12668,116502,message,610,7
12669,116510,in,610,7
12670,116513,Deckard's,610,7
12671,116523,eyes,610,7
12672,116528,and,610,7
12673,116532,allows,610,7
12674,116539,her,610,7
12675,116552,self,610,7
12676,116557,to,610,7
12677,116560,drift,610,7
12678,116566,away,610,7
12679,116572,part,610,7
12680,116577,of,610,7
12681,116580,the,610,7
12682,116584,stream,610,7
12683,116591,of,610,7
12684,116594,humanity,610,7
12685,116611,moving,610,7
12686,116618,down,610,7
12687,116623,the,610,7
12688,116627,sidewalk,610,7
12689,116646,But,610,7
12690,116650,Gaff's,610,7
12691,116657,sharp,610,7
12692,116663,eyes,610,7
12693,116668,have,610,7
12694,116673,picked,610,7
12695,116680,up,610,7
12696,116683,Deckard's,610,7
12697,116693,look,610,7
12698,116706,and,610,7
12699,116710,he,610,7
12700,116713,glances,610,7
12701,116731,What,610,7
12702,116736,Gaff,610,7
12703,116741,sees,610,7
12704,116746,is,610,7
12705,116749,the,610,7
12706,116753,back,610,7
12707,116758,of,610,7
12708,116761,a,610,7
12709,116763,woman's,610,7
12710,116771,head,610,7
12711,116776,in,610,7
12712,116779,the,610,7
12713,116791,crowd,610,7
12714,116807,Gaff,610,7
12715,116812,looks,610,7
12716,116818,back,610,7
12717,116823,at,610,7
12718,116826,Deckard,610,7
12719,116834,and,610,7
12720,116838,makes,610,7
12721,116844,a,610,7
12722,116846,head,610,7
12723,116851,movement,610,7
12724,116868,indicating,610,7
12725,116879,the,610,7
12726,116883,vehicle,610,7
12727,116891,at,610,7
12728,116894,the,610,7
12729,116898,curb,610,7
12730,116913,It's,610,7
12731,116918,a,610,7
12732,116920,spinner,610,7
12733,116928,and,610,7
12734,116932,Bryant,610,7
12735,116939,is,610,7
12736,116942,grinning,610,7
12737,116951,at,610,7
12738,116954,the,610,7
12739,116958,window,610,7
12740,116974,chewing,610,7
12741,116982,on,610,7
12742,116985,a,610,7
12743,116987,heater,610,7
12744,117028,BRYANT,611,7
12745,117053,Christ,611,7
12746,117061,Deckard,611,7
12747,117070,ya,611,7
12748,117073,look,611,7
12749,117078,almost,611,7
12750,117085,as,611,7
12751,117106,bad,611,7
12752,117110,as,611,7
12753,117113,that,611,7
12754,117118,tit,611,7
12755,117122,job,611,7
12756,117126,ya,611,7
12757,117129,left,611,7
12758,117134,under,611,7
12759,117158,the,611,7
12760,117162,bus,611,7
12761,117168,Almost,611,7
12762,117185,Deckard,611,7
12763,117193,walks,611,7
12764,117199,over,611,7
12765,117204,to,611,7
12766,117207,the,611,7
12767,117211,spinner,611,7
12768,117229,Gaff,611,7
12769,117234,is,611,7
12770,117237,looking,611,7
12771,117245,down,611,7
12772,117250,the,611,7
12773,117254,street,611,7
12774,117262,trying,611,7
12775,117269,to,611,7
12776,117272,make,611,7
12777,117277,out,611,7
12778,117281,the,611,7
12779,117293,Caucasian,611,7
12780,117303,woman,611,7
12781,117309,disappearing,611,7
12782,117322,in,611,7
12783,117325,the,611,7
12784,117329,crowd,611,7
12785,117369,DECKARD,612,7
12786,117395,You,612,7
12787,117399,get,612,7
12788,117403,the,612,7
12789,117407,call,612,7
12790,117412,on,612,7
12791,117415,the,612,7
12792,117419,big,612,7
12793,117423,one,612,7
12794,117461,BRYANT,613,7
12795,117486,Bet,613,7
12796,117490,your,613,7
12797,117495,ass,613,7
12798,117501,Two,613,7
12799,117505,in,613,7
12800,117508,one,613,7
12801,117512,night,613,7
12802,117537,you're,613,7
12803,117544,the,613,7
12804,117548,same,613,7
12805,117553,old,613,7
12806,117557,shitstorm,613,7
12807,117586,aren't,613,7
12808,117593,ya,613,7
12809,117623,to,613,7
12810,117626,Gaff,613,7
12811,117650,You,613,7
12812,117654,could,613,7
12813,117660,learn,613,7
12814,117666,from,613,7
12815,117671,this,613,7
12816,117676,guy,613,7
12817,117699,Gaff,613,7
12818,117706,A,613,7
12819,117708,goddamn,613,7
12820,117716,one,613,7
12821,117720,man,613,7
12822,117724,slaughter,613,7
12823,117752,squad,613,7
12824,117759,that's,613,7
12825,117766,what,613,7
12826,117771,he,613,7
12827,117774,is,613,7
12828,117778,a,613,7
12829,117780,real,613,7
12830,117803,shitstorm,613,7
12831,117823,Gaff,613,7
12832,117828,has,613,7
12833,117832,to,613,7
12834,117835,smile,613,7
12835,117841,and,613,7
12836,117845,nod,613,7
12837,117849,politely,613,7
12838,117859,that's,613,7
12839,117866,his,613,7
12840,117870,job,613,7
12841,117884,Deckard,613,7
12842,117892,has,613,7
12843,117896,followed,613,7
12844,117905,Bryant's,613,7
12845,117914,beady,613,7
12846,117920,gaze,613,7
12847,117925,to,613,7
12848,117928,the,613,7
12849,117932,obvious,613,7
12850,117948,bottle,613,7
12851,117955,he's,613,7
12852,117960,holding,613,7
12853,117968,in,613,7
12854,117971,the,613,7
12855,117975,paper,613,7
12856,117981,bag,613,7
12857,118019,DECKARD,614,7
12858,118045,I'm,614,7
12859,118049,going,614,7
12860,118055,home,614,7
12861,118094,BRYANT,615,7
12862,118119,Home,615,7
12863,118126,A,615,7
12864,118128,killer,615,7
12865,118135,like,615,7
12866,118140,you,615,7
12867,118146,I,615,7
12868,118166,figured,615,7
12869,118174,you'd,615,7
12870,118180,be,615,7
12871,118183,up,615,7
12872,118186,all,615,7
12873,118190,night,615,7
12874,118214,slaughtering,615,7
12875,118227,phonies,615,7
12876,118237,Four,615,7
12877,118242,to,615,7
12878,118263,go,615,7
12879,118267,thought,615,7
12880,118275,you'd,615,7
12881,118281,just,615,7
12882,118286,leave,615,7
12883,118311,em,615,7
12884,118314,dead,615,7
12885,118319,in,615,7
12886,118322,the,615,7
12887,118326,alleys,615,7
12888,118333,for,615,7
12889,118337,us,615,7
12890,118358,to,615,7
12891,118361,pick,615,7
12892,118366,up,615,7
12893,118371,Haw,615,7
12894,118377,Haw,615,7
12895,118383,Come,615,7
12896,118388,on,615,7
12897,118410,Gaff,615,7
12898,118449,DECKARD,616,7
12899,118475,Three,616,7
12900,118483,There's,616,7
12901,118491,three,616,7
12902,118497,to,616,7
12903,118500,go,616,7
12904,118537,BRYANT,617,7
12905,118562,Huh,617,7
12906,118600,DECKARD,618,7
12907,118626,There's,618,7
12908,118634,three,618,7
12909,118640,left,618,7
12910,118679,BRYANT,619,7
12911,118704,Four,619,7
12912,118711,That,619,7
12913,118716,tit,619,7
12914,118720,job,619,7
12915,118724,you,619,7
12916,118728,vee,619,7
12917,118732,kayed,619,7
12918,118756,at,619,7
12919,118759,the,619,7
12920,118763,Tyrell,619,7
12921,118770,Corp,619,7
12922,118778,disappeared,619,7
12923,118809,She,619,7
12924,118813,didn't,619,7
12925,118820,even,619,7
12926,118825,know,619,7
12927,118830,she,619,7
12928,118834,was,619,7
12929,118838,skin,619,7
12930,118861,till,619,7
12931,118866,you,619,7
12932,118870,put,619,7
12933,118874,the,619,7
12934,118878,machine,619,7
12935,118886,on,619,7
12936,118889,her,619,7
12937,118912,Some,619,7
12938,118917,kinda,619,7
12939,118923,brain,619,7
12940,118929,plant,619,7
12941,118936,says,619,7
12942,118941,Tyrell,619,7
12943,118958,Deckard,619,7
12944,118966,has,619,7
12945,118970,already,619,7
12946,118978,noticed,619,7
12947,118986,that,619,7
12948,118991,Gaff,619,7
12949,118996,is,619,7
12950,118999,looking,619,7
12951,119007,down,619,7
12952,119020,the,619,7
12953,119024,street,619,7
12954,119031,in,619,7
12955,119034,the,619,7
12956,119038,direction,619,7
12957,119048,Rachael,619,7
12958,119056,went,619,7
12959,119071,Gaff,619,7
12960,119076,feels,619,7
12961,119082,Deckard's,619,7
12962,119092,eyes,619,7
12963,119098,turns,619,7
12964,119104,and,619,7
12965,119108,leers,619,7
12966,119114,cheerfully,619,7
12967,119133,at,619,7
12968,119136,Deckard,619,7
12969,119146,Deckard,619,7
12970,119154,meets,619,7
12971,119160,the,619,7
12972,119164,look,619,7
12973,119172,an,619,7
12974,119175,ominous,619,7
12975,119191,exchange,619,7
12976,119234,BRYANT,620,7
12977,119259,Come,620,7
12978,119264,on,620,7
12979,119268,Gaff,620,7
12980,119300,to,620,7
12981,119303,Deckard,620,7
12982,119330,Drink,620,7
12983,119336,a,620,7
12984,119338,couple,620,7
12985,119345,for,620,7
12986,119349,me,620,7
12987,119353,pal,620,7
12988,119410,CUT,621,7
12989,119414,TO,621,7
12990,119428,INT,622,7
12991,119433,DECKARD'S,622,7
12992,119443,KITCHEN,622,7
12993,119453,NIGHT,622,7
12994,119484,75,622,7
12995,119496,Deckard,623,7
12996,119504,is,623,7
12997,119507,about,623,7
12998,119513,to,623,7
12999,119516,swig,623,7
13000,119521,some,623,7
13001,119526,Tsing,623,7
13002,119532,Tao,623,7
13003,119536,for,623,7
13004,119540,Bryant,623,7
13005,119556,He,623,7
13006,119559,puts,623,7
13007,119564,the,623,7
13008,119568,glass,623,7
13009,119574,to,623,7
13010,119577,his,623,7
13011,119581,lip,623,7
13012,119585,and,623,7
13013,119589,the,623,7
13014,119593,lip,623,7
13015,119598,caked,623,7
13016,119604,with,623,7
13017,119617,dry,623,7
13018,119621,blood,623,7
13019,119627,and,623,7
13020,119631,swollen,623,7
13021,119640,splits,623,7
13022,119647,again,623,7
13023,119653,and,623,7
13024,119657,blood,623,7
13025,119663,gushes,623,7
13026,119678,into,623,7
13027,119683,the,623,7
13028,119687,clear,623,7
13029,119693,liquid,623,7
13030,119700,in,623,7
13031,119703,the,623,7
13032,119707,glass,623,7
13033,119723,Deckard,623,7
13034,119731,stares,623,7
13035,119738,at,623,7
13036,119741,the,623,7
13037,119745,bloodstained,623,7
13038,119758,drink,623,7
13039,119764,ruefully,623,7
13040,119774,then,623,7
13041,119787,takes,623,7
13042,119793,a,623,7
13043,119795,thirsty,623,7
13044,119803,gulp,623,7
13045,119808,and,623,7
13046,119812,licks,623,7
13047,119818,his,623,7
13048,119822,bleeding,623,7
13049,119831,lip,623,7
13050,119845,The,623,7
13051,119849,ice,623,7
13052,119853,in,623,7
13053,119857,Rachael's,623,7
13054,119867,glass,623,7
13055,119873,is,623,7
13056,119876,RATTLING,623,7
13057,119887,She's,623,7
13058,119893,standing,623,7
13059,119910,only,623,7
13060,119915,a,623,7
13061,119917,few,623,7
13062,119921,feet,623,7
13063,119926,away,623,7
13064,119932,half,623,7
13065,119937,eaten,623,7
13066,119943,by,623,7
13067,119946,shadows,623,7
13068,119955,her,623,7
13069,119959,eyes,623,7
13070,119972,blank,623,7
13071,119978,with,623,7
13072,119983,shock,623,7
13073,119999,The,623,7
13074,120003,reason,623,7
13075,120010,the,623,7
13076,120014,ice,623,7
13077,120018,is,623,7
13078,120021,rattling,623,7
13079,120030,is,623,7
13080,120033,because,623,7
13081,120041,her,623,7
13082,120045,hand,623,7
13083,120050,is,623,7
13084,120061,shaking,623,7
13085,120079,You,623,7
13086,120083,can,623,7
13087,120087,hear,623,7
13088,120092,the,623,7
13089,120096,CLOCK,623,7
13090,120102,TICKING,623,7
13091,120110,in,623,7
13092,120113,the,623,7
13093,120117,living,623,7
13094,120124,room,623,7
13095,120163,DECKARD,624,7
13096,120189,Me,624,7
13097,120192,too,624,7
13098,120206,Rachael,624,7
13099,120214,frowns,624,7
13100,120221,and,624,7
13101,120225,looks,624,7
13102,120231,at,624,7
13103,120234,him,624,7
13104,120239,What,624,7
13105,120279,DECKARD,625,7
13106,120305,I,625,7
13107,120307,get,625,7
13108,120312,em,625,7
13109,120315,bad,625,7
13110,120320,It's,625,7
13111,120325,part,625,7
13112,120330,of,625,7
13113,120333,the,625,7
13114,120355,business,625,7
13115,120374,Deckard,625,7
13116,120382,holds,625,7
13117,120388,out,625,7
13118,120392,his,625,7
13119,120396,hands,625,7
13120,120404,They're,625,7
13121,120412,shaking,625,7
13122,120430,Rachael,625,7
13123,120438,gives,625,7
13124,120444,Deckard,625,7
13125,120452,a,625,7
13126,120454,long,625,7
13127,120459,hard,625,7
13128,120464,look,625,7
13129,120503,RACHAEL,626,7
13130,120529,I'm,626,7
13131,120533,not,626,7
13132,120537,in,626,7
13133,120540,the,626,7
13134,120544,business,626,7
13135,120563,Deckard,626,7
13136,120571,meets,626,7
13137,120577,her,626,7
13138,120581,look,626,7
13139,120587,understands,626,7
13140,120599,he,626,7
13141,120602,cannot,626,7
13142,120609,comfort,626,7
13143,120625,her,626,7
13144,120629,so,626,7
13145,120632,easy,626,7
13146,120638,she,626,7
13147,120642,will,626,7
13148,120647,not,626,7
13149,120651,be,626,7
13150,120654,one,626,7
13151,120658,of,626,7
13152,120661,the,626,7
13153,120665,boys,626,7
13154,120670,with,626,7
13155,120675,him,626,7
13156,120713,RACHAEL,627,7
13157,120739,I,627,7
13158,120741,am,627,7
13159,120744,the,627,7
13160,120748,business,627,7
13161,120767,She,627,7
13162,120771,is,627,7
13163,120774,grim,627,7
13164,120779,and,627,7
13165,120783,angry,627,7
13166,120789,and,627,7
13167,120793,shaking,627,7
13168,120811,You,627,7
13169,120815,can,627,7
13170,120819,hear,627,7
13171,120824,the,627,7
13172,120828,clock,627,7
13173,120834,TICKING,627,7
13174,120895,CUT,627,7
13175,120899,TO,627,7
13176,120912,INT,628,7
13177,120917,DECKARD'S,628,7
13178,120927,BATHROOM,628,7
13179,120938,NIGHT,628,7
13180,120968,76,628,7
13181,120980,SPLASH,629,7
13182,120990,Deckard,629,7
13183,120998,sticks,629,7
13184,121005,his,629,7
13185,121009,head,629,7
13186,121014,in,629,7
13187,121017,the,629,7
13188,121021,sink,629,7
13189,121026,full,629,7
13190,121031,of,629,7
13191,121042,water,629,7
13192,121048,and,629,7
13193,121052,the,629,7
13194,121056,water,629,7
13195,121062,turns,629,7
13196,121068,crimson,629,7
13197,121086,He,629,7
13198,121089,lifts,629,7
13199,121095,his,629,7
13200,121099,face,629,7
13201,121104,out,629,7
13202,121108,of,629,7
13203,121111,the,629,7
13204,121115,water,629,7
13205,121122,dripping,629,7
13206,121131,and,629,7
13207,121135,gropes,629,7
13208,121150,for,629,7
13209,121154,a,629,7
13210,121156,towel,629,7
13211,121163,wipes,629,7
13212,121169,water,629,7
13213,121175,blindly,629,7
13214,121183,from,629,7
13215,121188,his,629,7
13216,121192,face,629,7
13217,121208,OMIT,629,7
13218,121264,77,629,7
13219,121276,INT,630,7
13220,121281,DECKARD'S,630,7
13221,121291,LIVING,630,7
13222,121298,ROOM,630,7
13223,121305,NIGHT,630,7
13224,121332,77A,630,7
13225,121345,Rachael,631,7
13226,121353,is,631,7
13227,121356,in,631,7
13228,121359,the,631,7
13229,121363,foreground,631,7
13230,121374,shadows,631,7
13231,121383,a,631,7
13232,121385,drink,631,7
13233,121391,in,631,7
13234,121394,her,631,7
13235,121398,hand,631,7
13236,121412,She's,631,7
13237,121418,watching,631,7
13238,121427,Deckard,631,7
13239,121435,who,631,7
13240,121439,is,631,7
13241,121442,washing,631,7
13242,121450,his,631,7
13243,121454,face,631,7
13244,121459,in,631,7
13245,121462,the,631,7
13246,121474,bathroom,631,7
13247,121483,framed,631,7
13248,121490,by,631,7
13249,121493,the,631,7
13250,121497,open,631,7
13251,121502,door,631,7
13252,121509,You,631,7
13253,121513,get,631,7
13254,121517,the,631,7
13255,121536,Deckard,631,7
13256,121544,in,631,7
13257,121547,the,631,7
13258,121551,background,631,7
13259,121563,goes,631,7
13260,121568,on,631,7
13261,121571,drying,631,7
13262,121580,He's,631,7
13263,121585,naked,631,7
13264,121599,except,631,7
13265,121606,for,631,7
13266,121610,a,631,7
13267,121612,towel,631,7
13268,121618,around,631,7
13269,121625,his,631,7
13270,121629,waist,631,7
13271,121645,Rachael,631,7
13272,121653,takes,631,7
13273,121659,a,631,7
13274,121661,drink,631,7
13275,121669,Her,631,7
13276,121673,face,631,7
13277,121678,is,631,7
13278,121681,enigmatic,631,7
13279,121693,She's,631,7
13280,121707,watching,631,7
13281,121726,Deckard,631,7
13282,121734,is,631,7
13283,121737,unaware,631,7
13284,121745,of,631,7
13285,121748,her,631,7
13286,121752,eyes,631,7
13287,121757,on,631,7
13288,121760,the,631,7
13289,121764,back,631,7
13290,121769,of,631,7
13291,121772,his,631,7
13292,121776,neck,631,7
13293,121791,She's,631,7
13294,121797,looking,631,7
13295,121805,at,631,7
13296,121808,the,631,7
13297,121812,ripple,631,7
13298,121819,of,631,7
13299,121822,muscle,631,7
13300,121829,around,631,7
13301,121836,his,631,7
13302,121848,shoulders,631,7
13303,121911,CUT,631,7
13304,121915,TO,631,7
13305,121928,INT,632,7
13306,121933,DECKARD'S,632,7
13307,121943,BATHROOM,632,7
13308,121952,A,632,7
13309,121954,FEW,632,7
13310,121958,MINUTES,632,7
13311,121966,LATER,632,7
13312,121984,77B,632,7
13313,121997,Deckard,633,7
13314,122005,is,633,7
13315,122008,standing,633,7
13316,122017,in,633,7
13317,122020,front,633,7
13318,122026,of,633,7
13319,122029,the,633,7
13320,122033,mirror,633,7
13321,122042,He's,633,7
13322,122055,staunched,633,7
13323,122065,the,633,7
13324,122069,bleeding,633,7
13325,122078,lip,633,7
13326,122082,and,633,7
13327,122086,now,633,7
13328,122090,he's,633,7
13329,122095,studying,633,7
13330,122104,it,633,7
13331,122117,The,633,7
13332,122121,rustle,633,7
13333,122128,of,633,7
13334,122131,silk,633,7
13335,122146,Rachael,633,7
13336,122154,appears,633,7
13337,122162,in,633,7
13338,122165,the,633,7
13339,122169,doorway,633,7
13340,122177,of,633,7
13341,122180,the,633,7
13342,122184,bathroom,633,7
13343,122194,drink,633,7
13344,122208,in,633,7
13345,122211,hand,633,7
13346,122226,Deckard,633,7
13347,122234,doesn't,633,7
13348,122242,acknowledge,633,7
13349,122254,her,633,7
13350,122258,presence,633,7
13351,122277,There,633,7
13352,122283,is,633,7
13353,122286,a,633,7
13354,122288,long,633,7
13355,122293,silence,633,7
13356,122302,She,633,7
13357,122306,sees,633,7
13358,122311,the,633,7
13359,122315,muscle,633,7
13360,122322,ripple,633,7
13361,122329,in,633,7
13362,122340,his,633,7
13363,122344,naked,633,7
13364,122350,back,633,7
13365,122357,Hard,633,7
13366,122362,body,633,7
13367,122369,Scars,633,7
13368,122375,of,633,7
13369,122378,old,633,7
13370,122382,wounds,633,7
13371,122423,RACHAEL,634,7
13372,122449,What,634,7
13373,122454,if,634,7
13374,122457,I,634,7
13375,122461,go,634,7
13376,122466,North,634,7
13377,122493,disappeared,634,7
13378,122516,Deckard,634,7
13379,122524,gives,634,7
13380,122530,her,634,7
13381,122534,a,634,7
13382,122536,look,634,7
13383,122542,turns,634,7
13384,122548,back,634,7
13385,122553,to,634,7
13386,122556,the,634,7
13387,122560,mirror,634,7
13388,122576,Puts,634,7
13389,122581,a,634,7
13390,122583,towel,634,7
13391,122589,over,634,7
13392,122594,his,634,7
13393,122598,head,634,7
13394,122637,RACHAEL,635,7
13395,122663,Would,635,7
13396,122669,you,635,7
13397,122673,come,635,7
13398,122678,hunting,635,7
13399,122698,Rachael,635,7
13400,122706,waits,635,7
13401,122712,a,635,7
13402,122714,long,635,7
13403,122719,tense,635,7
13404,122725,moment,635,7
13405,122732,for,635,7
13406,122736,an,635,7
13407,122739,answer,635,7
13408,122780,DECKARD,636,7
13409,122806,No,636,7
13410,122819,Deckard,636,7
13411,122827,waits,636,7
13412,122833,before,636,7
13413,122840,he,636,7
13414,122843,lets,636,7
13415,122848,it,636,7
13416,122851,out,636,7
13417,122889,DECKARD,637,7
13418,122915,I,637,7
13419,122917,guess,637,7
13420,122923,I,637,7
13421,122925,owe,637,7
13422,122929,you,637,7
13423,122943,Deckard,637,7
13424,122951,turns,637,7
13425,122957,and,637,7
13426,122961,brushes,637,7
13427,122969,past,637,7
13428,122974,her,637,7
13429,122978,so,637,7
13430,122981,she,637,7
13431,122985,has,637,7
13432,122989,to,637,7
13433,123000,step,637,7
13434,123005,back,637,7
13435,123044,DECKARD,638,7
13436,123070,But,638,7
13437,123074,somebody,638,7
13438,123083,will,638,7
13439,123099,INT,639,8
13440,123104,BEDROOM,639,8
13441,123113,NIGHT,639,8
13442,123155,77C,639,8
13443,123168,Deckard,640,8
13444,123176,is,640,8
13445,123179,sitting,640,8
13446,123187,on,640,8
13447,123190,the,640,8
13448,123194,bed,640,8
13449,123199,wasted,640,8
13450,123207,still,640,8
13451,123213,in,640,8
13452,123216,his,640,8
13453,123228,towel,640,8
13454,123235,clean,640,8
13455,123241,white,640,8
13456,123247,bandages,640,8
13457,123256,on,640,8
13458,123259,his,640,8
13459,123263,face,640,8
13460,123270,He,640,8
13461,123273,touches,640,8
13462,123281,his,640,8
13463,123293,lip,640,8
13464,123297,gently,640,8
13465,123314,He,640,8
13466,123317,can,640,8
13467,123321,hear,640,8
13468,123326,the,640,8
13469,123330,clock,640,8
13470,123336,ticking,640,8
13471,123344,and,640,8
13472,123348,then,640,8
13473,123353,the,640,8
13474,123357,whisper,640,8
13475,123365,of,640,8
13476,123368,her,640,8
13477,123380,stockings,640,8
13478,123390,as,640,8
13479,123393,she,640,8
13480,123397,approaches,640,8
13481,123408,the,640,8
13482,123412,bedroom,640,8
13483,123420,from,640,8
13484,123425,the,640,8
13485,123429,hallway,640,8
13486,123446,He,640,8
13487,123449,hears,640,8
13488,123455,her,640,8
13489,123459,stop,640,8
13490,123465,lost,640,8
13491,123470,in,640,8
13492,123473,the,640,8
13493,123477,shadows,640,8
13494,123485,beyond,640,8
13495,123492,the,640,8
13496,123496,door,640,8
13497,123510,A,640,8
13498,123512,pause,640,8
13499,123518,then,640,8
13500,123523,her,640,8
13501,123527,voice,640,8
13502,123567,RACHAEL,641,8
13503,123576,OS,641,8
13504,123598,The,641,8
13505,123602,file,641,8
13506,123607,on,641,8
13507,123610,me,641,8
13508,123615,the,641,8
13509,123619,incept,641,8
13510,123626,date,641,8
13511,123650,the,641,8
13512,123654,longevity,641,8
13513,123665,the,641,8
13514,123669,psycho,641,8
13515,123676,program,641,8
13516,123703,those,641,8
13517,123709,things,641,8
13518,123730,Her,641,8
13519,123734,voice,641,8
13520,123740,hesitates,641,8
13521,123751,stops,641,8
13522,123759,Deckard,641,8
13523,123767,sits,641,8
13524,123772,there,641,8
13525,123778,as,641,8
13526,123781,the,641,8
13527,123793,clock,641,8
13528,123799,ticks,641,8
13529,123805,for,641,8
13530,123809,a,641,8
13531,123811,long,641,8
13532,123816,moment,641,8
13533,123833,In,641,8
13534,123836,the,641,8
13535,123840,corridor,641,8
13536,123850,lost,641,8
13537,123855,in,641,8
13538,123858,shadows,641,8
13539,123867,Rachael,641,8
13540,123875,is,641,8
13541,123878,working,641,8
13542,123886,up,641,8
13543,123897,the,641,8
13544,123901,nerve,641,8
13545,123907,to,641,8
13546,123910,ask,641,8
13547,123948,DECKARD,642,8
13548,123974,Yeah,642,8
13549,123990,In,642,8
13550,123993,the,642,8
13551,123997,shadows,642,8
13552,124005,Rachael,642,8
13553,124013,takes,642,8
13554,124019,a,642,8
13555,124021,deep,642,8
13556,124026,breath,642,8
13557,124067,RACHAEL,643,8
13558,124093,You,643,8
13559,124097,saw,643,8
13560,124101,them,643,8
13561,124116,Deckard,643,8
13562,124125,exhausted,643,8
13563,124135,stares,643,8
13564,124142,absently,643,8
13565,124151,into,643,8
13566,124156,space,643,8
13567,124196,DECKARD,644,8
13568,124222,They're,644,8
13569,124230,classified,644,8
13570,124251,In,644,8
13571,124254,the,644,8
13572,124258,corridor,644,8
13573,124268,Rachael,644,8
13574,124276,persists,644,8
13575,124285,with,644,8
13576,124290,effort,644,8
13577,124331,RACHAEL,645,8
13578,124357,You're,645,8
13579,124364,a,645,8
13580,124366,policeman,645,8
13581,124386,Deckard,645,8
13582,124394,touches,645,8
13583,124402,a,645,8
13584,124404,spot,645,8
13585,124409,on,645,8
13586,124412,his,645,8
13587,124416,forehead,645,8
13588,124426,looks,645,8
13589,124432,at,645,8
13590,124435,the,645,8
13591,124447,wall,645,8
13592,124486,DECKARD,646,8
13593,124512,I,646,8
13594,124514,didn't,646,8
13595,124521,look,646,8
13596,124526,at,646,8
13597,124529,them,646,8
13598,124544,In,646,8
13599,124547,the,646,8
13600,124551,hallway,646,8
13601,124560,Rachael,646,8
13602,124568,is,646,8
13603,124571,hardly,646,8
13604,124578,breathing,646,8
13605,124622,DECKARD,647,8
13606,124631,O,647,8
13607,124633,S,647,8
13608,124655,I,647,8
13609,124657,didn't,647,8
13610,124664,want,647,8
13611,124669,to,647,8
13612,124682,It,647,8
13613,124685,must,647,8
13614,124690,come,647,8
13615,124695,as,647,8
13616,124698,a,647,8
13617,124700,tremendous,647,8
13618,124711,relief,647,8
13619,124718,to,647,8
13620,124721,her,647,8
13621,124727,She,647,8
13622,124731,stands,647,8
13623,124746,in,647,8
13624,124749,the,647,8
13625,124753,shadows,647,8
13626,124762,grateful,647,8
13627,124771,for,647,8
13628,124775,the,647,8
13629,124779,smallest,647,8
13630,124788,favours,647,8
13631,124798,She,647,8
13632,124810,waits,647,8
13633,124816,a,647,8
13634,124818,moment,647,8
13635,124826,hearing,647,8
13636,124834,the,647,8
13637,124838,clock,647,8
13638,124844,ticking,647,8
13639,124854,hearing,647,8
13640,124862,the,647,8
13641,124874,distant,647,8
13642,124882,noises,647,8
13643,124889,of,647,8
13644,124892,an,647,8
13645,124895,apartment,647,8
13646,124905,house,647,8
13647,124912,then,647,8
13648,124917,she,647,8
13649,124921,speaks,647,8
13650,124936,again,647,8
13651,124976,RACHAEL,648,8
13652,125002,That,648,8
13653,125007,test,648,8
13654,125012,of,648,8
13655,125015,yours,648,8
13656,125023,The,648,8
13657,125027,Voight,648,8
13658,125052,Kampff,648,8
13659,125059,test,648,8
13660,125079,She,648,8
13661,125083,pauses,648,8
13662,125090,before,648,8
13663,125097,completing,648,8
13664,125108,the,648,8
13665,125112,question,648,8
13666,125122,It's,648,8
13667,125127,a,648,8
13668,125137,biggie,648,8
13669,125178,RACHAEL,649,8
13670,125215,continuing,649,8
13671,125251,did,649,8
13672,125255,you,649,8
13673,125259,ever,649,8
13674,125264,take,649,8
13675,125269,it,649,8
13676,125272,yourself,649,8
13677,125292,Rachael,649,8
13678,125300,waits,649,8
13679,125306,for,649,8
13680,125310,a,649,8
13681,125312,long,649,8
13682,125317,moment,649,8
13683,125324,in,649,8
13684,125327,the,649,8
13685,125331,shadows,649,8
13686,125349,The,649,8
13687,125353,clock,649,8
13688,125359,ticks,649,8
13689,125375,No,649,8
13690,125378,answer,649,8
13691,125395,She,649,8
13692,125399,moves,649,8
13693,125405,into,649,8
13694,125410,the,649,8
13695,125414,light,649,8
13696,125420,from,649,8
13697,125425,the,649,8
13698,125429,bedroom,649,8
13699,125437,door,649,8
13700,125442,and,649,8
13701,125454,peers,649,8
13702,125460,in,649,8
13703,125473,Deckard,649,8
13704,125481,is,649,8
13705,125484,lying,649,8
13706,125490,on,649,8
13707,125493,the,649,8
13708,125497,bed,649,8
13709,125502,snoring,649,8
13710,125510,gently,649,8
13711,125570,CUT,649,8
13712,125574,TO,649,8
13713,125587,INT,650,8
13714,125592,LIVING,650,8
13715,125599,ROOM,650,8
13716,125604,NIGHT,650,8
13717,125643,78,650,8
13718,125655,The,651,8
13719,125659,CLOCK,651,8
13720,125665,IS,651,8
13721,125668,LOUDER,651,8
13722,125675,in,651,8
13723,125678,the,651,8
13724,125682,living,651,8
13725,125689,room,651,8
13726,125704,Rachael,651,8
13727,125712,walks,651,8
13728,125718,through,651,8
13729,125726,the,651,8
13730,125730,shadowy,651,8
13731,125738,room,651,8
13732,125743,lit,651,8
13733,125747,by,651,8
13734,125750,a,651,8
13735,125752,single,651,8
13736,125767,lamp,651,8
13737,125782,She,651,8
13738,125786,sees,651,8
13739,125791,a,651,8
13740,125793,picture,651,8
13741,125801,of,651,8
13742,125804,Deckard's,651,8
13743,125814,wife,651,8
13744,125819,and,651,8
13745,125823,son,651,8
13746,125827,on,651,8
13747,125830,a,651,8
13748,125840,table,651,8
13749,125856,She,651,8
13750,125860,looks,651,8
13751,125866,at,651,8
13752,125869,it,651,8
13753,125872,for,651,8
13754,125876,a,651,8
13755,125878,long,651,8
13756,125883,moment,651,8
13757,125890,as,651,8
13758,125893,though,651,8
13759,125900,she,651,8
13760,125904,might,651,8
13761,125918,be,651,8
13762,125921,jealous,651,8
13763,125939,She,651,8
13764,125943,sees,651,8
13765,125948,a,651,8
13766,125950,picture,651,8
13767,125958,on,651,8
13768,125961,top,651,8
13769,125965,of,651,8
13770,125968,the,651,8
13771,125972,piano,651,8
13772,125988,A,651,8
13773,125990,picture,651,8
13774,125998,of,651,8
13775,126001,a,651,8
13776,126003,little,651,8
13777,126010,boy,651,8
13778,126014,and,651,8
13779,126018,his,651,8
13780,126022,father,651,8
13781,126029,in,651,8
13782,126032,fishing,651,8
13783,126048,clothes,651,8
13784,126057,each,651,8
13785,126062,holding,651,8
13786,126070,a,651,8
13787,126072,pole,651,8
13788,126078,the,651,8
13789,126082,boy,651,8
13790,126086,proudly,651,8
13791,126094,display,651,8
13792,126111,ing,651,8
13793,126115,a,651,8
13794,126117,single,651,8
13795,126124,under,651,8
13796,126130,sized,651,8
13797,126136,fish,651,8
13798,126142,the,651,8
13799,126146,hint,651,8
13800,126151,of,651,8
13801,126154,a,651,8
13802,126156,smile,651,8
13803,126162,on,651,8
13804,126173,the,651,8
13805,126177,father's,651,8
13806,126186,face,651,8
13807,126201,She,651,8
13808,126205,looks,651,8
13809,126211,at,651,8
13810,126214,the,651,8
13811,126218,sheet,651,8
13812,126224,music,651,8
13813,126230,on,651,8
13814,126233,the,651,8
13815,126237,piano,651,8
13816,126244,Chopin,651,8
13817,126261,She,651,8
13818,126265,stands,651,8
13819,126272,close,651,8
13820,126278,to,651,8
13821,126281,the,651,8
13822,126285,keys,651,8
13823,126290,and,651,8
13824,126294,starts,651,8
13825,126301,to,651,8
13826,126304,play,651,8
13827,126311,She,651,8
13828,126323,makes,651,8
13829,126329,a,651,8
13830,126331,mistake,651,8
13831,126339,almost,651,8
13832,126346,immedaitely,651,8
13833,126360,She,651,8
13834,126364,sits,651,8
13835,126369,and,651,8
13836,126381,starts,651,8
13837,126388,again,651,8
13838,126394,and,651,8
13839,126398,she,651,8
13840,126402,is,651,8
13841,126405,just,651,8
13842,126410,a,651,8
13843,126412,hair,651,8
13844,126417,tentative,651,8
13845,126428,but,651,8
13846,126440,there's,651,8
13847,126448,no,651,8
13848,126451,mistake,651,8
13849,126462,the,651,8
13850,126466,feeling,651,8
13851,126475,the,651,8
13852,126479,rhythm,651,8
13853,126487,the,651,8
13854,126499,beauty,651,8
13855,126506,of,651,8
13856,126509,the,651,8
13857,126513,music,651,8
13858,126521,It,651,8
13859,126524,fills,651,8
13860,126530,the,651,8
13861,126534,whole,651,8
13862,126540,apartment,651,8
13863,126603,CUT,652,8
13864,126607,TO,652,8
13865,126621,INT,653,8
13866,126626,BEDROOM,653,8
13867,126636,NIGHT,653,8
13868,126677,79,653,8
13869,126689,Deckard,654,8
13870,126697,is,654,8
13871,126700,snoring,654,8
13872,126708,peacefully,654,8
13873,126719,as,654,8
13874,126722,the,654,8
13875,126726,MUSIC,654,8
13876,126732,ebbs,654,8
13877,126737,and,654,8
13878,126749,flows,654,8
13879,126808,CUT,655,8
13880,126812,TO,655,8
13881,126826,INT,656,8
13882,126831,LIVING,656,8
13883,126838,ROOM,656,8
13884,126845,NIGHT,656,8
13885,126882,80,656,8
13886,126894,Rachael,657,8
13887,126902,is,657,8
13888,126905,lost,657,8
13889,126910,in,657,8
13890,126913,the,657,8
13891,126917,music,657,8
13892,126924,her,657,8
13893,126928,face,657,8
13894,126933,a,657,8
13895,126935,mask,657,8
13896,126951,INT,658,8
13897,126956,CITYSCAPE,658,8
13898,126966,DAWN,658,8
13899,127007,81,658,8
13900,127019,An,659,8
13901,127022,ugly,659,8
13902,127027,days,659,8
13903,127032,is,659,8
13904,127035,beginning,659,8
13905,127045,to,659,8
13906,127048,an,659,8
13907,127051,eerie,659,8
13908,127057,distortion,659,8
13909,127068,of,659,8
13910,127071,CHOPIN,659,8
13911,127130,CUT,659,8
13912,127134,TO,659,8
13913,127147,EXT,660,8
13914,127152,SEBASTIAN'S,660,8
13915,127164,APARTMENT,660,8
13916,127176,DAWN,660,8
13917,127203,82,660,8
13918,127215,Nasty,661,8
13919,127221,MUSIC,661,8
13920,127227,a,661,8
13921,127229,dismal,661,8
13922,127236,looking,661,8
13923,127244,building,661,8
13924,127263,Do,661,8
13925,127266,we,661,8
13926,127269,see,661,8
13927,127273,strange,661,8
13928,127281,figures,661,8
13929,127289,in,661,8
13930,127292,overcoats,661,8
13931,127302,from,661,8
13932,127307,a,661,8
13933,127309,distance,661,8
13934,127329,INT,662,8
13935,127334,SEBASTIAN'S,662,8
13936,127346,BUILDING,662,8
13937,127357,DAWN,662,8
13938,127385,83,662,8
13939,127397,A,663,8
13940,127399,shark's,663,8
13941,127407,POV,663,8
13942,127411,of,663,8
13943,127414,the,663,8
13944,127418,stairways,663,8
13945,127429,hallways,663,8
13946,127439,the,663,8
13947,127443,one's,663,8
13948,127449,we'll,663,8
13949,127463,see,663,8
13950,127467,later,663,8
13951,127473,a,663,8
13952,127475,shark's,663,8
13953,127483,POV,663,8
13954,127487,gliding,663,8
13955,127495,along,663,8
13956,127501,the,663,8
13957,127505,hall,663,8
13958,127510,towards,663,8
13959,127526,Sebastian's,663,8
13960,127538,apartment,663,8
13961,127549,Chopin,663,8
13962,127556,the,663,8
13963,127560,ax,663,8
13964,127563,murderer,663,8
13965,127583,INT,664,8
13966,127588,SEBASTIAN'S,664,8
13967,127600,APARTMENT,664,8
13968,127612,DAWN,664,8
13969,127639,84,664,8
13970,127651,Pris,665,8
13971,127656,is,665,8
13972,127659,filling,665,8
13973,127667,the,665,8
13974,127671,hours,665,8
13975,127677,of,665,8
13976,127680,insomniacal,665,8
13977,127692,boredom,665,8
13978,127700,by,665,8
13979,127711,experimenting,665,8
13980,127725,with,665,8
13981,127730,her,665,8
13982,127734,make,665,8
13983,127739,up,665,8
13984,127743,A,665,8
13985,127745,bleached,665,8
13986,127754,white,665,8
13987,127760,face,665,8
13988,127773,and,665,8
13989,127777,black,665,8
13990,127783,ringed,665,8
13991,127790,eyes,665,8
13992,127796,A,665,8
13993,127798,sexual,665,8
13994,127805,waif,665,8
13995,127811,A,665,8
13996,127813,savage,665,8
13997,127820,doll,665,8
13998,127834,She,665,8
13999,127838,gets,665,8
14000,127843,up,665,8
14001,127846,and,665,8
14002,127850,starts,665,8
14003,127857,exploring,665,8
14004,127867,the,665,8
14005,127871,rooms,665,8
14006,127888,INT,666,8
14007,127893,WEDDING,666,8
14008,127901,DRESS,666,8
14009,127907,ROOM,666,8
14010,127914,DAWN,666,8
14011,127944,84A,666,8
14012,127957,She,667,8
14013,127961,wanders,667,8
14014,127969,into,667,8
14015,127974,a,667,8
14016,127976,large,667,8
14017,127982,room,667,8
14018,127987,filled,667,8
14019,127994,with,667,8
14020,127999,mannequins,667,8
14021,128018,dressed,667,8
14022,128026,in,667,8
14023,128029,dusty,667,8
14024,128035,ball,667,8
14025,128040,gowns,667,8
14026,128056,She,667,8
14027,128060,wanders,667,8
14028,128068,around,667,8
14029,128075,wistfully,667,8
14030,128086,full,667,8
14031,128091,of,667,8
14032,128094,curiosity,667,8
14033,128105,She,667,8
14034,128109,picks,667,8
14035,128123,out,667,8
14036,128127,one,667,8
14037,128131,of,667,8
14038,128134,the,667,8
14039,128138,dresses,667,8
14040,128146,puts,667,8
14041,128151,it,667,8
14042,128154,on,667,8
14043,128157,and,667,8
14044,128161,stands,667,8
14045,128168,there,667,8
14046,128175,the,667,8
14047,128187,mannequins,667,8
14048,128198,surrounding,667,8
14049,128210,her,667,8
14050,128214,like,667,8
14051,128219,a,667,8
14052,128221,family,667,8
14053,128228,tableau,667,8
14054,128247,INT,668,9
14055,128252,SEBASTIAN,668,9
14056,128262,LABORATORY,668,9
14057,128275,DAWN,668,9
14058,128303,84B,668,9
14059,128316,Sebastian,669,9
14060,128326,is,669,9
14061,128329,asleep,669,9
14062,128337,Kaiser,669,9
14063,128344,Wilhelm,669,9
14064,128352,his,669,9
14065,128356,mouth,669,9
14066,128362,clamped,669,9
14067,128370,open,669,9
14068,128383,is,669,9
14069,128386,propped,669,9
14070,128394,up,669,9
14071,128397,next,669,9
14072,128402,to,669,9
14073,128405,him,669,9
14074,128419,Pris,669,9
14075,128424,wanders,669,9
14076,128432,in,669,9
14077,128436,studying,669,9
14078,128445,the,669,9
14079,128449,array,669,9
14080,128455,of,669,9
14081,128458,his,669,9
14082,128462,equipment,669,9
14083,128473,She,669,9
14084,128485,puts,669,9
14085,128490,her,669,9
14086,128494,eye,669,9
14087,128498,to,669,9
14088,128501,the,669,9
14089,128505,steroscope,669,9
14090,128516,near,669,9
14091,128521,Sebastian,669,9
14092,128532,It,669,9
14093,128535,reveals,669,9
14094,128551,a,669,9
14095,128553,world,669,9
14096,128559,of,669,9
14097,128562,rare,669,9
14098,128567,beauty,669,9
14099,128575,Landscapes,669,9
14100,128587,mountains,669,9
14101,128597,etc,669,9
14102,128611,She,669,9
14103,128615,touches,669,9
14104,128623,a,669,9
14105,128625,button,669,9
14106,128633,a,669,9
14107,128635,blue,669,9
14108,128640,flash,669,9
14109,128646,erupts,669,9
14110,128687,PRIS,670,9
14111,128710,Oh,670,9
14112,128723,Sebastian,670,9
14113,128733,is,670,9
14114,128736,awakened,670,9
14115,128779,SEBASTIAN,671,9
14116,128807,Whatcha,671,9
14117,128815,doin,671,9
14118,128855,PRIS,672,9
14119,128878,I'm,672,9
14120,128882,sorry,672,9
14121,128889,just,672,9
14122,128894,peeking,672,9
14123,128936,SEBASTIAN,673,9
14124,128964,Oh,673,9
14125,128977,Transfixed,673,9
14126,128989,Sebastian,673,9
14127,128999,stares,673,9
14128,129006,at,673,9
14129,129009,her,673,9
14130,129014,If,673,9
14131,129017,an,673,9
14132,129020,improvement,673,9
14133,129032,is,673,9
14134,129043,possible,673,9
14135,129053,she,673,9
14136,129057,looks,673,9
14137,129063,even,673,9
14138,129068,better,673,9
14139,129075,now,673,9
14140,129080,Older,673,9
14141,129086,and,673,9
14142,129090,even,673,9
14143,129095,sexier,673,9
14144,129136,SEBASTIAN,674,9
14145,129164,You,674,9
14146,129168,look,674,9
14147,129173,better,674,9
14148,129214,PRIS,675,9
14149,129237,Just,675,9
14150,129242,better,675,9
14151,129283,SEBASTIAN,676,9
14152,129319,blushing,676,9
14153,129347,Well,676,9
14154,129355,beautiful,676,9
14155,129399,PRIS,677,9
14156,129422,Thanks,677,9
14157,129439,As,677,9
14158,129442,they,677,9
14159,129447,are,677,9
14160,129451,talking,677,9
14161,129460,Batty,677,9
14162,129466,enters,677,9
14163,129487,the,677,9
14164,129491,room,677,9
14165,129505,Pris,677,9
14166,129510,sees,677,9
14167,129516,him,677,9
14168,129520,but,677,9
14169,129524,does,677,9
14170,129529,not,677,9
14171,129533,register,677,9
14172,129542,anything,677,9
14173,129551,on,677,9
14174,129554,her,677,9
14175,129558,face,677,9
14176,129572,Sebastian,677,9
14177,129582,does,677,9
14178,129587,not,677,9
14179,129591,hear,677,9
14180,129596,or,677,9
14181,129599,see,677,9
14182,129603,him,677,9
14183,129617,Pris,677,9
14184,129622,studies,677,9
14185,129631,Sebastian,677,9
14186,129641,for,677,9
14187,129645,a,677,9
14188,129647,moment,677,9
14189,129688,PRIS,678,9
14190,129711,How,678,9
14191,129715,old,678,9
14192,129719,are,678,9
14193,129723,you,678,9
14194,129762,SEBASTIAN,679,9
14195,129790,Twenty,679,9
14196,129831,PRIS,680,9
14197,129854,What's,680,9
14198,129861,your,680,9
14199,129866,problem,680,9
14200,129908,SEBASTIAN,681,9
14201,129936,Methuselah,681,9
14202,129947,Syndrome,681,9
14203,129990,PRIS,682,9
14204,130013,What's,682,9
14205,130020,that's,682,9
14206,130061,SEBASTIAN,683,9
14207,130089,My,683,9
14208,130092,glands,683,9
14209,130101,They,683,9
14210,130106,grow,683,9
14211,130111,old,683,9
14212,130115,too,683,9
14213,130119,fast,683,9
14214,130158,PRIS,684,9
14215,130181,Is,684,9
14216,130184,that,684,9
14217,130189,why,684,9
14218,130193,you're,684,9
14219,130200,still,684,9
14220,130206,on,684,9
14221,130209,earth,684,9
14222,130249,SEBASTIAN,685,9
14223,130277,Yeah,685,9
14224,130283,Couldn't,685,9
14225,130292,pass,685,9
14226,130297,the,685,9
14227,130301,medical,685,9
14228,130310,Anyway,685,9
14229,130335,I,685,9
14230,130337,kinda,685,9
14231,130343,like,685,9
14232,130348,it,685,9
14233,130351,here,685,9
14234,130366,A,685,9
14235,130368,moment,685,9
14236,130409,PRIS,686,9
14237,130432,And,686,9
14238,130436,I,686,9
14239,130438,like,686,9
14240,130443,you,686,9
14241,130447,just,686,9
14242,130452,the,686,9
14243,130456,way,686,9
14244,130460,you,686,9
14245,130464,are,686,9
14246,130487,Hi,686,9
14247,130490,Roy,686,9
14248,130504,Sebastian,686,9
14249,130514,whips,686,9
14250,130520,round,686,9
14251,130527,He,686,9
14252,130530,is,686,9
14253,130533,flanked,686,9
14254,130541,a,686,9
14255,130543,hair's,686,9
14256,130550,breath,686,9
14257,130557,away,686,9
14258,130570,by,686,9
14259,130573,Batty,686,9
14260,130580,The,686,9
14261,130584,shock,686,9
14262,130590,almost,686,9
14263,130597,knocks,686,9
14264,130604,him,686,9
14265,130608,off,686,9
14266,130612,his,686,9
14267,130616,chair,686,9
14268,130656,PRIS,687,9
14269,130679,This,687,9
14270,130684,is,687,9
14271,130687,my,687,9
14272,130690,friend,687,9
14273,130701,I,687,9
14274,130703,was,687,9
14275,130725,telling,687,9
14276,130733,you,687,9
14277,130737,about,687,9
14278,130753,Batty,687,9
14279,130759,smiles,687,9
14280,130766,benevolently,687,9
14281,130813,PRIS,688,9
14282,130836,Roy,688,9
14283,130841,this,688,9
14284,130846,is,688,9
14285,130849,my,688,9
14286,130852,saviour,688,9
14287,130861,J,688,9
14288,130863,F,688,9
14289,130866,Sebastian,688,9
14290,130886,There,688,9
14291,130892,is,688,9
14292,130895,a,688,9
14293,130897,long,688,9
14294,130902,silence,688,9
14295,130910,whilst,688,9
14296,130917,everyone,688,9
14297,130926,stares,688,9
14298,130933,at,688,9
14299,130936,each,688,9
14300,130949,other,688,9
14301,130989,BATTY,689,9
14302,131013,Can't,689,9
14303,131019,thank,689,9
14304,131025,you,689,9
14305,131029,enough,689,9
14306,131037,Mr,689,9
14307,131041,Sebastian,689,9
14308,131061,Sebastian,689,9
14309,131072,still,689,9
14310,131078,uneasy,689,9
14311,131085,begins,689,9
14312,131092,to,689,9
14313,131095,smile,689,9
14314,131135,BATTY,690,9
14315,131159,You,690,9
14316,131163,certainly,690,9
14317,131173,have,690,9
14318,131178,a,690,9
14319,131180,nice,690,9
14320,131185,place,690,9
14321,131201,BATTY,690,9
14322,131207,looks,690,9
14323,131213,around,690,9
14324,131220,admiringly,690,9
14325,131233,Sebastian,690,9
14326,131243,mumbles,690,9
14327,131251,some,690,9
14328,131265,thing,690,9
14329,131271,that,690,9
14330,131276,sounds,690,9
14331,131283,like,690,9
14332,131289,Thank,690,9
14333,131295,you,690,9
14334,131334,PRIS,691,9
14335,131357,Sebastian,691,9
14336,131367,doesn't,691,9
14337,131375,go,691,9
14338,131378,out,691,9
14339,131382,too,691,9
14340,131386,much,691,9
14341,131425,BATTY,692,9
14342,131449,I,692,9
14343,131451,like,692,9
14344,131456,a,692,9
14345,131458,man,692,9
14346,131462,who,692,9
14347,131466,stays,692,9
14348,131472,put,692,9
14349,131477,An,692,9
14350,131480,admirable,692,9
14351,131508,thing,692,9
14352,131514,to,692,9
14353,131517,be,692,9
14354,131520,able,692,9
14355,131525,to,692,9
14356,131528,sustain,692,9
14357,131536,yourself,692,9
14358,131563,in,692,9
14359,131566,these,692,9
14360,131572,times,692,9
14361,131579,You,692,9
14362,131583,live,692,9
14363,131588,here,692,9
14364,131593,all,692,9
14365,131597,by,692,9
14366,131618,yourself,692,9
14367,131628,do,692,9
14368,131631,you,692,9
14369,131670,SEBASTIAN,693,9
14370,131698,Yes,693,9
14371,131732,after,693,9
14372,131738,a,693,9
14373,131740,moment,693,9
14374,131766,How,693,9
14375,131770,about,693,9
14376,131776,some,693,9
14377,131781,breakfast,693,9
14378,131792,I,693,9
14379,131794,was,693,9
14380,131798,just,693,9
14381,131821,going,693,9
14382,131827,to,693,9
14383,131830,make,693,9
14384,131835,some,693,9
14385,131893,CUT,693,9
14386,131897,TO,693,9
14387,131910,INT,693,9
14388,131914,DECKARD'S,693,9
14389,131924,BEDROOM,693,9
14390,131934,MORNING,693,9
14391,131966,85,693,9
14392,131978,Deckard,693,9
14393,131986,wakes,693,9
14394,131992,up,693,9
14395,131995,groggily,693,9
14396,132005,His,693,9
14397,132009,face,693,9
14398,132014,hurts,693,9
14399,132021,He,693,9
14400,132024,touches,693,9
14401,132040,the,693,9
14402,132044,puffy,693,9
14403,132050,purple,693,9
14404,132057,bruises,693,9
14405,132067,He,693,9
14406,132070,touches,693,9
14407,132078,the,693,9
14408,132082,lip,693,9
14409,132086,and,693,9
14410,132090,winces,693,9
14411,132106,He,693,9
14412,132109,looks,693,9
14413,132115,around,693,9
14414,132122,stupid,693,9
14415,132129,with,693,9
14416,132134,sleep,693,9
14417,132141,orienting,693,9
14418,132151,himself,693,9
14419,132169,He,693,9
14420,132172,sits,693,9
14421,132177,up,693,9
14422,132183,tries,693,9
14423,132189,to,693,9
14424,132192,remember,693,9
14425,132203,Was,693,9
14426,132207,she,693,9
14427,132211,here,693,9
14428,132219,Were,693,9
14429,132224,they,693,9
14430,132237,talking,693,9
14431,132248,He,693,9
14432,132251,must,693,9
14433,132256,have,693,9
14434,132261,dozed,693,9
14435,132267,off,693,9
14436,132273,He,693,9
14437,132276,gets,693,9
14438,132281,up,693,9
14439,132284,laboriously,693,9
14440,132305,painfully,693,9
14441,132315,and,693,9
14442,132319,limps,693,9
14443,132325,out,693,9
14444,132329,of,693,9
14445,132332,the,693,9
14446,132336,bedroom,693,9
14447,132344,still,693,9
14448,132350,in,693,9
14449,132353,yesterday's,693,9
14450,132373,clothes,693,9
14451,132435,CUT,693,9
14452,132439,TO,693,9
14453,132452,INT,694,9
14454,132457,DECKARD'S,694,9
14455,132467,LIVING,694,9
14456,132474,ROOM,694,9
14457,132479,MORNING,694,9
14458,132508,86,694,9
14459,132520,Rachael,695,9
14460,132528,is,695,9
14461,132531,sitting,695,9
14462,132539,stone,695,9
14463,132545,silent,695,9
14464,132552,at,695,9
14465,132555,the,695,9
14466,132559,piano,695,9
14467,132566,staring,695,9
14468,132574,at,695,9
14469,132577,a,695,9
14470,132587,picture,695,9
14471,132595,of,695,9
14472,132598,Deckard,695,9
14473,132606,and,695,9
14474,132610,his,695,9
14475,132614,Father,695,9
14476,132621,above,695,9
14477,132627,the,695,9
14478,132631,keyboard,695,9
14479,132650,Shadows,695,9
14480,132658,brush,695,9
14481,132664,across,695,9
14482,132671,her,695,9
14483,132676,then,695,9
14484,132681,Deckard,695,9
14485,132689,is,695,9
14486,132692,there,695,9
14487,132699,close,695,9
14488,132705,to,695,9
14489,132716,her,695,9
14490,132721,looking,695,9
14491,132729,to,695,9
14492,132732,see,695,9
14493,132736,what's,695,9
14494,132743,got,695,9
14495,132747,her,695,9
14496,132751,attention,695,9
14497,132795,DECKARD,696,9
14498,132821,Me,696,9
14499,132824,and,696,9
14500,132828,my,696,9
14501,132831,Dad,696,9
14502,132869,RACHAEL,697,9
14503,132895,Do,697,9
14504,132898,you,697,9
14505,132902,love,697,9
14506,132907,him,697,9
14507,132945,DECKARD,698,9
14508,132971,He's,698,9
14509,132976,dead,698,9
14510,132991,Rachael,698,9
14511,132999,indicates,698,9
14512,133009,the,698,9
14513,133013,picture,698,9
14514,133021,of,698,9
14515,133024,Deckard's,698,9
14516,133034,wife,698,9
14517,133073,DECKARD,699,9
14518,133099,Wife,699,9
14519,133138,RACHAEL,700,9
14520,133164,Do,700,9
14521,133167,you,700,9
14522,133171,love,700,9
14523,133176,her,700,9
14524,133215,DECKARD,701,9
14525,133241,She,701,9
14526,133245,left,701,9
14527,133250,me,701,9
14528,133280,pause,701,9
14529,133305,Went,701,9
14530,133310,offworld,701,9
14531,133338,Wanted,701,9
14532,133345,the,701,9
14533,133349,good,701,9
14534,133354,life,701,9
14535,133393,RACHAEL,702,9
14536,133419,You,702,9
14537,133423,didn't,702,9
14538,133440,Deckard,702,9
14539,133448,changes,702,9
14540,133456,the,702,9
14541,133460,subject,702,9
14542,133502,DECKARD,703,9
14543,133528,I,703,9
14544,133530,dreamt,703,9
14545,133537,music,703,9
14546,133553,Rachael,703,9
14547,133561,answers,703,9
14548,133569,his,703,9
14549,133573,comment,703,9
14550,133581,by,703,9
14551,133584,touching,703,9
14552,133593,the,703,9
14553,133597,keys,703,9
14554,133602,and,703,9
14555,133614,filling,703,9
14556,133622,the,703,9
14557,133626,room,703,9
14558,133631,abruptly,703,9
14559,133640,with,703,9
14560,133645,music,703,9
14561,133661,Deckard,703,9
14562,133708,RACHAEL,704,9
14563,133734,I,704,9
14564,133736,didn't,704,9
14565,133743,know,704,9
14566,133748,if,704,9
14567,133751,I,704,9
14568,133753,could,704,9
14569,133759,play,704,9
14570,133792,pause,704,9
14571,133817,I,704,9
14572,133819,remember,704,9
14573,133828,lessons,704,9
14574,133840,but,704,9
14575,133844,I,704,9
14576,133864,don't,704,9
14577,133870,know,704,9
14578,133875,if,704,9
14579,133878,I,704,9
14580,133880,took,704,9
14581,133885,them,704,9
14582,133893,or,704,9
14583,133914,Tyrell's,704,9
14584,133923,niece,704,9
14585,133939,She,704,9
14586,133943,stops,704,9
14587,133949,doesn't,704,9
14588,133957,finish,704,9
14589,133964,the,704,9
14590,133968,thought,704,9
14591,133977,goes,704,9
14592,133982,on,704,9
14593,133985,playing,704,9
14594,134001,for,704,9
14595,134005,a,704,9
14596,134007,long,704,9
14597,134012,moment,704,9
14598,134053,DECKARD,705,9
14599,134079,You,705,9
14600,134083,play,705,9
14601,134088,fine,705,9
14602,134103,Suddenly,705,9
14603,134112,she,705,9
14604,134116,stops,705,9
14605,134122,playing,705,9
14606,134130,and,705,9
14607,134134,turns,705,9
14608,134140,to,705,9
14609,134143,him,705,9
14610,134149,Al,705,9
14611,134152,you,705,9
14612,134164,can,705,9
14613,134168,hear,705,9
14614,134173,is,705,9
14615,134176,the,705,9
14616,134180,CLOCK,705,9
14617,134186,TICKING,705,9
14618,134228,RACHAEL,706,9
14619,134254,Am,706,9
14620,134257,I,706,9
14621,134259,very,706,9
14622,134264,different,706,9
14623,134308,DECKARD,707,9
14624,134334,Yeah,707,9
14625,134373,RACHAEL,708,9
14626,134399,How,708,9
14627,134413,Her,708,9
14628,134417,voice,708,9
14629,134423,is,708,9
14630,134426,small,708,9
14631,134434,Something,708,9
14632,134444,very,708,9
14633,134449,young,708,9
14634,134455,about,708,9
14635,134461,her,708,9
14636,134474,She,708,9
14637,134478,looks,708,9
14638,134484,up,708,9
14639,134487,at,708,9
14640,134490,him,708,9
14641,134494,for,708,9
14642,134498,the,708,9
14643,134502,first,708,9
14644,134508,time,708,9
14645,134547,DECKARD,709,9
14646,134573,Stand,709,9
14647,134579,up,709,9
14648,134592,She,709,9
14649,134596,does,709,9
14650,134603,She's,709,9
14651,134609,looking,709,9
14652,134617,up,709,9
14653,134620,at,709,9
14654,134623,him,709,9
14655,134627,with,709,9
14656,134632,those,709,9
14657,134638,big,709,9
14658,134642,mer,709,9
14659,134655,maid,709,9
14660,134660,eyes,709,9
14661,134665,and,709,9
14662,134669,he,709,9
14663,134672,kisses,709,9
14664,134679,her,709,9
14665,134683,mouth,709,9
14666,134691,And,709,9
14667,134695,then,709,9
14668,134700,again,709,9
14669,134715,She,709,9
14670,134719,doesn't,709,9
14671,134727,respond,709,9
14672,134737,His,709,9
14673,134741,voice,709,9
14674,134747,is,709,9
14675,134750,a,709,9
14676,134752,whisper,709,9
14677,134794,DECKARD,710,9
14678,134820,Now,710,9
14679,134824,you,710,9
14680,134828,kiss,710,9
14681,134833,me,710,9
14682,134846,She,710,9
14683,134850,does,710,9
14684,134858,but,710,9
14685,134862,it's,710,9
14686,134867,self,710,9
14687,134872,conscious,710,9
14688,134918,RACHAEL,711,9
14689,134944,I,711,9
14690,134946,can't,711,9
14691,134952,rely,711,9
14692,134957,on,711,9
14693,134960,my,711,9
14694,134963,memory,711,9
14695,134970,to,711,9
14696,134985,He,711,9
14697,134988,stops,711,9
14698,134994,her,711,9
14699,134998,with,711,9
14700,135003,another,711,9
14701,135011,kiss,711,9
14702,135050,DECKARD,712,9
14703,135076,Say,712,9
14704,135080,what,712,9
14705,135085,I,712,9
14706,135087,say,712,9
14707,135101,She,712,9
14708,135105,nods,712,9
14709,135112,His,712,9
14710,135116,voice,712,9
14711,135122,intimate,712,9
14712,135132,low,712,9
14713,135170,DECKARD,713,9
14714,135196,Kiss,713,9
14715,135201,me,713,9
14716,135238,RACHAEL,714,9
14717,135264,Kiss,714,9
14718,135269,me,714,9
14719,135282,He,714,9
14720,135285,does,714,9
14721,135291,soft,714,9
14722,135297,wet,714,9
14723,135302,tender,714,9
14724,135311,He,714,9
14725,135314,backs,714,9
14726,135320,off,714,9
14727,135327,magnetic,714,9
14728,135345,palpable,714,9
14729,135354,energy,714,9
14730,135361,growing,714,9
14731,135369,up,714,9
14732,135372,between,714,9
14733,135380,them,714,9
14734,135419,DECKARD,715,9
14735,135445,My,715,9
14736,135448,eyes,715,9
14737,135487,RACHAEL,716,9
14738,135513,Kiss,716,9
14739,135518,my,716,9
14740,135521,eyes,716,9
14741,135536,She,716,9
14742,135540,closes,716,9
14743,135547,them,716,9
14744,135554,He,716,9
14745,135557,kisses,716,9
14746,135564,each,716,9
14747,135569,fluttering,716,9
14748,135580,lid,716,9
14749,135594,She's,716,9
14750,135600,catching,716,9
14751,135609,on,716,9
14752,135612,quick,716,9
14753,135620,Her,716,9
14754,135624,lips,716,9
14755,135629,are,716,9
14756,135633,right,716,9
14757,135639,there,716,9
14758,135679,DECKARD,717,9
14759,135705,I,717,9
14760,135707,want,717,9
14761,135712,you,717,9
14762,135750,RACHAEL,718,9
14763,135776,I,718,9
14764,135778,want,718,9
14765,135783,you,718,9
14766,135821,DECKARD,719,9
14767,135847,Again,719,9
14768,135887,RACHAEL,720,9
14769,135913,I,720,9
14770,135915,want,720,9
14771,135920,you,720,9
14772,135934,Her,720,9
14773,135938,face,720,9
14774,135943,is,720,9
14775,135946,flushed,720,9
14776,135956,His,720,9
14777,135960,fingers,720,9
14778,135968,go,720,9
14779,135971,to,720,9
14780,135974,her,720,9
14781,135978,mouth,720,9
14782,135995,slowly,720,9
14783,136002,over,720,9
14784,136007,her,720,9
14785,136011,lips,720,9
14786,136016,and,720,9
14787,136020,inside,720,9
14788,136028,into,720,9
14789,136033,the,720,9
14790,136037,wetness,720,9
14791,136047,her,720,9
14792,136059,head,720,9
14793,136064,is,720,9
14794,136067,leaning,720,9
14795,136075,back,720,9
14796,136081,eyes,720,9
14797,136086,shut,720,9
14798,136125,RACHAEL,721,9
14799,136151,Bite,721,9
14800,136156,me,721,9
14801,136169,His,721,9
14802,136173,mouth,721,9
14803,136179,goes,721,9
14804,136184,to,721,9
14805,136187,her,721,9
14806,136191,neck,721,9
14807,136197,her,721,9
14808,136201,ear,721,9
14809,136207,His,721,9
14810,136211,teeth,721,9
14811,136217,evoke,721,9
14812,136231,a,721,9
14813,136233,shiver,721,9
14814,136240,and,721,9
14815,136244,a,721,9
14816,136246,gasp,721,9
14817,136251,as,721,9
14818,136254,they,721,9
14819,136259,take,721,9
14820,136264,her,721,9
14821,136268,flesh,721,9
14822,136276,Her,721,9
14823,136280,breath,721,9
14824,136295,is,721,9
14825,136298,coming,721,9
14826,136305,faster,721,9
14827,136346,RACHAEL,722,9
14828,136372,Put,722,9
14829,136376,your,722,9
14830,136381,hands,722,9
14831,136387,on,722,9
14832,136390,me,722,9
14833,136403,He,722,9
14834,136406,rakes,722,9
14835,136412,his,722,9
14836,136416,fingers,722,9
14837,136424,through,722,9
14838,136432,her,722,9
14839,136436,hair,722,9
14840,136441,and,722,9
14841,136445,pulls,722,9
14842,136451,her,722,9
14843,136463,into,722,9
14844,136468,him,722,9
14845,136474,His,722,9
14846,136478,other,722,9
14847,136484,hand,722,9
14848,136489,molding,722,9
14849,136497,and,722,9
14850,136501,pressing,722,9
14851,136510,her,722,9
14852,136523,working,722,9
14853,136531,around,722,9
14854,136538,her,722,9
14855,136542,body,722,9
14856,136547,and,722,9
14857,136551,under,722,9
14858,136557,into,722,9
14859,136562,the,722,9
14860,136566,privacy,722,9
14861,136582,of,722,9
14862,136585,her,722,9
14863,136589,dress,722,9
14864,136629,RACHAEL,723,9
14865,136655,Shall,723,9
14866,136661,I,723,9
14867,136663,take,723,9
14868,136668,off,723,9
14869,136672,my,723,9
14870,136675,clothes,723,9
14871,136717,DECKARD,724,9
14872,136743,Oh,724,9
14873,136746,Yeah,724,9
14874,136761,He's,724,9
14875,136766,kissing,724,9
14876,136774,her,724,9
14877,136778,hard,724,9
14878,136784,deep,724,9
14879,136790,soft,724,9
14880,136796,She's,724,9
14881,136802,hardly,724,9
14882,136809,able,724,9
14883,136814,to,724,9
14884,136825,talk,724,9
14885,136830,she's,724,9
14886,136836,so,724,9
14887,136839,excited,724,9
14888,136881,RACHAEL,725,9
14889,136907,Do,725,9
14890,136910,whatever,725,9
14891,136919,you,725,9
14892,136923,want,725,9
14893,136928,to,725,9
14894,136931,me,725,9
14895,136944,He,725,9
14896,136947,is,725,9
14897,136950,and,725,9
14898,136954,her,725,9
14899,136958,legs,725,9
14900,136963,can,725,9
14901,136967,no,725,9
14902,136970,longer,725,9
14903,136977,hold,725,9
14904,136982,her,725,9
14905,136986,and,725,9
14906,136990,she's,725,9
14907,137004,sinking,725,9
14908,137012,to,725,9
14909,137015,the,725,9
14910,137019,floor,725,9
14911,137025,in,725,9
14912,137028,his,725,9
14913,137032,arms,725,9
14914,137037,moaning,725,9
14915,137046,their,725,9
14916,137052,words,725,9
14917,137066,obscured,725,9
14918,137075,by,725,9
14919,137078,kisses,725,9
14920,137138,CUT,725,9
14921,137142,TO,725,9
14922,137155,INT,726,9
14923,137160,SEBASTIAN'S,726,9
14924,137172,APARTMENT,726,9
14925,137184,NIGHT,726,9
14926,137211,87,726,9
14927,137223,Pris,727,9
14928,137228,is,727,9
14929,137231,staring,727,9
14930,137239,out,727,9
14931,137243,the,727,9
14932,137247,window,727,9
14933,137255,watching,727,9
14934,137274,Batty,727,9
14935,137280,lies,727,9
14936,137285,quietly,727,9
14937,137293,on,727,9
14938,137296,the,727,9
14939,137300,couch,727,9
14940,137307,rubbing,727,9
14941,137315,one,727,9
14942,137319,of,727,9
14943,137322,his,727,9
14944,137326,hands,727,9
14945,137342,Sounds,727,9
14946,137349,emanate,727,9
14947,137357,from,727,9
14948,137362,the,727,9
14949,137366,kitchen,727,9
14950,137384,Batty,727,9
14951,137390,gets,727,9
14952,137395,up,727,9
14953,137398,and,727,9
14954,137402,goes,727,9
14955,137407,to,727,9
14956,137410,a,727,9
14957,137412,chess,727,9
14958,137418,set,727,9
14959,137422,in,727,9
14960,137425,the,727,9
14961,137429,corner,727,9
14962,137436,of,727,9
14963,137439,the,727,9
14964,137451,room,727,9
14965,137457,a,727,9
14966,137459,game,727,9
14967,137464,is,727,9
14968,137467,obviously,727,9
14969,137477,in,727,9
14970,137480,progress,727,9
14971,137491,Batty,727,9
14972,137497,studies,727,9
14973,137505,it,727,9
14974,137508,for,727,9
14975,137520,a,727,9
14976,137522,moment,727,9
14977,137530,then,727,9
14978,137535,moves,727,9
14979,137541,the,727,9
14980,137545,White,727,9
14981,137551,Queen,727,9
14982,137557,to,727,9
14983,137560,the,727,9
14984,137564,Bishop,727,9
14985,137581,Pris,727,9
14986,137586,walks,727,9
14987,137592,over,727,9
14988,137597,to,727,9
14989,137600,him,727,9
14990,137605,Her,727,9
14991,137609,tone,727,9
14992,137614,muted,727,9
14993,137620,but,727,9
14994,137624,demanding,727,9
14995,137668,PRIS,728,9
14996,137691,Well,728,9
14997,137706,Batty,728,9
14998,137712,finds,728,9
14999,137718,her,728,9
15000,137722,attitude,728,9
15001,137731,amusing,728,9
15002,137740,which,728,9
15003,137746,makes,728,9
15004,137752,her,728,9
15005,137756,even,728,9
15006,137761,more,728,9
15007,137774,pugnacious,728,9
15008,137819,PRIS,729,9
15009,137842,I,729,9
15010,137844,want,729,9
15011,137849,to,729,9
15012,137852,know,729,9
15013,137857,what's,729,9
15014,137864,going,729,9
15015,137870,on,729,9
15016,137908,BATTY,730,9
15017,137932,There's,730,9
15018,137940,only,730,9
15019,137945,two,730,9
15020,137949,of,730,9
15021,137952,us,730,9
15022,137955,left,730,9
15023,137970,Pris,730,9
15024,137975,is,730,9
15025,137978,shocked,730,9
15026,137987,Her,730,9
15027,137991,whisper,730,9
15028,137999,comes,730,9
15029,138005,out,730,9
15030,138009,a,730,9
15031,138011,hiss,730,9
15032,138050,PRIS,731,9
15033,138073,Then,731,9
15034,138078,we're,731,9
15035,138084,stupid,731,9
15036,138091,and,731,9
15037,138095,we'll,731,9
15038,138101,die,731,9
15039,138139,BATTY,732,9
15040,138163,Not,732,9
15041,138167,if,732,9
15042,138170,everybody,732,9
15043,138180,is,732,9
15044,138183,doing,732,9
15045,138189,their,732,9
15046,138195,job,732,9
15047,138217,here,732,9
15048,138222,at,732,9
15049,138225,home,732,9
15050,138232,How,732,9
15051,138236,are,732,9
15052,138240,things,732,9
15053,138247,at,732,9
15054,138250,home,732,9
15055,138266,Pris,732,9
15056,138271,doesnt,732,9
15057,138278,answer,732,9
15058,138286,as,732,9
15059,138289,they,732,9
15060,138294,hear,732,9
15061,138299,Sebastian,732,9
15062,138309,coming,732,9
15063,138316,out,732,9
15064,138320,of,732,9
15065,138331,the,732,9
15066,138335,kitchen,732,9
15067,138377,PRIS,733,9
15068,138400,What,733,9
15069,138405,if,733,9
15070,138408,he,733,9
15071,138411,won't,733,9
15072,138417,co,733,9
15073,138420,operate,733,9
15074,138463,BATTY,734,9
15075,138487,Mr,734,9
15076,138491,Sebastian,734,9
15077,138501,is,734,9
15078,138504,a,734,9
15079,138506,host,734,9
15080,138511,who,734,9
15081,138515,wants,734,9
15082,138521,to,734,9
15083,138542,be,734,9
15084,138545,appreciated,734,9
15085,138558,We'll,734,9
15086,138564,appreciate,734,9
15087,138575,him,734,9
15088,138597,and,734,9
15089,138601,he'll,734,9
15090,138607,co,734,9
15091,138610,operate,734,9
15092,138628,Sebastian,734,9
15093,138638,walks,734,9
15094,138644,into,734,9
15095,138649,the,734,9
15096,138653,room,734,9
15097,138658,with,734,9
15098,138663,a,734,9
15099,138665,tray,734,9
15100,138672,He,734,9
15101,138675,takes,734,9
15102,138681,some,734,9
15103,138694,eggs,734,9
15104,138699,and,734,9
15105,138703,puts,734,9
15106,138708,them,734,9
15107,138713,into,734,9
15108,138718,a,734,9
15109,138720,glass,734,9
15110,138726,flask,734,9
15111,138732,full,734,9
15112,138737,of,734,9
15113,138740,bubbling,734,9
15114,138757,water,734,9
15115,138763,that,734,9
15116,138768,is,734,9
15117,138771,standing,734,9
15118,138780,on,734,9
15119,138783,a,734,9
15120,138785,retort,734,9
15121,138792,stand,734,9
15122,138798,over,734,9
15123,138803,a,734,9
15124,138805,bunsen,734,9
15125,138820,burner,734,9
15126,138827,on,734,9
15127,138830,his,734,9
15128,138834,work,734,9
15129,138839,bench,734,9
15130,138854,He,734,9
15131,138857,notices,734,9
15132,138865,the,734,9
15133,138869,move,734,9
15134,138874,on,734,9
15135,138877,the,734,9
15136,138881,chess,734,9
15137,138887,set,734,9
15138,138925,SEBASTIAN,735,9
15139,138953,No,735,9
15140,138958,The,735,9
15141,138962,Knight,735,9
15142,138969,takes,735,9
15143,138975,the,735,9
15144,138979,Queen,735,9
15145,138986,see,735,9
15146,139010,It,735,9
15147,139013,won't,735,9
15148,139019,do,735,9
15149,139032,He,735,9
15150,139035,takes,735,9
15151,139041,the,735,9
15152,139045,White,735,9
15153,139051,Queen,735,9
15154,139057,with,735,9
15155,139062,the,735,9
15156,139066,Black,735,9
15157,139072,Knight,735,9
15158,139089,Batty,735,9
15159,139095,smiles,735,9
15160,139102,a,735,9
15161,139104,smile,735,9
15162,139110,totally,735,9
15163,139118,without,735,9
15164,139126,feeling,735,9
15165,139134,or,735,9
15166,139137,interest,735,9
15167,139156,Sebastian,735,9
15168,139166,stares,735,9
15169,139173,at,735,9
15170,139176,Batty,735,9
15171,139182,for,735,9
15172,139186,a,735,9
15173,139188,long,735,9
15174,139193,moment,735,9
15175,139201,then,735,9
15176,139206,at,735,9
15177,139209,Pris,735,9
15178,139248,BATTY,736,9
15179,139272,Why,736,9
15180,139276,are,736,9
15181,139280,you,736,9
15182,139284,staring,736,9
15183,139292,at,736,9
15184,139295,us,736,9
15185,139333,SEBASTIAN,737,9
15186,139361,You're,737,9
15187,139368,just,737,9
15188,139373,so,737,9
15189,139379,so,737,9
15190,139382,different,737,9
15191,139402,Batty,737,9
15192,139408,nods,737,9
15193,139413,his,737,9
15194,139417,head,737,9
15195,139422,smiling,737,9
15196,139431,sending,737,9
15197,139439,home,737,9
15198,139444,the,737,9
15199,139448,fact,737,9
15200,139453,and,737,9
15201,139465,Sebastian,737,9
15202,139475,is,737,9
15203,139478,certainly,737,9
15204,139488,getting,737,9
15205,139496,it,737,9
15206,139533,BATTY,738,9
15207,139557,What,738,9
15208,139562,Sebastian,738,9
15209,139583,A,738,9
15210,139585,long,738,9
15211,139590,pause,738,9
15212,139630,PRIS,739,9
15213,139653,What,739,9
15214,139658,makes,739,9
15215,139664,you,739,9
15216,139668,think,739,9
15217,139674,so,739,9
15218,139678,Sebastian,739,9
15219,139722,SEBASTIAN,740,9
15220,139750,Well,740,9
15221,139756,you're,740,9
15222,139767,so,740,9
15223,139770,perfect,740,9
15224,139788,Sebastian,740,9
15225,139798,is,740,9
15226,139801,grinning,740,9
15227,139810,from,740,9
15228,139815,ear,740,9
15229,139819,to,740,9
15230,139822,ear,740,9
15231,139860,SEBASTIAN,741,9
15232,139888,What,741,9
15233,139893,generation,741,9
15234,139904,are,741,9
15235,139908,you,741,9
15236,139947,BATTY,742,9
15237,139971,Nexus,742,9
15238,139977,6,742,9
15239,139989,Sebastian,742,9
15240,139999,whistles,742,9
15241,140018,To,742,9
15242,140021,the,742,9
15243,140025,couch,742,9
15244,140032,Batty,742,9
15245,140038,couldn't,742,9
15246,140047,be,742,9
15247,140050,more,742,9
15248,140055,pleased,742,9
15249,140097,SEBASTIAN,743,9
15250,140125,I,743,9
15251,140127,know,743,9
15252,140132,because,743,9
15253,140140,I,743,9
15254,140142,do,743,9
15255,140145,genetic,743,9
15256,140153,design,743,9
15257,140160,work,743,9
15258,140183,for,743,9
15259,140187,the,743,9
15260,140191,Tyrell,743,9
15261,140198,Corporation,743,9
15262,140237,proudly,743,9
15263,140264,There's,743,9
15264,140272,some,743,9
15265,140277,of,743,9
15266,140280,me,743,9
15267,140283,in,743,9
15268,140286,you,743,9
15269,140325,BATTY,744,9
15270,140349,We,744,9
15271,140352,have,744,9
15272,140357,a,744,9
15273,140359,lot,744,9
15274,140363,in,744,9
15275,140366,common,744,9
15276,140407,SEBASTIAN,745,9
15277,140435,What,745,9
15278,140440,do,745,9
15279,140443,you,745,9
15280,140447,mean,745,9
15281,140487,BATTY,746,9
15282,140511,We,746,9
15283,140514,have,746,9
15284,140519,similar,746,9
15285,140527,problems,746,9
15286,140555,Accelerated,746,9
15287,140567,decrepitude,746,9
15288,140606,or,746,9
15289,140628,Like,746,9
15290,140633,the,746,9
15291,140637,fabled,746,9
15292,140644,salmon,746,9
15293,140651,we,746,9
15294,140654,came,746,9
15295,140659,home,746,9
15296,140664,to,746,9
15297,140667,die,746,9
15298,140690,But,746,9
15299,140694,we,746,9
15300,140697,don't,746,9
15301,140703,want,746,9
15302,140708,to,746,9
15303,140711,die,746,9
15304,140715,quite,746,9
15305,140721,yet,746,9
15306,140759,SEBASTIAN,747,9
15307,140787,Of,747,9
15308,140790,course,747,9
15309,140797,not,747,9
15310,140807,Could,747,9
15311,140813,you,747,9
15312,140830,His,747,9
15313,140834,voice,747,9
15314,140840,is,747,9
15315,140843,trembling,747,9
15316,140887,SEBASTIAN,748,9
15317,140915,Show,748,9
15318,140920,me,748,9
15319,140923,something,748,9
15320,140967,BATTY,749,9
15321,140991,Like,749,9
15322,140996,what,749,9
15323,141036,SEBASTIAN,750,9
15324,141064,Like,750,9
15325,141072,anything,750,9
15326,141091,Like,750,9
15327,141096,a,750,9
15328,141098,million,750,9
15329,141106,things,750,9
15330,141114,but,750,9
15331,141118,he's,750,9
15332,141123,too,750,9
15333,141127,excited,750,9
15334,141135,to,750,9
15335,141138,think,750,9
15336,141152,of,750,9
15337,141155,one,750,9
15338,141193,BATTY,751,9
15339,141217,We're,751,9
15340,141223,not,751,9
15341,141227,computers,751,9
15342,141238,Sebastian,751,9
15343,141249,we're,751,9
15344,141273,physical,751,9
15345,141292,Pris,751,9
15346,141297,perks,751,9
15347,141303,up,751,9
15348,141306,proudly,751,9
15349,141348,PRIS,752,9
15350,141371,I,752,9
15351,141373,think,752,9
15352,141380,therefore,752,9
15353,141390,I,752,9
15354,141392,am,752,9
15355,141429,BATTY,753,9
15356,141453,Very,753,9
15357,141458,good,753,9
15358,141463,Pris,753,9
15359,141470,Now,753,9
15360,141474,show,753,9
15361,141479,him,753,9
15362,141483,why,753,9
15363,141497,Without,753,9
15364,141505,a,753,9
15365,141507,moment's,753,9
15366,141516,hesitation,753,9
15367,141528,Pris,753,9
15368,141533,walks,753,9
15369,141539,over,753,9
15370,141544,to,753,9
15371,141547,the,753,9
15372,141559,flask,753,9
15373,141566,sticks,753,9
15374,141573,her,753,9
15375,141577,hands,753,9
15376,141583,into,753,9
15377,141588,the,753,9
15378,141592,boiling,753,9
15379,141600,water,753,9
15380,141606,and,753,9
15381,141610,pulls,753,9
15382,141624,out,753,9
15383,141628,one,753,9
15384,141632,of,753,9
15385,141635,the,753,9
15386,141639,eggs,753,9
15387,141644,and,753,9
15388,141648,hands,753,9
15389,141654,it,753,9
15390,141657,to,753,9
15391,141660,Sebastian,753,9
15392,141680,Sebastian,753,9
15393,141690,is,753,9
15394,141693,riveted,753,9
15395,141702,his,753,9
15396,141706,eyes,753,9
15397,141711,wide,753,9
15398,141716,and,753,9
15399,141720,astounded,753,9
15400,141731,like,753,9
15401,141744,he's,753,9
15402,141749,just,753,9
15403,141754,seen,753,9
15404,141759,the,753,9
15405,141763,devil,753,9
15406,141770,He,753,9
15407,141773,laughs,753,9
15408,141780,nervously,753,9
15409,141791,glad,753,9
15410,141796,that,753,9
15411,141809,the,753,9
15412,141813,devil,753,9
15413,141819,is,753,9
15414,141822,a,753,9
15415,141824,friend,753,9
15416,141834,Then,753,9
15417,141839,drops,753,9
15418,141845,the,753,9
15419,141849,egg,753,9
15420,141853,which,753,9
15421,141859,is,753,9
15422,141870,suddenly,753,9
15423,141879,burning,753,9
15424,141887,his,753,9
15425,141891,hand,753,9
15426,141930,BATTY,754,9
15427,141954,You,754,9
15428,141958,could,754,9
15429,141964,help,754,9
15430,141969,us,754,9
15431,142006,SEBASTIAN,755,9
15432,142034,I,755,9
15433,142036,don't,755,9
15434,142042,know,755,9
15435,142047,much,755,9
15436,142052,about,755,9
15437,142058,biomechanics,755,9
15438,142089,Roy,755,9
15439,142094,I,755,9
15440,142096,wish,755,9
15441,142101,I,755,9
15442,142103,did,755,9
15443,142108,but,755,9
15444,142112,you're,755,9
15445,142119,out,755,9
15446,142123,of,755,9
15447,142144,my,755,9
15448,142147,league,755,9
15449,142188,BATTY,756,9
15450,142212,If,756,9
15451,142215,we,756,9
15452,142218,don't,756,9
15453,142224,find,756,9
15454,142229,help,756,9
15455,142234,soon,756,9
15456,142240,Pris,756,9
15457,142263,hasn't,756,9
15458,142270,got,756,9
15459,142274,long,756,9
15460,142279,to,756,9
15461,142282,live,756,9
15462,142297,Batty,756,9
15463,142303,walks,756,9
15464,142309,back,756,9
15465,142314,to,756,9
15466,142317,the,756,9
15467,142321,chess,756,9
15468,142327,set,756,9
15469,142365,BATTY,757,9
15470,142389,Is,757,9
15471,142392,he,757,9
15472,142395,good,757,9
15473,142435,SEBASTIAN,758,9
15474,142463,Who,758,9
15475,142501,BATTY,759,9
15476,142525,Your,759,9
15477,142530,opponent,759,9
15478,142573,SEBASTIAN,760,9
15479,142601,Dr,760,9
15480,142605,Tyrell,760,9
15481,142617,More,760,9
15482,142622,than,760,9
15483,142627,brilliant,760,9
15484,142656,He's,760,9
15485,142661,a,760,9
15486,142663,genius,760,9
15487,142672,He's,760,9
15488,142677,the,760,9
15489,142681,Einstein,760,9
15490,142708,of,760,9
15491,142711,genetics,760,9
15492,142754,BATTY,761,9
15493,142778,Maybe,761,9
15494,142784,he,761,9
15495,142787,can,761,9
15496,142791,help,761,9
15497,142796,us,761,9
15498,142800,Sebastian,761,9
15499,142844,SEBASTIAN,762,9
15500,142872,I'd,762,9
15501,142876,be,762,9
15502,142879,happy,762,9
15503,142885,to,762,9
15504,142888,mention,762,9
15505,142896,it,762,9
15506,142899,to,762,9
15507,142902,him,762,9
15508,142940,BATTY,763,9
15509,142964,Be,763,9
15510,142967,better,763,9
15511,142974,if,763,9
15512,142977,I,763,9
15513,142979,could,763,9
15514,142985,talk,763,9
15515,142990,to,763,9
15516,142993,him,763,9
15517,142997,in,763,9
15518,143018,person,763,9
15519,143027,But,763,9
15520,143031,he's,763,9
15521,143036,not,763,9
15522,143040,an,763,9
15523,143043,easy,763,9
15524,143048,man,763,9
15525,143052,to,763,9
15526,143073,get,763,9
15527,143077,to,763,9
15528,143114,SEBASTIAN,764,9
15529,143142,No,764,9
15530,143155,Batty,764,9
15531,143161,leans,764,9
15532,143167,forward,764,9
15533,143175,and,764,9
15534,143179,looks,764,9
15535,143185,right,764,9
15536,143191,into,764,9
15537,143196,Sebastian's,764,9
15538,143208,eyes,764,9
15539,143247,BATTY,765,9
15540,143271,Will,765,9
15541,143276,you,765,9
15542,143280,help,765,9
15543,143285,us,765,9
15544,143323,SEBASTIAN,766,9
15545,143351,I,766,9
15546,143356,I,766,9
15547,143360,can't,766,9
15548,143376,He,766,9
15549,143379,gets,766,9
15550,143384,up,766,9
15551,143387,and,766,9
15552,143391,walks,766,9
15553,143397,slowly,766,9
15554,143404,over,766,9
15555,143409,to,766,9
15556,143412,Pris,766,9
15557,143451,PRIS,767,9
15558,143474,We,767,9
15559,143477,really,767,9
15560,143484,need,767,9
15561,143489,you,767,9
15562,143493,Sebastian,767,9
15563,143504,you're,767,9
15564,143529,our,767,9
15565,143533,best,767,9
15566,143538,and,767,9
15567,143542,only,767,9
15568,143547,friend,767,9
15569,143564,A,767,9
15570,143566,smile,767,9
15571,143572,begins,767,9
15572,143579,to,767,9
15573,143582,spread,767,9
15574,143589,across,767,9
15575,143596,Sebastian's,767,9
15576,143608,face,767,9
15577,143615,She,767,9
15578,143627,is,767,9
15579,143630,irresistable,767,9
15580,143644,He,767,9
15581,143647,sits,767,9
15582,143652,there,767,9
15583,143658,for,767,9
15584,143662,a,767,9
15585,143664,long,767,9
15586,143669,moment,767,9
15587,143676,enjoying,767,9
15588,143693,her,767,9
15589,143697,embrace,767,9
15590,143715,Batty,767,9
15591,143721,leans,767,9
15592,143727,back,767,9
15593,143732,nodding,767,9
15594,143740,in,767,9
15595,143743,gratitude,767,9
15596,143787,BATTY,768,9
15597,143811,I'm,768,9
15598,143815,sure,768,9
15599,143820,glad,768,9
15600,143825,you,768,9
15601,143829,found,768,9
15602,143835,us,768,9
15603,143839,Sebastian,768,9
15604,143868,What,768,9
15605,143873,do,768,9
15606,143876,you,768,9
15607,143880,thin,768,9
15608,143886,Pris,768,9
15609,143926,PRIS,769,9
15610,143949,I,769,9
15611,143951,don't,769,9
15612,143957,think,769,9
15613,143963,there's,769,9
15614,143971,another,769,9
15615,143979,human,769,9
15616,144003,being,769,9
15617,144009,in,769,9
15618,144012,this,769,9
15619,144017,whole,769,9
15620,144023,world,769,9
15621,144029,who,769,9
15622,144033,would,769,9
15623,144057,have,769,9
15624,144062,helped,769,9
15625,144069,us,769,9
15626,144082,Pris,769,9
15627,144087,gives,769,9
15628,144093,Sebastian,769,9
15629,144103,a,769,9
15630,144105,big,769,9
15631,144109,kiss,769,9
15632,144125,INT,770,9
15633,144130,HOSPITAL,770,9
15634,144140,DAY,770,9
15635,144181,88,770,9
15636,144193,A,771,9
15637,144195,horrid,771,9
15638,144202,image,771,9
15639,144210,Tight,771,9
15640,144216,on,771,9
15641,144219,Holden,771,9
15642,144226,very,771,9
15643,144231,tight,771,9
15644,144239,His,771,9
15645,144243,eyes,771,9
15646,144256,are,771,9
15647,144260,bulging,771,9
15648,144268,almost,771,9
15649,144275,out,771,9
15650,144279,of,771,9
15651,144282,his,771,9
15652,144286,head,771,9
15653,144293,Tears,771,9
15654,144299,streaming,771,9
15655,144317,down,771,9
15656,144322,his,771,9
15657,144326,face,771,9
15658,144332,spittle,771,9
15659,144340,spraying,771,9
15660,144349,from,771,9
15661,144354,his,771,9
15662,144358,mouth,771,9
15663,144364,as,771,9
15664,144367,he,771,9
15665,144378,wheezes,771,9
15666,144386,and,771,9
15667,144390,grimace,771,9
15668,144398,in,771,9
15669,144401,horrid,771,9
15670,144408,convulsions,771,9
15671,144421,Haw,771,9
15672,144425,haw,771,9
15673,144429,haw,771,9
15674,144442,We're,771,9
15675,144448,going,771,9
15676,144454,to,771,9
15677,144457,figure,771,9
15678,144464,out,771,9
15679,144468,that,771,9
15680,144473,he's,771,9
15681,144478,laughing,771,9
15682,144488,but,771,9
15683,144492,only,771,9
15684,144505,after,771,9
15685,144511,a,771,9
15686,144513,moment,771,9
15687,144521,after,771,9
15688,144527,we,771,9
15689,144530,pull,771,9
15690,144535,back,771,9
15691,144540,wide,771,9
15692,144545,enough,771,9
15693,144552,to,771,9
15694,144555,see,771,9
15695,144567,he's,771,9
15696,144572,still,771,9
15697,144578,engulfed,771,9
15698,144587,in,771,9
15699,144590,the,771,9
15700,144594,breather,771,9
15701,144603,and,771,9
15702,144607,necklaced,771,9
15703,144617,with,771,9
15704,144630,blinking,771,9
15705,144639,lights,771,9
15706,144647,one,771,9
15707,144651,of,771,9
15708,144654,which,771,9
15709,144660,blinks,771,9
15710,144667,particularly,771,9
15711,144688,violently,771,9
15712,144698,with,771,9
15713,144703,every,771,9
15714,144709,wheeze,771,9
15715,144750,HOLDEN,772,9
15716,144775,Cut,772,9
15717,144779,it,772,9
15718,144785,ha,772,9
15719,144789,ah,772,9
15720,144793,ah,772,9
15721,144798,cut,772,9
15722,144802,it,772,9
15723,144805,a,772,9
15724,144807,haw,772,9
15725,144830,ah,772,9
15726,144833,ah,772,9
15727,144839,cut,772,9
15728,144843,it,772,9
15729,144846,out,772,9
15730,144852,Deckard,772,9
15731,144879,You're,772,9
15732,144889,ah,772,9
15733,144895,making,772,9
15734,144902,me,772,9
15735,144908,peeeee,772,9
15736,144934,Looka,772,9
15737,144940,the,772,9
15738,144947,ah,772,9
15739,144951,haw,772,9
15740,144956,light,772,9
15741,144983,you're,772,9
15742,144990,making,772,9
15743,144997,me,772,9
15744,145000,piss,772,9
15745,145006,you,772,9
15746,145013,ass,772,9
15747,145035,hole,772,9
15748,145050,Deckard,772,9
15749,145058,looks,772,9
15750,145064,uncomfortable,772,9
15751,145078,and,772,9
15752,145082,horrified,772,9
15753,145126,DECKARD,773,9
15754,145152,Sorry,773,9
15755,145192,HOLDEN,774,9
15756,145217,Eeeeeeee,774,9
15757,145229,haw,774,9
15758,145234,ahw,774,9
15759,145239,ha,774,9
15760,145244,Hee,774,9
15761,145269,he,774,9
15762,145275,Hit,774,9
15763,145279,you,774,9
15764,145283,with,774,9
15765,145288,a,774,9
15766,145293,ah,774,9
15767,145298,Ah,774,9
15768,145320,Snake,774,9
15769,145329,Oh,774,9
15770,145332,Jesus,774,9
15771,145340,Aaaah,774,9
15772,145348,Stark,774,9
15773,145376,Stark,774,9
15774,145382,naked,774,9
15775,145391,Ah,774,9
15776,145395,ah,774,9
15777,145398,oh,774,9
15778,145401,ah,774,9
15779,145425,I,774,9
15780,145427,love,774,9
15781,145432,it,774,9
15782,145469,DECKARD,775,9
15783,145495,I,775,9
15784,145497,thought,775,9
15785,145505,you'd,775,9
15786,145511,go,775,9
15787,145514,for,775,9
15788,145518,the,775,9
15789,145522,part,775,9
15790,145545,about,775,9
15791,145551,the,775,9
15792,145555,big,775,9
15793,145559,guy,775,9
15794,145566,Leon,775,9
15795,145581,Holden's,775,9
15796,145590,eyes,775,9
15797,145595,change,775,9
15798,145602,mood,775,9
15799,145607,immediately,775,9
15800,145619,at,775,9
15801,145622,the,775,9
15802,145626,thought,775,9
15803,145642,of,775,9
15804,145645,Leon,775,9
15805,145650,but,775,9
15806,145654,the,775,9
15807,145658,laughter,775,9
15808,145667,has,775,9
15809,145671,to,775,9
15810,145674,continue,775,9
15811,145683,like,775,9
15812,145688,a,775,9
15813,145690,wind,775,9
15814,145704,up,775,9
15815,145707,toy,775,9
15816,145711,running,775,9
15817,145719,down,775,9
15818,145726,Finally,775,9
15819,145734,he,775,9
15820,145737,can,775,9
15821,145741,talk,775,9
15822,145746,again,775,9
15823,145786,HOLDEN,776,9
15824,145811,You,776,9
15825,145815,aired,776,9
15826,145821,him,776,9
15827,145828,what's,776,9
15828,145835,funny,776,9
15829,145859,about,776,9
15830,145865,that,776,9
15831,145904,DECKARD,777,9
15832,145930,Revenge,777,9
15833,145940,I,777,9
15834,145942,thought,777,9
15835,145950,you'd,777,9
15836,145968,Holden,777,9
15837,145975,interrupts,777,9
15838,145987,no,777,9
15839,145990,longer,777,9
15840,145997,amused,777,9
15841,146038,HOLDEN,778,9
15842,146063,You,778,9
15843,146067,don't,778,9
15844,146073,revenge,778,9
15845,146081,a,778,9
15846,146083,machine,778,9
15847,146110,asshole,778,9
15848,146120,Your,778,9
15849,146125,slicer,778,9
15850,146132,cuts,778,9
15851,146137,your,778,9
15852,146160,finger,778,9
15853,146168,whaddya,778,9
15854,146176,do,778,9
15855,146181,Punish,778,9
15856,146188,it,778,9
15857,146201,Holden,778,9
15858,146208,looks,778,9
15859,146214,at,778,9
15860,146217,Deckard,778,9
15861,146225,and,778,9
15862,146229,lets,778,9
15863,146234,his,778,9
15864,146238,wisdom,778,9
15865,146245,sink,778,9
15866,146250,in,778,9
15867,146287,HOLDEN,779,9
15868,146312,You,779,9
15869,146316,can't,779,9
15870,146322,make,779,9
15871,146327,a,779,9
15872,146330,thing,779,9
15873,146337,feel,779,9
15874,146360,sorry,779,9
15875,146367,Deck,779,9
15876,146406,DECKARD,780,9
15877,146432,They're,780,9
15878,146440,different,780,9
15879,146451,the,780,9
15880,146455,new,780,9
15881,146459,ones,780,9
15882,146483,That,780,9
15883,146488,big,780,9
15884,146492,one,780,9
15885,146499,he,780,9
15886,146505,it,780,9
15887,146508,had,780,9
15888,146530,feelings,780,9
15889,146549,Holden,780,9
15890,146556,glares,780,9
15891,146563,at,780,9
15892,146566,Deckard,780,9
15893,146574,for,780,9
15894,146578,a,780,9
15895,146580,long,780,9
15896,146585,moment,780,9
15897,146626,HOLDEN,781,9
15898,146651,Whatja,781,9
15899,146658,do,781,9
15900,146663,Fuck,781,9
15901,146668,it,781,9
15902,146705,DECKARD,782,9
15903,146731,Huh,782,9
15904,146737,Wh,782,9
15905,146740,what,782,9
15906,146747,Who,782,9
15907,146751,who,782,9
15908,146765,Deckard,782,9
15909,146773,is,782,9
15910,146776,alarmed,782,9
15911,146786,The,782,9
15912,146790,secret,782,9
15913,146797,is,782,9
15914,146800,out,782,9
15915,146838,HOLDEN,783,9
15916,146863,The,783,9
15917,146867,tit,783,9
15918,146871,job,783,9
15919,146876,the,783,9
15920,146880,one,783,9
15921,146884,with,783,9
15922,146889,the,783,9
15923,146911,snake,783,9
15924,146919,You,783,9
15925,146923,stuck,783,9
15926,146929,it,783,9
15927,146932,in,783,9
15928,146936,didn't,783,9
15929,146961,ya,783,9
15930,146974,Deckard,783,9
15931,146982,is,783,9
15932,146985,immensely,783,9
15933,146995,relieved,783,9
15934,147004,and,783,9
15935,147008,confused,783,9
15936,147051,DECKARD,784,9
15937,147077,Uh,784,9
15938,147083,no,784,9
15939,147089,I,784,9
15940,147091,mean,784,9
15941,147099,uh,784,9
15942,147136,HOLDEN,785,9
15943,147161,You,785,9
15944,147165,made,785,9
15945,147170,zig,785,9
15946,147174,zig,785,9
15947,147179,then,785,9
15948,147184,you,785,9
15949,147188,aired,785,9
15950,147212,her,785,9
15951,147216,out,785,9
15952,147221,now,785,9
15953,147225,you,785,9
15954,147229,got,785,9
15955,147233,conscience,785,9
15956,147263,right,785,9
15957,147279,Deckard,785,9
15958,147287,is,785,9
15959,147290,smug,785,9
15960,147296,sure,785,9
15961,147301,of,785,9
15962,147304,himself,785,9
15963,147314,He,785,9
15964,147317,knows,785,9
15965,147323,the,785,9
15966,147327,score,785,9
15967,147342,As,785,9
15968,147345,he,785,9
15969,147348,pontificates,785,9
15970,147361,we,785,9
15971,147364,CUT,785,9
15972,147368,and,785,9
15973,147372,suddenly,785,9
15974,147381,we,785,9
15975,147384,are,785,9
15976,147388,seeing,785,9
15977,147403,him,785,9
15978,147407,on,785,9
15979,147410,a,785,9
15980,147412,TV,785,9
15981,147415,screen,785,9
15982,147475,CUT,786,9
15983,147479,TO,786,9
15984,147493,INT,787,9
15985,147498,BRYANT'S,787,9
15986,147507,OFFICE,787,9
15987,147516,DAY,787,9
15988,147549,89,787,9
15989,147561,A,788,9
15990,147563,TV,788,9
15991,147566,monitor,788,9
15992,147574,FILLS,788,9
15993,147580,THE,788,9
15994,147584,SCREEN,788,9
15995,147593,Holden,788,9
15996,147600,is,788,9
15997,147603,continuing,788,9
15998,147614,to,788,9
15999,147625,lecture,788,9
16000,147633,Deckard,788,9
16001,147641,on,788,9
16002,147644,the,788,9
16003,147648,TV,788,9
16004,147651,screen,788,9
16005,147692,HOLDEN,789,9
16006,147717,You,789,9
16007,147721,got,789,9
16008,147725,the,789,9
16009,147729,feelings,789,9
16010,147739,pal,789,9
16011,147744,not,789,9
16012,147748,her,789,9
16013,147771,You,789,9
16014,147775,fucked,789,9
16015,147782,a,789,9
16016,147784,washing,789,9
16017,147792,machine,789,9
16018,147821,then,789,9
16019,147826,you,789,9
16020,147830,switched,789,9
16021,147839,it,789,9
16022,147842,off,789,9
16023,147848,So,789,9
16024,147851,what,789,9
16025,147875,You,789,9
16026,147879,cry,789,9
16027,147883,when,789,9
16028,147888,you,789,9
16029,147892,turn,789,9
16030,147897,the,789,9
16031,147901,lights,789,9
16032,147926,out,789,9
16033,147930,at,789,9
16034,147933,night,789,9
16035,147949,Now,789,9
16036,147953,we,789,9
16037,147956,see,789,9
16038,147960,Bryant,789,9
16039,147969,He's,789,9
16040,147974,sitting,789,9
16041,147982,in,789,9
16042,147985,a,789,9
16043,147987,chair,789,9
16044,147993,chewing,789,9
16045,148001,a,789,9
16046,148011,big,789,9
16047,148015,cigar,789,9
16048,148021,and,789,9
16049,148025,glaring,789,9
16050,148033,at,789,9
16051,148036,the,789,9
16052,148040,screen,789,9
16053,148081,BRYANT,790,9
16054,148106,It's,790,9
16055,148111,pitiful,790,9
16056,148119,is,790,9
16057,148122,what,790,9
16058,148127,it,790,9
16059,148130,is,790,9
16060,148135,A,790,9
16061,148155,couple,790,9
16062,148162,of,790,9
16063,148165,old,790,9
16064,148169,blade,790,9
16065,148175,runners,790,9
16066,148183,trying,790,9
16067,148208,to,790,9
16068,148211,grapple,790,9
16069,148219,with,790,9
16070,148224,metaphysics,790,9
16071,148239,You,790,9
16072,148261,gonna,790,9
16073,148267,turn,790,9
16074,148272,out,790,9
16075,148276,that,790,9
16076,148281,way,790,9
16077,148286,Gaff,790,9
16078,148325,GAFF,791,9
16079,148348,I,791,9
16080,148350,piss,791,9
16081,148355,on,791,9
16082,148358,metaphysics,791,9
16083,148372,My,791,9
16084,148375,middle,791,9
16085,148400,name,791,9
16086,148405,is,791,9
16087,148409,death,791,9
16088,148418,See,791,9
16089,148422,this,791,9
16090,148427,foot,791,9
16091,148461,holds,791,9
16092,148467,up,791,9
16093,148470,his,791,9
16094,148474,foot,791,9
16095,148502,completely,791,9
16096,148513,lethal,791,9
16097,148522,Savate,791,9
16098,148548,French,791,9
16099,148555,foot,791,9
16100,148560,fighting,791,9
16101,148571,See,791,9
16102,148575,these,791,9
16103,148599,hands,791,9
16104,148618,Bryant,791,9
16105,148625,interrupts,791,9
16106,148636,the,791,9
16107,148640,display,791,9
16108,148649,unimpressed,791,9
16109,148695,BRYANT,792,9
16110,148720,You,792,9
16111,148724,think,792,9
16112,148730,he,792,9
16113,148733,knows,792,9
16114,148739,where,792,9
16115,148745,she,792,9
16116,148749,is,792,9
16117,148786,GAFF,793,9
16118,148817,shrugs,793,9
16119,148843,Maybe,793,9
16120,148851,Maybe,793,9
16121,148857,not,793,9
16122,148863,Deckard's,793,9
16123,148873,a,793,9
16124,148893,deep,793,9
16125,148898,one,793,9
16126,148904,You,793,9
16127,148908,gimmee,793,9
16128,148915,the,793,9
16129,148937,promotion,793,9
16130,148948,maybe,793,9
16131,148954,I'll,793,9
16132,148959,find,793,9
16133,148964,her,793,9
16134,148987,If,793,9
16135,148990,I,793,9
16136,148992,get,793,9
16137,148996,a,793,9
16138,148998,promotion,793,9
16139,149044,BRYANT,794,9
16140,149069,Shut,794,9
16141,149074,up,794,9
16142,149087,Bryant,794,9
16143,149094,is,794,9
16144,149097,looking,794,9
16145,149105,back,794,9
16146,149110,at,794,9
16147,149113,the,794,9
16148,149117,screen,794,9
16149,149125,intensely,794,9
16150,149135,inter,794,9
16151,149150,ested,794,9
16152,149166,On,794,9
16153,149169,the,794,9
16154,149173,screen,794,9
16155,149180,Holden,794,9
16156,149187,is,794,9
16157,149190,wheezingly,794,9
16158,149201,explaining,794,9
16159,149212,something,794,9
16160,149230,to,794,9
16161,149233,Deckard,794,9
16162,149275,HOLDEN,795,9
16163,149304,then,795,9
16164,149309,they,795,9
16165,149314,bust,795,9
16166,149319,into,795,9
16167,149324,the,795,9
16168,149328,record,795,9
16169,149353,room,795,9
16170,149358,at,795,9
16171,149361,the,795,9
16172,149365,Tyrell,795,9
16173,149372,Corp,795,9
16174,149380,that,795,9
16175,149403,doesn't,795,9
16176,149411,work,795,9
16177,149418,They,795,9
16178,149423,put,795,9
16179,149427,that,795,9
16180,149432,big,795,9
16181,149454,bozo,795,9
16182,149462,whatsitsname,795,9
16183,149511,DECKARD,796,9
16184,149537,Leon,796,9
16185,149576,HOLDEN,797,9
16186,149605,they,797,9
16187,149610,put,797,9
16188,149614,him,797,9
16189,149618,in,797,9
16190,149621,to,797,9
16191,149624,infiltrate,797,9
16192,149653,Tyrell,797,9
16193,149660,Corp,797,9
16194,149668,that,797,9
16195,149673,doesn't,797,9
16196,149681,work,797,9
16197,149705,They,797,9
16198,149710,go,797,9
16199,149713,after,797,9
16200,149719,that,797,9
16201,149724,eye,797,9
16202,149728,designer,797,9
16203,149756,the,797,9
16204,149760,Chinaman,797,9
16205,149805,DECKARD,798,9
16206,149831,Chew,798,9
16207,149870,HOLDEN,799,9
16208,149899,that,799,9
16209,149904,doesn't,799,9
16210,149912,work,799,9
16211,149927,Bryant,799,9
16212,149934,is,799,9
16213,149937,all,799,9
16214,149941,attentiion,799,9
16215,149953,staring,799,9
16216,149961,at,799,9
16217,149964,the,799,9
16218,149968,screen,799,9
16219,149975,in,799,9
16220,149986,suspense,799,9
16221,150005,Gaff,799,9
16222,150010,is,799,9
16223,150013,watching,799,9
16224,150023,too,799,9
16225,150061,DECKARD,800,9
16226,150087,Work,800,9
16227,150094,Whaddaya,800,9
16228,150103,mean,800,9
16229,150109,work,800,9
16230,150149,HOLDEN,801,9
16231,150174,Don't,801,9
16232,150180,you,801,9
16233,150184,see,801,9
16234,150188,what,801,9
16235,150193,they're,801,9
16236,150201,after,801,9
16237,150226,who,801,9
16238,150230,they're,801,9
16239,150238,looking,801,9
16240,150246,for,801,9
16241,150260,On,801,9
16242,150263,the,801,9
16243,150267,screen,801,9
16244,150274,Deckard,801,9
16245,150282,frowns,801,9
16246,150289,and,801,9
16247,150293,shakes,801,9
16248,150300,his,801,9
16249,150304,head,801,9
16250,150343,DECKARD,802,9
16251,150369,No,802,9
16252,150374,Who,802,9
16253,150388,Bryant,802,9
16254,150395,is,802,9
16255,150398,on,802,9
16256,150401,the,802,9
16257,150405,edge,802,9
16258,150410,of,802,9
16259,150413,his,802,9
16260,150417,seat,802,9
16261,150456,HOLDEN,803,9
16262,150481,God,803,9
16263,150495,Bryant,803,9
16264,150502,stares,803,9
16265,150509,at,803,9
16266,150512,the,803,9
16267,150516,screen,803,9
16268,150523,dumbfounded,803,9
16269,150537,Then,803,9
16270,150542,his,803,9
16271,150546,jaw,803,9
16272,150558,sags,803,9
16273,150563,open,803,9
16274,150568,in,803,9
16275,150571,disbelief,803,9
16276,150615,BRYANT,804,9
16277,150640,God,804,9
16278,150654,Gaff,804,9
16279,150659,shakes,804,9
16280,150666,his,804,9
16281,150670,head,804,9
16282,150676,smirking,804,9
16283,150719,GAFF,805,9
16284,150742,Metaphysics,805,9
16285,150788,BRYANT,806,9
16286,150813,God,806,9
16287,150827,Bryant,806,9
16288,150834,looks,806,9
16289,150840,about,806,9
16290,150846,to,806,9
16291,150849,erupt,806,9
16292,150908,CUT,807,9
16293,150912,TO,807,9
16294,150926,INT,808,9
16295,150931,DECKARD'S,808,9
16296,150941,CAR,808,9
16297,150982,89A,808,9
16298,150995,All,809,9
16299,150999,we,809,9
16300,151002,see,809,9
16301,151006,at,809,9
16302,151009,first,809,9
16303,151015,is,809,9
16304,151018,the,809,9
16305,151022,Esper,809,9
16306,151028,screen,809,9
16307,151035,which,809,9
16308,151041,features,809,9
16309,151058,the,809,9
16310,151062,strangest,809,9
16311,151072,face,809,9
16312,151077,ever,809,9
16313,151082,seen,809,9
16314,151089,it's,809,9
16315,151094,lines,809,9
16316,151100,are,809,9
16317,151104,weirdly,809,9
16318,151120,oscillating,809,9
16319,151132,and,809,9
16320,151136,the,809,9
16321,151140,face,809,9
16322,151145,itself,809,9
16323,151152,is,809,9
16324,151155,strangely,809,9
16325,151165,anonymous,809,9
16326,151183,and,809,9
16327,151187,flickering,809,9
16328,151199,It,809,9
16329,151202,is,809,9
16330,151205,in,809,9
16331,151208,fact,809,9
16332,151213,thousands,809,9
16333,151223,of,809,9
16334,151226,faces,809,9
16335,151232,flashing,809,9
16336,151249,on,809,9
16337,151252,the,809,9
16338,151256,screen,809,9
16339,151263,sequentially,809,9
16340,151276,at,809,9
16341,151279,the,809,9
16342,151283,rate,809,9
16343,151288,of,809,9
16344,151291,fifty,809,9
16345,151297,per,809,9
16346,151309,second,809,9
16347,151326,Deckard,809,9
16348,151334,is,809,9
16349,151337,watching,809,9
16350,151346,the,809,9
16351,151350,screen,809,9
16352,151367,A,809,9
16353,151369,bunch,809,9
16354,151375,of,809,9
16355,151378,dwarfs,809,9
16356,151385,run,809,9
16357,151389,past,809,9
16358,151394,the,809,9
16359,151398,car,809,9
16360,151413,INT,810,9
16361,151418,DECKARD'S,810,9
16362,151428,CAR,810,9
16363,151469,89AA,810,9
16364,151483,Deckard,811,9
16365,151491,is,811,9
16366,151494,in,811,9
16367,151497,the,811,9
16368,151501,dark,811,9
16369,151507,suddenly,811,9
16370,151516,a,811,9
16371,151518,spinner,811,9
16372,151526,appears,811,9
16373,151535,flashing,811,9
16374,151552,lights,811,9
16375,151559,across,811,9
16376,151566,Deckard's,811,9
16377,151576,Face,811,9
16378,151591,The,811,9
16379,151595,Dwarfs,811,9
16380,151602,run,811,9
16381,151606,away,811,9
16382,151620,A,811,9
16383,151622,PA,811,9
16384,151625,System,811,9
16385,151632,blares,811,9
16386,151639,out,811,9
16387,151677,SPINNER,812,9
16388,151703,This,812,9
16389,151708,sector,812,9
16390,151715,was,812,9
16391,151719,closed,812,9
16392,151726,to,812,9
16393,151729,ground,812,9
16394,151736,traffic,812,9
16395,151762,10,812,9
16396,151765,minutes,812,9
16397,151773,ago,812,9
16398,151779,What,812,9
16399,151784,are,812,9
16400,151788,you,812,9
16401,151792,doing,812,9
16402,151798,here,812,9
16403,151838,DECKARD,812,9
16404,151847,on,812,9
16405,151850,intercom,812,9
16406,151859,to,812,9
16407,151862,Spinner,812,9
16408,151889,Working,812,9
16409,151899,What,812,9
16410,151904,are,812,9
16411,151908,you,812,9
16412,151912,doing,812,9
16413,151953,SPINNER,813,9
16414,151979,Don't,813,9
16415,151985,be,813,9
16416,151988,a,813,9
16417,151990,smart,813,9
16418,151996,ass,813,9
16419,152034,DECKARD,814,9
16420,152060,This,814,9
16421,152065,is,814,9
16422,152068,Deckard,814,9
16423,152078,Blade,814,9
16424,152084,Runner,814,9
16425,152092,I'm,814,9
16426,152114,filed,814,9
16427,152120,and,814,9
16428,152124,monitored,814,9
16429,152168,SPINNER,815,9
16430,152194,Hold,815,9
16431,152199,on,815,9
16432,152205,checking,815,9
16433,152228,Deckard,815,9
16434,152236,punches,815,9
16435,152244,up,815,9
16436,152281,SPINNER,816,9
16437,152307,Alright,816,9
16438,152315,you're,816,9
16439,152322,clear,816,9
16440,152330,Keep,816,9
16441,152335,up,816,9
16442,152338,the,816,9
16443,152360,good,816,9
16444,152365,work,816,9
16445,152380,Deckard,816,9
16446,152388,punches,816,9
16447,152396,a,816,9
16448,152398,number,816,9
16449,152405,of,816,9
16450,152408,vid,816,9
16451,152412,phone,816,9
16452,152420,Waits,816,9
16453,152436,On,816,9
16454,152439,the,816,9
16455,152443,VIDPHONE,816,9
16456,152452,screen,816,9
16457,152460,not,816,9
16458,152464,the,816,9
16459,152468,Esper,816,9
16460,152474,Screen,816,9
16461,152482,Dr,816,9
16462,152486,Schlecht,816,9
16463,152503,suddenly,816,9
16464,152512,appears,816,9
16465,152521,answering,816,9
16466,152531,the,816,9
16467,152535,call,816,9
16468,152574,DR,817,9
16469,152578,SCHLECHT,817,9
16470,152605,Guten,817,9
16471,152611,Abend,817,9
16472,152651,DECKARD,818,9
16473,152677,Dr,818,9
16474,152681,Hermann,818,9
16475,152689,Schlecht,818,9
16476,152733,DR,819,9
16477,152737,SCHLECHT,819,9
16478,152764,Ja,819,9
16479,152777,Deckard,819,9
16480,152785,has,819,9
16481,152789,shoved,819,9
16482,152796,his,819,9
16483,152800,badge,819,9
16484,152806,in,819,9
16485,152809,front,819,9
16486,152815,of,819,9
16487,152818,the,819,9
16488,152822,lens,819,9
16489,152837,Schlecht,819,9
16490,152846,squints,819,9
16491,152855,inspecting,819,9
16492,152866,the,819,9
16493,152870,badge,819,9
16494,152876,that,819,9
16495,152881,must,819,9
16496,152886,be,819,9
16497,152889,appearing,819,9
16498,152907,on,819,9
16499,152910,his,819,9
16500,152914,vid,819,9
16501,152918,screen,819,9
16502,152959,DECKARD,820,9
16503,152985,You,820,9
16504,152989,are,820,9
16505,152993,Senior,820,9
16506,153000,Vice,820,9
16507,153005,President,820,9
16508,153033,of,820,9
16509,153036,the,820,9
16510,153040,Tyrell,820,9
16511,153047,Corporation,820,9
16512,153069,Dr,820,9
16513,153073,Schlecht,820,9
16514,153082,nods,820,9
16515,153121,DECKARD,821,9
16516,153147,You,821,9
16517,153151,have,821,9
16518,153156,dix,821,9
16519,153160,huit,821,9
16520,153165,clearance,821,9
16521,153175,at,821,9
16522,153196,Tyrell,821,9
16523,153206,Right,821,9
16524,153247,DR,822,9
16525,153251,SCHLECHT,822,9
16526,153279,Yes,822,9
16527,153317,DECKARD,823,9
16528,153343,How,823,9
16529,153347,many,823,9
16530,153352,other,823,9
16531,153358,employees,823,9
16532,153368,have,823,9
16533,153373,the,823,9
16534,153395,same,823,9
16535,153400,clearance,823,9
16536,153444,DR,824,9
16537,153448,SCHLECHT,824,9
16538,153475,Four,824,9
16539,153481,including,824,9
16540,153491,Dr,824,9
16541,153495,Tyrell,824,9
16542,153502,and,824,9
16543,153524,myself,824,9
16544,153565,DECKARD,825,9
16545,153591,The,825,9
16546,153595,others,825,9
16547,153637,SCHLECHT,826,9
16548,153664,Dr,826,9
16549,153668,Chew,826,9
16550,153673,and,826,9
16551,153677,J,826,9
16552,153679,F,826,9
16553,153682,Sebastian,826,9
16554,153725,DECKARD,827,9
16555,153751,Sebastian,827,9
16556,153796,SCHLECHT,828,9
16557,153823,Yes,828,9
16558,153828,J,828,9
16559,153830,F,828,9
16560,153833,Sebastian,828,9
16561,153877,DECKARD,829,9
16562,153903,I,829,9
16563,153905,want,829,9
16564,153910,you,829,9
16565,153914,to,829,9
16566,153917,authorise,829,9
16567,153927,access,829,9
16568,153934,to,829,9
16569,153955,your,829,9
16570,153960,personnel,829,9
16571,153970,files,829,9
16572,153978,Put,829,9
16573,153982,it,829,9
16574,153985,on,829,9
16575,154006,Esper,829,9
16576,154046,SCHLECHT,830,9
16577,154073,Now,830,9
16578,154080,Do,830,9
16579,154083,you,830,9
16580,154087,know,830,9
16581,154092,what,830,9
16582,154097,time,830,9
16583,154102,it,830,9
16584,154105,is,830,9
16585,154143,DECKARD,831,9
16586,154169,J,831,9
16587,154171,F,831,9
16588,154175,Sebastian,831,9
16589,154185,employment,831,9
16590,154196,and,831,9
16591,154218,personal,831,9
16592,154227,information,831,9
16593,154273,SCHLECHT,832,9
16594,154300,Punch,832,9
16595,154306,in,832,9
16596,154309,your,832,9
16597,154315,Esper,832,9
16598,154321,code,832,9
16599,154326,please,832,9
16600,154343,Deckard,832,9
16601,154351,punches,832,9
16602,154359,Schlecht,832,9
16603,154368,out,832,9
16604,154372,and,832,9
16605,154376,punches,832,9
16606,154384,in,832,9
16607,154387,Esper,832,9
16608,154427,DECKARD,833,9
16609,154453,Coming,833,9
16610,154460,in,833,9
16611,154465,Night,833,9
16612,154471,Doc,833,9
16613,154486,OMIT,833,9
16614,154542,89B,833,9
16615,154555,OMIT,833,9
16616,154611,89C,833,9
16617,154624,INT,834,9
16618,154629,DECKARD'S,834,9
16619,154639,CAR,834,9
16620,154680,89CC,834,9
16621,154694,The,835,9
16622,154698,Esper,835,9
16623,154704,screen,835,9
16624,154711,reveals,835,9
16625,154719,a,835,9
16626,154721,single,835,9
16627,154728,face,835,9
16628,154733,SEBASTIAN,835,9
16629,154753,Information,835,9
16630,154765,and,835,9
16631,154769,data,835,9
16632,154774,blare,835,9
16633,154780,out,835,9
16634,154818,ESPER,836,9
16635,154842,J,836,9
16636,154844,F,836,9
16637,154847,Sebastian,836,9
16638,154858,AMAPT,836,9
16639,154864,46751,836,9
16640,154889,Designer,836,9
16641,154899,Age,836,9
16642,154903,27,836,9
16643,154907,hobbies,836,9
16644,154933,Grand,836,9
16645,154939,Master,836,9
16646,154946,Chess,836,9
16647,154952,Player,836,9
16648,154979,Clearance,836,9
16649,155003,Deckard,836,9
16650,155011,punches,836,9
16651,155019,the,836,9
16652,155023,telephone,836,9
16653,155033,number,836,9
16654,155040,on,836,9
16655,155043,the,836,9
16656,155047,vid,836,9
16657,155051,phone,836,9
16658,155067,On,836,9
16659,155070,the,836,9
16660,155074,vid,836,9
16661,155078,phone,836,9
16662,155084,a,836,9
16663,155086,strange,836,9
16664,155094,out,836,9
16665,155098,of,836,9
16666,155101,focus,836,9
16667,155107,face,836,9
16668,155112,looks,836,9
16669,155118,startled,836,9
16670,155136,It's,836,9
16671,155141,Pris,836,9
16672,155180,DECKARD,837,9
16673,155206,Hi,837,9
16674,155213,J,837,9
16675,155215,F,837,9
16676,155218,there,837,9
16677,155259,PRIS,838,9
16678,155282,Who's,838,9
16679,155288,this,838,9
16680,155328,DECKARD,839,9
16681,155354,An,839,9
16682,155357,old,839,9
16683,155361,friend,839,9
16684,155368,of,839,9
16685,155371,his,839,9
16686,155385,Pris,839,9
16687,155390,looks,839,9
16688,155396,for,839,9
16689,155400,a,839,9
16690,155402,moment,839,9
16691,155409,then,839,9
16692,155414,puts,839,9
16693,155419,down,839,9
16694,155424,the,839,9
16695,155428,phone,839,9
16696,155467,DECKARD,840,9
16697,155493,That's,840,9
16698,155500,no,840,9
16699,155503,way,840,9
16700,155507,to,840,9
16701,155510,treat,840,9
16702,155516,a,840,9
16703,155518,friend,840,9
16704,155535,As,840,9
16705,155538,the,840,9
16706,155542,vid,840,9
16707,155546,phone,840,9
16708,155552,goes,840,9
16709,155557,blank,840,9
16710,155563,one,840,9
16711,155567,of,840,9
16712,155570,the,840,9
16713,155574,dwarfs,840,9
16714,155581,jumps,840,9
16715,155587,on,840,9
16716,155598,to,840,9
16717,155601,the,840,9
16718,155605,hood,840,9
16719,155610,of,840,9
16720,155613,Deckard's,840,9
16721,155623,car,840,9
16722,155637,Deckard,840,9
16723,155645,starts,840,9
16724,155652,up,840,9
16725,155655,the,840,9
16726,155659,car,840,9
16727,155664,screetches,840,9
16728,155675,forward,840,9
16729,155683,and,840,9
16730,155687,the,840,9
16731,155691,dwarf,840,9
16732,155705,falls,840,9
16733,155711,off,840,9
16734,155715,onto,840,9
16735,155720,the,840,9
16736,155724,street,840,9
16737,155742,INT,841,9
16738,155747,SEBASTIAN'S,841,9
16739,155759,APARTMENT,841,9
16740,155798,89D,841,9
16741,155811,On,842,9
16742,155814,the,842,9
16743,155818,vid,842,9
16744,155822,screen,842,9
16745,155829,is,842,9
16746,155832,an,842,9
16747,155835,off,842,9
16748,155839,kilter,842,9
16749,155846,shot,842,9
16750,155851,of,842,9
16751,155854,Deckard,842,9
16752,155862,looking,842,9
16753,155878,surprised,842,9
16754,155941,CUT,842,9
16755,155945,TO,842,9
16756,155958,INT,843,10
16757,155963,DECKARD'S,843,10
16758,155973,CAR,843,10
16759,156014,89E,843,10
16760,156027,Deckard,844,10
16761,156035,punches,844,10
16762,156043,the,844,10
16763,156047,vid,844,10
16764,156051,screen,844,10
16765,156059,It,844,10
16766,156062,is,844,10
16767,156065,bright,844,10
16768,156072,again,844,10
16769,156078,with,844,10
16770,156091,playback,844,10
16771,156101,Pris,844,10
16772,156106,out,844,10
16773,156110,of,844,10
16774,156113,focus,844,10
16775,156120,weirdly,844,10
16776,156128,framed,844,10
16777,156136,staring,844,10
16778,156144,into,844,10
16779,156157,the,844,10
16780,156161,lens,844,10
16781,156167,Then,844,10
16782,156172,it,844,10
16783,156175,disconnects,844,10
16784,156197,Instantly,844,10
16785,156208,Deckard,844,10
16786,156216,replays,844,10
16787,156224,it,844,10
16788,156227,again,844,10
16789,156234,slows,844,10
16790,156240,the,844,10
16791,156244,image,844,10
16792,156264,Pris,844,10
16793,156269,frozen,844,10
16794,156276,out,844,10
16795,156280,of,844,10
16796,156283,focus,844,10
16797,156342,CUT,844,10
16798,156346,TO,844,10
16799,156359,EXT,845,10
16800,156364,TYRELL,845,10
16801,156371,CORP,845,10
16802,156379,SUNSET,845,10
16803,156415,90,845,10
16804,156427,The,846,10
16805,156431,huge,846,10
16806,156436,pyramid,846,10
16807,156444,looms,846,10
16808,156450,over,846,10
16809,156455,the,846,10
16810,156459,industrial,846,10
16811,156470,landscape,846,10
16812,156488,backed,846,10
16813,156495,by,846,10
16814,156498,a,846,10
16815,156500,gorgeous,846,10
16816,156509,sunset,846,10
16817,156516,sky,846,10
16818,156520,of,846,10
16819,156523,polluted,846,10
16820,156532,reds,846,10
16821,156547,Looking,846,10
16822,156555,closer,846,10
16823,156563,we,846,10
16824,156566,can,846,10
16825,156570,see,846,10
16826,156574,an,846,10
16827,156577,elevator,846,10
16828,156586,gliding,846,10
16829,156594,up,846,10
16830,156597,the,846,10
16831,156609,steep,846,10
16832,156615,slope,846,10
16833,156621,of,846,10
16834,156624,the,846,10
16835,156628,pyramid,846,10
16836,156636,toward,846,10
16837,156643,the,846,10
16838,156647,apex,846,10
16839,156705,CUT,847,10
16840,156709,TO,847,10
16841,156723,OMIT,848,10
16842,156779,91,848,10
16843,156791,OMIT,848,10
16844,156847,92,848,10
16845,156859,EXT,849,10
16846,156864,PYRAMID,849,10
16847,156874,NIGHT,849,10
16848,156915,92A,849,10
16849,156928,The,850,10
16850,156932,elevator,850,10
16851,156941,is,850,10
16852,156944,whizzing,850,10
16853,156953,up,850,10
16854,156956,the,850,10
16855,156960,slope,850,10
16856,156966,of,850,10
16857,156969,the,850,10
16858,156973,pyramid,850,10
16859,156992,INT,851,10
16860,156997,ELEVATOR,851,10
16861,157008,NIGHT,851,10
16862,157048,92B,851,10
16863,157061,Sebastian,852,10
16864,157071,and,852,10
16865,157075,Batty,852,10
16866,157081,are,852,10
16867,157085,in,852,10
16868,157088,the,852,10
16869,157092,elevator,852,10
16870,157102,numbers,852,10
16871,157110,flashing,852,10
16872,157127,on,852,10
16873,157130,their,852,10
16874,157136,faces,852,10
16875,157142,as,852,10
16876,157145,they,852,10
16877,157150,shoot,852,10
16878,157156,up,852,10
16879,157159,toward,852,10
16880,157166,the,852,10
16881,157170,800th,852,10
16882,157176,floor,852,10
16883,157192,Sebastian,852,10
16884,157202,looks,852,10
16885,157208,uneasy,852,10
16886,157225,Suddenly,852,10
16887,157234,the,852,10
16888,157238,elevator,852,10
16889,157247,comes,852,10
16890,157253,to,852,10
16891,157256,an,852,10
16892,157259,abrupt,852,10
16893,157266,halt,852,10
16894,157272,lights,852,10
16895,157287,flash,852,10
16896,157293,a,852,10
16897,157295,buzzer,852,10
16898,157302,sounds,852,10
16899,157309,and,852,10
16900,157313,a,852,10
16901,157315,VOICE,852,10
16902,157321,emanates,852,10
16903,157330,from,852,10
16904,157335,a,852,10
16905,157337,speaker,852,10
16906,157379,SPEAKER,853,10
16907,157405,Quinzieme,853,10
16908,157415,Bleu,853,10
16909,157423,cinquante,853,10
16910,157452,You,853,10
16911,157456,have,853,10
16912,157461,six,853,10
16913,157465,seconds,853,10
16914,157474,Counting,853,10
16915,157502,Uno,853,10
16916,157508,due,853,10
16917,157515,tre,853,10
16918,157531,Sebastian,853,10
16919,157541,is,853,10
16920,157544,frantically,853,10
16921,157556,fumbling,853,10
16922,157565,through,853,10
16923,157573,a,853,10
16924,157575,stack,853,10
16925,157581,of,853,10
16926,157592,magnetic,853,10
16927,157601,cards,853,10
16928,157607,he's,853,10
16929,157612,pulled,853,10
16930,157619,from,853,10
16931,157624,his,853,10
16932,157628,pocket,853,10
16933,157636,as,853,10
16934,157639,the,853,10
16935,157643,counting,853,10
16936,157660,goes,853,10
16937,157665,on,853,10
16938,157668,simultaneously,853,10
16939,157683,in,853,10
16940,157686,six,853,10
16941,157690,different,853,10
16942,157700,languages,853,10
16943,157720,batty,853,10
16944,157726,is,853,10
16945,157729,watching,853,10
16946,157738,Sebastian,853,10
16947,157748,fumble,853,10
16948,157755,with,853,10
16949,157760,the,853,10
16950,157764,cards,853,10
16951,157804,SPEAKER,854,10
16952,157834,cuatro,854,10
16953,157843,quince,854,10
16954,157854,seis,854,10
16955,157874,Batty,854,10
16956,157880,reaches,854,10
16957,157888,out,854,10
16958,157892,impatiently,854,10
16959,157904,and,854,10
16960,157908,takes,854,10
16961,157914,a,854,10
16962,157916,card,854,10
16963,157922,inserts,854,10
16964,157930,it,854,10
16965,157943,The,854,10
16966,157947,voice,854,10
16967,157953,stops,854,10
16968,157960,the,854,10
16969,157964,lights,854,10
16970,157971,go,854,10
16971,157974,out,854,10
16972,157979,the,854,10
16973,157983,elevator,854,10
16974,157992,starts,854,10
16975,157999,up,854,10
16976,158010,again,854,10
16977,158026,Sebastian,854,10
16978,158036,gives,854,10
16979,158042,Batty,854,10
16980,158048,a,854,10
16981,158050,funny,854,10
16982,158056,look,854,10
16983,158071,The,854,10
16984,158075,Speaker,854,10
16985,158083,voice,854,10
16986,158089,interrupts,854,10
16987,158100,again,854,10
16988,158140,SPEAKER,855,10
16989,158166,Seven,855,10
16990,158172,hundred,855,10
16991,158180,up,855,10
16992,158187,Tyrell,855,10
16993,158194,Corporation,855,10
16994,158225,Purpose,855,10
16995,158233,of,855,10
16996,158236,visit,855,10
16997,158242,please,855,10
16998,158259,Sebastian,855,10
16999,158269,looks,855,10
17000,158275,at,855,10
17001,158278,Batty,855,10
17002,158284,nervously,855,10
17003,158304,Batty,855,10
17004,158310,gives,855,10
17005,158316,a,855,10
17006,158318,metallic,855,10
17007,158327,smile,855,10
17008,158367,SEBASTIAN,856,10
17009,158395,Pawn,856,10
17010,158400,to,856,10
17011,158403,King,856,10
17012,158408,Three,856,10
17013,158448,SPEAKER,857,10
17014,158474,Pawn,857,10
17015,158479,to,857,10
17016,158482,King,857,10
17017,158487,Three,857,10
17018,158503,Sebastian,857,10
17019,158513,looks,857,10
17020,158519,worried,857,10
17021,158580,CUT,857,10
17022,158584,TO,857,10
17023,158597,INT,858,10
17024,158602,TYRELL'S,858,10
17025,158611,BEDROOM,858,10
17026,158620,NIGHT,858,10
17027,158653,92C,858,10
17028,158666,Tyrell,859,10
17029,158673,is,859,10
17030,158676,lying,859,10
17031,158682,in,859,10
17032,158685,a,859,10
17033,158687,huge,859,10
17034,158692,bed,859,10
17035,158696,mutering,859,10
17036,158705,into,859,10
17037,158710,a,859,10
17038,158712,computer,859,10
17039,158729,device,859,10
17040,158770,TYRELL,860,10
17041,158795,Note,860,10
17042,158800,to,860,10
17043,158803,pantry,860,10
17044,158810,milk,860,10
17045,158815,still,860,10
17046,158821,to,860,10
17047,158824,hot,860,10
17048,158847,300,860,10
17049,158851,000,860,10
17050,158855,of,860,10
17051,158858,Tsin,860,10
17052,158863,Tsin,860,10
17053,158868,Vinyl,860,10
17054,158877,sell,860,10
17055,158901,Sixty,860,10
17056,158907,six,860,10
17057,158911,thousand,860,10
17058,158920,Prosser,860,10
17059,158928,and,860,10
17060,158950,Ankopitch,860,10
17061,158960,trade,860,10
17062,158966,at,860,10
17063,159005,SPEAKER,861,10
17064,159031,Quinzieme,861,10
17065,159041,Blue,861,10
17066,159046,entry,861,10
17067,159054,A,861,10
17068,159056,Mr,861,10
17069,159060,J,861,10
17070,159062,F,861,10
17071,159083,Sebastian,861,10
17072,159094,one,861,10
17073,159098,six,861,10
17074,159102,four,861,10
17075,159107,one,861,10
17076,159111,seven,861,10
17077,159151,TYRELL,862,10
17078,159176,At,862,10
17079,159179,this,862,10
17080,159184,hour,862,10
17081,159223,SPEAKER,863,10
17082,159249,Purpose,863,10
17083,159257,of,863,10
17084,159260,visit,863,10
17085,159269,Queen,863,10
17086,159275,to,863,10
17087,159296,Bishop,863,10
17088,159303,six,863,10
17089,159309,Check,863,10
17090,159349,TYRELL,864,10
17091,159374,Check,864,10
17092,159383,nonsense,864,10
17093,159394,Wait,864,10
17094,159399,a,864,10
17095,159419,minute,864,10
17096,159428,Wait,864,10
17097,159433,a,864,10
17098,159435,minute,864,10
17099,159452,Tyrell,864,10
17100,159459,is,864,10
17101,159462,frowning,864,10
17102,159472,gets,864,10
17103,159477,out,864,10
17104,159481,of,864,10
17105,159484,bed,864,10
17106,159488,and,864,10
17107,159492,walks,864,10
17108,159498,to,864,10
17109,159501,his,864,10
17110,159505,board,864,10
17111,159545,TYRELL,865,10
17112,159570,Ridiculous,865,10
17113,159583,Knight,865,10
17114,159590,takes,865,10
17115,159596,Queen,865,10
17116,159621,Ha,865,10
17117,159627,Tell,865,10
17118,159632,him,865,10
17119,159636,to,865,10
17120,159639,go,865,10
17121,159642,home,865,10
17122,159657,Tyrell,865,10
17123,159664,smirks,865,10
17124,159705,SPEAKER,866,10
17125,159731,Bishop,866,10
17126,159738,to,866,10
17127,159741,King,866,10
17128,159746,Seven,866,10
17129,159754,Mate,866,10
17130,159812,CUT,867,10
17131,159816,TO,867,10
17132,159830,INT,868,10
17133,159835,ELEVATOR,868,10
17134,159846,NIGHT,868,10
17135,159886,92D,868,10
17136,159923,SPEAKER,869,10
17137,159949,Knight,869,10
17138,159956,takes,869,10
17139,159962,Queen,869,10
17140,159978,Sebastian,869,10
17141,159988,doesn't,869,10
17142,159996,hesitate,869,10
17143,160039,SEBASTIAN,870,10
17144,160067,Bishop,870,10
17145,160074,to,870,10
17146,160077,King,870,10
17147,160082,Seven,870,10
17148,160090,Mate,870,10
17149,160105,Batty's,870,10
17150,160113,eyes,870,10
17151,160118,glow,870,10
17152,160125,A,870,10
17153,160127,long,870,10
17154,160132,pause,870,10
17155,160148,Suddenly,870,10
17156,160157,the,870,10
17157,160161,doors,870,10
17158,160167,of,870,10
17159,160170,the,870,10
17160,160174,elevator,870,10
17161,160183,opens,870,10
17162,160242,CUT,871,10
17163,160246,TO,871,10
17164,160260,INT,872,10
17165,160265,TYRELL'S,872,10
17166,160274,BEDROOM,872,10
17167,160284,NIGHT,872,10
17168,160316,93,872,10
17169,160328,Tyrell,873,10
17170,160335,is,873,10
17171,160338,standing,873,10
17172,160347,at,873,10
17173,160350,the,873,10
17174,160354,chess,873,10
17175,160360,board,873,10
17176,160366,in,873,10
17177,160369,his,873,10
17178,160373,nightgown,873,10
17179,160391,staring,873,10
17180,160399,at,873,10
17181,160402,the,873,10
17182,160406,pieces,873,10
17183,160413,in,873,10
17184,160416,a,873,10
17185,160418,fit,873,10
17186,160422,of,873,10
17187,160425,concentration,873,10
17188,160441,He,873,10
17189,160452,doesn't,873,10
17190,160460,look,873,10
17191,160465,up,873,10
17192,160468,at,873,10
17193,160471,the,873,10
17194,160475,sound,873,10
17195,160481,of,873,10
17196,160484,footsteps,873,10
17197,160528,SEBASTIAN,874,10
17198,160556,I,874,10
17199,160561,uh,874,10
17200,160568,I,874,10
17201,160570,brought,874,10
17202,160578,a,874,10
17203,160580,friend,874,10
17204,160597,Tyrell,874,10
17205,160604,looks,874,10
17206,160610,alarmed,874,10
17207,160628,Batty,874,10
17208,160634,is,874,10
17209,160637,standing,874,10
17210,160646,in,874,10
17211,160649,the,874,10
17212,160653,shadows,874,10
17213,160671,Tyrell,874,10
17214,160678,is,874,10
17215,160681,reaching,874,10
17216,160690,for,874,10
17217,160694,a,874,10
17218,160696,tasseled,874,10
17219,160705,bell,874,10
17220,160710,pull,874,10
17221,160715,that,874,10
17222,160720,hangs,874,10
17223,160734,over,874,10
17224,160739,his,874,10
17225,160743,bed,874,10
17226,160757,Batty's,874,10
17227,160765,eyes,874,10
17228,160770,are,874,10
17229,160774,like,874,10
17230,160779,little,874,10
17231,160786,coals,874,10
17232,160792,glowing,874,10
17233,160810,Warned,874,10
17234,160817,by,874,10
17235,160820,the,874,10
17236,160824,look,874,10
17237,160830,Tyrell,874,10
17238,160837,abandons,874,10
17239,160846,the,874,10
17240,160850,bell,874,10
17241,160855,pull,874,10
17242,160860,and,874,10
17243,160872,reaches,874,10
17244,160880,under,874,10
17245,160886,the,874,10
17246,160890,sheets,874,10
17247,160897,for,874,10
17248,160901,something,874,10
17249,160945,BATTY,875,10
17250,160969,To,875,10
17251,160972,act,875,10
17252,160976,without,875,10
17253,160984,understanding,875,10
17254,161016,could,875,10
17255,161022,lead,875,10
17256,161027,to,875,10
17257,161030,the,875,10
17258,161034,very,875,10
17259,161039,thing,875,10
17260,161063,the,875,10
17261,161067,act,875,10
17262,161071,seeks,875,10
17263,161077,to,875,10
17264,161080,avoid,875,10
17265,161096,What's,875,10
17266,161103,in,875,10
17267,161106,Batty's,875,10
17268,161114,eyes,875,10
17269,161119,completes,875,10
17270,161129,the,875,10
17271,161133,warning,875,10
17272,161151,Tyrell,875,10
17273,161158,decides,875,10
17274,161166,to,875,10
17275,161169,heed,875,10
17276,161174,it,875,10
17277,161179,If,875,10
17278,161182,he's,875,10
17279,161187,scared,875,10
17280,161194,though,875,10
17281,161202,he,875,10
17282,161213,does,875,10
17283,161218,a,875,10
17284,161220,good,875,10
17285,161225,job,875,10
17286,161229,of,875,10
17287,161232,concealing,875,10
17288,161243,it,875,10
17289,161280,TYRELL,876,10
17290,161305,I'm,876,10
17291,161309,surprised,876,10
17292,161319,you,876,10
17293,161323,didn't,876,10
17294,161330,come,876,10
17295,161353,here,876,10
17296,161358,sooner,876,10
17297,161375,Batty,876,10
17298,161381,moves,876,10
17299,161387,closer,876,10
17300,161394,to,876,10
17301,161397,the,876,10
17302,161401,bed,876,10
17303,161405,and,876,10
17304,161409,the,876,10
17305,161413,dogs,876,10
17306,161418,slink,876,10
17307,161424,away,876,10
17308,161438,scared,876,10
17309,161445,toothless,876,10
17310,161489,BATTY,877,10
17311,161513,It's,877,10
17312,161518,not,877,10
17313,161522,an,877,10
17314,161525,easy,877,10
17315,161530,thing,877,10
17316,161536,to,877,10
17317,161539,meet,877,10
17318,161562,your,877,10
17319,161567,Maker,877,10
17320,161607,TYRELL,878,10
17321,161632,And,878,10
17322,161636,what,878,10
17323,161641,can,878,10
17324,161645,He,878,10
17325,161648,do,878,10
17326,161651,for,878,10
17327,161655,you,878,10
17328,161669,Batty,878,10
17329,161675,sits,878,10
17330,161680,on,878,10
17331,161683,the,878,10
17332,161687,end,878,10
17333,161691,of,878,10
17334,161694,Tyrell's,878,10
17335,161703,bed,878,10
17336,161741,BATTY,879,10
17337,161765,Can,879,10
17338,161769,the,879,10
17339,161773,Maker,879,10
17340,161779,repair,879,10
17341,161786,what,879,10
17342,161791,He,879,10
17343,161794,makes,879,10
17344,161834,TYRELL,880,10
17345,161859,Would,880,10
17346,161865,you,880,10
17347,161869,like,880,10
17348,161874,to,880,10
17349,161877,be,880,10
17350,161880,modified,880,10
17351,161923,BATTY,881,10
17352,161947,Had,881,10
17353,161951,mind,881,10
17354,161956,something,881,10
17355,161966,a,881,10
17356,161968,little,881,10
17357,161975,more,881,10
17358,161998,radical,881,10
17359,162040,TYRELL,882,10
17360,162065,What's,882,10
17361,162072,the,882,10
17362,162076,problem,882,10
17363,162118,BATTY,883,10
17364,162142,Death,883,10
17365,162182,TYRELL,884,10
17366,162207,I'm,884,10
17367,162211,afraid,884,10
17368,162218,that's,884,10
17369,162225,a,884,10
17370,162227,little,884,10
17371,162234,out,884,10
17372,162238,of,884,10
17373,162259,my,884,10
17374,162274,Batty,884,10
17375,162280,leans,884,10
17376,162286,close,884,10
17377,162292,across,884,10
17378,162299,the,884,10
17379,162303,sheets,884,10
17380,162310,and,884,10
17381,162314,cuts,884,10
17382,162319,in,884,10
17383,162322,in,884,10
17384,162325,an,884,10
17385,162336,urgent,884,10
17386,162343,whisper,884,10
17387,162385,BATTY,885,10
17388,162409,I,885,10
17389,162411,want,885,10
17390,162416,more,885,10
17391,162421,life,885,10
17392,162427,fucker,885,10
17393,162444,Sebastain,885,10
17394,162454,looks,885,10
17395,162460,alarmed,885,10
17396,162478,Tyrell,885,10
17397,162485,faces,885,10
17398,162491,Batty,885,10
17399,162497,with,885,10
17400,162502,admirable,885,10
17401,162512,cool,885,10
17402,162519,After,885,10
17403,162525,a,885,10
17404,162527,tense,885,10
17405,162541,pause,885,10
17406,162548,the,885,10
17407,162552,old,885,10
17408,162556,man,885,10
17409,162560,slides,885,10
17410,162567,away,885,10
17411,162572,from,885,10
17412,162577,Batty,885,10
17413,162583,and,885,10
17414,162587,out,885,10
17415,162591,of,885,10
17416,162602,bed,885,10
17417,162608,He's,885,10
17418,162613,wearing,885,10
17419,162621,a,885,10
17420,162623,long,885,10
17421,162628,night,885,10
17422,162634,shirt,885,10
17423,162640,and,885,10
17424,162644,he,885,10
17425,162647,looks,885,10
17426,162653,a,885,10
17427,162663,little,885,10
17428,162670,silly,885,10
17429,162678,He,885,10
17430,162681,looks,885,10
17431,162687,down,885,10
17432,162692,at,885,10
17433,162695,Batty,885,10
17434,162701,who's,885,10
17435,162707,still,885,10
17436,162713,sit,885,10
17437,162726,ting,885,10
17438,162731,on,885,10
17439,162734,the,885,10
17440,162738,bed,885,10
17441,162742,and,885,10
17442,162746,addresses,885,10
17443,162756,him,885,10
17444,162760,as,885,10
17445,162763,a,885,10
17446,162765,professor,885,10
17447,162775,add,885,10
17448,162788,resses,885,10
17449,162795,a,885,10
17450,162797,pupil,885,10
17451,162837,TYRELL,886,10
17452,162862,The,886,10
17453,162866,facts,886,10
17454,162872,of,886,10
17455,162875,life,886,10
17456,162882,I'll,886,10
17457,162887,be,886,10
17458,162890,blunt,886,10
17459,162915,To,886,10
17460,162918,make,886,10
17461,162923,an,886,10
17462,162926,alteration,886,10
17463,162937,in,886,10
17464,162940,the,886,10
17465,162962,evolvement,886,10
17466,162973,of,886,10
17467,162976,an,886,10
17468,162979,organic,886,10
17469,162987,life,886,10
17470,163010,system,886,10
17471,163018,at,886,10
17472,163021,least,886,10
17473,163027,by,886,10
17474,163030,men,886,10
17475,163035,makers,886,10
17476,163060,or,886,10
17477,163063,not,886,10
17478,163068,is,886,10
17479,163071,fatal,886,10
17480,163079,A,886,10
17481,163081,coding,886,10
17482,163106,sequence,886,10
17483,163115,can't,886,10
17484,163121,be,886,10
17485,163124,revised,886,10
17486,163132,once,886,10
17487,163155,it's,886,10
17488,163160,established,886,10
17489,163206,BATTY,887,10
17490,163230,Why,887,10
17491,163268,TYRELL,888,10
17492,163293,Because,888,10
17493,163301,by,888,10
17494,163304,the,888,10
17495,163308,second,888,10
17496,163315,day,888,10
17497,163319,of,888,10
17498,163340,incubation,888,10
17499,163351,any,888,10
17500,163355,cells,888,10
17501,163361,that,888,10
17502,163366,have,888,10
17503,163389,undergone,888,10
17504,163399,reversion,888,10
17505,163409,mutation,888,10
17506,163436,give,888,10
17507,163441,rise,888,10
17508,163446,to,888,10
17509,163449,revertant,888,10
17510,163459,colonies,888,10
17511,163489,like,888,10
17512,163494,rats,888,10
17513,163499,leaving,888,10
17514,163507,a,888,10
17515,163509,sinking,888,10
17516,163517,ship,888,10
17517,163541,The,888,10
17518,163545,ship,888,10
17519,163550,sinks,888,10
17520,163590,BATTY,889,10
17521,163614,What,889,10
17522,163619,about,889,10
17523,163625,E,889,10
17524,163627,M,889,10
17525,163629,S,889,10
17526,163632,recombination,889,10
17527,163680,TYRELL,890,10
17528,163705,We've,890,10
17529,163711,already,890,10
17530,163719,tried,890,10
17531,163725,it,890,10
17532,163731,ethyl,890,10
17533,163755,methane,890,10
17534,163763,sulfonate,890,10
17535,163773,is,890,10
17536,163776,an,890,10
17537,163779,alkylating,890,10
17538,163808,agent,890,10
17539,163814,and,890,10
17540,163818,a,890,10
17541,163820,potent,890,10
17542,163827,mutagen,890,10
17543,163838,it,890,10
17544,163859,created,890,10
17545,163867,a,890,10
17546,163869,virus,890,10
17547,163875,so,890,10
17548,163878,lethal,890,10
17549,163885,the,890,10
17550,163907,subject,890,10
17551,163915,was,890,10
17552,163919,destroyed,890,10
17553,163929,before,890,10
17554,163936,we,890,10
17555,163957,left,890,10
17556,163962,the,890,10
17557,163966,table,890,10
17558,163982,Tyrell,890,10
17559,163989,doesn't,890,10
17560,163997,notice,890,10
17561,164004,the,890,10
17562,164008,subtle,890,10
17563,164015,flicker,890,10
17564,164023,of,890,10
17565,164026,suspicion,890,10
17566,164044,on,890,10
17567,164047,Batty's,890,10
17568,164055,face,890,10
17569,164063,like,890,10
17570,164068,maybe,890,10
17571,164074,Batty's,890,10
17572,164082,not,890,10
17573,164086,buying,890,10
17574,164093,all,890,10
17575,164105,this,890,10
17576,164144,BATTY,891,10
17577,164168,Then,891,10
17578,164173,a,891,10
17579,164175,repressor,891,10
17580,164185,protein,891,10
17581,164193,that,891,10
17582,164216,blocks,891,10
17583,164223,the,891,10
17584,164227,operating,891,10
17585,164237,cells,891,10
17586,164277,TYRELL,892,10
17587,164302,Wouldn't,892,10
17588,164311,obstruct,892,10
17589,164320,replication,892,10
17590,164351,but,892,10
17591,164355,it,892,10
17592,164358,does,892,10
17593,164363,give,892,10
17594,164368,rise,892,10
17595,164373,to,892,10
17596,164376,an,892,10
17597,164379,error,892,10
17598,164403,in,892,10
17599,164406,replication,892,10
17600,164418,so,892,10
17601,164421,that,892,10
17602,164426,the,892,10
17603,164430,newly,892,10
17604,164454,formed,892,10
17605,164461,DNA,892,10
17606,164465,strand,892,10
17607,164472,carries,892,10
17608,164480,a,892,10
17609,164500,mutation,892,10
17610,164509,and,892,10
17611,164513,you've,892,10
17612,164520,got,892,10
17613,164524,a,892,10
17614,164526,virus,892,10
17615,164550,again,892,10
17616,164559,but,892,10
17617,164563,all,892,10
17618,164567,this,892,10
17619,164572,is,892,10
17620,164575,academic,892,10
17621,164605,you,892,10
17622,164609,are,892,10
17623,164613,made,892,10
17624,164618,as,892,10
17625,164621,well,892,10
17626,164626,as,892,10
17627,164629,we,892,10
17628,164632,could,892,10
17629,164656,make,892,10
17630,164661,you,892,10
17631,164699,BATTY,893,10
17632,164723,But,893,10
17633,164727,not,893,10
17634,164731,to,893,10
17635,164734,last,893,10
17636,164749,Batty's,893,10
17637,164757,expression,893,10
17638,164768,doesn't,893,10
17639,164776,reveal,893,10
17640,164783,whether,893,10
17641,164791,Tyrell,893,10
17642,164798,has,893,10
17643,164810,allayed,893,10
17644,164818,his,893,10
17645,164822,suspicions,893,10
17646,164833,as,893,10
17647,164836,Tyrell,893,10
17648,164843,approaches,893,10
17649,164854,Batty,893,10
17650,164869,sitting,893,10
17651,164877,on,893,10
17652,164880,the,893,10
17653,164884,edge,893,10
17654,164889,of,893,10
17655,164892,the,893,10
17656,164896,bed,893,10
17657,164901,and,893,10
17658,164905,puts,893,10
17659,164910,a,893,10
17660,164912,fatherly,893,10
17661,164929,hand,893,10
17662,164934,on,893,10
17663,164937,Batty's,893,10
17664,164945,shoulder,893,10
17665,164988,TYRELL,894,10
17666,165013,The,894,10
17667,165017,light,894,10
17668,165023,that,894,10
17669,165028,burns,894,10
17670,165034,twice,894,10
17671,165040,as,894,10
17672,165061,bright,894,10
17673,165068,burns,894,10
17674,165074,half,894,10
17675,165079,as,894,10
17676,165082,long,894,10
17677,165089,And,894,10
17678,165111,you,894,10
17679,165115,have,894,10
17680,165120,burned,894,10
17681,165127,so,894,10
17682,165130,very,894,10
17683,165136,very,894,10
17684,165159,brightly,894,10
17685,165169,Roy,894,10
17686,165183,Batty,894,10
17687,165189,looks,894,10
17688,165195,up,894,10
17689,165198,at,894,10
17690,165202,Father,894,10
17691,165210,Tyrell,894,10
17692,165218,Tyrell,894,10
17693,165225,is,894,10
17694,165228,swelling,894,10
17695,165245,with,894,10
17696,165250,pride,894,10
17697,165290,TYRELL,895,10
17698,165315,The,895,10
17699,165319,best,895,10
17700,165324,of,895,10
17701,165327,all,895,10
17702,165331,possible,895,10
17703,165340,replicants,895,10
17704,165370,We're,895,10
17705,165376,proud,895,10
17706,165382,of,895,10
17707,165385,our,895,10
17708,165389,prodigal,895,10
17709,165398,son,895,10
17710,165423,glad,895,10
17711,165428,you've,895,10
17712,165435,returned,895,10
17713,165446,You're,895,10
17714,165453,quite,895,10
17715,165477,a,895,10
17716,165479,prize,895,10
17717,165495,Batty,895,10
17718,165501,looks,895,10
17719,165507,down,895,10
17720,165512,in,895,10
17721,165515,a,895,10
17722,165517,sudden,895,10
17723,165525,uncharacteristically,895,10
17724,165554,humble,895,10
17725,165561,posture,895,10
17726,165569,and,895,10
17727,165573,speaks,895,10
17728,165580,with,895,10
17729,165585,guilt,895,10
17730,165591,in,895,10
17731,165594,his,895,10
17732,165598,voice,895,10
17733,165638,BATTY,896,10
17734,165662,I've,896,10
17735,165667,done,896,10
17736,165672,questionable,896,10
17737,165685,things,896,10
17738,165726,TYRELL,897,10
17739,165751,Also,897,10
17740,165756,extraordinary,897,10
17741,165770,things,897,10
17742,165814,BATTY,898,10
17743,165838,Nothing,898,10
17744,165846,the,898,10
17745,165850,God,898,10
17746,165854,of,898,10
17747,165857,bio,898,10
17748,165861,mechanics,898,10
17749,165889,wouldn't,898,10
17750,165898,let,898,10
17751,165902,you,898,10
17752,165906,in,898,10
17753,165909,heaven,898,10
17754,165916,for,898,10
17755,165930,Tyrell,898,10
17756,165937,in,898,10
17757,165940,a,898,10
17758,165942,burst,898,10
17759,165948,of,898,10
17760,165951,camaraderie,898,10
17761,165964,decides,898,10
17762,165972,to,898,10
17763,165975,give,898,10
17764,165988,laughing,898,10
17765,165997,a,898,10
17766,165999,try,898,10
17767,166003,and,898,10
17768,166007,comes,898,10
17769,166013,out,898,10
17770,166017,with,898,10
17771,166022,a,898,10
17772,166024,little,898,10
17773,166031,titter,898,10
17774,166047,After,898,10
17775,166053,all,898,10
17776,166058,Roy,898,10
17777,166062,Batty,898,10
17778,166069,that,898,10
17779,166074,swell,898,10
17780,166080,replicant,898,10
17781,166090,is,898,10
17782,166093,about,898,10
17783,166107,to,898,10
17784,166110,embrace,898,10
17785,166118,him,898,10
17786,166124,Everything's,898,10
17787,166137,gonna,898,10
17788,166143,be,898,10
17789,166146,okay,898,10
17790,166151,after,898,10
17791,166157,all,898,10
17792,166170,Batty,898,10
17793,166176,gets,898,10
17794,166181,up,898,10
17795,166184,from,898,10
17796,166189,the,898,10
17797,166193,bed,898,10
17798,166197,and,898,10
17799,166201,puts,898,10
17800,166206,his,898,10
17801,166210,hands,898,10
17802,166216,around,898,10
17803,166231,Tyrell's,898,10
17804,166240,face,898,10
17805,166255,CRACK,898,10
17806,166263,Tyrell's,898,10
17807,166272,skull,898,10
17808,166278,cracks,898,10
17809,166285,like,898,10
17810,166290,dry,898,10
17811,166294,wood,898,10
17812,166309,Sebastian,898,10
17813,166319,stares,898,10
17814,166326,in,898,10
17815,166329,horror,898,10
17816,166346,SQUISH,898,10
17817,166356,Batty,898,10
17818,166362,squashes,898,10
17819,166371,the,898,10
17820,166375,head,898,10
17821,166380,in,898,10
17822,166383,a,898,10
17823,166385,gruesome,898,10
17824,166394,moment,898,10
17825,166411,Tyrell,898,10
17826,166418,slumps,898,10
17827,166425,to,898,10
17828,166428,the,898,10
17829,166432,floor,898,10
17830,166438,like,898,10
17831,166443,empty,898,10
17832,166449,clothes,898,10
17833,166467,Batty,898,10
17834,166473,looks,898,10
17835,166479,at,898,10
17836,166482,the,898,10
17837,166486,remains,898,10
17838,166494,with,898,10
17839,166499,disgust,898,10
17840,166541,BATTY,899,10
17841,166565,Revertant,899,10
17842,166575,colonies,899,10
17843,166586,Methane,899,10
17844,166594,sulfate,899,10
17845,166621,Bright,899,10
17846,166628,lights,899,10
17847,166645,Batty,899,10
17848,166651,turns,899,10
17849,166657,to,899,10
17850,166660,Sebastian,899,10
17851,166680,Sebastian,899,10
17852,166690,looks,899,10
17853,166696,like,899,10
17854,166701,a,899,10
17855,166703,heart,899,10
17856,166709,attack,899,10
17857,166726,Batty's,899,10
17858,166734,eyes,899,10
17859,166739,glow,899,10
17860,166744,with,899,10
17861,166749,fury,899,10
17862,166764,Sebastian,899,10
17863,166774,cowers,899,10
17864,166793,OMIT,899,10
17865,166849,94,899,10
17866,166861,OMIT,899,10
17867,166917,95,899,10
17868,166929,EXT,900,10
17869,166934,ELEVATOR,900,10
17870,166945,NIGHT,900,10
17871,166985,95A,900,10
17872,166998,The,901,10
17873,167002,tiny,901,10
17874,167007,elevator,901,10
17875,167016,whizzes,901,10
17876,167024,down,901,10
17877,167029,the,901,10
17878,167033,huge,901,10
17879,167038,nighttime,901,10
17880,167048,pyramid,901,10
17881,167067,INT,902,10
17882,167072,ELEVATOR,902,10
17883,167083,NIGHT,902,10
17884,167123,95B,902,10
17885,167136,Lights,903,10
17886,167143,flash,903,10
17887,167150,the,903,10
17888,167154,buzzer,903,10
17889,167161,sounds,903,10
17890,167168,and,903,10
17891,167172,the,903,10
17892,167176,elevator,903,10
17893,167185,stops,903,10
17894,167200,The,903,10
17895,167204,speaker,903,10
17896,167212,crackles,903,10
17897,167255,SPEAKER,904,10
17898,167281,Dix,904,10
17899,167285,huitieme,904,10
17900,167294,Rouge,904,10
17901,167302,18,904,10
17902,167305,Red,904,10
17903,167328,You,904,10
17904,167332,have,904,10
17905,167337,ten,904,10
17906,167341,seconds,904,10
17907,167368,Counting,904,10
17908,167396,Un,904,10
17909,167402,de,904,10
17910,167421,CLICK,904,10
17911,167429,Batty,904,10
17912,167435,slaps,904,10
17913,167441,one,904,10
17914,167445,of,904,10
17915,167448,Sebastian's,904,10
17916,167460,many,904,10
17917,167465,cards,904,10
17918,167471,into,904,10
17919,167484,the,904,10
17920,167488,slot,904,10
17921,167493,almost,904,10
17922,167500,instantly,904,10
17923,167520,The,904,10
17924,167524,lights,904,10
17925,167531,go,904,10
17926,167534,off,904,10
17927,167539,the,904,10
17928,167543,elevator,904,10
17929,167552,hums,904,10
17930,167557,again,904,10
17931,167573,Batty,904,10
17932,167579,is,904,10
17933,167582,alone,904,10
17934,167589,solemn,904,10
17935,167598,The,904,10
17936,167602,numbers,904,10
17937,167610,reflect,904,10
17938,167618,on,904,10
17939,167621,his,904,10
17940,167625,face,904,10
17941,167683,CUT,904,10
17942,167687,TO,904,10
17943,167700,EXT,905,11
17944,167705,SEBASTIAN'S,905,11
17945,167717,APARTMENT,905,11
17946,167729,NIGHT,905,11
17947,167756,96,905,11
17948,167768,The,906,11
17949,167772,spinner,906,11
17950,167780,comes,906,11
17951,167786,down,906,11
17952,167791,in,906,11
17953,167794,a,906,11
17954,167796,whirlwind,906,11
17955,167806,of,906,11
17956,167809,garbage,906,11
17957,167817,blown,906,11
17958,167831,up,906,11
17959,167834,from,906,11
17960,167839,the,906,11
17961,167843,street,906,11
17962,167860,Deckard,906,11
17963,167868,gets,906,11
17964,167873,out,906,11
17965,167877,and,906,11
17966,167881,looks,906,11
17967,167887,at,906,11
17968,167890,the,906,11
17969,167894,building,906,11
17970,167956,CUT,906,11
17971,167960,TO,906,11
17972,167973,INT,907,11
17973,167978,LOBBY,907,11
17974,167984,SEBASTIAN'S,907,11
17975,167998,NIGHT,907,11
17976,168029,97,907,11
17977,168041,Deckard,908,11
17978,168049,steps,908,11
17979,168055,cautiously,908,11
17980,168066,into,908,11
17981,168071,the,908,11
17982,168075,gloom,908,11
17983,168081,and,908,11
17984,168085,looks,908,11
17985,168091,around,908,11
17986,168108,The,908,11
17987,168112,shadow,908,11
17988,168119,areas,908,11
17989,168125,look,908,11
17990,168130,dangerous,908,11
17991,168141,The,908,11
17992,168145,place,908,11
17993,168151,looks,908,11
17994,168157,vacant,908,11
17995,168174,Deckard,908,11
17996,168182,pulls,908,11
17997,168188,his,908,11
17998,168192,blaster,908,11
17999,168200,out,908,11
18000,168238,DECKARD,909,11
18001,168264,Mr,909,11
18002,168268,Sebastian,909,11
18003,168288,No,909,11
18004,168291,answer,909,11
18005,168299,His,909,11
18006,168303,voice,909,11
18007,168309,echoes,909,11
18008,168316,in,909,11
18009,168319,the,909,11
18010,168323,emptiness,909,11
18011,168343,Deckard,909,11
18012,168351,walks,909,11
18013,168357,across,909,11
18014,168364,the,909,11
18015,168368,dark,909,11
18016,168373,lobby,909,11
18017,168380,stepping,909,11
18018,168389,around,909,11
18019,168396,the,909,11
18020,168408,heaps,909,11
18021,168414,of,909,11
18022,168417,trash,909,11
18023,168424,his,909,11
18024,168428,footfalls,909,11
18025,168438,echoing,909,11
18026,168446,noisily,909,11
18027,168454,in,909,11
18028,168457,the,909,11
18029,168461,silence,909,11
18030,168522,CUT,909,11
18031,168526,TO,909,11
18032,168539,INT,910,11
18033,168544,SEBASTIAN'S,910,11
18034,168556,APARTMENT,910,11
18035,168568,NIGHT,910,11
18036,168595,98,910,11
18037,168607,Pris,911,11
18038,168612,is,911,11
18039,168615,pacing,911,11
18040,168622,nervously,911,11
18041,168632,around,911,11
18042,168639,the,911,11
18043,168643,room,911,11
18044,168659,INT,912,11
18045,168664,STAIRWELL,912,11
18046,168674,SEBASTIAN'S,912,11
18047,168686,BUILDING,912,11
18048,168697,NIGHT,912,11
18049,168715,99,912,11
18050,168727,Deckard,913,11
18051,168735,is,913,11
18052,168738,at,913,11
18053,168741,the,913,11
18054,168745,foot,913,11
18055,168750,of,913,11
18056,168753,the,913,11
18057,168757,gloomy,913,11
18058,168764,stairwell,913,11
18059,168774,looking,913,11
18060,168790,up,913,11
18061,168794,He,913,11
18062,168797,can,913,11
18063,168801,hear,913,11
18064,168806,faint,913,11
18065,168812,noises,913,11
18066,168822,very,913,11
18067,168827,eerie,913,11
18068,168843,Cautiously,913,11
18069,168854,he,913,11
18070,168857,begins,913,11
18071,168864,to,913,11
18072,168867,climb,913,11
18073,168874,blaster,913,11
18074,168882,ready,913,11
18075,168898,The,913,11
18076,168902,noises,913,11
18077,168909,continue,913,11
18078,168971,CUT,913,11
18079,168975,TO,913,11
18080,168988,INT,914,11
18081,168993,SEBASTIAN'S,914,11
18082,169005,APARTMENT,914,11
18083,169017,NIGHT,914,11
18084,169044,100,914,11
18085,169057,Pris,915,11
18086,169062,is,915,11
18087,169065,lurking,915,11
18088,169073,in,915,11
18089,169076,the,915,11
18090,169080,shadwos,915,11
18091,169088,like,915,11
18092,169093,a,915,11
18093,169095,vampire,915,11
18094,169104,she,915,11
18095,169108,hears,915,11
18096,169122,footsteps,915,11
18097,169143,INT,916,11
18098,169148,STAIRWELL,916,11
18099,169160,NIGHT,916,11
18100,169199,101,916,11
18101,169212,Deckard,917,11
18102,169220,is,917,11
18103,169223,several,917,11
18104,169231,flights,917,11
18105,169239,up,917,11
18106,169242,now,917,11
18107,169247,listening,917,11
18108,169257,to,917,11
18109,169260,the,917,11
18110,169264,eerie,917,11
18111,169278,noises,917,11
18112,169295,He,917,11
18113,169298,starts,917,11
18114,169305,up,917,11
18115,169309,stumbles,917,11
18116,169318,on,917,11
18117,169321,a,917,11
18118,169323,piece,917,11
18119,169329,of,917,11
18120,169332,masonry,917,11
18121,169350,The,917,11
18122,169354,masonry,917,11
18123,169362,clatters,917,11
18124,169371,noisily,917,11
18125,169379,down,917,11
18126,169384,the,917,11
18127,169388,stairwell,917,11
18128,169408,Deckard,917,11
18129,169416,freezes,917,11
18130,169424,blaster,917,11
18131,169432,ready,917,11
18132,169491,CUT,917,11
18133,169495,TO,917,11
18134,169508,INT,918,11
18135,169513,SEBASTIAN'S,918,11
18136,169525,APARTMENT,918,11
18137,169537,NIGHT,918,11
18138,169564,102,918,11
18139,169577,Pris,919,11
18140,169582,is,919,11
18141,169585,alert,919,11
18142,169591,listening,919,11
18143,169601,to,919,11
18144,169604,the,919,11
18145,169608,clattering,919,11
18146,169619,echo,919,11
18147,169624,die,919,11
18148,169637,She,919,11
18149,169641,frowns,919,11
18150,169650,Is,919,11
18151,169653,it,919,11
18152,169656,Batty,919,11
18153,169673,INT,920,11
18154,169678,STAIRWELL,920,11
18155,169690,NIGHT,920,11
18156,169729,103,920,11
18157,169742,Deckard,921,11
18158,169750,cautiously,921,11
18159,169761,starts,921,11
18160,169768,to,921,11
18161,169771,climb,921,11
18162,169777,again,921,11
18163,169784,tiptoeing,921,11
18164,169803,blaster,921,11
18165,169811,ready,921,11
18166,169828,INT,922,11
18167,169833,SEBASTIAN'S,922,11
18168,169845,APARTMENT,922,11
18169,169857,NIGHT,922,11
18170,169884,104,922,11
18171,169897,A,923,11
18172,169899,shadowy,923,11
18173,169907,hallway,923,11
18174,169915,cluttered,923,11
18175,169925,with,923,11
18176,169930,debris,923,11
18177,169939,spooky,923,11
18178,169956,Nothing,923,11
18179,169964,moves,923,11
18180,169980,Then,923,11
18181,169985,we,923,11
18182,169988,catch,923,11
18183,169994,the,923,11
18184,169998,sight,923,11
18185,170004,of,923,11
18186,170007,something,923,11
18187,170018,Deckard,923,11
18188,170029,He,923,11
18189,170032,enters,923,11
18190,170047,the,923,11
18191,170051,hallway,923,11
18192,170060,pressed,923,11
18193,170068,flat,923,11
18194,170073,against,923,11
18195,170081,a,923,11
18196,170083,wall,923,11
18197,170090,weapon,923,11
18198,170097,up,923,11
18199,170110,Very,923,11
18200,170115,carefully,923,11
18201,170125,he,923,11
18202,170128,slides,923,11
18203,170135,along,923,11
18204,170141,the,923,11
18205,170145,wall,923,11
18206,170160,We,923,11
18207,170163,can,923,11
18208,170167,see,923,11
18209,170171,a,923,11
18210,170173,doorway,923,11
18211,170181,ahead,923,11
18212,170187,of,923,11
18213,170190,him,923,11
18214,170195,the,923,11
18215,170199,door,923,11
18216,170204,to,923,11
18217,170207,Sebastian's,923,11
18218,170227,apartment,923,11
18219,170247,He,923,11
18220,170250,moves,923,11
18221,170256,to,923,11
18222,170259,the,923,11
18223,170263,door,923,11
18224,170269,It's,923,11
18225,170274,open,923,11
18226,170279,a,923,11
18227,170281,crack,923,11
18228,170288,He,923,11
18229,170291,peeks,923,11
18230,170297,in,923,11
18231,170310,The,923,11
18232,170314,apartment,923,11
18233,170324,seems,923,11
18234,170330,empty,923,11
18235,170347,INT,924,11
18236,170352,SEBASTIAN'S,924,11
18237,170364,APARTMENT,924,11
18238,170376,NIGHT,924,11
18239,170403,105,924,11
18240,170416,Deckard,925,11
18241,170424,inches,925,11
18242,170431,the,925,11
18243,170435,door,925,11
18244,170440,open,925,11
18245,170446,blaster,925,11
18246,170454,ready,925,11
18247,170462,He,925,11
18248,170465,looks,925,11
18249,170479,around,925,11
18250,170486,warily,925,11
18251,170493,studying,925,11
18252,170502,the,925,11
18253,170506,apartment,925,11
18254,170518,He,925,11
18255,170521,sees,925,11
18256,170526,nothing,925,11
18257,170542,moving,925,11
18258,170559,He,925,11
18259,170562,levels,925,11
18260,170569,his,925,11
18261,170573,blaster,925,11
18262,170582,arm,925,11
18263,170586,extended,925,11
18264,170595,full,925,11
18265,170600,out,925,11
18266,170604,cop,925,11
18267,170608,style,925,11
18268,170623,as,925,11
18269,170626,he,925,11
18270,170629,ventures,925,11
18271,170638,deeper,925,11
18272,170645,into,925,11
18273,170650,the,925,11
18274,170654,apartment,925,11
18275,170674,Suddenly,925,11
18276,170683,a,925,11
18277,170685,noise,925,11
18278,170691,behind,925,11
18279,170698,him,925,11
18280,170702,makes,925,11
18281,170708,him,925,11
18282,170712,spin,925,11
18283,170718,blaster,925,11
18284,170726,pointed,925,11
18285,170742,A,925,11
18286,170744,mouse,925,11
18287,170750,runs,925,11
18288,170755,across,925,11
18289,170762,the,925,11
18290,170766,floor,925,11
18291,170782,Deep,925,11
18292,170787,breath,925,11
18293,170804,WHUMP,925,11
18294,170812,Pris,925,11
18295,170817,drops,925,11
18296,170823,on,925,11
18297,170826,Deckard,925,11
18298,170834,from,925,11
18299,170839,above,925,11
18300,170845,and,925,11
18301,170849,wraps,925,11
18302,170855,her,925,11
18303,170867,bare,925,11
18304,170872,thighs,925,11
18305,170879,around,925,11
18306,170886,his,925,11
18307,170890,neck,925,11
18308,170895,as,925,11
18309,170898,she,925,11
18310,170902,takes,925,11
18311,170908,him,925,11
18312,170912,down,925,11
18313,170927,Deckard,925,11
18314,170935,finds,925,11
18315,170941,himself,925,11
18316,170949,choking,925,11
18317,170957,ot,925,11
18318,170960,death,925,11
18319,170966,in,925,11
18320,170969,bare,925,11
18321,170974,thighs,925,11
18322,170989,as,925,11
18323,170992,she,925,11
18324,170996,applies,925,11
18325,171004,a,925,11
18326,171006,brutal,925,11
18327,171013,scissors,925,11
18328,171022,grip,925,11
18329,171027,with,925,11
18330,171032,her,925,11
18331,171036,legs,925,11
18332,171050,All,925,11
18333,171054,he,925,11
18334,171057,can,925,11
18335,171061,do,925,11
18336,171064,is,925,11
18337,171067,bite,925,11
18338,171072,at,925,11
18339,171075,the,925,11
18340,171079,flesh,925,11
18341,171085,near,925,11
18342,171090,her,925,11
18343,171094,crotch,925,11
18344,171101,as,925,11
18345,171112,he,925,11
18346,171115,fights,925,11
18347,171122,for,925,11
18348,171126,air,925,11
18349,171130,and,925,11
18350,171134,life,925,11
18351,171149,Pris,925,11
18352,171154,might,925,11
18353,171160,look,925,11
18354,171165,like,925,11
18355,171170,a,925,11
18356,171172,punk,925,11
18357,171177,waif,925,11
18358,171182,but,925,11
18359,171186,she's,925,11
18360,171192,a,925,11
18361,171194,powerful,925,11
18362,171211,replicant,925,11
18363,171221,and,925,11
18364,171225,Deckard,925,11
18365,171233,is,925,11
18366,171250,falls,925,11
18367,171256,from,925,11
18368,171261,his,925,11
18369,171265,hand,925,11
18370,171270,as,925,11
18371,171273,he,925,11
18372,171276,writhes,925,11
18373,171284,and,925,11
18374,171302,his,925,11
18375,171306,body,925,11
18376,171321,Finally,925,11
18377,171329,he,925,11
18378,171332,gets,925,11
18379,171337,his,925,11
18380,171341,head,925,11
18381,171346,loose,925,11
18382,171352,and,925,11
18383,171356,gasps,925,11
18384,171362,for,925,11
18385,171366,air,925,11
18386,171370,but,925,11
18387,171382,she,925,11
18388,171386,is,925,11
18389,171389,immediately,925,11
18390,171401,sitting,925,11
18391,171409,on,925,11
18392,171412,his,925,11
18393,171416,chest,925,11
18394,171422,and,925,11
18395,171426,he,925,11
18396,171429,looks,925,11
18397,171435,up,925,11
18398,171446,into,925,11
18399,171451,her,925,11
18400,171455,furious,925,11
18401,171463,face,925,11
18402,171468,and,925,11
18403,171472,flailing,925,11
18404,171481,fists,925,11
18405,171497,Deckard,925,11
18406,171505,grabs,925,11
18407,171511,at,925,11
18408,171514,her,925,11
18409,171518,trying,925,11
18410,171525,to,925,11
18411,171528,fight,925,11
18412,171534,her,925,11
18413,171538,off,925,11
18414,171543,tears,925,11
18415,171557,her,925,11
18416,171561,tank,925,11
18417,171566,top,925,11
18418,171570,loose,925,11
18419,171577,exposing,925,11
18420,171586,one,925,11
18421,171590,breast,925,11
18422,171598,but,925,11
18423,171602,a,925,11
18424,171604,lot,925,11
18425,171608,of,925,11
18426,171619,good,925,11
18427,171624,that,925,11
18428,171629,does,925,11
18429,171634,him,925,11
18430,171648,Pris,925,11
18431,171653,starts,925,11
18432,171660,to,925,11
18433,171663,choke,925,11
18434,171669,Deckard,925,11
18435,171677,with,925,11
18436,171682,one,925,11
18437,171686,hand,925,11
18438,171691,and,925,11
18439,171695,Deckard's,925,11
18440,171713,only,925,11
18441,171718,hope,925,11
18442,171723,is,925,11
18443,171726,to,925,11
18444,171729,grasp,925,11
18445,171735,blindly,925,11
18446,171743,for,925,11
18447,171747,his,925,11
18448,171751,blaster,925,11
18449,171759,on,925,11
18450,171762,the,925,11
18451,171766,floor,925,11
18452,171782,His,925,11
18453,171786,hand,925,11
18454,171791,paws,925,11
18455,171796,wildly,925,11
18456,171806,he,925,11
18457,171809,can't,925,11
18458,171815,look,925,11
18459,171823,in,925,11
18460,171826,the,925,11
18461,171830,general,925,11
18462,171846,area,925,11
18463,171852,and,925,11
18464,171856,when,925,11
18465,171861,he,925,11
18466,171864,feels,925,11
18467,171870,it,925,11
18468,171873,he,925,11
18469,171876,grabs,925,11
18470,171882,it,925,11
18471,171887,He,925,11
18472,171890,struggles,925,11
18473,171908,to,925,11
18474,171911,point,925,11
18475,171917,it,925,11
18476,171920,at,925,11
18477,171923,her,925,11
18478,171961,DECKARD,926,11
18479,171987,Please,926,11
18480,171996,I,926,11
18481,171998,don't,926,11
18482,172004,want,926,11
18483,172021,She,926,11
18484,172025,catches,926,11
18485,172033,his,926,11
18486,172037,gun,926,11
18487,172041,wrist,926,11
18488,172047,and,926,11
18489,172051,he,926,11
18490,172054,fires,926,11
18491,172060,a,926,11
18492,172062,shot,926,11
18493,172067,widly,926,11
18494,172083,BOW,926,11
18495,172089,Masonry,926,11
18496,172097,erupts,926,11
18497,172104,on,926,11
18498,172107,the,926,11
18499,172111,ceiling,926,11
18500,172129,Dekcard,926,11
18501,172137,struggles,926,11
18502,172147,to,926,11
18503,172150,point,926,11
18504,172156,the,926,11
18505,172160,weapon,926,11
18506,172167,but,926,11
18507,172171,she,926,11
18508,172175,has,926,11
18509,172179,his,926,11
18510,172191,wrist,926,11
18511,172197,in,926,11
18512,172200,her,926,11
18513,172204,replicant,926,11
18514,172214,grip,926,11
18515,172253,DECKARD,927,11
18516,172279,Please,927,11
18517,172288,I,927,11
18518,172290,don't,927,11
18519,172296,want,927,11
18520,172301,to,927,11
18521,172304,kill,927,11
18522,172309,you,927,11
18523,172323,Fat,927,11
18524,172327,chance,927,11
18525,172336,It,927,11
18526,172339,doesn't,927,11
18527,172347,look,927,11
18528,172352,like,927,11
18529,172357,he,927,11
18530,172360,could,927,11
18531,172366,if,927,11
18532,172369,he,927,11
18533,172372,wanted,927,11
18534,172387,to,927,11
18535,172392,She's,927,11
18536,172398,choking,927,11
18537,172406,him,927,11
18538,172410,with,927,11
18539,172415,one,927,11
18540,172419,hand,927,11
18541,172425,squeezing,927,11
18542,172435,the,927,11
18543,172447,weapon,927,11
18544,172454,loose,927,11
18545,172460,with,927,11
18546,172465,the,927,11
18547,172469,other,927,11
18548,172485,Deckard,927,11
18549,172494,fighting,927,11
18550,172503,for,927,11
18551,172507,breath,927,11
18552,172514,and,927,11
18553,172518,life,927,11
18554,172524,gives,927,11
18555,172530,a,927,11
18556,172532,violent,927,11
18557,172548,wrench,927,11
18558,172555,and,927,11
18559,172559,manages,927,11
18560,172567,to,927,11
18561,172570,bring,927,11
18562,172576,the,927,11
18563,172580,weapon,927,11
18564,172587,to,927,11
18565,172590,bear,927,11
18566,172595,just,927,11
18567,172608,long,927,11
18568,172613,enough,927,11
18569,172620,to,927,11
18570,172623,squeeze,927,11
18571,172631,off,927,11
18572,172635,one,927,11
18573,172639,shot,927,11
18574,172654,BOW,927,11
18575,172660,Pris's,927,11
18576,172667,left,927,11
18577,172672,arm,927,11
18578,172676,is,927,11
18579,172679,torn,927,11
18580,172684,away,927,11
18581,172689,at,927,11
18582,172692,the,927,11
18583,172696,shoulder,927,11
18584,172715,Pris's,927,11
18585,172722,face,927,11
18586,172727,erupts,927,11
18587,172734,in,927,11
18588,172737,fury,927,11
18589,172742,as,927,11
18590,172745,she,927,11
18591,172749,clutches,927,11
18592,172758,at,927,11
18593,172761,the,927,11
18594,172773,empty,927,11
18595,172779,socket,927,11
18596,172796,Deckard,927,11
18597,172804,rolls,927,11
18598,172810,free,927,11
18599,172815,and,927,11
18600,172819,tries,927,11
18601,172825,to,927,11
18602,172828,cover,927,11
18603,172834,her,927,11
18604,172872,DECKARD,928,11
18605,172898,Please,928,11
18606,172907,I,928,11
18607,172921,WHAP,928,11
18608,172928,She,928,11
18609,172932,kicks,928,11
18610,172938,him,928,11
18611,172942,in,928,11
18612,172945,the,928,11
18613,172949,chest,928,11
18614,172955,and,928,11
18615,172959,he,928,11
18616,172962,flies,928,11
18617,172968,back,928,11
18618,172981,into,928,11
18619,172986,a,928,11
18620,172988,wall,928,11
18621,173003,She's,928,11
18622,173009,advancing,928,11
18623,173019,on,928,11
18624,173022,him,928,11
18625,173027,kicking,928,11
18626,173035,like,928,11
18627,173040,some,928,11
18628,173045,martial,928,11
18629,173053,arts,928,11
18630,173066,master,928,11
18631,173076,WHAP,928,11
18632,173082,WHAP,928,11
18633,173088,WHAP,928,11
18634,173103,Deckard,928,11
18635,173111,has,928,11
18636,173115,to,928,11
18637,173118,shoot,928,11
18638,173124,or,928,11
18639,173127,be,928,11
18640,173130,kicked,928,11
18641,173137,to,928,11
18642,173140,death,928,11
18643,173147,he's,928,11
18644,173152,already,928,11
18645,173168,badly,928,11
18646,173174,battered,928,11
18647,173183,by,928,11
18648,173186,her,928,11
18649,173190,furious,928,11
18650,173198,feet,928,11
18651,173213,BOW,928,11
18652,173219,BOW,928,11
18653,173225,Pris,928,11
18654,173230,is,928,11
18655,173233,blown,928,11
18656,173239,away,928,11
18657,173258,hits,928,11
18658,173273,BOW,928,11
18659,173279,The,928,11
18660,173283,third,928,11
18661,173289,hit,928,11
18662,173293,catches,928,11
18663,173301,her,928,11
18664,173305,in,928,11
18665,173308,the,928,11
18666,173312,back,928,11
18667,173317,of,928,11
18668,173320,the,928,11
18669,173324,neck,928,11
18670,173337,as,928,11
18671,173340,she,928,11
18672,173344,spins,928,11
18673,173350,away,928,11
18674,173355,from,928,11
18675,173360,Deckard,928,11
18676,173371,and,928,11
18677,173375,that's,928,11
18678,173382,it,928,11
18679,173386,she,928,11
18680,173398,goes,928,11
18681,173403,down,928,11
18682,173408,in,928,11
18683,173411,a,928,11
18684,173413,limp,928,11
18685,173418,heap,928,11
18686,173424,leaving,928,11
18687,173432,Deckard,928,11
18688,173440,standing,928,11
18689,173449,there,928,11
18690,173464,bloody,928,11
18691,173471,and,928,11
18692,173475,stupified,928,11
18693,173495,He's,928,11
18694,173500,still,928,11
18695,173506,staring,928,11
18696,173514,when,928,11
18697,173519,he,928,11
18698,173522,hears,928,11
18699,173528,it,928,11
18700,173534,the,928,11
18701,173538,drone,928,11
18702,173544,of,928,11
18703,173547,the,928,11
18704,173559,elevator,928,11
18705,173568,ascending,928,11
18706,173588,Deckard,928,11
18707,173596,frowns,928,11
18708,173605,He,928,11
18709,173608,starts,928,11
18710,173615,toward,928,11
18711,173622,the,928,11
18712,173626,door,928,11
18713,173632,reaching,928,11
18714,173641,in,928,11
18715,173644,his,928,11
18716,173656,pocket,928,11
18717,173663,as,928,11
18718,173666,he,928,11
18719,173669,goes,928,11
18720,173674,and,928,11
18721,173678,pulling,928,11
18722,173686,out,928,11
18723,173690,a,928,11
18724,173692,cassette,928,11
18725,173712,OMIT,928,11
18726,173768,106,928,11
18727,173781,INT,929,12
18728,173786,CORRIDOR,929,12
18729,173797,NIGHT,929,12
18730,173837,106A,929,12
18731,173851,Deckard,930,12
18732,173859,slams,930,12
18733,173865,the,930,12
18734,173869,cassette,930,12
18735,173878,into,930,12
18736,173883,his,930,12
18737,173887,blaster,930,12
18738,173895,as,930,12
18739,173898,he,930,12
18740,173901,steps,930,12
18741,173915,intop,930,12
18742,173921,the,930,12
18743,173925,corridor,930,12
18744,173934,and,930,12
18745,173938,looks,930,12
18746,173944,toward,930,12
18747,173951,the,930,12
18748,173955,sound,930,12
18749,173971,He,930,12
18750,173974,sees,930,12
18751,173979,the,930,12
18752,173983,elevator,930,12
18753,173992,coming,930,12
18754,173999,up,930,12
18755,174006,glowing,930,12
18756,174024,Deckard,930,12
18757,174032,doesn't,930,12
18758,174040,like,930,12
18759,174045,this,930,12
18760,174052,He,930,12
18761,174055,glances,930,12
18762,174063,quickly,930,12
18763,174071,as,930,12
18764,174074,the,930,12
18765,174086,various,930,12
18766,174094,possible,930,12
18767,174103,routes,930,12
18768,174110,for,930,12
18769,174114,escpe,930,12
18770,174130,Not,930,12
18771,174134,the,930,12
18772,174138,stairs,930,12
18773,174155,Nothing,930,12
18774,174163,else,930,12
18775,174178,The,930,12
18776,174182,lift,930,12
18777,174187,is,930,12
18778,174190,almost,930,12
18779,174197,to,930,12
18780,174200,Sebastian's,930,12
18781,174212,floor,930,12
18782,174228,Deckard,930,12
18783,174236,retreats,930,12
18784,174245,hastily,930,12
18785,174253,into,930,12
18786,174258,Sebastian's,930,12
18787,174270,apartment,930,12
18788,174333,CUT,930,12
18789,174337,TO,930,12
18790,174350,OMIT,930,12
18791,174406,107,930,12
18792,174419,INT,931,12
18793,174424,SEBASTIAN'S,931,12
18794,174436,APARTMENT,931,12
18795,174448,NIGHT,931,12
18796,174475,107A,931,12
18797,174489,Deckard,932,12
18798,174497,steps,932,12
18799,174503,into,932,12
18800,174508,the,932,12
18801,174512,room,932,12
18802,174517,with,932,12
18803,174522,Pris,932,12
18804,174528,body,932,12
18805,174533,in,932,12
18806,174536,it,932,12
18807,174549,He,932,12
18808,174552,hears,932,12
18809,174558,the,932,12
18810,174562,elevator,932,12
18811,174571,stop,932,12
18812,174578,Then,932,12
18813,174583,footsteps,932,12
18814,174603,Deckard,932,12
18815,174611,considers,932,12
18816,174631,The,932,12
18817,174635,footsteps,932,12
18818,174645,are,932,12
18819,174649,getting,932,12
18820,174657,closer,932,12
18821,174674,Deckard,932,12
18822,174682,walks,932,12
18823,174688,silently,932,12
18824,174697,toward,932,12
18825,174704,the,932,12
18826,174708,other,932,12
18827,174714,door,932,12
18828,174719,leading,932,12
18829,174727,into,932,12
18830,174732,the,932,12
18831,174744,next,932,12
18832,174749,room,932,12
18833,174754,and,932,12
18834,174758,steps,932,12
18835,174764,through,932,12
18836,174772,it,932,12
18837,174785,The,932,12
18838,174789,footsteps,932,12
18839,174799,keep,932,12
18840,174804,coming,932,12
18841,174821,And,932,12
18842,174825,the,932,12
18843,174829,breathing,932,12
18844,174839,has,932,12
18845,174843,started,932,12
18846,174852,Asthmatic,932,12
18847,174863,rasping,932,12
18848,174924,CUT,932,12
18849,174928,TO,932,12
18850,174941,OMIT,932,12
18851,174997,108,932,12
18852,175010,INT,933,12
18853,175015,BILLIARD,933,12
18854,175024,ROOM,933,12
18855,175031,NIGHT,933,12
18856,175066,108A,933,12
18857,175080,Deckard,934,12
18858,175088,slides,934,12
18859,175095,around,934,12
18860,175102,the,934,12
18861,175106,door,934,12
18862,175111,and,934,12
18863,175115,puts,934,12
18864,175120,his,934,12
18865,175124,back,934,12
18866,175129,to,934,12
18867,175132,the,934,12
18868,175136,wall,934,12
18869,175150,blaster,934,12
18870,175158,ready,934,12
18871,175175,INT,935,12
18872,175180,SEBASTIAN'S,935,12
18873,175192,APARTMENT,935,12
18874,175202,NIGHT,935,12
18875,175231,109,935,12
18876,175244,Deckard,936,12
18877,175252,comes,936,12
18878,175258,running,936,12
18879,175266,into,936,12
18880,175271,the,936,12
18881,175275,lobby,936,12
18882,175282,hand,936,12
18883,175287,held,936,12
18884,175292,through,936,12
18885,175308,the,936,12
18886,175312,billiard,936,12
18887,175321,room,936,12
18888,175326,and,936,12
18889,175330,into,936,12
18890,175335,the,936,12
18891,175339,darkened,936,12
18892,175348,area,936,12
18893,175353,the,936,12
18894,175357,other,936,12
18895,175371,side,936,12
18896,175376,of,936,12
18897,175379,the,936,12
18898,175383,billiard,936,12
18899,175392,room,936,12
18900,175397,and,936,12
18901,175401,stands,936,12
18902,175408,breathing,936,12
18903,175418,heavily,936,12
18904,175434,gun,936,12
18905,175438,aimed,936,12
18906,175444,towards,936,12
18907,175452,the,936,12
18908,175456,lobby,936,12
18909,175473,INT,937,12
18910,175478,LOBBY,937,12
18911,175486,NIGHT,937,12
18912,175529,110,937,12
18913,175542,Batty's,938,12
18914,175550,shadow,938,12
18915,175557,appears,938,12
18916,175565,in,938,12
18917,175568,the,938,12
18918,175572,doorway,938,12
18919,175581,Deckard's,938,12
18920,175591,POV,938,12
18921,175596,he,938,12
18922,175607,stares,938,12
18923,175614,at,938,12
18924,175617,Pris,938,12
18925,175623,dead,938,12
18926,175628,body,938,12
18927,175643,His,938,12
18928,175647,body,938,12
18929,175652,walks,938,12
18930,175658,into,938,12
18931,175663,the,938,12
18932,175667,shadow,938,12
18933,175684,Deckard,938,12
18934,175692,fires,938,12
18935,175699,but,938,12
18936,175703,Batty,938,12
18937,175709,is,938,12
18938,175712,faster,938,12
18939,175720,he,938,12
18940,175723,ducks,938,12
18941,175729,back,938,12
18942,175734,and,938,12
18943,175746,disappears,938,12
18944,175767,Deckard's,938,12
18945,175777,bullet,938,12
18946,175784,smashes,938,12
18947,175792,into,938,12
18948,175797,the,938,12
18949,175801,dresser,938,12
18950,175809,in,938,12
18951,175812,the,938,12
18952,175816,bedroom,938,12
18953,175833,the,938,12
18954,175837,mirror,938,12
18955,175844,explodes,938,12
18956,175863,Deckard,938,12
18957,175871,runs,938,12
18958,175876,into,938,12
18959,175881,the,938,12
18960,175885,billiard,938,12
18961,175894,room,938,12
18962,175910,INT,939,12
18963,175915,BILLIARD,939,12
18964,175924,ROOM,939,12
18965,175931,NIGHT,939,12
18966,175966,111,939,12
18967,175979,He,940,12
18968,175982,ducks,940,12
18969,175988,back,940,12
18970,175993,behind,940,12
18971,176000,the,940,12
18972,176004,wall,940,12
18973,176019,Suddenly,940,12
18974,176028,a,940,12
18975,176030,hand,940,12
18976,176035,comes,940,12
18977,176041,tearing,940,12
18978,176049,through,940,12
18979,176057,the,940,12
18980,176061,wall,940,12
18981,176067,and,940,12
18982,176071,pulls,940,12
18983,176085,Deckard's,940,12
18984,176095,hand,940,12
18985,176100,through,940,12
18986,176118,Systematically,940,12
18987,176134,Batty,940,12
18988,176140,breaks,940,12
18989,176147,two,940,12
18990,176151,of,940,12
18991,176154,Deckard's,940,12
18992,176164,fingers,940,12
18993,176206,BATTY,941,12
18994,176230,For,941,12
18995,176234,Pris,941,12
18996,176242,for,941,12
18997,176246,Zhora,941,12
18998,176274,Proud,941,12
18999,176280,of,941,12
19000,176283,yourself,941,12
19001,176292,little,941,12
19002,176299,man,941,12
19003,176316,As,941,12
19004,176319,Deckard,941,12
19005,176327,screams,941,12
19006,176336,Batty,941,12
19007,176342,puts,941,12
19008,176347,the,941,12
19009,176351,gun,941,12
19010,176355,back,941,12
19011,176360,in,941,12
19012,176363,Deckard's,941,12
19013,176381,broken,941,12
19014,176388,hand,941,12
19015,176393,and,941,12
19016,176397,pushes,941,12
19017,176404,it,941,12
19018,176407,back,941,12
19019,176412,through,941,12
19020,176420,the,941,12
19021,176424,hole,941,12
19022,176439,Batty's,941,12
19023,176447,head,941,12
19024,176452,peers,941,12
19025,176458,through,941,12
19026,176466,the,941,12
19027,176470,hole,941,12
19028,176476,and,941,12
19029,176480,Deckards,941,12
19030,176489,fires,941,12
19031,176495,at,941,12
19032,176506,him,941,12
19033,176510,grazing,941,12
19034,176518,the,941,12
19035,176522,side,941,12
19036,176527,of,941,12
19037,176530,his,941,12
19038,176534,face,941,12
19039,176539,and,941,12
19040,176543,blowing,941,12
19041,176551,off,941,12
19042,176555,his,941,12
19043,176559,ear,941,12
19044,176573,Deckard,941,12
19045,176581,starts,941,12
19046,176588,running,941,12
19047,176597,hand,941,12
19048,176602,held,941,12
19049,176608,through,941,12
19050,176616,the,941,12
19051,176620,rooms,941,12
19052,176634,looking,941,12
19053,176642,for,941,12
19054,176646,an,941,12
19055,176649,escape,941,12
19056,176690,BATTY,942,12
19057,176696,OS,942,12
19058,176718,Not,942,12
19059,176722,very,942,12
19060,176727,sporting,942,12
19061,176736,to,942,12
19062,176739,fire,942,12
19063,176744,on,942,12
19064,176765,an,942,12
19065,176768,unarmed,942,12
19066,176776,opponent,942,12
19067,176786,I,942,12
19068,176788,thought,942,12
19069,176814,you,942,12
19070,176818,were,942,12
19071,176823,supposed,942,12
19072,176832,to,942,12
19073,176835,be,942,12
19074,176838,good,942,12
19075,176864,arent,942,12
19076,176870,you,942,12
19077,176874,the,942,12
19078,176878,man,942,12
19079,176935,CUT,942,12
19080,176939,TO,942,12
19081,176952,INT,943,12
19082,176957,DARK,943,12
19083,176962,ROOM,943,12
19084,176969,NIGHT,943,12
19085,177008,112,943,12
19086,177021,Batty,944,12
19087,177027,in,944,12
19088,177030,semi,944,12
19089,177035,darkness,944,12
19090,177044,is,944,12
19091,177061,streaming,944,12
19092,177071,down,944,12
19093,177076,in,944,12
19094,177079,his,944,12
19095,177083,from,944,12
19096,177088,his,944,12
19097,177092,wounds,944,12
19098,177101,He,944,12
19099,177104,starts,944,12
19100,177111,to,944,12
19101,177114,daub,944,12
19102,177127,his,944,12
19103,177131,face,944,12
19104,177136,with,944,12
19105,177141,his,944,12
19106,177145,own,944,12
19107,177149,blood,944,12
19108,177156,like,944,12
19109,177161,a,944,12
19110,177163,commanche,944,12
19111,177173,warrior,944,12
19112,177190,Then,944,12
19113,177195,he,944,12
19114,177198,starts,944,12
19115,177205,to,944,12
19116,177208,strip,944,12
19117,177214,down,944,12
19118,177221,a,944,12
19119,177223,tribal,944,12
19120,177230,ritual,944,12
19121,177248,INT,945,12
19122,177253,DARKENED,945,12
19123,177262,ROOM,945,12
19124,177268,re,945,12
19125,177271,dressed,945,12
19126,177279,lobby,945,12
19127,177286,ARMOIRE,945,12
19128,177296,NIGHT,945,12
19129,177304,113,945,12
19130,177317,Deckard,946,12
19131,177325,runs,946,12
19132,177330,into,946,12
19133,177335,the,946,12
19134,177339,darkened,946,12
19135,177348,room,946,12
19136,177354,Rats,946,12
19137,177359,scuttle,946,12
19138,177367,across,946,12
19139,177382,the,946,12
19140,177386,floor,946,12
19141,177402,He,946,12
19142,177405,hears,946,12
19143,177411,footsteps,946,12
19144,177421,coming,946,12
19145,177430,There,946,12
19146,177436,are,946,12
19147,177440,no,946,12
19148,177443,other,946,12
19149,177449,exits,946,12
19150,177465,He,946,12
19151,177468,looks,946,12
19152,177474,at,946,12
19153,177477,the,946,12
19154,177481,armoire,946,12
19155,177491,His,946,12
19156,177495,only,946,12
19157,177500,escape,946,12
19158,177517,He,946,12
19159,177520,runs,946,12
19160,177525,to,946,12
19161,177528,a,946,12
19162,177530,table,946,12
19163,177536,and,946,12
19164,177540,with,946,12
19165,177545,great,946,12
19166,177551,pain,946,12
19167,177556,bends,946,12
19168,177562,his,946,12
19169,177566,fingers,946,12
19170,177574,back,946,12
19171,177587,then,946,12
19172,177592,runs,946,12
19173,177597,to,946,12
19174,177600,the,946,12
19175,177604,armoire,946,12
19176,177612,and,946,12
19177,177616,starts,946,12
19178,177623,to,946,12
19179,177626,climb,946,12
19180,177632,it,946,12
19181,177645,Batty,946,12
19182,177651,walks,946,12
19183,177657,into,946,12
19184,177662,the,946,12
19185,177666,room,946,12
19186,177671,looks,946,12
19187,177677,up,946,12
19188,177680,at,946,12
19189,177683,Deckard,946,12
19190,177691,and,946,12
19191,177695,starts,946,12
19192,177710,to,946,12
19193,177713,laugh,946,12
19194,177753,BATTY,947,12
19195,177777,Where,947,12
19196,177783,are,947,12
19197,177787,you,947,12
19198,177791,going,947,12
19199,177808,Deckard,947,12
19200,177816,continues,947,12
19201,177826,towards,947,12
19202,177834,the,947,12
19203,177838,ceiling,947,12
19204,177847,the,947,12
19205,177851,armoire,947,12
19206,177867,starts,947,12
19207,177874,to,947,12
19208,177877,tilt,947,12
19209,177883,water,947,12
19210,177889,drips,947,12
19211,177895,on,947,12
19212,177898,his,947,12
19213,177902,head,947,12
19214,177917,Thunder,947,12
19215,177925,and,947,12
19216,177929,lightning,947,12
19217,177939,erupt,947,12
19218,177956,INT,948,12
19219,177961,FLOOR,948,12
19220,177967,B,948,12
19221,177971,TOILET,948,12
19222,177980,NIGHT,948,12
19223,178012,114,948,12
19224,178025,Deckard's,949,12
19225,178035,head,949,12
19226,178040,pops,949,12
19227,178045,up,949,12
19228,178048,through,949,12
19229,178056,the,949,12
19230,178060,floor,949,12
19231,178066,next,949,12
19232,178071,to,949,12
19233,178074,an,949,12
19234,178085,overflowing,949,12
19235,178097,toilet,949,12
19236,178114,All,949,12
19237,178118,of,949,12
19238,178121,a,949,12
19239,178123,sudden,949,12
19240,178130,he,949,12
19241,178133,too,949,12
19242,178137,starts,949,12
19243,178144,to,949,12
19244,178147,laugh,949,12
19245,178154,as,949,12
19246,178157,he,949,12
19247,178160,lays,949,12
19248,178165,down,949,12
19249,178178,on,949,12
19250,178181,the,949,12
19251,178185,floor,949,12
19252,178192,his,949,12
19253,178196,laughter,949,12
19254,178205,becoming,949,12
19255,178214,hysterical,949,12
19256,178235,He,949,12
19257,178238,looks,949,12
19258,178244,around,949,12
19259,178251,for,949,12
19260,178255,some,949,12
19261,178260,tape,949,12
19262,178265,and,949,12
19263,178269,starts,949,12
19264,178276,to,949,12
19265,178279,wrap,949,12
19266,178284,his,949,12
19267,178288,broken,949,12
19268,178303,fingers,949,12
19269,178321,Suddenly,949,12
19270,178331,with,949,12
19271,178336,a,949,12
19272,178338,resounding,949,12
19273,178349,crash,949,12
19274,178355,Batty's,949,12
19275,178363,head,949,12
19276,178368,comes,949,12
19277,178374,through,949,12
19278,178390,the,949,12
19279,178394,marble,949,12
19280,178401,above,949,12
19281,178407,the,949,12
19282,178411,basin,949,12
19283,178427,Deckard,949,12
19284,178435,gets,949,12
19285,178440,up,949,12
19286,178443,and,949,12
19287,178447,makes,949,12
19288,178453,a,949,12
19289,178455,run,949,12
19290,178459,for,949,12
19291,178463,the,949,12
19292,178467,door,949,12
19293,178472,at,949,12
19294,178475,the,949,12
19295,178479,end,949,12
19296,178483,of,949,12
19297,178494,the,949,12
19298,178498,room,949,12
19299,178504,as,949,12
19300,178507,Batty,949,12
19301,178514,animal,949,12
19302,178521,like,949,12
19303,178527,starts,949,12
19304,178534,slurping,949,12
19305,178543,the,949,12
19306,178547,water,949,12
19307,178561,out,949,12
19308,178565,of,949,12
19309,178568,the,949,12
19310,178572,basin,949,12
19311,178588,Deckard,949,12
19312,178596,pulls,949,12
19313,178602,and,949,12
19314,178606,tugs,949,12
19315,178611,at,949,12
19316,178614,the,949,12
19317,178618,door,949,12
19318,178624,frantic,949,12
19319,178632,with,949,12
19320,178637,fear,949,12
19321,178652,The,949,12
19322,178656,other,949,12
19323,178662,door,949,12
19324,178667,opens,949,12
19325,178673,and,949,12
19326,178677,Batty,949,12
19327,178683,walks,949,12
19328,178689,in,949,12
19329,178693,as,949,12
19330,178696,Deckard,949,12
19331,178704,manages,949,12
19332,178720,to,949,12
19333,178723,open,949,12
19334,178728,his,949,12
19335,178732,door,949,12
19336,178748,INT,950,13
19337,178753,CLOSET,950,13
19338,178762,NIGHT,950,13
19339,178804,115,950,13
19340,178817,Two,951,13
19341,178821,hundred,951,13
19342,178829,objects,951,13
19343,178838,pigeons,951,13
19344,178847,burst,951,13
19345,178853,out,951,13
19346,178857,of,951,13
19347,178860,the,951,13
19348,178864,room,951,13
19349,178869,into,951,13
19350,178882,Deckard's,951,13
19351,178892,face,951,13
19352,178897,as,951,13
19353,178900,he,951,13
19354,178903,runs,951,13
19355,178908,into,951,13
19356,178913,the,951,13
19357,178917,closed,951,13
19358,178924,off,951,13
19359,178928,room,951,13
19360,178943,There,951,13
19361,178949,is,951,13
19362,178952,no,951,13
19363,178955,way,951,13
19364,178959,out,951,13
19365,178963,except,951,13
19366,178970,by,951,13
19367,178973,the,951,13
19368,178991,proceeds,951,13
19369,179000,to,951,13
19370,179003,tear,951,13
19371,179008,down,951,13
19372,179047,BATTY,952,13
19373,179071,Now,952,13
19374,179075,where,952,13
19375,179081,are,952,13
19376,179085,you,952,13
19377,179089,going,952,13
19378,179105,Deckard,952,13
19379,179113,climbs,952,13
19380,179120,out,952,13
19381,179124,the,952,13
19382,179128,window,952,13
19383,179136,as,952,13
19384,179139,Batty,952,13
19385,179145,watches,952,13
19386,179164,EXT,953,13
19387,179169,ROOF,953,13
19388,179176,WINDOW,953,13
19389,179183,LEDGE,953,13
19390,179191,NIGHT,953,13
19391,179220,117,953,13
19392,179224,120,953,13
19393,179237,Deckard,954,13
19394,179245,slowly,954,13
19395,179252,eases,954,13
19396,179258,himself,954,13
19397,179266,around,954,13
19398,179273,the,954,13
19399,179277,window,954,13
19400,179284,ledge,954,13
19401,179298,and,954,13
19402,179302,edges,954,13
19403,179308,his,954,13
19404,179312,way,954,13
19405,179316,around,954,13
19406,179323,to,954,13
19407,179326,a,954,13
19408,179328,cornice,954,13
19409,179346,Batty,954,13
19410,179352,appears,954,13
19411,179360,at,954,13
19412,179363,another,954,13
19413,179371,window,954,13
19414,179379,as,954,13
19415,179382,Deckard,954,13
19416,179390,scrambles,954,13
19417,179408,up,954,13
19418,179411,the,954,13
19419,179415,cornice,954,13
19420,179423,and,954,13
19421,179427,on,954,13
19422,179430,to,954,13
19423,179433,the,954,13
19424,179437,roof,954,13
19425,179443,wind,954,13
19426,179448,and,954,13
19427,179452,rain,954,13
19428,179457,hindering,954,13
19429,179475,his,954,13
19430,179479,climb,954,13
19431,179497,EXT,954,13
19432,179501,ROOF,954,13
19433,179508,NIGHT,954,13
19434,179552,121,954,13
19435,179565,Wind,954,13
19436,179570,and,954,13
19437,179574,rain,954,13
19438,179580,Deckard,954,13
19439,179588,dashes,954,13
19440,179595,onto,954,13
19441,179600,the,954,13
19442,179604,roof,954,13
19443,179609,and,954,13
19444,179613,looks,954,13
19445,179627,frantically,954,13
19446,179639,over,954,13
19447,179644,his,954,13
19448,179648,shoulder,954,13
19449,179658,Batty,954,13
19450,179664,isn't,954,13
19451,179670,in,954,13
19452,179673,sight,954,13
19453,179679,yet,954,13
19454,179692,He,954,13
19455,179695,looks,954,13
19456,179701,around,954,13
19457,179708,desperately,954,13
19458,179721,The,954,13
19459,179725,roof,954,13
19460,179730,is,954,13
19461,179733,a,954,13
19462,179735,desert,954,13
19463,179742,no,954,13
19464,179753,shelter,954,13
19465,179762,Deckard,954,13
19466,179770,looks,954,13
19467,179776,across,954,13
19468,179783,at,954,13
19469,179786,the,954,13
19470,179790,next,954,13
19471,179795,building,954,13
19472,179814,Suddenly,954,13
19473,179823,a,954,13
19474,179825,rooftop,954,13
19475,179833,door,954,13
19476,179838,opens,954,13
19477,179844,and,954,13
19478,179848,Batty,954,13
19479,179854,steps,954,13
19480,179860,out,954,13
19481,179874,Deckard,954,13
19482,179882,looks,954,13
19483,179888,back,954,13
19484,179893,at,954,13
19485,179896,the,954,13
19486,179900,next,954,13
19487,179905,building,954,13
19488,179915,Is,954,13
19489,179918,it,954,13
19490,179921,possible,954,13
19491,179940,A,954,13
19492,179942,long,954,13
19493,179947,jump,954,13
19494,179953,But,954,13
19495,179957,what,954,13
19496,179962,choice,954,13
19497,179979,Decision,954,13
19498,179988,time,954,13
19499,179995,Deckard,954,13
19500,180003,decides,954,13
19501,180011,to,954,13
19502,180014,go,954,13
19503,180019,He,954,13
19504,180022,runs,954,13
19505,180027,directly,954,13
19506,180044,towards,954,13
19507,180052,Batty,954,13
19508,180059,turns,954,13
19509,180066,pumping,954,13
19510,180074,like,954,13
19511,180079,crazy,954,13
19512,180086,going,954,13
19513,180092,for,954,13
19514,180096,the,954,13
19515,180100,gap,954,13
19516,180157,CUT,954,13
19517,180161,TO,954,13
19518,180174,EXT,955,13
19519,180179,THE,955,13
19520,180183,ROOF,955,13
19521,180190,LOW,955,13
19522,180194,ANGLE,955,13
19523,180202,NIGHT,955,13
19524,180230,122,955,13
19525,180243,Looking,956,13
19526,180251,up,956,13
19527,180254,from,956,13
19528,180259,way,956,13
19529,180263,below,956,13
19530,180270,two,956,13
19531,180274,buildings,956,13
19532,180284,loom,956,13
19533,180289,into,956,13
19534,180294,the,956,13
19535,180306,dark,956,13
19536,180311,with,956,13
19537,180316,a,956,13
19538,180318,gap,956,13
19539,180322,between,956,13
19540,180330,them,956,13
19541,180335,and,956,13
19542,180339,a,956,13
19543,180341,tiny,956,13
19544,180346,figure,956,13
19545,180353,running,956,13
19546,180369,like,956,13
19547,180374,hell,956,13
19548,180379,and,956,13
19549,180386,jumping,956,13
19550,180404,Deckard,956,13
19551,180412,leaps,956,13
19552,180418,across,956,13
19553,180425,the,956,13
19554,180429,gap,956,13
19555,180434,flies,956,13
19556,180440,through,956,13
19557,180448,the,956,13
19558,180452,air,956,13
19559,180467,almost,956,13
19560,180474,makes,956,13
19561,180480,it,956,13
19562,180486,catches,956,13
19563,180494,a,956,13
19564,180496,cornice,956,13
19565,180504,on,956,13
19566,180507,the,956,13
19567,180511,second,956,13
19568,180526,building,956,13
19569,180538,hangs,956,13
19570,180544,many,956,13
19571,180549,stories,956,13
19572,180557,up,956,13
19573,180560,over,956,13
19574,180565,the,956,13
19575,180569,street,956,13
19576,180576,and,956,13
19577,180580,we,956,13
19578,180636,CUT,957,13
19579,180640,TO,957,13
19580,180654,EXT,958,13
19581,180659,THE,958,13
19582,180663,SECOND,958,13
19583,180670,ROOF,958,13
19584,180677,NIGHT,958,13
19585,180710,123,958,13
19586,180723,Deckard,959,13
19587,180731,hangs,959,13
19588,180737,onto,959,13
19589,180742,the,959,13
19590,180746,cornice,959,13
19591,180754,in,959,13
19592,180757,the,959,13
19593,180761,wind,959,13
19594,180766,and,959,13
19595,180770,rain,959,13
19596,180784,One,959,13
19597,180788,hand,959,13
19598,180793,is,959,13
19599,180796,almost,959,13
19600,180803,useless,959,13
19601,180812,the,959,13
19602,180816,other's,959,13
19603,180824,strained,959,13
19604,180833,to,959,13
19605,180844,the,959,13
19606,180848,limit,959,13
19607,180856,He,959,13
19608,180859,looks,959,13
19609,180865,down,959,13
19610,180872,A,959,13
19611,180874,long,959,13
19612,180880,long,959,13
19613,180885,fall,959,13
19614,180890,to,959,13
19615,180893,the,959,13
19616,180905,ground,959,13
19617,180922,Deckard,959,13
19618,180930,looks,959,13
19619,180936,behind,959,13
19620,180943,him,959,13
19621,180948,over,959,13
19622,180953,his,959,13
19623,180957,shoulder,959,13
19624,180976,He,959,13
19625,180979,can,959,13
19626,180983,see,959,13
19627,180987,Batty,959,13
19628,180993,twenty,959,13
19629,181000,feet,959,13
19630,181005,away,959,13
19631,181010,on,959,13
19632,181013,the,959,13
19633,181017,edge,959,13
19634,181022,of,959,13
19635,181025,the,959,13
19636,181037,first,959,13
19637,181043,roof,959,13
19638,181049,watching,959,13
19639,181058,him,959,13
19640,181072,Deckard,959,13
19641,181080,is,959,13
19642,181083,almost,959,13
19643,181090,sobbing,959,13
19644,181099,holding,959,13
19645,181107,on,959,13
19646,181110,with,959,13
19647,181115,everything,959,13
19648,181134,he's,959,13
19649,181139,got,959,13
19650,181143,as,959,13
19651,181146,we,959,13
19652,181202,CUT,960,13
19653,181206,TO,960,13
19654,181220,EXT,961,13
19655,181225,THE,961,13
19656,181229,FIRST,961,13
19657,181235,ROOF,961,13
19658,181242,NIGHT,961,13
19659,181276,124,961,13
19660,181289,Batty,962,13
19661,181295,stands,962,13
19662,181302,there,962,13
19663,181308,watching,962,13
19664,181317,Deckard,962,13
19665,181325,hang,962,13
19666,181340,Batty,962,13
19667,181346,grins,962,13
19668,181362,Then,962,13
19669,181367,one,962,13
19670,181371,of,962,13
19671,181374,his,962,13
19672,181378,hands,962,13
19673,181384,cramps,962,13
19674,181391,badly,962,13
19675,181399,He,962,13
19676,181402,has,962,13
19677,181406,to,962,13
19678,181409,work,962,13
19679,181414,the,962,13
19680,181426,fingers,962,13
19681,181434,open,962,13
19682,181439,with,962,13
19683,181444,effort,962,13
19684,181461,He,962,13
19685,181464,looks,962,13
19686,181470,at,962,13
19687,181473,Deckard,962,13
19688,181481,again,962,13
19689,181497,Batty,962,13
19690,181503,walks,962,13
19691,181509,back,962,13
19692,181514,five,962,13
19693,181519,yards,962,13
19694,181526,sprints,962,13
19695,181534,quickly,962,13
19696,181543,and,962,13
19697,181555,leaps,962,13
19698,181561,as,962,13
19699,181564,we,962,13
19700,181620,CUT,963,13
19701,181624,TO,963,13
19702,181638,EXT,964,13
19703,181643,ROOF,964,13
19704,181650,LOW,964,13
19705,181654,ANGLE,964,13
19706,181662,NIGHT,964,13
19707,181694,125,964,13
19708,181707,From,965,13
19709,181712,below,965,13
19710,181718,we,965,13
19711,181721,see,965,13
19712,181725,the,965,13
19713,181729,tiny,965,13
19714,181734,figure,965,13
19715,181741,of,965,13
19716,181744,Batty,965,13
19717,181750,as,965,13
19718,181753,he,965,13
19719,181756,leaps,965,13
19720,181770,easily,965,13
19721,181777,across,965,13
19722,181784,the,965,13
19723,181788,gap,965,13
19724,181792,between,965,13
19725,181800,the,965,13
19726,181804,two,965,13
19727,181808,looming,965,13
19728,181816,skyscrapers,965,13
19729,181836,and,965,13
19730,181840,we,965,13
19731,181896,CUT,966,13
19732,181900,TO,966,13
19733,181914,EXT,967,13
19734,181919,SECOND,967,13
19735,181926,ROOF,967,13
19736,181933,NIGHT,967,13
19737,181970,126,967,13
19738,181983,Deckard,968,13
19739,181991,is,968,13
19740,181994,hanging,968,13
19741,182002,there,968,13
19742,182008,as,968,13
19743,182011,Batty,968,13
19744,182017,lands,968,13
19745,182023,not,968,13
19746,182027,far,968,13
19747,182031,from,968,13
19748,182044,Deckard's,968,13
19749,182054,desperate,968,13
19750,182064,hands,968,13
19751,182080,Batty,968,13
19752,182086,looks,968,13
19753,182092,down,968,13
19754,182097,at,968,13
19755,182100,Deckard,968,13
19756,182118,Batty,968,13
19757,182124,grins,968,13
19758,182130,and,968,13
19759,182134,takes,968,13
19760,182140,a,968,13
19761,182142,seat,968,13
19762,182147,only,968,13
19763,182152,a,968,13
19764,182154,couple,968,13
19765,182161,of,968,13
19766,182164,feet,968,13
19767,182177,from,968,13
19768,182182,Deckard,968,13
19769,182200,Deckard's,968,13
19770,182210,bad,968,13
19771,182214,hand,968,13
19772,182219,lets,968,13
19773,182224,go,968,13
19774,182229,He's,968,13
19775,182234,hanging,968,13
19776,182242,by,968,13
19777,182245,one,968,13
19778,182249,hand,968,13
19779,182264,The,968,13
19780,182268,street,968,13
19781,182275,looms,968,13
19782,182281,way,968,13
19783,182285,below,968,13
19784,182301,Deckard,968,13
19785,182309,looks,968,13
19786,182315,desperately,968,13
19787,182327,into,968,13
19788,182332,Batty's,968,13
19789,182340,cold,968,13
19790,182345,eyes,968,13
19791,182360,Batty,968,13
19792,182366,grins,968,13
19793,182372,and,968,13
19794,182376,shakes,968,13
19795,182383,his,968,13
19796,182387,head,968,13
19797,182392,at,968,13
19798,182395,the,968,13
19799,182399,absurdity,968,13
19800,182409,of,968,13
19801,182412,it,968,13
19802,182425,Deckard,968,13
19803,182433,looks,968,13
19804,182439,into,968,13
19805,182444,that,968,13
19806,182449,awful,968,13
19807,182455,smile,968,13
19808,182461,and,968,13
19809,182465,sees,968,13
19810,182470,no,968,13
19811,182473,hope,968,13
19812,182486,there,968,13
19813,182502,Batty,968,13
19814,182508,glances,968,13
19815,182516,down,968,13
19816,182521,at,968,13
19817,182524,his,968,13
19818,182528,own,968,13
19819,182532,hand,968,13
19820,182539,Spasms,968,13
19821,182546,again,968,13
19822,182562,Deckard's,968,13
19823,182572,hand,968,13
19824,182577,is,968,13
19825,182580,going,968,13
19826,182588,He,968,13
19827,182591,knows,968,13
19828,182597,it's,968,13
19829,182602,over,968,13
19830,182607,now,968,13
19831,182612,he,968,13
19832,182623,bites,968,13
19833,182629,the,968,13
19834,182633,bullet,968,13
19835,182640,of,968,13
19836,182643,his,968,13
19837,182647,anger,968,13
19838,182655,He,968,13
19839,182658,glares,968,13
19840,182665,at,968,13
19841,182668,Batty,968,13
19842,182674,as,968,13
19843,182685,his,968,13
19844,182689,grip,968,13
19845,182694,gives,968,13
19846,182700,way,968,13
19847,182738,DECKARD,969,13
19848,182764,Asshole,969,13
19849,182782,Batty,969,13
19850,182788,meets,969,13
19851,182794,Deckard's,969,13
19852,182804,angry,969,13
19853,182810,eyes,969,13
19854,182825,Deckard's,969,13
19855,182835,hand,969,13
19856,182840,continues,969,13
19857,182850,to,969,13
19858,182853,slip,969,13
19859,182868,Batty,969,13
19860,182874,is,969,13
19861,182877,still,969,13
19862,182883,looking,969,13
19863,182891,at,969,13
19864,182894,Deckard's,969,13
19865,182904,rage,969,13
19866,182911,It,969,13
19867,182914,moves,969,13
19868,182920,the,969,13
19869,182932,warrior,969,13
19870,182940,in,969,13
19871,182943,him,969,13
19872,182948,you,969,13
19873,182952,can,969,13
19874,182956,see,969,13
19875,182960,Batty,969,13
19876,182966,change,969,13
19877,182973,his,969,13
19878,182977,opinion,969,13
19879,182995,Too,969,13
19880,182999,late,969,13
19881,183006,Deckard's,969,13
19882,183016,hand,969,13
19883,183021,goes,969,13
19884,183036,Batty's,969,13
19885,183044,hand,969,13
19886,183049,is,969,13
19887,183052,like,969,13
19888,183057,lightning,969,13
19889,183069,He,969,13
19890,183072,catches,969,13
19891,183080,Deckard's,969,13
19892,183098,hand,969,13
19893,183103,and,969,13
19894,183107,holds,969,13
19895,183113,Deckard,969,13
19896,183131,Deckard,969,13
19897,183139,is,969,13
19898,183142,suspended,969,13
19899,183152,above,969,13
19900,183158,the,969,13
19901,183162,awesome,969,13
19902,183170,drop,969,13
19903,183176,not,969,13
19904,183180,sure,969,13
19905,183193,why,969,13
19906,183197,he's,969,13
19907,183202,not,969,13
19908,183206,falling,969,13
19909,183216,He,969,13
19910,183219,opens,969,13
19911,183225,his,969,13
19912,183229,tightly,969,13
19913,183237,closed,969,13
19914,183244,eyes,969,13
19915,183257,and,969,13
19916,183261,looks,969,13
19917,183267,up,969,13
19918,183280,He,969,13
19919,183283,looks,969,13
19920,183289,up,969,13
19921,183292,into,969,13
19922,183297,the,969,13
19923,183301,stern,969,13
19924,183307,warrior,969,13
19925,183315,face,969,13
19926,183320,of,969,13
19927,183323,Batty,969,13
19928,183330,the,969,13
19929,183342,cold,969,13
19930,183347,eyes,969,13
19931,183362,Deckard,969,13
19932,183370,hangs,969,13
19933,183376,there,969,13
19934,183382,and,969,13
19935,183386,for,969,13
19936,183390,a,969,13
19937,183392,moment,969,13
19938,183399,he,969,13
19939,183402,has,969,13
19940,183406,to,969,13
19941,183409,consider,969,13
19942,183426,whether,969,13
19943,183434,this,969,13
19944,183439,is,969,13
19945,183442,the,969,13
19946,183446,continuation,969,13
19947,183459,of,969,13
19948,183462,a,969,13
19949,183464,cruel,969,13
19950,183470,game,969,13
19951,183485,The,969,13
19952,183489,Batty,969,13
19953,183495,is,969,13
19954,183498,hauling,969,13
19955,183506,him,969,13
19956,183510,up,969,13
19957,183513,one,969,13
19958,183517,handed,969,13
19959,183524,and,969,13
19960,183528,with,969,13
19961,183533,that,969,13
19962,183546,scary,969,13
19963,183552,strength,969,13
19964,183561,he,969,13
19965,183564,has,969,13
19966,183578,Deckard,969,13
19967,183586,is,969,13
19968,183589,pulled,969,13
19969,183596,onto,969,13
19970,183601,the,969,13
19971,183605,roof,969,13
19972,183610,where,969,13
19973,183616,he,969,13
19974,183619,lies,969,13
19975,183624,on,969,13
19976,183627,his,969,13
19977,183639,stomach,969,13
19978,183647,gasping,969,13
19979,183655,for,969,13
19980,183659,breath,969,13
19981,183667,not,969,13
19982,183671,moving,969,13
19983,183679,just,969,13
19984,183684,feeling,969,13
19985,183700,something,969,13
19986,183710,solid,969,13
19987,183716,under,969,13
19988,183722,him,969,13
19989,183736,Batty,969,13
19990,183742,looks,969,13
19991,183748,at,969,13
19992,183751,the,969,13
19993,183755,man,969,13
19994,183759,gasping,969,13
19995,183767,next,969,13
19996,183772,to,969,13
19997,183775,him,969,13
19998,183779,with,969,13
19999,183784,the,969,13
20000,183796,cold,969,13
20001,183801,eyes,969,13
20002,183806,of,969,13
20003,183809,a,969,13
20004,183811,man,969,13
20005,183815,looking,969,13
20006,183823,at,969,13
20007,183826,a,969,13
20008,183828,fish,969,13
20009,183835,It,969,13
20010,183838,is,969,13
20011,183841,as,969,13
20012,183844,though,969,13
20013,183859,Deckard,969,13
20014,183867,is,969,13
20015,183870,some,969,13
20016,183875,species,969,13
20017,183883,far,969,13
20018,183887,below,969,13
20019,183893,Batty,969,13
20020,183899,on,969,13
20021,183902,the,969,13
20022,183906,evolu,969,13
20023,183921,tionary,969,13
20024,183929,scale,969,13
20025,183945,Batty's,969,13
20026,183953,hand,969,13
20027,183958,cramps,969,13
20028,183965,again,969,13
20029,183981,Batty,969,13
20030,183987,looks,969,13
20031,183993,at,969,13
20032,183996,it,969,13
20033,184000,almost,969,13
20034,184007,with,969,13
20035,184012,curiosity,969,13
20036,184075,JUMP,970,13
20037,184080,CUT,970,13
20038,184084,TO,970,13
20039,184098,EXT,971,13
20040,184103,THE,971,13
20041,184107,SECOND,971,13
20042,184114,ROOF,971,13
20043,184120,LATER,971,13
20044,184154,127,971,13
20045,184167,Deckard,972,13
20046,184175,is,972,13
20047,184178,looking,972,13
20048,184186,at,972,13
20049,184189,Batty,972,13
20050,184205,Batty,972,13
20051,184211,is,972,13
20052,184214,partly,972,13
20053,184221,crumpled,972,13
20054,184231,frozen,972,13
20055,184238,in,972,13
20056,184241,an,972,13
20057,184244,unnatural,972,13
20058,184254,posi,972,13
20059,184268,tion,972,13
20060,184273,as,972,13
20061,184276,though,972,13
20062,184283,he,972,13
20063,184286,had,972,13
20064,184290,been,972,13
20065,184295,writhing,972,13
20066,184304,and,972,13
20067,184308,stopped,972,13
20068,184316,mid,972,13
20069,184329,writhe,972,13
20070,184338,He,972,13
20071,184341,looks,972,13
20072,184347,back,972,13
20073,184352,at,972,13
20074,184355,Deckard,972,13
20075,184363,with,972,13
20076,184368,eyes,972,13
20077,184373,full,972,13
20078,184378,of,972,13
20079,184389,life,972,13
20080,184394,and,972,13
20081,184398,intensity,972,13
20082,184418,They,972,13
20083,184423,stare,972,13
20084,184429,at,972,13
20085,184432,each,972,13
20086,184437,other,972,13
20087,184443,for,972,13
20088,184447,a,972,13
20089,184449,long,972,13
20090,184454,time,972,13
20091,184459,in,972,13
20092,184462,silence,972,13
20093,184479,communicating,972,13
20094,184493,something,972,13
20095,184503,with,972,13
20096,184508,their,972,13
20097,184514,eyes,972,13
20098,184522,without,972,13
20099,184538,expression,972,13
20100,184551,Finally,972,13
20101,184559,Batty,972,13
20102,184565,breaks,972,13
20103,184572,the,972,13
20104,184576,silence,972,13
20105,184618,BATTY,973,13
20106,184642,I've,973,13
20107,184647,seen,973,13
20108,184652,things,973,13
20109,184688,long,973,13
20110,184693,pause,973,13
20111,184718,seen,973,13
20112,184723,things,973,13
20113,184730,you,973,13
20114,184734,little,973,13
20115,184741,people,973,13
20116,184766,wouldn't,973,13
20117,184775,believe,973,13
20118,184786,Attack,973,13
20119,184793,ships,973,13
20120,184817,on,973,13
20121,184820,fire,973,13
20122,184825,off,973,13
20123,184829,the,973,13
20124,184833,shoulder,973,13
20125,184842,of,973,13
20126,184845,Orion,973,13
20127,184869,bright,973,13
20128,184876,as,973,13
20129,184879,magnesium,973,13
20130,184892,I,973,13
20131,184894,rode,973,13
20132,184899,on,973,13
20133,184920,the,973,13
20134,184924,back,973,13
20135,184929,decks,973,13
20136,184935,of,973,13
20137,184938,a,973,13
20138,184940,blinker,973,13
20139,184948,and,973,13
20140,184970,watched,973,13
20141,184978,c,973,13
20142,184980,beams,973,13
20143,184986,glitter,973,13
20144,184994,in,973,13
20145,184997,the,973,13
20146,185001,dark,973,13
20147,185024,near,973,13
20148,185029,the,973,13
20149,185033,Tanhauser,973,13
20150,185043,Gate,973,13
20151,185075,pause,973,13
20152,185100,all,973,13
20153,185104,those,973,13
20154,185110,moments,973,13
20155,185121,they'll,973,13
20156,185129,be,973,13
20157,185132,gone,973,13
20158,185147,Batty,973,13
20159,185153,holds,973,13
20160,185159,Deckard's,973,13
20161,185169,eyes,973,13
20162,185174,like,973,13
20163,185179,a,973,13
20164,185181,hypnotist,973,13
20165,185244,CUT,974,13
20166,185248,TO,974,13
20167,185262,EXT,975,13
20168,185267,THE,975,13
20169,185271,SECOND,975,13
20170,185278,ROOF,975,13
20171,185284,A,975,13
20172,185286,LITTLE,975,13
20173,185293,LATER,975,13
20174,185318,128,975,13
20175,185331,Batty,976,13
20176,185337,is,976,13
20177,185340,crumpled,976,13
20178,185349,in,976,13
20179,185352,a,976,13
20180,185354,different,976,13
20181,185364,position,976,13
20182,185375,It's,976,13
20183,185380,light,976,13
20184,185395,er,976,13
20185,185398,now,976,13
20186,185402,and,976,13
20187,185406,Batty's,976,13
20188,185414,eyes,976,13
20189,185419,are,976,13
20190,185423,staring,976,13
20191,185431,into,976,13
20192,185436,infinity,976,13
20193,185456,almost,976,13
20194,185463,lifelessly,976,13
20195,185476,A,976,13
20196,185478,pigeon,976,13
20197,185485,flutters,976,13
20198,185494,down,976,13
20199,185499,and,976,13
20200,185503,perches,976,13
20201,185519,on,976,13
20202,185522,his,976,13
20203,185526,shoulder,976,13
20204,185537,Batty,976,13
20205,185543,doesn't,976,13
20206,185551,stir,976,13
20207,185566,Deckard,976,13
20208,185574,is,976,13
20209,185577,watching,976,13
20210,185586,motionless,976,13
20211,185607,The,976,13
20212,185611,pigeon,976,13
20213,185618,flies,976,13
20214,185624,off,976,13
20215,185638,Batty,976,13
20216,185644,doesn't,976,13
20217,185652,move,976,13
20218,185659,Alive,976,13
20219,185665,or,976,13
20220,185668,dead,976,13
20221,185726,CUT,977,13
20222,185730,TO,977,13
20223,185744,EXT,978,14
20224,185749,THE,978,14
20225,185753,SECOND,978,14
20226,185760,ROOF,978,14
20227,185767,DAWN,978,14
20228,185800,129,978,14
20229,185813,A,979,14
20230,185815,more,979,14
20231,185820,distant,979,14
20232,185828,perspective,979,14
20233,185842,Deckard,979,14
20234,185850,is,979,14
20235,185853,a,979,14
20236,185855,small,979,14
20237,185861,figure,979,14
20238,185876,looking,979,14
20239,185884,down,979,14
20240,185889,at,979,14
20241,185892,the,979,14
20242,185896,dead,979,14
20243,185901,body,979,14
20244,185906,of,979,14
20245,185909,Batty,979,14
20246,185949,DECKARD,980,14
20247,185958,V,980,14
20248,185960,O,980,14
20249,185982,I,980,14
20250,185984,watched,980,14
20251,185992,him,980,14
20252,185996,die,980,14
20253,186000,all,980,14
20254,186004,night,980,14
20255,186012,It,980,14
20256,186033,was,980,14
20257,186037,a,980,14
20258,186039,long,980,14
20259,186045,slow,980,14
20260,186050,thing,980,14
20261,186056,and,980,14
20262,186060,he,980,14
20263,186081,fought,980,14
20264,186088,it,980,14
20265,186091,all,980,14
20266,186095,the,980,14
20267,186099,way,980,14
20268,186105,He,980,14
20269,186108,never,980,14
20270,186132,whimpered,980,14
20271,186142,and,980,14
20272,186146,he,980,14
20273,186149,never,980,14
20274,186155,quit,980,14
20275,186162,He,980,14
20276,186183,took,980,14
20277,186188,all,980,14
20278,186192,the,980,14
20279,186196,time,980,14
20280,186201,he,980,14
20281,186204,had,980,14
20282,186211,as,980,14
20283,186232,though,980,14
20284,186239,he,980,14
20285,186242,loved,980,14
20286,186248,life,980,14
20287,186253,very,980,14
20288,186258,much,980,14
20289,186284,every,980,14
20290,186290,second,980,14
20291,186297,of,980,14
20292,186300,it,980,14
20293,186306,even,980,14
20294,186311,the,980,14
20295,186333,pain,980,14
20296,186340,Then,980,14
20297,186345,he,980,14
20298,186348,was,980,14
20299,186352,dead,980,14
20300,186368,EXT,981,14
20301,186373,ROOF,981,14
20302,186380,DAWN,981,14
20303,186424,130,981,14
20304,186437,The,982,14
20305,186441,city,982,14
20306,186446,is,982,14
20307,186449,down,982,14
20308,186454,there,982,14
20309,186462,Endless,982,14
20310,186470,and,982,14
20311,186474,gray,982,14
20312,186479,in,982,14
20313,186482,the,982,14
20314,186486,first,982,14
20315,186500,light,982,14
20316,186516,Deckard's,982,14
20317,186526,at,982,14
20318,186529,the,982,14
20319,186533,edge,982,14
20320,186538,of,982,14
20321,186541,the,982,14
20322,186545,roof,982,14
20323,186560,Maybe,982,14
20324,186566,someday,982,14
20325,186574,he'll,982,14
20326,186580,be,982,14
20327,186583,better,982,14
20328,186592,But,982,14
20329,186596,right,982,14
20330,186602,now,982,14
20331,186606,he,982,14
20332,186609,hasn't,982,14
20333,186624,even,982,14
20334,186629,got,982,14
20335,186633,the,982,14
20336,186637,energy,982,14
20337,186644,to,982,14
20338,186647,be,982,14
20339,186650,sick,982,14
20340,186665,The,982,14
20341,186669,Mexican's,982,14
20342,186679,voice,982,14
20343,186685,doesn't,982,14
20344,186693,surprise,982,14
20345,186702,him,982,14
20346,186707,it,982,14
20347,186710,comes,982,14
20348,186716,through,982,14
20349,186732,the,982,14
20350,186736,silence,982,14
20351,186744,like,982,14
20352,186749,the,982,14
20353,186753,rasping,982,14
20354,186761,of,982,14
20355,186764,raven's,982,14
20356,186772,wings,982,14
20357,186812,GAFF,983,14
20358,186835,How,983,14
20359,186839,do,983,14
20360,186842,you,983,14
20361,186846,rate,983,14
20362,186851,yourself,983,14
20363,186861,now,983,14
20364,186865,Deckard,983,14
20365,186884,He,983,14
20366,186887,is,983,14
20367,186890,standing,983,14
20368,186899,20,983,14
20369,186902,feet,983,14
20370,186907,away,983,14
20371,186913,on,983,14
20372,186916,the,983,14
20373,186920,edge,983,14
20374,186925,of,983,14
20375,186928,the,983,14
20376,186932,roof,983,14
20377,186938,like,983,14
20378,186951,a,983,14
20379,186953,captain,983,14
20380,186961,looking,983,14
20381,186969,at,983,14
20382,186972,the,983,14
20383,186976,sea,983,14
20384,186982,Smarts,983,14
20385,186989,as,983,14
20386,186992,a,983,14
20387,186994,rooster,983,14
20388,187002,he,983,14
20389,187005,places,983,14
20390,187020,a,983,14
20391,187022,foot,983,14
20392,187027,on,983,14
20393,187030,the,983,14
20394,187034,buttress,983,14
20395,187080,GAFF,984,14
20396,187103,You,984,14
20397,187107,put,984,14
20398,187111,on,984,14
20399,187114,quite,984,14
20400,187120,a,984,14
20401,187122,show,984,14
20402,187129,no,984,14
20403,187132,doubt,984,14
20404,187156,about,984,14
20405,187162,it,984,14
20406,187183,With,984,14
20407,187188,a,984,14
20408,187190,flourish,984,14
20409,187199,he,984,14
20410,187202,brings,984,14
20411,187209,a,984,14
20412,187211,dirty,984,14
20413,187217,rag,984,14
20414,187221,out,984,14
20415,187225,of,984,14
20416,187228,his,984,14
20417,187232,pocket,984,14
20418,187239,and,984,14
20419,187251,starts,984,14
20420,187258,polishing,984,14
20421,187268,the,984,14
20422,187272,pointed,984,14
20423,187280,tip,984,14
20424,187284,of,984,14
20425,187287,his,984,14
20426,187291,long,984,14
20427,187296,black,984,14
20428,187302,shoe,984,14
20429,187341,GAFF,985,14
20430,187364,You,985,14
20431,187368,think,985,14
20432,187374,I'm,985,14
20433,187378,a,985,14
20434,187380,wimp,985,14
20435,187387,don't,985,14
20436,187393,you,985,14
20437,187407,He,985,14
20438,187410,waits,985,14
20439,187416,for,985,14
20440,187420,the,985,14
20441,187424,answer,985,14
20442,187433,But,985,14
20443,187437,Deckard,985,14
20444,187445,doesn't,985,14
20445,187453,bother,985,14
20446,187470,Gaff,985,14
20447,187475,moistens,985,14
20448,187484,the,985,14
20449,187488,rag,985,14
20450,187492,with,985,14
20451,187497,his,985,14
20452,187501,tongue,985,14
20453,187508,and,985,14
20454,187512,applies,985,14
20455,187520,it,985,14
20456,187523,to,985,14
20457,187534,the,985,14
20458,187538,toe,985,14
20459,187576,GAFF,986,14
20460,187599,I,986,14
20461,187601,could,986,14
20462,187607,kill,986,14
20463,187612,you,986,14
20464,187616,right,986,14
20465,187622,now,986,14
20466,187646,so,986,14
20467,187649,you,986,14
20468,187653,better,986,14
20469,187660,say,986,14
20470,187664,something,986,14
20471,187684,Deckard,986,14
20472,187692,is,986,14
20473,187695,unarmed,986,14
20474,187704,Gaff's,986,14
20475,187711,got,986,14
20476,187715,all,986,14
20477,187719,the,986,14
20478,187723,aces,986,14
20479,187729,seems,986,14
20480,187735,to,986,14
20481,187738,be,986,14
20482,187749,bristling,986,14
20483,187759,with,986,14
20484,187764,concealed,986,14
20485,187774,weapons,986,14
20486,187784,Deckard's,986,14
20487,187794,eyes,986,14
20488,187799,level,986,14
20489,187805,on,986,14
20490,187816,him,986,14
20491,187822,His,986,14
20492,187826,voice,986,14
20493,187832,comes,986,14
20494,187838,out,986,14
20495,187842,low,986,14
20496,187846,and,986,14
20497,187850,raw,986,14
20498,187888,DECKARD,987,14
20499,187914,Yeah,987,14
20500,187920,I,987,14
20501,187922,think,987,14
20502,187928,you're,987,14
20503,187935,a,987,14
20504,187937,wimp,987,14
20505,187952,Gaff,987,14
20506,187957,nods,987,14
20507,187962,like,987,14
20508,187967,he,987,14
20509,187970,knew,987,14
20510,187975,it,987,14
20511,187978,all,987,14
20512,187982,along,987,14
20513,187990,it,987,14
20514,187993,seems,987,14
20515,187999,to,987,14
20516,188002,please,987,14
20517,188017,him,987,14
20518,188055,GAFF,988,14
20519,188078,I,988,14
20520,188080,admire,988,14
20521,188087,you,988,14
20522,188091,more,988,14
20523,188096,and,988,14
20524,188100,more,988,14
20525,188115,Deckard,988,14
20526,188123,exhales,988,14
20527,188131,fatigue,988,14
20528,188141,His,988,14
20529,188145,eyes,988,14
20530,188150,close,988,14
20531,188157,The,988,14
20532,188161,bullshit,988,14
20533,188178,is,988,14
20534,188181,endless,988,14
20535,188191,Gaff,988,14
20536,188196,smiles,988,14
20537,188203,like,988,14
20538,188208,a,988,14
20539,188210,beaver,988,14
20540,188218,Puts,988,14
20541,188223,the,988,14
20542,188227,rag,988,14
20543,188231,back,988,14
20544,188244,in,988,14
20545,188247,his,988,14
20546,188251,pocket,988,14
20547,188292,GAFF,989,14
20548,188315,I,989,14
20549,188317,guess,989,14
20550,188323,you're,989,14
20551,188330,through,989,14
20552,188339,huh,989,14
20553,188353,Deckard,989,14
20554,188361,doesn't,989,14
20555,188369,answer,989,14
20556,188410,GAFF,990,14
20557,188433,Washed,990,14
20558,188440,up,990,14
20559,188444,Wiped,990,14
20560,188450,out,990,14
20561,188457,Finished,990,14
20562,188476,He,990,14
20563,188479,cocks,990,14
20564,188485,his,990,14
20565,188489,head,990,14
20566,188494,like,990,14
20567,188499,a,990,14
20568,188501,bluejay,990,14
20569,188509,waiting,990,14
20570,188517,for,990,14
20571,188521,the,990,14
20572,188525,answer,990,14
20573,188566,GAFF,991,14
20574,188589,What,991,14
20575,188594,about,991,14
20576,188600,it,991,14
20577,188637,DECKARD,992,14
20578,188663,Yeah,992,14
20579,188669,I'm,992,14
20580,188673,through,992,14
20581,188691,Somewhere,992,14
20582,188701,far,992,14
20583,188705,away,992,14
20584,188710,a,992,14
20585,188712,whistle,992,14
20586,188720,blows,992,14
20587,188727,Then,992,14
20588,188732,silence,992,14
20589,188741,Deckard,992,14
20590,188757,turns,992,14
20591,188765,He,992,14
20592,188768,is,992,14
20593,188771,moving,992,14
20594,188778,away,992,14
20595,188785,His,992,14
20596,188789,back,992,14
20597,188794,to,992,14
20598,188797,the,992,14
20599,188801,Mexican,992,14
20600,188810,Gaff's,992,14
20601,188825,voice,992,14
20602,188831,follows,992,14
20603,188839,him,992,14
20604,188844,Taunting,992,14
20605,188887,GAFF,993,14
20606,188910,You,993,14
20607,188914,did,993,14
20608,188942,sure,993,14
20609,188947,you,993,14
20610,188951,are,993,14
20611,188956,man,993,14
20612,188970,He,993,14
20613,188973,snickers,993,14
20614,188983,His,993,14
20615,188987,hand,993,14
20616,188992,comes,993,14
20617,188998,out,993,14
20618,189002,of,993,14
20619,189005,his,993,14
20620,189009,pocket,993,14
20621,189016,with,993,14
20622,189021,a,993,14
20623,189023,gun,993,14
20624,189061,GAFF,994,14
20625,189084,It's,994,14
20626,189089,hard,994,14
20627,189094,to,994,14
20628,189097,be,994,14
20629,189100,sure,994,14
20630,189105,who's,994,14
20631,189111,who,994,14
20632,189115,around,994,14
20633,189140,here,994,14
20634,189155,Deckard,994,14
20635,189163,keeps,994,14
20636,189169,walking,994,14
20637,189211,GAFF,995,14
20638,189234,Carnall,995,14
20639,189252,Deckard,995,14
20640,189260,slowly,995,14
20641,189267,turns,995,14
20642,189283,Gaff,995,14
20643,189288,shows,995,14
20644,189294,him,995,14
20645,189298,the,995,14
20646,189302,gun,995,14
20647,189307,But,995,14
20648,189311,it,995,14
20649,189314,doesn't,995,14
20650,189322,make,995,14
20651,189327,any,995,14
20652,189331,difference,995,14
20653,189376,GAFF,996,14
20654,189399,Oye,996,14
20655,189403,la,996,14
20656,189406,agua,996,14
20657,189421,Deckard,996,14
20658,189429,stares,996,14
20659,189437,He,996,14
20660,189440,doesn't,996,14
20661,189448,know,996,14
20662,189453,the,996,14
20663,189457,words,996,14
20664,189473,Ever,996,14
20665,189478,the,996,14
20666,189482,dandy,996,14
20667,189489,Gaff,996,14
20668,189494,swaggers,996,14
20669,189503,closer,996,14
20670,189511,stops,996,14
20671,189551,GAFF,997,14
20672,189574,Here,997,14
20673,189589,He,997,14
20674,189592,throws,997,14
20675,189599,the,997,14
20676,189603,gun,997,14
20677,189607,across,997,14
20678,189614,the,997,14
20679,189618,gap,997,14
20680,189622,to,997,14
20681,189625,Deckard,997,14
20682,189643,Deckard,997,14
20683,189651,doesn't,997,14
20684,189659,try,997,14
20685,189663,to,997,14
20686,189666,catch,997,14
20687,189672,it,997,14
20688,189676,It,997,14
20689,189679,lands,997,14
20690,189685,at,997,14
20691,189688,his,997,14
20692,189692,feet,997,14
20693,189707,Gaff,997,14
20694,189712,dismisses,997,14
20695,189722,the,997,14
20696,189726,rejection,997,14
20697,189736,with,997,14
20698,189741,a,997,14
20699,189743,suck,997,14
20700,189748,on,997,14
20701,189751,his,997,14
20702,189755,teeth,997,14
20703,189795,GAFF,998,14
20704,189818,I,998,14
20705,189820,wouldn't,998,14
20706,189829,wait,998,14
20707,189834,too,998,14
20708,189838,long,998,14
20709,189844,I,998,14
20710,189846,wouldn't,998,14
20711,189873,fool,998,14
20712,189878,around,998,14
20713,189886,I'd,998,14
20714,189890,get,998,14
20715,189894,my,998,14
20716,189897,little,998,14
20717,189904,panocha,998,14
20718,189930,and,998,14
20719,189934,get,998,14
20720,189938,the,998,14
20721,189942,hell,998,14
20722,189947,outta,998,14
20723,189953,here,998,14
20724,189968,They,998,14
20725,189973,just,998,14
20726,189978,stare,998,14
20727,189984,at,998,14
20728,189987,each,998,14
20729,189992,other,998,14
20730,189999,Gaff,998,14
20731,190004,smiles,998,14
20732,190045,GAFF,999,14
20733,190068,It's,999,14
20734,190073,too,999,14
20735,190077,bad,999,14
20736,190082,she,999,14
20737,190086,don't,999,14
20738,190092,last,999,14
20739,190098,eh,999,14
20740,190111,The,999,14
20741,190115,smile,999,14
20742,190121,is,999,14
20743,190124,real,999,14
20744,190129,and,999,14
20745,190133,a,999,14
20746,190135,little,999,14
20747,190142,sad,999,14
20748,190180,GAFF,1000,14
20749,190203,But,1000,14
20750,190207,who,1000,14
20751,190211,does,1000,14
20752,190226,Everybody,1000,14
20753,190236,knows,1000,14
20754,190242,the,1000,14
20755,190246,answer,1000,14
20756,190253,to,1000,14
20757,190256,that,1000,14
20758,190261,one,1000,14
20759,190275,The,1000,14
20760,190279,Mexican,1000,14
20761,190287,shrugs,1000,14
20762,190304,The,1000,14
20763,190308,light,1000,14
20764,190314,is,1000,14
20765,190317,brighter,1000,14
20766,190336,The,1000,14
20767,190340,gun,1000,14
20768,190344,gleams,1000,14
20769,190351,on,1000,14
20770,190354,the,1000,14
20771,190358,wet,1000,14
20772,190377,Deckard,1000,14
20773,190385,turns,1000,14
20774,190391,and,1000,14
20775,190395,walks,1000,14
20776,190454,CUT,1000,14
20777,190458,TO,1000,14
20778,190471,OMIT,1000,14
20779,190527,131,1000,14
20780,190540,INT,1001,14
20781,190545,DECKARD'S,1001,14
20782,190555,CORRIDOR,1001,14
20783,190566,DAY,1001,14
20784,190596,132,1001,14
20785,190609,Deckard's,1002,14
20786,190619,FEET,1002,14
20787,190624,CLICK,1002,14
20788,190630,along,1002,14
20789,190636,the,1002,14
20790,190640,corridor,1002,14
20791,190649,as,1002,14
20792,190652,he,1002,14
20793,190663,approaches,1002,14
20794,190674,his,1002,14
20795,190678,door,1002,14
20796,190693,Near,1002,14
20797,190698,the,1002,14
20798,190702,door,1002,14
20799,190708,on,1002,14
20800,190711,the,1002,14
20801,190715,floor,1002,14
20802,190722,is,1002,14
20803,190725,a,1002,14
20804,190727,little,1002,14
20805,190734,tinfoil,1002,14
20806,190742,uni,1002,14
20807,190755,corn,1002,14
20808,190761,the,1002,14
20809,190765,kind,1002,14
20810,190770,of,1002,14
20811,190773,sculpture,1002,14
20812,190783,Gaff,1002,14
20813,190788,has,1002,14
20814,190792,been,1002,14
20815,190797,crafting,1002,14
20816,190806,on,1002,14
20817,190817,previous,1002,14
20818,190826,occasions,1002,14
20819,190846,Deckard,1002,14
20820,190854,comes,1002,14
20821,190860,to,1002,14
20822,190863,the,1002,14
20823,190867,door,1002,14
20824,190873,unlocks,1002,14
20825,190881,it,1002,14
20826,190885,opens,1002,14
20827,190891,it,1002,14
20828,190904,He,1002,14
20829,190907,doesn't,1002,14
20830,190915,see,1002,14
20831,190919,the,1002,14
20832,190923,piece,1002,14
20833,190929,of,1002,14
20834,190932,sculpture,1002,14
20835,190942,on,1002,14
20836,190945,the,1002,14
20837,190949,floor,1002,14
20838,191008,CUT,1003,14
20839,191012,TO,1003,14
20840,191026,INT,1004,14
20841,191031,DECKARD'S,1004,14
20842,191041,LIVING,1004,14
20843,191048,ROOM,1004,14
20844,191055,DAY,1004,14
20845,191082,133,1004,14
20846,191095,The,1005,14
20847,191099,room,1005,14
20848,191104,is,1005,14
20849,191107,dark,1005,14
20850,191112,and,1005,14
20851,191116,quiet,1005,14
20852,191122,as,1005,14
20853,191125,Deckard,1005,14
20854,191133,enters,1005,14
20855,191142,You,1005,14
20856,191146,can,1005,14
20857,191158,hear,1005,14
20858,191163,the,1005,14
20859,191167,SOUND,1005,14
20860,191173,OF,1005,14
20861,191176,A,1005,14
20862,191178,BABY,1005,14
20863,191183,CRYING,1005,14
20864,191190,somewhere,1005,14
20865,191210,Deckard,1005,14
20866,191218,frowns,1005,14
20867,191226,looks,1005,14
20868,191232,around,1005,14
20869,191249,The,1005,14
20870,191253,CLOCK,1005,14
20871,191259,TICKS,1005,14
20872,191267,The,1005,14
20873,191271,BABY,1005,14
20874,191276,CRIES,1005,14
20875,191284,Nothing,1005,14
20876,191292,moves,1005,14
20877,191332,DECKARD,1006,14
20878,191358,Rachael,1006,14
20879,191376,No,1006,14
20880,191379,answer,1006,14
20881,191396,Deckard,1006,14
20882,191404,looks,1006,14
20883,191410,concerned,1006,14
20884,191422,He,1006,14
20885,191425,glances,1006,14
20886,191433,in,1006,14
20887,191436,the,1006,14
20888,191440,kitchen,1006,14
20889,191501,CUT,1007,14
20890,191505,TO,1007,14
20891,191519,INT,1008,14
20892,191524,KITCHEN,1008,14
20893,191534,DECKARD'S,1008,14
20894,191544,POV,1008,14
20895,191550,DAY,1008,14
20896,191575,134,1008,14
20897,191588,He,1009,14
20898,191591,sees,1009,14
20899,191596,the,1009,14
20900,191600,same,1009,14
20901,191605,old,1009,14
20902,191609,mess,1009,14
20903,191624,Or,1009,14
20904,191627,did,1009,14
20905,191631,she,1009,14
20906,191635,clean,1009,14
20907,191641,it,1009,14
20908,191644,up,1009,14
20909,191700,CUT,1010,14
20910,191704,TO,1010,14
20911,191718,INT,1011,14
20912,191723,BEDROOM,1011,14
20913,191733,DAY,1011,14
20914,191774,135,1011,14
20915,191787,The,1012,14
20916,191791,bedroom,1012,14
20917,191799,is,1012,14
20918,191802,dark,1012,14
20919,191817,Deckard,1012,14
20920,191825,opens,1012,14
20921,191831,the,1012,14
20922,191835,door,1012,14
20923,191850,He,1012,14
20924,191853,sees,1012,14
20925,191858,something,1012,14
20926,191868,on,1012,14
20927,191871,the,1012,14
20928,191875,bed,1012,14
20929,191881,Motionless,1012,14
20930,191894,A,1012,14
20931,191896,body,1012,14
20932,191911,Deckard,1012,14
20933,191919,enters,1012,14
20934,191936,The,1012,14
20935,191940,CLOCK,1012,14
20936,191946,TICKS,1012,14
20937,191954,The,1012,14
20938,191958,BABY,1012,14
20939,191963,SQUALLS,1012,14
20940,191971,in,1012,14
20941,191974,the,1012,14
20942,191978,distance,1012,14
20943,191997,Deckard,1012,14
20944,192005,goes,1012,14
20945,192010,close,1012,14
20946,192026,Rachael,1012,14
20947,192034,is,1012,14
20948,192037,on,1012,14
20949,192040,the,1012,14
20950,192044,bed,1012,14
20951,192050,Completely,1012,14
20952,192061,motionless,1012,14
20953,192082,Deckard,1012,14
20954,192090,leans,1012,14
20955,192096,over,1012,14
20956,192101,her,1012,14
20957,192106,very,1012,14
20958,192111,close,1012,14
20959,192118,to,1012,14
20960,192121,see,1012,14
20961,192125,if,1012,14
20962,192128,she's,1012,14
20963,192142,breathing,1012,14
20964,192162,A,1012,14
20965,192164,long,1012,14
20966,192169,moment,1012,14
20967,192186,Then,1012,14
20968,192191,the,1012,14
20969,192195,tension,1012,14
20970,192203,goes,1012,14
20971,192208,out,1012,14
20972,192212,of,1012,14
20973,192215,him,1012,14
20974,192221,She's,1012,14
20975,192227,alive,1012,14
20976,192235,He,1012,14
20977,192246,turns,1012,14
20978,192252,away,1012,14
20979,192257,from,1012,14
20980,192262,her,1012,14
20981,192266,with,1012,14
20982,192271,a,1012,14
20983,192273,new,1012,14
20984,192277,urgency,1012,14
20985,192295,He,1012,14
20986,192298,pulls,1012,14
20987,192304,the,1012,14
20988,192308,blaster,1012,14
20989,192316,from,1012,14
20990,192321,his,1012,14
20991,192325,holster,1012,14
20992,192333,and,1012,14
20993,192337,goes,1012,14
20994,192342,to,1012,14
20995,192345,the,1012,14
20996,192357,dresser,1012,14
20997,192367,He,1012,14
20998,192370,opens,1012,14
20999,192376,a,1012,14
21000,192378,drawer,1012,14
21001,192385,and,1012,14
21002,192389,pulls,1012,14
21003,192395,out,1012,14
21004,192399,a,1012,14
21005,192401,box,1012,14
21006,192405,of,1012,14
21007,192416,ammo,1012,14
21008,192423,Opens,1012,14
21009,192429,it,1012,14
21010,192442,KACHUK,1012,14
21011,192451,He,1012,14
21012,192454,slams,1012,14
21013,192460,a,1012,14
21014,192462,cartridge,1012,14
21015,192472,in,1012,14
21016,192475,the,1012,14
21017,192479,gun,1012,14
21018,192493,KACHUK,1012,14
21019,192502,Another,1012,14
21020,192520,On,1012,14
21021,192523,the,1012,14
21022,192527,bed,1012,14
21023,192531,Rachael,1012,14
21024,192539,stirs,1012,14
21025,192546,opens,1012,14
21026,192552,her,1012,14
21027,192556,eyes,1012,14
21028,192563,KACHUK,1012,14
21029,192580,She,1012,14
21030,192584,sees,1012,14
21031,192589,an,1012,14
21032,192592,ominous,1012,14
21033,192600,sight,1012,14
21034,192608,Deckard,1012,14
21035,192616,is,1012,14
21036,192619,loading,1012,14
21037,192627,his,1012,14
21038,192631,gun,1012,14
21039,192643,in,1012,14
21040,192646,the,1012,14
21041,192650,shadows,1012,14
21042,192658,near,1012,14
21043,192663,the,1012,14
21044,192667,dresser,1012,14
21045,192676,his,1012,14
21046,192680,back,1012,14
21047,192685,to,1012,14
21048,192688,her,1012,14
21049,192702,KACHUK,1012,14
21050,192711,He,1012,14
21051,192714,slams,1012,14
21052,192720,the,1012,14
21053,192724,last,1012,14
21054,192729,cartridge,1012,14
21055,192739,in,1012,14
21056,192776,DECKARD,1013,14
21057,192802,Do,1013,14
21058,192805,you,1013,14
21059,192809,love,1013,14
21060,192814,me,1013,14
21061,192827,He,1013,14
21062,192830,is,1013,14
21063,192833,looking,1013,14
21064,192841,at,1013,14
21065,192844,her,1013,14
21066,192848,in,1013,14
21067,192851,the,1013,14
21068,192855,mirror,1013,14
21069,192862,on,1013,14
21070,192865,the,1013,14
21071,192869,dresser,1013,14
21072,192879,He,1013,14
21073,192890,has,1013,14
21074,192894,the,1013,14
21075,192898,gun,1013,14
21076,192902,in,1013,14
21077,192905,his,1013,14
21078,192909,hand,1013,14
21079,192924,She,1013,14
21080,192928,is,1013,14
21081,192931,looking,1013,14
21082,192939,at,1013,14
21083,192942,his,1013,14
21084,192946,back,1013,14
21085,192985,RACHAEL,1014,14
21086,193011,I,1014,14
21087,193013,love,1014,14
21088,193018,you,1014,14
21089,193032,Deckard,1014,14
21090,193040,holsters,1014,14
21091,193049,the,1014,14
21092,193053,gun,1014,14
21093,193057,without,1014,14
21094,193065,turning,1014,14
21095,193073,and,1014,14
21096,193077,pulls,1014,14
21097,193091,open,1014,14
21098,193096,another,1014,14
21099,193104,drawer,1014,14
21100,193145,DECKARD,1015,14
21101,193171,Do,1015,14
21102,193174,you,1015,14
21103,193178,trust,1015,14
21104,193184,me,1015,14
21105,193197,Deckard,1015,14
21106,193205,is,1015,14
21107,193208,pulling,1015,14
21108,193216,clothes,1015,14
21109,193224,out,1015,14
21110,193228,of,1015,14
21111,193231,the,1015,14
21112,193235,drawer,1015,14
21113,193243,stuff,1015,14
21114,193258,ing,1015,14
21115,193262,them,1015,14
21116,193267,hastily,1015,14
21117,193275,into,1015,14
21118,193280,a,1015,14
21119,193282,parachute,1015,14
21120,193292,bag,1015,14
21121,193330,RACHAEL,1016,14
21122,193356,I,1016,14
21123,193358,trust,1016,14
21124,193364,you,1016,14
21125,193378,Deckard,1016,14
21126,193386,turns,1016,14
21127,193392,and,1016,14
21128,193396,looks,1016,14
21129,193402,at,1016,14
21130,193405,herm,1016,14
21131,193410,one,1016,14
21132,193414,hand,1016,14
21133,193419,full,1016,14
21134,193424,of,1016,14
21135,193435,clothes,1016,14
21136,193444,the,1016,14
21137,193448,other,1016,14
21138,193454,hand,1016,14
21139,193459,holding,1016,14
21140,193467,the,1016,14
21141,193471,parachute,1016,14
21142,193481,bag,1016,14
21143,193538,CUT,1017,14
21144,193542,TO,1017,14
21145,193556,INT,1018,14
21146,193561,CORRIDOR,1018,14
21147,193572,DAY,1018,14
21148,193612,136,1018,14
21149,193625,The,1019,14
21150,193629,door,1019,14
21151,193634,opens,1019,14
21152,193640,and,1019,14
21153,193644,Deckard,1019,14
21154,193652,and,1019,14
21155,193656,Rachael,1019,14
21156,193664,step,1019,14
21157,193669,out,1019,14
21158,193675,They,1019,14
21159,193688,are,1019,14
21160,193692,carrying,1019,14
21161,193701,a,1019,14
21162,193703,couple,1019,14
21163,193710,of,1019,14
21164,193713,overnight,1019,14
21165,193723,cases,1019,14
21166,193739,Rachael,1019,14
21167,193747,starts,1019,14
21168,193754,toward,1019,14
21169,193761,the,1019,14
21170,193765,elevator,1019,14
21171,193784,Deckard,1019,14
21172,193792,locks,1019,14
21173,193798,the,1019,14
21174,193802,door,1019,14
21175,193807,and,1019,14
21176,193811,turns,1019,14
21177,193817,to,1019,14
21178,193820,follow,1019,14
21179,193827,her,1019,14
21180,193841,He,1019,14
21181,193844,spots,1019,14
21182,193850,something,1019,14
21183,193860,on,1019,14
21184,193863,the,1019,14
21185,193867,floor,1019,14
21186,193874,something,1019,14
21187,193884,small,1019,14
21188,193900,He,1019,14
21189,193903,reaches,1019,14
21190,193911,down,1019,14
21191,193916,and,1019,14
21192,193920,picks,1019,14
21193,193926,it,1019,14
21194,193929,up,1019,14
21195,193942,It's,1019,14
21196,193947,the,1019,14
21197,193951,tiny,1019,14
21198,193956,unicorn,1019,14
21199,193964,made,1019,14
21200,193969,of,1019,14
21201,193972,tinfoil,1019,14
21202,193983,Gaff's,1019,14
21203,193998,gauntlet,1019,14
21204,194017,Deckard,1019,14
21205,194025,looks,1019,14
21206,194031,at,1019,14
21207,194034,it,1019,14
21208,194037,for,1019,14
21209,194041,a,1019,14
21210,194043,moment,1019,14
21211,194103,CUT,1020,14
21212,194107,TO,1020,14
21213,194121,EXT,1021,14
21214,194126,MOVING,1021,14
21215,194133,TREES,1021,14
21216,194141,DAY,1021,14
21217,194177,137,1021,14
21218,194190,Birch,1022,14
21219,194196,trees,1022,14
21220,194202,whip,1022,14
21221,194207,past,1022,14
21222,194212,at,1022,14
21223,194215,160,1022,14
21224,194219,miles,1022,14
21225,194225,per,1022,14
21226,194229,hour,1022,14
21227,194234,urged,1022,14
21228,194240,on,1022,14
21229,194251,by,1022,14
21230,194254,big,1022,14
21231,194259,nasty,1022,14
21232,194265,MUSIC,1022,14
21233,194281,We,1022,14
21234,194284,have,1022,14
21235,194289,the,1022,14
21236,194293,feeling,1022,14
21237,194301,we,1022,14
21238,194304,are,1022,14
21239,194308,going,1022,14
21240,194314,to,1022,14
21241,194317,see,1022,14
21242,194321,a,1022,14
21243,194323,unicorn,1022,14
21244,194341,Instead,1022,14
21245,194349,we,1022,14
21246,194352,see,1022,14
21247,194356,Deckard's,1022,14
21248,194366,car,1022,14
21249,194370,rocketing,1022,14
21250,194380,through,1022,14
21251,194388,the,1022,14
21252,194400,woods,1022,14
21253,194459,CUT,1023,14
21254,194463,TO,1023,14
21255,194477,INT,1024,14
21256,194482,DECKARD'S,1024,14
21257,194492,CAR,1024,14
21258,194498,DAY,1024,14
21259,194533,138,1024,14
21260,194546,Deckard,1025,14
21261,194554,is,1025,14
21262,194557,at,1025,14
21263,194560,the,1025,14
21264,194564,wheel,1025,14
21265,194571,Rachael,1025,14
21266,194579,is,1025,14
21267,194582,beside,1025,14
21268,194589,him,1025,14
21269,194603,Deckard,1025,14
21270,194611,smiles,1025,14
21271,194618,at,1025,14
21272,194621,her,1025,14
21273,194635,Rachael,1025,14
21274,194643,smiles,1025,14
21275,194650,back,1025,14
21276,194655,tentatively,1025,14
21277,194677,Deckard,1025,14
21278,194685,glances,1025,14
21279,194693,back,1025,14
21280,194698,at,1025,14
21281,194701,the,1025,14
21282,194705,road,1025,14
21283,194711,then,1025,14
21284,194716,at,1025,14
21285,194719,the,1025,14
21286,194723,vid,1025,14
21287,194735,screen,1025,14
21288,194752,A,1025,14
21289,194754,little,1025,14
21290,194761,blip,1025,14
21291,194766,flashes,1025,14
21292,194774,on,1025,14
21293,194777,the,1025,14
21294,194781,screen,1025,14
21295,194798,Deckard,1025,14
21296,194806,notices,1025,14
21297,194814,it,1025,14
21298,194818,his,1025,14
21299,194822,eyes,1025,14
21300,194827,narrow,1025,14
21301,194834,just,1025,14
21302,194839,a,1025,14
21303,194841,little,1025,14
21304,194850,He,1025,14
21305,194861,reaches,1025,14
21306,194869,in,1025,14
21307,194872,his,1025,14
21308,194876,pocket,1025,14
21309,194884,pulls,1025,14
21310,194890,out,1025,14
21311,194894,the,1025,14
21312,194898,unicorn,1025,14
21313,194916,Deckard,1025,14
21314,194924,puts,1025,14
21315,194929,the,1025,14
21316,194933,tinfoil,1025,14
21317,194941,unicorn,1025,14
21318,194949,on,1025,14
21319,194952,the,1025,14
21320,194956,dash,1025,14
21321,194971,A,1025,14
21322,194973,flicker,1025,14
21323,194981,of,1025,14
21324,194984,a,1025,14
21325,194986,smile,1025,14
21326,194992,crosses,1025,14
21327,195000,his,1025,14
21328,195004,face,1025,14
21329,195062,CUT,1026,14
21330,195066,TO,1026,14
21331,195080,EXT,1027,15
21332,195085,WOODS,1027,15
21333,195093,DAY,1027,15
21334,195136,139,1027,15
21335,195149,Deckard's,1028,15
21336,195159,car,1028,15
21337,195163,bullets,1028,15
21338,195171,through,1028,15
21339,195179,the,1028,15
21340,195183,woods,1028,15
21341,195189,in,1028,15
21342,195192,a,1028,15
21343,195194,fury,1028,15
21344,195199,of,1028,15
21345,195210,speed,1028,15
21346,195216,and,1028,15
21347,195220,MUSIC,1028,15
21348,195236,We,1028,15
21349,195239,BACK,1028,15
21350,195244,OFF,1028,15
21351,195248,IT,1028,15
21352,195251,AND,1028,15
21353,195255,UP,1028,15
21354,195259,PAST,1028,15
21355,195264,whizzing,1028,15
21356,195273,branches,1028,15
21357,195283,OVER,1028,15
21358,195296,the,1028,15
21359,195300,treetops,1028,15
21360,195310,losing,1028,15
21361,195317,the,1028,15
21362,195321,car,1028,15
21363,195325,as,1028,15
21364,195328,we,1028,15
21365,195331,SOAR,1028,15
21366,195336,over,1028,15
21367,195341,what,1028,15
21368,195346,is,1028,15
21369,195357,suddenly,1028,15
21370,195366,a,1028,15
21371,195368,vast,1028,15
21372,195373,forest,1028,15
21373,195380,spreading,1028,15
21374,195390,to,1028,15
21375,195393,infinity,1028,15
21376,195412,Enormous,1028,15
21377,195421,MUSIC,1028,15
21378,195437,Deckard's,1028,15
21379,195447,voice,1028,15
21380,195453,over,1028,15
21381,195492,DECKARD,1029,15
21382,195501,V,1029,15
21383,195503,O,1029,15
21384,195525,I,1029,15
21385,195527,knew,1029,15
21386,195532,it,1029,15
21387,195535,on,1029,15
21388,195538,the,1029,15
21389,195542,roof,1029,15
21390,195547,that,1029,15
21391,195552,night,1029,15
21392,195577,We,1029,15
21393,195580,were,1029,15
21394,195585,brothers,1029,15
21395,195595,Roy,1029,15
21396,195599,Batty,1029,15
21397,195605,and,1029,15
21398,195609,I,1029,15
21399,195630,Combat,1029,15
21400,195637,models,1029,15
21401,195644,of,1029,15
21402,195647,the,1029,15
21403,195651,highest,1029,15
21404,195659,order,1029,15
21405,195684,We,1029,15
21406,195687,had,1029,15
21407,195691,fought,1029,15
21408,195698,in,1029,15
21409,195701,wars,1029,15
21410,195706,not,1029,15
21411,195710,yet,1029,15
21412,195732,dreamed,1029,15
21413,195740,of,1029,15
21414,195746,in,1029,15
21415,195749,vast,1029,15
21416,195754,nightmares,1029,15
21417,195783,still,1029,15
21418,195789,unnamed,1029,15
21419,195799,We,1029,15
21420,195802,were,1029,15
21421,195807,the,1029,15
21422,195811,new,1029,15
21423,195833,people,1029,15
21424,195843,Roy,1029,15
21425,195847,and,1029,15
21426,195851,me,1029,15
21427,195854,and,1029,15
21428,195858,Rachael,1029,15
21429,195885,We,1029,15
21430,195888,were,1029,15
21431,195893,made,1029,15
21432,195898,for,1029,15
21433,195902,this,1029,15
21434,195907,world,1029,15
21435,195915,It,1029,15
21436,195936,was,1029,15
21437,195940,ours,1029,15
21438,195955,Trees,1029,15
21439,195961,explodes,1029,15
21440,195970,PAST,1029,15
21441,195975,US,1029,15
21442,195978,in,1029,15
21443,195981,a,1029,15
21444,195983,rage,1029,15
21445,195988,of,1029,15
21446,195991,branches,1029,15
21447,196000,as,1029,15
21448,196003,we,1029,15
21449,196006,DIP,1029,15
21450,196018,and,1029,15
21451,196022,SWERVE,1029,15
21452,196029,and,1029,15
21453,196033,that's,1029,15
21454,196040,when,1029,15
21455,196045,the,1029,15
21456,196049,spinner,1029,15
21457,196057,looms,1029,15
21458,196063,INTO,1029,15
21459,196068,VIEW,1029,15
21460,196081,zooming,1029,15
21461,196089,RIGHT,1029,15
21462,196095,AT,1029,15
21463,196098,US,1029,15
21464,196102,then,1029,15
21465,196107,tilting,1029,15
21466,196115,and,1029,15
21467,196119,yawing,1029,15
21468,196126,off,1029,15
21469,196130,in,1029,15
21470,196141,hot,1029,15
21471,196145,pursuit,1029,15
21472,196153,with,1029,15
21473,196158,Gaff,1029,15
21474,196163,at,1029,15
21475,196166,the,1029,15
21476,196170,controls,1029,15
21477,196189,CREDITS,1029,15
21478,196197,ARE,1029,15
21479,196201,ROLLING,1029,15
21480,196210,God,1029,15
21481,196214,help,1029,15
21482,196219,us,1029,15
21483,196222,all,1029,15
21484,196279,FADE,1030,15
21485,196284,OUT,1030,15
21486,196321,THE,1031,15
21487,196325,END,1031,15
