word_idx,start_char,word,paragraph_idx,chapter_idx
0,4,START,0,10
1,10,OF,0,10
2,13,THE,0,10
3,17,PROJECT,0,10
4,25,GUTENBERG,0,10
5,35,EBOOK,0,10
6,41,11,0,10
7,50,Illustration,1,10
8,68,Alice,2,10
9,74,s,2,10
10,76,Adventures,2,10
11,87,in,2,10
12,90,Wonderland,2,10
13,102,by,3,10
14,105,Lewis,3,10
15,111,Carroll,3,10
16,120,THE,4,10
17,124,MILLENNIUM,4,10
18,135,FULCRUM,4,10
19,143,EDITION,4,10
20,151,3,4,10
21,153,0,4,10
22,156,Contents,5,10
23,167,CHAPTER,6,10
24,175,I,6,10
25,182,Down,6,10
26,187,the,6,10
27,191,Rabbit,6,10
28,198,Hole,6,10
29,204,CHAPTER,6,10
30,212,II,6,10
31,219,The,6,10
32,223,Pool,6,10
33,228,of,6,10
34,231,Tears,6,10
35,238,CHAPTER,6,10
36,246,III,6,10
37,253,A,6,10
38,255,Caucus,6,10
39,262,Race,6,10
40,267,and,6,10
41,271,a,6,10
42,273,Long,6,10
43,278,Tale,6,10
44,284,CHAPTER,6,10
45,292,IV,6,10
46,299,The,6,10
47,303,Rabbit,6,10
48,310,Sends,6,10
49,316,in,6,10
50,319,a,6,10
51,321,Little,6,10
52,328,Bill,6,10
53,334,CHAPTER,6,10
54,342,V,6,10
55,349,Advice,6,10
56,356,from,6,10
57,361,a,6,10
58,363,Caterpillar,6,10
59,376,CHAPTER,6,10
60,384,VI,6,10
61,391,Pig,6,10
62,395,and,6,10
63,399,Pepper,6,10
64,407,CHAPTER,6,10
65,415,VII,6,10
66,422,A,6,10
67,424,Mad,6,10
68,428,Tea,6,10
69,432,Party,6,10
70,439,CHAPTER,6,10
71,447,VIII,6,10
72,454,The,6,10
73,458,Queen,6,10
74,464,s,6,10
75,466,Croquet,6,10
76,474,Ground,6,10
77,482,CHAPTER,6,10
78,490,IX,6,10
79,497,The,6,10
80,501,Mock,6,10
81,506,Turtle,6,10
82,513,s,6,10
83,515,Story,6,10
84,522,CHAPTER,6,10
85,530,X,6,10
86,537,The,6,10
87,541,Lobster,6,10
88,549,Quadrille,6,10
89,560,CHAPTER,6,10
90,568,XI,6,10
91,575,Who,6,10
92,579,Stole,6,10
93,585,the,6,10
94,589,Tarts,6,10
95,597,CHAPTER,6,10
96,605,XII,6,10
97,612,Alice,6,10
98,618,s,6,10
99,620,Evidence,6,10
100,633,CHAPTER,7,10
101,641,I,7,10
102,644,Down,7,10
103,649,the,7,10
104,653,Rabbit,7,10
105,660,Hole,7,10
106,667,Alice,8,10
107,673,was,8,10
108,677,beginning,8,10
109,687,to,8,10
110,690,get,8,10
111,694,very,8,10
112,699,tired,8,10
113,705,of,8,10
114,708,sitting,8,10
115,716,by,8,10
116,719,her,8,10
117,723,sister,8,10
118,730,on,8,10
119,733,the,8,10
120,737,bank,8,10
121,743,and,8,10
122,747,of,8,10
123,750,having,8,10
124,757,nothing,8,10
125,765,to,8,10
126,768,do,8,10
127,772,once,8,10
128,777,or,8,10
129,780,twice,8,10
130,786,she,8,10
131,790,had,8,10
132,794,peeped,8,10
133,801,into,8,10
134,806,the,8,10
135,810,book,8,10
136,815,her,8,10
137,819,sister,8,10
138,826,was,8,10
139,830,reading,8,10
140,839,but,8,10
141,843,it,8,10
142,846,had,8,10
143,850,no,8,10
144,853,pictures,8,10
145,862,or,8,10
146,865,conversations,8,10
147,879,in,8,10
148,882,it,8,10
149,887,and,8,10
150,891,what,8,10
151,896,is,8,10
152,899,the,8,10
153,903,use,8,10
154,907,of,8,10
155,910,a,8,10
156,912,book,8,10
157,919,thought,8,10
158,927,Alice,8,10
159,934,without,8,10
160,942,pictures,8,10
161,951,or,8,10
162,954,conversations,8,10
163,971,So,9,10
164,974,she,9,10
165,978,was,9,10
166,982,considering,9,10
167,994,in,9,10
168,997,her,9,10
169,1001,own,9,10
170,1005,mind,9,10
171,1011,as,9,10
172,1014,well,9,10
173,1019,as,9,10
174,1022,she,9,10
175,1026,could,9,10
176,1033,for,9,10
177,1037,the,9,10
178,1041,hot,9,10
179,1045,day,9,10
180,1049,made,9,10
181,1054,her,9,10
182,1058,feel,9,10
183,1063,very,9,10
184,1068,sleepy,9,10
185,1075,and,9,10
186,1079,stupid,9,10
187,1088,whether,9,10
188,1096,the,9,10
189,1100,pleasure,9,10
190,1109,of,9,10
191,1112,making,9,10
192,1119,a,9,10
193,1121,daisy,9,10
194,1127,chain,9,10
195,1133,would,9,10
196,1139,be,9,10
197,1142,worth,9,10
198,1148,the,9,10
199,1152,trouble,9,10
200,1160,of,9,10
201,1163,getting,9,10
202,1171,up,9,10
203,1174,and,9,10
204,1178,picking,9,10
205,1186,the,9,10
206,1190,daisies,9,10
207,1199,when,9,10
208,1204,suddenly,9,10
209,1213,a,9,10
210,1215,White,9,10
211,1221,Rabbit,9,10
212,1228,with,9,10
213,1233,pink,9,10
214,1238,eyes,9,10
215,1243,ran,9,10
216,1247,close,9,10
217,1253,by,9,10
218,1256,her,9,10
219,1262,There,10,10
220,1268,was,10,10
221,1272,nothing,10,10
222,1280,so,10,10
223,1284,very,10,10
224,1290,remarkable,10,10
225,1301,in,10,10
226,1304,that,10,10
227,1310,nor,10,10
228,1314,did,10,10
229,1318,Alice,10,10
230,1324,think,10,10
231,1330,it,10,10
232,1333,so,10,10
233,1337,very,10,10
234,1343,much,10,10
235,1348,out,10,10
236,1352,of,10,10
237,1355,the,10,10
238,1359,way,10,10
239,1363,to,10,10
240,1366,hear,10,10
241,1371,the,10,10
242,1375,Rabbit,10,10
243,1382,say,10,10
244,1386,to,10,10
245,1389,itself,10,10
246,1398,Oh,10,10
247,1401,dear,10,10
248,1407,Oh,10,10
249,1410,dear,10,10
250,1416,I,10,10
251,1418,shall,10,10
252,1424,be,10,10
253,1427,late,10,10
254,1435,when,10,10
255,1440,she,10,10
256,1444,thought,10,10
257,1452,it,10,10
258,1455,over,10,10
259,1460,afterwards,10,10
260,1472,it,10,10
261,1475,occurred,10,10
262,1484,to,10,10
263,1487,her,10,10
264,1491,that,10,10
265,1496,she,10,10
266,1500,ought,10,10
267,1506,to,10,10
268,1509,have,10,10
269,1514,wondered,10,10
270,1523,at,10,10
271,1526,this,10,10
272,1532,but,10,10
273,1536,at,10,10
274,1539,the,10,10
275,1543,time,10,10
276,1548,it,10,10
277,1551,all,10,10
278,1555,seemed,10,10
279,1562,quite,10,10
280,1568,natural,10,10
281,1578,but,10,10
282,1582,when,10,10
283,1587,the,10,10
284,1591,Rabbit,10,10
285,1598,actually,10,10
286,1608,took,10,10
287,1613,a,10,10
288,1615,watch,10,10
289,1621,out,10,10
290,1625,of,10,10
291,1628,its,10,10
292,1632,waistcoat,10,10
293,1642,pocket,10,10
294,1651,and,10,10
295,1655,looked,10,10
296,1662,at,10,10
297,1665,it,10,10
298,1669,and,10,10
299,1673,then,10,10
300,1678,hurried,10,10
301,1686,on,10,10
302,1690,Alice,10,10
303,1696,started,10,10
304,1704,to,10,10
305,1707,her,10,10
306,1711,feet,10,10
307,1717,for,10,10
308,1721,it,10,10
309,1724,flashed,10,10
310,1732,across,10,10
311,1739,her,10,10
312,1743,mind,10,10
313,1748,that,10,10
314,1753,she,10,10
315,1757,had,10,10
316,1761,never,10,10
317,1767,before,10,10
318,1774,seen,10,10
319,1779,a,10,10
320,1781,rabbit,10,10
321,1788,with,10,10
322,1793,either,10,10
323,1800,a,10,10
324,1802,waistcoat,10,10
325,1812,pocket,10,10
326,1820,or,10,10
327,1823,a,10,10
328,1825,watch,10,10
329,1831,to,10,10
330,1834,take,10,10
331,1839,out,10,10
332,1843,of,10,10
333,1846,it,10,10
334,1850,and,10,10
335,1854,burning,10,10
336,1862,with,10,10
337,1867,curiosity,10,10
338,1878,she,10,10
339,1882,ran,10,10
340,1886,across,10,10
341,1893,the,10,10
342,1897,field,10,10
343,1903,after,10,10
344,1909,it,10,10
345,1913,and,10,10
346,1917,fortunately,10,10
347,1929,was,10,10
348,1933,just,10,10
349,1938,in,10,10
350,1941,time,10,10
351,1946,to,10,10
352,1949,see,10,10
353,1953,it,10,10
354,1956,pop,10,10
355,1960,down,10,10
356,1965,a,10,10
357,1967,large,10,10
358,1973,rabbit,10,10
359,1980,hole,10,10
360,1985,under,10,10
361,1991,the,10,10
362,1995,hedge,10,10
363,2003,In,11,10
364,2006,another,11,10
365,2014,moment,11,10
366,2021,down,11,10
367,2026,went,11,10
368,2031,Alice,11,10
369,2037,after,11,10
370,2043,it,11,10
371,2047,never,11,10
372,2053,once,11,10
373,2058,considering,11,10
374,2070,how,11,10
375,2074,in,11,10
376,2077,the,11,10
377,2081,world,11,10
378,2087,she,11,10
379,2091,was,11,10
380,2095,to,11,10
381,2098,get,11,10
382,2102,out,11,10
383,2106,again,11,10
384,2114,The,12,10
385,2118,rabbit,12,10
386,2125,hole,12,10
387,2130,went,12,10
388,2135,straight,12,10
389,2144,on,12,10
390,2147,like,12,10
391,2152,a,12,10
392,2154,tunnel,12,10
393,2161,for,12,10
394,2165,some,12,10
395,2170,way,12,10
396,2175,and,12,10
397,2179,then,12,10
398,2184,dipped,12,10
399,2191,suddenly,12,10
400,2200,down,12,10
401,2206,so,12,10
402,2209,suddenly,12,10
403,2218,that,12,10
404,2223,Alice,12,10
405,2229,had,12,10
406,2233,not,12,10
407,2237,a,12,10
408,2239,moment,12,10
409,2246,to,12,10
410,2249,think,12,10
411,2255,about,12,10
412,2261,stopping,12,10
413,2270,herself,12,10
414,2278,before,12,10
415,2285,she,12,10
416,2289,found,12,10
417,2295,herself,12,10
418,2303,falling,12,10
419,2311,down,12,10
420,2316,a,12,10
421,2318,very,12,10
422,2323,deep,12,10
423,2328,well,12,10
424,2335,Either,13,10
425,2342,the,13,10
426,2346,well,13,10
427,2351,was,13,10
428,2355,very,13,10
429,2360,deep,13,10
430,2366,or,13,10
431,2369,she,13,10
432,2373,fell,13,10
433,2378,very,13,10
434,2383,slowly,13,10
435,2391,for,13,10
436,2395,she,13,10
437,2399,had,13,10
438,2403,plenty,13,10
439,2410,of,13,10
440,2413,time,13,10
441,2418,as,13,10
442,2421,she,13,10
443,2425,went,13,10
444,2430,down,13,10
445,2435,to,13,10
446,2438,look,13,10
447,2443,about,13,10
448,2449,her,13,10
449,2453,and,13,10
450,2457,to,13,10
451,2460,wonder,13,10
452,2467,what,13,10
453,2472,was,13,10
454,2476,going,13,10
455,2482,to,13,10
456,2485,happen,13,10
457,2492,next,13,10
458,2498,First,13,10
459,2505,she,13,10
460,2509,tried,13,10
461,2515,to,13,10
462,2518,look,13,10
463,2523,down,13,10
464,2528,and,13,10
465,2532,make,13,10
466,2537,out,13,10
467,2541,what,13,10
468,2546,she,13,10
469,2550,was,13,10
470,2554,coming,13,10
471,2561,to,13,10
472,2565,but,13,10
473,2569,it,13,10
474,2572,was,13,10
475,2576,too,13,10
476,2580,dark,13,10
477,2585,to,13,10
478,2588,see,13,10
479,2592,anything,13,10
480,2602,then,13,10
481,2607,she,13,10
482,2611,looked,13,10
483,2618,at,13,10
484,2621,the,13,10
485,2625,sides,13,10
486,2631,of,13,10
487,2634,the,13,10
488,2638,well,13,10
489,2644,and,13,10
490,2648,noticed,13,10
491,2656,that,13,10
492,2661,they,13,10
493,2666,were,13,10
494,2671,filled,13,10
495,2678,with,13,10
496,2683,cupboards,13,10
497,2693,and,13,10
498,2697,book,13,10
499,2702,shelves,13,10
500,2711,here,13,10
501,2716,and,13,10
502,2720,there,13,10
503,2726,she,13,10
504,2730,saw,13,10
505,2734,maps,13,10
506,2739,and,13,10
507,2743,pictures,13,10
508,2752,hung,13,10
509,2757,upon,13,10
510,2762,pegs,13,10
511,2768,She,13,10
512,2772,took,13,10
513,2777,down,13,10
514,2782,a,13,10
515,2784,jar,13,10
516,2788,from,13,10
517,2793,one,13,10
518,2797,of,13,10
519,2800,the,13,10
520,2804,shelves,13,10
521,2812,as,13,10
522,2815,she,13,10
523,2819,passed,13,10
524,2827,it,13,10
525,2830,was,13,10
526,2834,labelled,13,10
527,2844,ORANGE,13,10
528,2851,MARMALADE,13,10
529,2863,but,13,10
530,2867,to,13,10
531,2870,her,13,10
532,2874,great,13,10
533,2880,disappointment,13,10
534,2895,it,13,10
535,2898,was,13,10
536,2902,empty,13,10
537,2909,she,13,10
538,2913,did,13,10
539,2917,not,13,10
540,2921,like,13,10
541,2926,to,13,10
542,2929,drop,13,10
543,2934,the,13,10
544,2938,jar,13,10
545,2942,for,13,10
546,2946,fear,13,10
547,2951,of,13,10
548,2954,killing,13,10
549,2962,somebody,13,10
550,2971,underneath,13,10
551,2983,so,13,10
552,2986,managed,13,10
553,2994,to,13,10
554,2997,put,13,10
555,3001,it,13,10
556,3004,into,13,10
557,3009,one,13,10
558,3013,of,13,10
559,3016,the,13,10
560,3020,cupboards,13,10
561,3030,as,13,10
562,3033,she,13,10
563,3037,fell,13,10
564,3042,past,13,10
565,3047,it,13,10
566,3053,Well,14,10
567,3060,thought,14,10
568,3068,Alice,14,10
569,3074,to,14,10
570,3077,herself,14,10
571,3087,after,14,10
572,3093,such,14,10
573,3098,a,14,10
574,3100,fall,14,10
575,3105,as,14,10
576,3108,this,14,10
577,3114,I,14,10
578,3116,shall,14,10
579,3122,think,14,10
580,3128,nothing,14,10
581,3136,of,14,10
582,3139,tumbling,14,10
583,3148,down,14,10
584,3153,stairs,14,10
585,3161,How,14,10
586,3165,brave,14,10
587,3171,they,14,10
588,3176,ll,14,10
589,3179,all,14,10
590,3183,think,14,10
591,3189,me,14,10
592,3192,at,14,10
593,3195,home,14,10
594,3201,Why,14,10
595,3206,I,14,10
596,3208,wouldn,14,10
597,3215,t,14,10
598,3217,say,14,10
599,3221,anything,14,10
600,3230,about,14,10
601,3236,it,14,10
602,3240,even,14,10
603,3245,if,14,10
604,3248,I,14,10
605,3250,fell,14,10
606,3255,off,14,10
607,3259,the,14,10
608,3263,top,14,10
609,3267,of,14,10
610,3270,the,14,10
611,3274,house,14,10
612,3283,Which,14,10
613,3289,was,14,10
614,3293,very,14,10
615,3298,likely,14,10
616,3305,true,14,10
617,3313,Down,15,10
618,3319,down,15,10
619,3325,down,15,10
620,3331,Would,15,10
621,3337,the,15,10
622,3341,fall,15,10
623,3347,never,15,10
624,3354,come,15,10
625,3359,to,15,10
626,3362,an,15,10
627,3365,end,15,10
628,3371,I,15,10
629,3373,wonder,15,10
630,3380,how,15,10
631,3384,many,15,10
632,3389,miles,15,10
633,3395,I,15,10
634,3397,ve,15,10
635,3400,fallen,15,10
636,3407,by,15,10
637,3410,this,15,10
638,3415,time,15,10
639,3422,she,15,10
640,3426,said,15,10
641,3431,aloud,15,10
642,3439,I,15,10
643,3441,must,15,10
644,3446,be,15,10
645,3449,getting,15,10
646,3457,somewhere,15,10
647,3467,near,15,10
648,3472,the,15,10
649,3476,centre,15,10
650,3483,of,15,10
651,3486,the,15,10
652,3490,earth,15,10
653,3497,Let,15,10
654,3501,me,15,10
655,3504,see,15,10
656,3509,that,15,10
657,3514,would,15,10
658,3520,be,15,10
659,3523,four,15,10
660,3528,thousand,15,10
661,3537,miles,15,10
662,3543,down,15,10
663,3549,I,15,10
664,3551,think,15,10
665,3560,for,15,10
666,3565,you,15,10
667,3569,see,15,10
668,3574,Alice,15,10
669,3580,had,15,10
670,3584,learnt,15,10
671,3591,several,15,10
672,3599,things,15,10
673,3606,of,15,10
674,3609,this,15,10
675,3614,sort,15,10
676,3619,in,15,10
677,3622,her,15,10
678,3626,lessons,15,10
679,3634,in,15,10
680,3637,the,15,10
681,3641,schoolroom,15,10
682,3653,and,15,10
683,3657,though,15,10
684,3664,this,15,10
685,3669,was,15,10
686,3673,not,15,10
687,3677,a,15,10
688,3680,very,15,10
689,3686,good,15,10
690,3691,opportunity,15,10
691,3703,for,15,10
692,3707,showing,15,10
693,3715,off,15,10
694,3719,her,15,10
695,3723,knowledge,15,10
696,3734,as,15,10
697,3737,there,15,10
698,3743,was,15,10
699,3747,no,15,10
700,3750,one,15,10
701,3754,to,15,10
702,3757,listen,15,10
703,3764,to,15,10
704,3767,her,15,10
705,3772,still,15,10
706,3778,it,15,10
707,3781,was,15,10
708,3785,good,15,10
709,3790,practice,15,10
710,3799,to,15,10
711,3802,say,15,10
712,3806,it,15,10
713,3809,over,15,10
714,3817,yes,15,10
715,3822,that,15,10
716,3827,s,15,10
717,3829,about,15,10
718,3835,the,15,10
719,3839,right,15,10
720,3845,distance,15,10
721,3854,but,15,10
722,3858,then,15,10
723,3863,I,15,10
724,3865,wonder,15,10
725,3872,what,15,10
726,3877,Latitude,15,10
727,3886,or,15,10
728,3889,Longitude,15,10
729,3899,I,15,10
730,3901,ve,15,10
731,3904,got,15,10
732,3908,to,15,10
733,3914,Alice,15,10
734,3920,had,15,10
735,3924,no,15,10
736,3927,idea,15,10
737,3932,what,15,10
738,3937,Latitude,15,10
739,3946,was,15,10
740,3951,or,15,10
741,3954,Longitude,15,10
742,3964,either,15,10
743,3972,but,15,10
744,3976,thought,15,10
745,3984,they,15,10
746,3989,were,15,10
747,3994,nice,15,10
748,3999,grand,15,10
749,4005,words,15,10
750,4011,to,15,10
751,4014,say,15,10
752,4021,Presently,16,10
753,4031,she,16,10
754,4035,began,16,10
755,4041,again,16,10
756,4049,I,16,10
757,4051,wonder,16,10
758,4058,if,16,10
759,4061,I,16,10
760,4063,shall,16,10
761,4069,fall,16,10
762,4074,right,16,10
763,4081,through,16,10
764,4090,the,16,10
765,4094,earth,16,10
766,4101,How,16,10
767,4105,funny,16,10
768,4111,it,16,10
769,4114,ll,16,10
770,4117,seem,16,10
771,4122,to,16,10
772,4125,come,16,10
773,4130,out,16,10
774,4134,among,16,10
775,4140,the,16,10
776,4144,people,16,10
777,4151,that,16,10
778,4156,walk,16,10
779,4161,with,16,10
780,4166,their,16,10
781,4172,heads,16,10
782,4178,downward,16,10
783,4188,The,16,10
784,4192,Antipathies,16,10
785,4205,I,16,10
786,4207,think,16,10
787,4216,she,16,10
788,4220,was,16,10
789,4224,rather,16,10
790,4231,glad,16,10
791,4236,there,16,10
792,4243,was,16,10
793,4248,no,16,10
794,4251,one,16,10
795,4255,listening,16,10
796,4266,this,16,10
797,4271,time,16,10
798,4277,as,16,10
799,4280,it,16,10
800,4283,didn,16,10
801,4288,t,16,10
802,4290,sound,16,10
803,4296,at,16,10
804,4299,all,16,10
805,4303,the,16,10
806,4307,right,16,10
807,4313,word,16,10
808,4321,but,16,10
809,4325,I,16,10
810,4327,shall,16,10
811,4333,have,16,10
812,4338,to,16,10
813,4341,ask,16,10
814,4345,them,16,10
815,4350,what,16,10
816,4355,the,16,10
817,4359,name,16,10
818,4364,of,16,10
819,4367,the,16,10
820,4371,country,16,10
821,4379,is,16,10
822,4383,you,16,10
823,4387,know,16,10
824,4393,Please,16,10
825,4401,Ma,16,10
826,4404,am,16,10
827,4408,is,16,10
828,4411,this,16,10
829,4416,New,16,10
830,4420,Zealand,16,10
831,4428,or,16,10
832,4431,Australia,16,10
833,4444,and,16,10
834,4448,she,16,10
835,4452,tried,16,10
836,4458,to,16,10
837,4461,curtsey,16,10
838,4469,as,16,10
839,4472,she,16,10
840,4476,spoke,16,10
841,4482,fancy,16,10
842,4489,curtseying,16,10
843,4501,as,16,10
844,4504,you,16,10
845,4508,re,16,10
846,4511,falling,16,10
847,4519,through,16,10
848,4527,the,16,10
849,4531,air,16,10
850,4536,Do,16,10
851,4539,you,16,10
852,4543,think,16,10
853,4549,you,16,10
854,4553,could,16,10
855,4559,manage,16,10
856,4566,it,16,10
857,4572,And,16,10
858,4576,what,16,10
859,4581,an,16,10
860,4584,ignorant,16,10
861,4593,little,16,10
862,4600,girl,16,10
863,4605,she,16,10
864,4609,ll,16,10
865,4612,think,16,10
866,4618,me,16,10
867,4621,for,16,10
868,4625,asking,16,10
869,4633,No,16,10
870,4637,it,16,10
871,4640,ll,16,10
872,4643,never,16,10
873,4649,do,16,10
874,4652,to,16,10
875,4655,ask,16,10
876,4660,perhaps,16,10
877,4668,I,16,10
878,4670,shall,16,10
879,4676,see,16,10
880,4680,it,16,10
881,4683,written,16,10
882,4691,up,16,10
883,4694,somewhere,16,10
884,4707,Down,17,10
885,4713,down,17,10
886,4719,down,17,10
887,4725,There,17,10
888,4731,was,17,10
889,4735,nothing,17,10
890,4743,else,17,10
891,4748,to,17,10
892,4751,do,17,10
893,4755,so,17,10
894,4758,Alice,17,10
895,4764,soon,17,10
896,4769,began,17,10
897,4775,talking,17,10
898,4783,again,17,10
899,4791,Dinah,17,10
900,4797,ll,17,10
901,4800,miss,17,10
902,4805,me,17,10
903,4808,very,17,10
904,4813,much,17,10
905,4818,to,17,10
906,4821,night,17,10
907,4828,I,17,10
908,4830,should,17,10
909,4837,think,17,10
910,4846,Dinah,17,10
911,4852,was,17,10
912,4856,the,17,10
913,4860,cat,17,10
914,4867,I,17,10
915,4869,hope,17,10
916,4874,they,17,10
917,4879,ll,17,10
918,4882,remember,17,10
919,4891,her,17,10
920,4895,saucer,17,10
921,4902,of,17,10
922,4905,milk,17,10
923,4910,at,17,10
924,4913,tea,17,10
925,4917,time,17,10
926,4923,Dinah,17,10
927,4929,my,17,10
928,4932,dear,17,10
929,4938,I,17,10
930,4940,wish,17,10
931,4945,you,17,10
932,4949,were,17,10
933,4954,down,17,10
934,4959,here,17,10
935,4964,with,17,10
936,4969,me,17,10
937,4973,There,17,10
938,4979,are,17,10
939,4983,no,17,10
940,4986,mice,17,10
941,4991,in,17,10
942,4994,the,17,10
943,4998,air,17,10
944,5003,I,17,10
945,5005,m,17,10
946,5007,afraid,17,10
947,5015,but,17,10
948,5019,you,17,10
949,5023,might,17,10
950,5029,catch,17,10
951,5035,a,17,10
952,5037,bat,17,10
953,5042,and,17,10
954,5046,that,17,10
955,5051,s,17,10
956,5053,very,17,10
957,5058,like,17,10
958,5063,a,17,10
959,5065,mouse,17,10
960,5072,you,17,10
961,5076,know,17,10
962,5082,But,17,10
963,5086,do,17,10
964,5089,cats,17,10
965,5094,eat,17,10
966,5098,bats,17,10
967,5104,I,17,10
968,5106,wonder,17,10
969,5115,And,17,10
970,5119,here,17,10
971,5124,Alice,17,10
972,5130,began,17,10
973,5136,to,17,10
974,5139,get,17,10
975,5143,rather,17,10
976,5150,sleepy,17,10
977,5158,and,17,10
978,5162,went,17,10
979,5167,on,17,10
980,5170,saying,17,10
981,5177,to,17,10
982,5180,herself,17,10
983,5189,in,17,10
984,5192,a,17,10
985,5194,dreamy,17,10
986,5201,sort,17,10
987,5206,of,17,10
988,5209,way,17,10
989,5215,Do,17,10
990,5218,cats,17,10
991,5223,eat,17,10
992,5227,bats,17,10
993,5233,Do,17,10
994,5236,cats,17,10
995,5241,eat,17,10
996,5245,bats,17,10
997,5252,and,17,10
998,5256,sometimes,17,10
999,5268,Do,17,10
1000,5271,bats,17,10
1001,5276,eat,17,10
1002,5280,cats,17,10
1003,5287,for,17,10
1004,5292,you,17,10
1005,5296,see,17,10
1006,5301,as,17,10
1007,5304,she,17,10
1008,5308,couldn,17,10
1009,5315,t,17,10
1010,5317,answer,17,10
1011,5324,either,17,10
1012,5331,question,17,10
1013,5341,it,17,10
1014,5344,didn,17,10
1015,5349,t,17,10
1016,5351,much,17,10
1017,5356,matter,17,10
1018,5363,which,17,10
1019,5369,way,17,10
1020,5373,she,17,10
1021,5377,put,17,10
1022,5381,it,17,10
1023,5385,She,17,10
1024,5389,felt,17,10
1025,5394,that,17,10
1026,5399,she,17,10
1027,5403,was,17,10
1028,5407,dozing,17,10
1029,5414,off,17,10
1030,5419,and,17,10
1031,5423,had,17,10
1032,5427,just,17,10
1033,5432,begun,17,10
1034,5438,to,17,10
1035,5441,dream,17,10
1036,5447,that,17,10
1037,5452,she,17,10
1038,5456,was,17,10
1039,5460,walking,17,10
1040,5468,hand,17,10
1041,5473,in,17,10
1042,5476,hand,17,10
1043,5481,with,17,10
1044,5486,Dinah,17,10
1045,5493,and,17,10
1046,5497,saying,17,10
1047,5504,to,17,10
1048,5507,her,17,10
1049,5511,very,17,10
1050,5516,earnestly,17,10
1051,5528,Now,17,10
1052,5533,Dinah,17,10
1053,5540,tell,17,10
1054,5545,me,17,10
1055,5548,the,17,10
1056,5552,truth,17,10
1057,5559,did,17,10
1058,5563,you,17,10
1059,5567,ever,17,10
1060,5572,eat,17,10
1061,5576,a,17,10
1062,5578,bat,17,10
1063,5584,when,17,10
1064,5589,suddenly,17,10
1065,5599,thump,17,10
1066,5606,thump,17,10
1067,5613,down,17,10
1068,5618,she,17,10
1069,5622,came,17,10
1070,5627,upon,17,10
1071,5632,a,17,10
1072,5634,heap,17,10
1073,5639,of,17,10
1074,5642,sticks,17,10
1075,5649,and,17,10
1076,5653,dry,17,10
1077,5657,leaves,17,10
1078,5665,and,17,10
1079,5669,the,17,10
1080,5673,fall,17,10
1081,5678,was,17,10
1082,5682,over,17,10
1083,5689,Alice,18,10
1084,5695,was,18,10
1085,5699,not,18,10
1086,5703,a,18,10
1087,5705,bit,18,10
1088,5709,hurt,18,10
1089,5715,and,18,10
1090,5719,she,18,10
1091,5723,jumped,18,10
1092,5730,up,18,10
1093,5733,on,18,10
1094,5736,to,18,10
1095,5739,her,18,10
1096,5743,feet,18,10
1097,5748,in,18,10
1098,5751,a,18,10
1099,5753,moment,18,10
1100,5761,she,18,10
1101,5765,looked,18,10
1102,5772,up,18,10
1103,5776,but,18,10
1104,5780,it,18,10
1105,5783,was,18,10
1106,5787,all,18,10
1107,5791,dark,18,10
1108,5796,overhead,18,10
1109,5806,before,18,10
1110,5813,her,18,10
1111,5817,was,18,10
1112,5821,another,18,10
1113,5829,long,18,10
1114,5834,passage,18,10
1115,5843,and,18,10
1116,5847,the,18,10
1117,5851,White,18,10
1118,5857,Rabbit,18,10
1119,5864,was,18,10
1120,5868,still,18,10
1121,5874,in,18,10
1122,5877,sight,18,10
1123,5884,hurrying,18,10
1124,5893,down,18,10
1125,5898,it,18,10
1126,5902,There,18,10
1127,5908,was,18,10
1128,5912,not,18,10
1129,5916,a,18,10
1130,5918,moment,18,10
1131,5925,to,18,10
1132,5928,be,18,10
1133,5931,lost,18,10
1134,5937,away,18,10
1135,5942,went,18,10
1136,5947,Alice,18,10
1137,5953,like,18,10
1138,5958,the,18,10
1139,5962,wind,18,10
1140,5968,and,18,10
1141,5972,was,18,10
1142,5976,just,18,10
1143,5981,in,18,10
1144,5984,time,18,10
1145,5989,to,18,10
1146,5992,hear,18,10
1147,5997,it,18,10
1148,6000,say,18,10
1149,6005,as,18,10
1150,6008,it,18,10
1151,6011,turned,18,10
1152,6018,a,18,10
1153,6020,corner,18,10
1154,6029,Oh,18,10
1155,6032,my,18,10
1156,6035,ears,18,10
1157,6040,and,18,10
1158,6044,whiskers,18,10
1159,6054,how,18,10
1160,6058,late,18,10
1161,6063,it,18,10
1162,6066,s,18,10
1163,6068,getting,18,10
1164,6078,She,18,10
1165,6082,was,18,10
1166,6086,close,18,10
1167,6092,behind,18,10
1168,6099,it,18,10
1169,6102,when,18,10
1170,6107,she,18,10
1171,6111,turned,18,10
1172,6118,the,18,10
1173,6122,corner,18,10
1174,6130,but,18,10
1175,6134,the,18,10
1176,6138,Rabbit,18,10
1177,6145,was,18,10
1178,6149,no,18,10
1179,6152,longer,18,10
1180,6159,to,18,10
1181,6162,be,18,10
1182,6165,seen,18,10
1183,6171,she,18,10
1184,6175,found,18,10
1185,6181,herself,18,10
1186,6189,in,18,10
1187,6192,a,18,10
1188,6194,long,18,10
1189,6200,low,18,10
1190,6204,hall,18,10
1191,6210,which,18,10
1192,6216,was,18,10
1193,6220,lit,18,10
1194,6224,up,18,10
1195,6227,by,18,10
1196,6230,a,18,10
1197,6232,row,18,10
1198,6236,of,18,10
1199,6239,lamps,18,10
1200,6245,hanging,18,10
1201,6253,from,18,10
1202,6258,the,18,10
1203,6262,roof,18,10
1204,6269,There,19,10
1205,6275,were,19,10
1206,6280,doors,19,10
1207,6286,all,19,10
1208,6290,round,19,10
1209,6296,the,19,10
1210,6300,hall,19,10
1211,6306,but,19,10
1212,6310,they,19,10
1213,6315,were,19,10
1214,6320,all,19,10
1215,6324,locked,19,10
1216,6332,and,19,10
1217,6336,when,19,10
1218,6341,Alice,19,10
1219,6347,had,19,10
1220,6351,been,19,10
1221,6356,all,19,10
1222,6360,the,19,10
1223,6364,way,19,10
1224,6368,down,19,10
1225,6373,one,19,10
1226,6377,side,19,10
1227,6382,and,19,10
1228,6386,up,19,10
1229,6389,the,19,10
1230,6393,other,19,10
1231,6400,trying,19,10
1232,6407,every,19,10
1233,6413,door,19,10
1234,6419,she,19,10
1235,6423,walked,19,10
1236,6430,sadly,19,10
1237,6436,down,19,10
1238,6441,the,19,10
1239,6445,middle,19,10
1240,6453,wondering,19,10
1241,6463,how,19,10
1242,6467,she,19,10
1243,6471,was,19,10
1244,6475,ever,19,10
1245,6480,to,19,10
1246,6483,get,19,10
1247,6487,out,19,10
1248,6491,again,19,10
1249,6499,Suddenly,20,10
1250,6508,she,20,10
1251,6512,came,20,10
1252,6517,upon,20,10
1253,6522,a,20,10
1254,6524,little,20,10
1255,6531,three,20,10
1256,6537,legged,20,10
1257,6544,table,20,10
1258,6551,all,20,10
1259,6555,made,20,10
1260,6560,of,20,10
1261,6563,solid,20,10
1262,6569,glass,20,10
1263,6576,there,20,10
1264,6582,was,20,10
1265,6586,nothing,20,10
1266,6594,on,20,10
1267,6597,it,20,10
1268,6600,except,20,10
1269,6607,a,20,10
1270,6609,tiny,20,10
1271,6614,golden,20,10
1272,6621,key,20,10
1273,6626,and,20,10
1274,6630,Alice,20,10
1275,6636,s,20,10
1276,6638,first,20,10
1277,6644,thought,20,10
1278,6652,was,20,10
1279,6656,that,20,10
1280,6661,it,20,10
1281,6664,might,20,10
1282,6670,belong,20,10
1283,6677,to,20,10
1284,6680,one,20,10
1285,6684,of,20,10
1286,6687,the,20,10
1287,6691,doors,20,10
1288,6697,of,20,10
1289,6700,the,20,10
1290,6704,hall,20,10
1291,6710,but,20,10
1292,6715,alas,20,10
1293,6721,either,20,10
1294,6728,the,20,10
1295,6732,locks,20,10
1296,6738,were,20,10
1297,6743,too,20,10
1298,6747,large,20,10
1299,6754,or,20,10
1300,6757,the,20,10
1301,6761,key,20,10
1302,6765,was,20,10
1303,6769,too,20,10
1304,6773,small,20,10
1305,6780,but,20,10
1306,6784,at,20,10
1307,6787,any,20,10
1308,6791,rate,20,10
1309,6796,it,20,10
1310,6799,would,20,10
1311,6805,not,20,10
1312,6809,open,20,10
1313,6814,any,20,10
1314,6818,of,20,10
1315,6821,them,20,10
1316,6827,However,20,10
1317,6836,on,20,10
1318,6839,the,20,10
1319,6843,second,20,10
1320,6850,time,20,10
1321,6855,round,20,10
1322,6862,she,20,10
1323,6866,came,20,10
1324,6871,upon,20,10
1325,6876,a,20,10
1326,6878,low,20,10
1327,6882,curtain,20,10
1328,6890,she,20,10
1329,6894,had,20,10
1330,6898,not,20,10
1331,6902,noticed,20,10
1332,6910,before,20,10
1333,6918,and,20,10
1334,6922,behind,20,10
1335,6929,it,20,10
1336,6932,was,20,10
1337,6936,a,20,10
1338,6938,little,20,10
1339,6945,door,20,10
1340,6950,about,20,10
1341,6956,fifteen,20,10
1342,6964,inches,20,10
1343,6971,high,20,10
1344,6977,she,20,10
1345,6981,tried,20,10
1346,6987,the,20,10
1347,6991,little,20,10
1348,6998,golden,20,10
1349,7005,key,20,10
1350,7009,in,20,10
1351,7012,the,20,10
1352,7016,lock,20,10
1353,7022,and,20,10
1354,7026,to,20,10
1355,7029,her,20,10
1356,7033,great,20,10
1357,7039,delight,20,10
1358,7047,it,20,10
1359,7050,fitted,20,10
1360,7059,Alice,21,10
1361,7065,opened,21,10
1362,7072,the,21,10
1363,7076,door,21,10
1364,7081,and,21,10
1365,7085,found,21,10
1366,7091,that,21,10
1367,7096,it,21,10
1368,7099,led,21,10
1369,7103,into,21,10
1370,7108,a,21,10
1371,7110,small,21,10
1372,7116,passage,21,10
1373,7125,not,21,10
1374,7129,much,21,10
1375,7134,larger,21,10
1376,7141,than,21,10
1377,7146,a,21,10
1378,7148,rat,21,10
1379,7152,hole,21,10
1380,7158,she,21,10
1381,7162,knelt,21,10
1382,7168,down,21,10
1383,7173,and,21,10
1384,7177,looked,21,10
1385,7184,along,21,10
1386,7190,the,21,10
1387,7194,passage,21,10
1388,7202,into,21,10
1389,7207,the,21,10
1390,7211,loveliest,21,10
1391,7221,garden,21,10
1392,7228,you,21,10
1393,7232,ever,21,10
1394,7237,saw,21,10
1395,7242,How,21,10
1396,7246,she,21,10
1397,7250,longed,21,10
1398,7257,to,21,10
1399,7260,get,21,10
1400,7264,out,21,10
1401,7268,of,21,10
1402,7271,that,21,10
1403,7276,dark,21,10
1404,7281,hall,21,10
1405,7287,and,21,10
1406,7291,wander,21,10
1407,7298,about,21,10
1408,7304,among,21,10
1409,7310,those,21,10
1410,7316,beds,21,10
1411,7321,of,21,10
1412,7324,bright,21,10
1413,7331,flowers,21,10
1414,7339,and,21,10
1415,7343,those,21,10
1416,7349,cool,21,10
1417,7354,fountains,21,10
1418,7365,but,21,10
1419,7369,she,21,10
1420,7373,could,21,10
1421,7379,not,21,10
1422,7383,even,21,10
1423,7388,get,21,10
1424,7392,her,21,10
1425,7396,head,21,10
1426,7401,through,21,10
1427,7409,the,21,10
1428,7413,doorway,21,10
1429,7423,and,21,10
1430,7427,even,21,10
1431,7432,if,21,10
1432,7435,my,21,10
1433,7438,head,21,10
1434,7443,would,21,10
1435,7449,go,21,10
1436,7452,through,21,10
1437,7462,thought,21,10
1438,7470,poor,21,10
1439,7475,Alice,21,10
1440,7483,it,21,10
1441,7486,would,21,10
1442,7492,be,21,10
1443,7495,of,21,10
1444,7498,very,21,10
1445,7503,little,21,10
1446,7510,use,21,10
1447,7514,without,21,10
1448,7522,my,21,10
1449,7525,shoulders,21,10
1450,7536,Oh,21,10
1451,7540,how,21,10
1452,7544,I,21,10
1453,7546,wish,21,10
1454,7551,I,21,10
1455,7553,could,21,10
1456,7559,shut,21,10
1457,7564,up,21,10
1458,7567,like,21,10
1459,7572,a,21,10
1460,7574,telescope,21,10
1461,7585,I,21,10
1462,7587,think,21,10
1463,7593,I,21,10
1464,7595,could,21,10
1465,7602,if,21,10
1466,7605,I,21,10
1467,7607,only,21,10
1468,7612,knew,21,10
1469,7617,how,21,10
1470,7621,to,21,10
1471,7624,begin,21,10
1472,7632,For,21,10
1473,7637,you,21,10
1474,7641,see,21,10
1475,7646,so,21,10
1476,7649,many,21,10
1477,7654,out,21,10
1478,7658,of,21,10
1479,7661,the,21,10
1480,7665,way,21,10
1481,7669,things,21,10
1482,7676,had,21,10
1483,7680,happened,21,10
1484,7689,lately,21,10
1485,7697,that,21,10
1486,7702,Alice,21,10
1487,7708,had,21,10
1488,7712,begun,21,10
1489,7718,to,21,10
1490,7721,think,21,10
1491,7727,that,21,10
1492,7732,very,21,10
1493,7737,few,21,10
1494,7741,things,21,10
1495,7748,indeed,21,10
1496,7755,were,21,10
1497,7760,really,21,10
1498,7767,impossible,21,10
1499,7780,There,22,10
1500,7786,seemed,22,10
1501,7793,to,22,10
1502,7796,be,22,10
1503,7799,no,22,10
1504,7802,use,22,10
1505,7806,in,22,10
1506,7809,waiting,22,10
1507,7817,by,22,10
1508,7820,the,22,10
1509,7824,little,22,10
1510,7831,door,22,10
1511,7837,so,22,10
1512,7840,she,22,10
1513,7844,went,22,10
1514,7849,back,22,10
1515,7854,to,22,10
1516,7857,the,22,10
1517,7861,table,22,10
1518,7868,half,22,10
1519,7873,hoping,22,10
1520,7880,she,22,10
1521,7884,might,22,10
1522,7890,find,22,10
1523,7895,another,22,10
1524,7903,key,22,10
1525,7907,on,22,10
1526,7910,it,22,10
1527,7914,or,22,10
1528,7917,at,22,10
1529,7920,any,22,10
1530,7924,rate,22,10
1531,7929,a,22,10
1532,7931,book,22,10
1533,7936,of,22,10
1534,7939,rules,22,10
1535,7945,for,22,10
1536,7949,shutting,22,10
1537,7958,people,22,10
1538,7965,up,22,10
1539,7968,like,22,10
1540,7973,telescopes,22,10
1541,7985,this,22,10
1542,7990,time,22,10
1543,7995,she,22,10
1544,7999,found,22,10
1545,8005,a,22,10
1546,8007,little,22,10
1547,8014,bottle,22,10
1548,8021,on,22,10
1549,8024,it,22,10
1550,8030,which,22,10
1551,8036,certainly,22,10
1552,8046,was,22,10
1553,8050,not,22,10
1554,8054,here,22,10
1555,8059,before,22,10
1556,8068,said,22,10
1557,8073,Alice,22,10
1558,8081,and,22,10
1559,8085,round,22,10
1560,8091,the,22,10
1561,8095,neck,22,10
1562,8100,of,22,10
1563,8103,the,22,10
1564,8107,bottle,22,10
1565,8114,was,22,10
1566,8118,a,22,10
1567,8120,paper,22,10
1568,8126,label,22,10
1569,8133,with,22,10
1570,8138,the,22,10
1571,8142,words,22,10
1572,8149,DRINK,22,10
1573,8155,ME,22,10
1574,8160,beautifully,22,10
1575,8172,printed,22,10
1576,8180,on,22,10
1577,8183,it,22,10
1578,8186,in,22,10
1579,8189,large,22,10
1580,8195,letters,22,10
1581,8205,It,23,10
1582,8208,was,23,10
1583,8212,all,23,10
1584,8216,very,23,10
1585,8221,well,23,10
1586,8226,to,23,10
1587,8229,say,23,10
1588,8234,Drink,23,10
1589,8240,me,23,10
1590,8245,but,23,10
1591,8249,the,23,10
1592,8253,wise,23,10
1593,8258,little,23,10
1594,8265,Alice,23,10
1595,8271,was,23,10
1596,8275,not,23,10
1597,8279,going,23,10
1598,8285,to,23,10
1599,8288,do,23,10
1600,8292,that,23,10
1601,8298,in,23,10
1602,8301,a,23,10
1603,8303,hurry,23,10
1604,8311,No,23,10
1605,8315,I,23,10
1606,8317,ll,23,10
1607,8320,look,23,10
1608,8325,first,23,10
1609,8333,she,23,10
1610,8337,said,23,10
1611,8344,and,23,10
1612,8348,see,23,10
1613,8352,whether,23,10
1614,8360,it,23,10
1615,8363,s,23,10
1616,8365,marked,23,10
1617,8374,poison,23,10
1618,8383,or,23,10
1619,8386,not,23,10
1620,8392,for,23,10
1621,8396,she,23,10
1622,8400,had,23,10
1623,8404,read,23,10
1624,8409,several,23,10
1625,8417,nice,23,10
1626,8422,little,23,10
1627,8429,histories,23,10
1628,8439,about,23,10
1629,8445,children,23,10
1630,8454,who,23,10
1631,8458,had,23,10
1632,8462,got,23,10
1633,8466,burnt,23,10
1634,8473,and,23,10
1635,8477,eaten,23,10
1636,8483,up,23,10
1637,8486,by,23,10
1638,8489,wild,23,10
1639,8494,beasts,23,10
1640,8501,and,23,10
1641,8505,other,23,10
1642,8511,unpleasant,23,10
1643,8522,things,23,10
1644,8530,all,23,10
1645,8534,because,23,10
1646,8542,they,23,10
1647,8548,would,23,10
1648,8555,not,23,10
1649,8559,remember,23,10
1650,8568,the,23,10
1651,8572,simple,23,10
1652,8579,rules,23,10
1653,8585,their,23,10
1654,8591,friends,23,10
1655,8599,had,23,10
1656,8603,taught,23,10
1657,8610,them,23,10
1658,8616,such,23,10
1659,8621,as,23,10
1660,8625,that,23,10
1661,8630,a,23,10
1662,8632,red,23,10
1663,8636,hot,23,10
1664,8640,poker,23,10
1665,8646,will,23,10
1666,8651,burn,23,10
1667,8656,you,23,10
1668,8660,if,23,10
1669,8663,you,23,10
1670,8667,hold,23,10
1671,8672,it,23,10
1672,8675,too,23,10
1673,8679,long,23,10
1674,8685,and,23,10
1675,8689,that,23,10
1676,8694,if,23,10
1677,8697,you,23,10
1678,8701,cut,23,10
1679,8705,your,23,10
1680,8710,finger,23,10
1681,8718,very,23,10
1682,8724,deeply,23,10
1683,8731,with,23,10
1684,8736,a,23,10
1685,8738,knife,23,10
1686,8745,it,23,10
1687,8748,usually,23,10
1688,8756,bleeds,23,10
1689,8764,and,23,10
1690,8768,she,23,10
1691,8772,had,23,10
1692,8776,never,23,10
1693,8782,forgotten,23,10
1694,8792,that,23,10
1695,8798,if,23,10
1696,8801,you,23,10
1697,8805,drink,23,10
1698,8811,much,23,10
1699,8816,from,23,10
1700,8821,a,23,10
1701,8823,bottle,23,10
1702,8830,marked,23,10
1703,8838,poison,23,10
1704,8847,it,23,10
1705,8850,is,23,10
1706,8853,almost,23,10
1707,8860,certain,23,10
1708,8868,to,23,10
1709,8871,disagree,23,10
1710,8880,with,23,10
1711,8885,you,23,10
1712,8890,sooner,23,10
1713,8897,or,23,10
1714,8900,later,23,10
1715,8908,However,24,10
1716,8917,this,24,10
1717,8922,bottle,24,10
1718,8929,was,24,10
1719,8934,not,24,10
1720,8939,marked,24,10
1721,8947,poison,24,10
1722,8956,so,24,10
1723,8959,Alice,24,10
1724,8965,ventured,24,10
1725,8974,to,24,10
1726,8977,taste,24,10
1727,8983,it,24,10
1728,8987,and,24,10
1729,8991,finding,24,10
1730,8999,it,24,10
1731,9002,very,24,10
1732,9007,nice,24,10
1733,9014,it,24,10
1734,9017,had,24,10
1735,9022,in,24,10
1736,9025,fact,24,10
1737,9031,a,24,10
1738,9033,sort,24,10
1739,9038,of,24,10
1740,9041,mixed,24,10
1741,9047,flavour,24,10
1742,9055,of,24,10
1743,9058,cherry,24,10
1744,9065,tart,24,10
1745,9071,custard,24,10
1746,9080,pine,24,10
1747,9085,apple,24,10
1748,9092,roast,24,10
1749,9098,turkey,24,10
1750,9106,toffee,24,10
1751,9114,and,24,10
1752,9118,hot,24,10
1753,9122,buttered,24,10
1754,9131,toast,24,10
1755,9139,she,24,10
1756,9143,very,24,10
1757,9148,soon,24,10
1758,9153,finished,24,10
1759,9162,it,24,10
1760,9165,off,24,10
1761,9305,What,28,10
1762,9310,a,28,10
1763,9312,curious,28,10
1764,9320,feeling,28,10
1765,9330,said,28,10
1766,9335,Alice,28,10
1767,9343,I,28,10
1768,9345,must,28,10
1769,9350,be,28,10
1770,9353,shutting,28,10
1771,9362,up,28,10
1772,9365,like,28,10
1773,9370,a,28,10
1774,9372,telescope,28,10
1775,9385,And,29,10
1776,9389,so,29,10
1777,9392,it,29,10
1778,9395,was,29,10
1779,9399,indeed,29,10
1780,9407,she,29,10
1781,9411,was,29,10
1782,9415,now,29,10
1783,9419,only,29,10
1784,9424,ten,29,10
1785,9428,inches,29,10
1786,9435,high,29,10
1787,9441,and,29,10
1788,9445,her,29,10
1789,9449,face,29,10
1790,9454,brightened,29,10
1791,9465,up,29,10
1792,9468,at,29,10
1793,9471,the,29,10
1794,9475,thought,29,10
1795,9483,that,29,10
1796,9488,she,29,10
1797,9492,was,29,10
1798,9496,now,29,10
1799,9500,the,29,10
1800,9504,right,29,10
1801,9510,size,29,10
1802,9515,for,29,10
1803,9519,going,29,10
1804,9525,through,29,10
1805,9533,the,29,10
1806,9537,little,29,10
1807,9544,door,29,10
1808,9549,into,29,10
1809,9554,that,29,10
1810,9559,lovely,29,10
1811,9566,garden,29,10
1812,9574,First,29,10
1813,9581,however,29,10
1814,9590,she,29,10
1815,9594,waited,29,10
1816,9601,for,29,10
1817,9605,a,29,10
1818,9607,few,29,10
1819,9611,minutes,29,10
1820,9619,to,29,10
1821,9622,see,29,10
1822,9626,if,29,10
1823,9629,she,29,10
1824,9633,was,29,10
1825,9637,going,29,10
1826,9643,to,29,10
1827,9646,shrink,29,10
1828,9653,any,29,10
1829,9657,further,29,10
1830,9666,she,29,10
1831,9670,felt,29,10
1832,9675,a,29,10
1833,9677,little,29,10
1834,9684,nervous,29,10
1835,9692,about,29,10
1836,9698,this,29,10
1837,9705,for,29,10
1838,9709,it,29,10
1839,9712,might,29,10
1840,9718,end,29,10
1841,9723,you,29,10
1842,9727,know,29,10
1843,9734,said,29,10
1844,9739,Alice,29,10
1845,9745,to,29,10
1846,9748,herself,29,10
1847,9758,in,29,10
1848,9761,my,29,10
1849,9764,going,29,10
1850,9770,out,29,10
1851,9774,altogether,29,10
1852,9786,like,29,10
1853,9791,a,29,10
1854,9793,candle,29,10
1855,9801,I,29,10
1856,9803,wonder,29,10
1857,9810,what,29,10
1858,9815,I,29,10
1859,9817,should,29,10
1860,9824,be,29,10
1861,9827,like,29,10
1862,9832,then,29,10
1863,9839,And,29,10
1864,9843,she,29,10
1865,9847,tried,29,10
1866,9853,to,29,10
1867,9856,fancy,29,10
1868,9862,what,29,10
1869,9867,the,29,10
1870,9871,flame,29,10
1871,9877,of,29,10
1872,9880,a,29,10
1873,9882,candle,29,10
1874,9889,is,29,10
1875,9892,like,29,10
1876,9897,after,29,10
1877,9903,the,29,10
1878,9907,candle,29,10
1879,9914,is,29,10
1880,9917,blown,29,10
1881,9923,out,29,10
1882,9928,for,29,10
1883,9932,she,29,10
1884,9936,could,29,10
1885,9942,not,29,10
1886,9946,remember,29,10
1887,9955,ever,29,10
1888,9960,having,29,10
1889,9967,seen,29,10
1890,9972,such,29,10
1891,9977,a,29,10
1892,9979,thing,29,10
1893,9987,After,30,10
1894,9993,a,30,10
1895,9995,while,30,10
1896,10002,finding,30,10
1897,10010,that,30,10
1898,10015,nothing,30,10
1899,10023,more,30,10
1900,10028,happened,30,10
1901,10038,she,30,10
1902,10042,decided,30,10
1903,10050,on,30,10
1904,10053,going,30,10
1905,10059,into,30,10
1906,10064,the,30,10
1907,10068,garden,30,10
1908,10075,at,30,10
1909,10078,once,30,10
1910,10084,but,30,10
1911,10089,alas,30,10
1912,10094,for,30,10
1913,10098,poor,30,10
1914,10103,Alice,30,10
1915,10110,when,30,10
1916,10115,she,30,10
1917,10119,got,30,10
1918,10123,to,30,10
1919,10126,the,30,10
1920,10130,door,30,10
1921,10136,she,30,10
1922,10140,found,30,10
1923,10146,she,30,10
1924,10150,had,30,10
1925,10154,forgotten,30,10
1926,10164,the,30,10
1927,10168,little,30,10
1928,10175,golden,30,10
1929,10182,key,30,10
1930,10187,and,30,10
1931,10191,when,30,10
1932,10196,she,30,10
1933,10200,went,30,10
1934,10205,back,30,10
1935,10210,to,30,10
1936,10213,the,30,10
1937,10217,table,30,10
1938,10223,for,30,10
1939,10227,it,30,10
1940,10231,she,30,10
1941,10235,found,30,10
1942,10241,she,30,10
1943,10245,could,30,10
1944,10251,not,30,10
1945,10255,possibly,30,10
1946,10264,reach,30,10
1947,10270,it,30,10
1948,10274,she,30,10
1949,10278,could,30,10
1950,10284,see,30,10
1951,10288,it,30,10
1952,10291,quite,30,10
1953,10297,plainly,30,10
1954,10305,through,30,10
1955,10313,the,30,10
1956,10317,glass,30,10
1957,10324,and,30,10
1958,10328,she,30,10
1959,10332,tried,30,10
1960,10338,her,30,10
1961,10342,best,30,10
1962,10347,to,30,10
1963,10350,climb,30,10
1964,10356,up,30,10
1965,10359,one,30,10
1966,10363,of,30,10
1967,10366,the,30,10
1968,10370,legs,30,10
1969,10375,of,30,10
1970,10378,the,30,10
1971,10382,table,30,10
1972,10389,but,30,10
1973,10393,it,30,10
1974,10396,was,30,10
1975,10400,too,30,10
1976,10404,slippery,30,10
1977,10414,and,30,10
1978,10418,when,30,10
1979,10423,she,30,10
1980,10427,had,30,10
1981,10431,tired,30,10
1982,10437,herself,30,10
1983,10445,out,30,10
1984,10449,with,30,10
1985,10454,trying,30,10
1986,10462,the,30,10
1987,10466,poor,30,10
1988,10471,little,30,10
1989,10478,thing,30,10
1990,10484,sat,30,10
1991,10488,down,30,10
1992,10493,and,30,10
1993,10497,cried,30,10
1994,10506,Come,31,10
1995,10512,there,31,10
1996,10518,s,31,10
1997,10520,no,31,10
1998,10523,use,31,10
1999,10527,in,31,10
2000,10530,crying,31,10
2001,10537,like,31,10
2002,10542,that,31,10
2003,10549,said,31,10
2004,10554,Alice,31,10
2005,10560,to,31,10
2006,10563,herself,31,10
2007,10572,rather,31,10
2008,10579,sharply,31,10
2009,10589,I,31,10
2010,10591,advise,31,10
2011,10598,you,31,10
2012,10602,to,31,10
2013,10605,leave,31,10
2014,10611,off,31,10
2015,10615,this,31,10
2016,10620,minute,31,10
2017,10629,She,31,10
2018,10633,generally,31,10
2019,10643,gave,31,10
2020,10648,herself,31,10
2021,10656,very,31,10
2022,10661,good,31,10
2023,10666,advice,31,10
2024,10675,though,31,10
2025,10682,she,31,10
2026,10686,very,31,10
2027,10691,seldom,31,10
2028,10698,followed,31,10
2029,10707,it,31,10
2030,10712,and,31,10
2031,10716,sometimes,31,10
2032,10726,she,31,10
2033,10730,scolded,31,10
2034,10738,herself,31,10
2035,10746,so,31,10
2036,10749,severely,31,10
2037,10758,as,31,10
2038,10761,to,31,10
2039,10764,bring,31,10
2040,10770,tears,31,10
2041,10776,into,31,10
2042,10781,her,31,10
2043,10785,eyes,31,10
2044,10791,and,31,10
2045,10795,once,31,10
2046,10800,she,31,10
2047,10804,remembered,31,10
2048,10815,trying,31,10
2049,10822,to,31,10
2050,10825,box,31,10
2051,10829,her,31,10
2052,10833,own,31,10
2053,10837,ears,31,10
2054,10842,for,31,10
2055,10846,having,31,10
2056,10853,cheated,31,10
2057,10861,herself,31,10
2058,10869,in,31,10
2059,10872,a,31,10
2060,10874,game,31,10
2061,10879,of,31,10
2062,10882,croquet,31,10
2063,10890,she,31,10
2064,10894,was,31,10
2065,10898,playing,31,10
2066,10906,against,31,10
2067,10914,herself,31,10
2068,10923,for,31,10
2069,10927,this,31,10
2070,10932,curious,31,10
2071,10940,child,31,10
2072,10946,was,31,10
2073,10950,very,31,10
2074,10955,fond,31,10
2075,10960,of,31,10
2076,10963,pretending,31,10
2077,10974,to,31,10
2078,10977,be,31,10
2079,10980,two,31,10
2080,10984,people,31,10
2081,10993,But,31,10
2082,10997,it,31,10
2083,11000,s,31,10
2084,11002,no,31,10
2085,11005,use,31,10
2086,11009,now,31,10
2087,11015,thought,31,10
2088,11023,poor,31,10
2089,11028,Alice,31,10
2090,11036,to,31,10
2091,11039,pretend,31,10
2092,11047,to,31,10
2093,11050,be,31,10
2094,11053,two,31,10
2095,11057,people,31,10
2096,11065,Why,31,10
2097,11070,there,31,10
2098,11076,s,31,10
2099,11078,hardly,31,10
2100,11085,enough,31,10
2101,11092,of,31,10
2102,11095,me,31,10
2103,11098,left,31,10
2104,11103,to,31,10
2105,11106,make,31,10
2106,11112,one,31,10
2107,11117,respectable,31,10
2108,11129,person,31,10
2109,11139,Soon,32,10
2110,11144,her,32,10
2111,11148,eye,32,10
2112,11152,fell,32,10
2113,11157,on,32,10
2114,11160,a,32,10
2115,11162,little,32,10
2116,11169,glass,32,10
2117,11175,box,32,10
2118,11179,that,32,10
2119,11184,was,32,10
2120,11188,lying,32,10
2121,11194,under,32,10
2122,11200,the,32,10
2123,11204,table,32,10
2124,11211,she,32,10
2125,11215,opened,32,10
2126,11222,it,32,10
2127,11226,and,32,10
2128,11230,found,32,10
2129,11236,in,32,10
2130,11239,it,32,10
2131,11242,a,32,10
2132,11244,very,32,10
2133,11249,small,32,10
2134,11255,cake,32,10
2135,11261,on,32,10
2136,11264,which,32,10
2137,11270,the,32,10
2138,11274,words,32,10
2139,11281,EAT,32,10
2140,11285,ME,32,10
2141,11289,were,32,10
2142,11294,beautifully,32,10
2143,11306,marked,32,10
2144,11313,in,32,10
2145,11316,currants,32,10
2146,11327,Well,32,10
2147,11333,I,32,10
2148,11335,ll,32,10
2149,11338,eat,32,10
2150,11342,it,32,10
2151,11347,said,32,10
2152,11352,Alice,32,10
2153,11360,and,32,10
2154,11364,if,32,10
2155,11367,it,32,10
2156,11370,makes,32,10
2157,11376,me,32,10
2158,11379,grow,32,10
2159,11384,larger,32,10
2160,11392,I,32,10
2161,11394,can,32,10
2162,11398,reach,32,10
2163,11404,the,32,10
2164,11408,key,32,10
2165,11413,and,32,10
2166,11417,if,32,10
2167,11420,it,32,10
2168,11423,makes,32,10
2169,11429,me,32,10
2170,11432,grow,32,10
2171,11437,smaller,32,10
2172,11446,I,32,10
2173,11448,can,32,10
2174,11452,creep,32,10
2175,11458,under,32,10
2176,11464,the,32,10
2177,11468,door,32,10
2178,11474,so,32,10
2179,11477,either,32,10
2180,11484,way,32,10
2181,11488,I,32,10
2182,11490,ll,32,10
2183,11493,get,32,10
2184,11497,into,32,10
2185,11502,the,32,10
2186,11506,garden,32,10
2187,11514,and,32,10
2188,11518,I,32,10
2189,11520,don,32,10
2190,11524,t,32,10
2191,11526,care,32,10
2192,11531,which,32,10
2193,11537,happens,32,10
2194,11548,She,33,10
2195,11552,ate,33,10
2196,11556,a,33,10
2197,11558,little,33,10
2198,11565,bit,33,10
2199,11570,and,33,10
2200,11574,said,33,10
2201,11579,anxiously,33,10
2202,11589,to,33,10
2203,11592,herself,33,10
2204,11602,Which,33,10
2205,11608,way,33,10
2206,11613,Which,33,10
2207,11619,way,33,10
2208,11626,holding,33,10
2209,11634,her,33,10
2210,11638,hand,33,10
2211,11643,on,33,10
2212,11646,the,33,10
2213,11650,top,33,10
2214,11654,of,33,10
2215,11657,her,33,10
2216,11661,head,33,10
2217,11666,to,33,10
2218,11669,feel,33,10
2219,11674,which,33,10
2220,11680,way,33,10
2221,11684,it,33,10
2222,11687,was,33,10
2223,11691,growing,33,10
2224,11700,and,33,10
2225,11704,she,33,10
2226,11708,was,33,10
2227,11712,quite,33,10
2228,11718,surprised,33,10
2229,11728,to,33,10
2230,11731,find,33,10
2231,11736,that,33,10
2232,11741,she,33,10
2233,11745,remained,33,10
2234,11754,the,33,10
2235,11758,same,33,10
2236,11763,size,33,10
2237,11769,to,33,10
2238,11772,be,33,10
2239,11775,sure,33,10
2240,11781,this,33,10
2241,11786,generally,33,10
2242,11796,happens,33,10
2243,11804,when,33,10
2244,11809,one,33,10
2245,11813,eats,33,10
2246,11818,cake,33,10
2247,11824,but,33,10
2248,11828,Alice,33,10
2249,11834,had,33,10
2250,11838,got,33,10
2251,11842,so,33,10
2252,11845,much,33,10
2253,11850,into,33,10
2254,11855,the,33,10
2255,11859,way,33,10
2256,11863,of,33,10
2257,11866,expecting,33,10
2258,11876,nothing,33,10
2259,11884,but,33,10
2260,11888,out,33,10
2261,11892,of,33,10
2262,11895,the,33,10
2263,11899,way,33,10
2264,11903,things,33,10
2265,11910,to,33,10
2266,11913,happen,33,10
2267,11921,that,33,10
2268,11926,it,33,10
2269,11929,seemed,33,10
2270,11936,quite,33,10
2271,11942,dull,33,10
2272,11947,and,33,10
2273,11951,stupid,33,10
2274,11958,for,33,10
2275,11962,life,33,10
2276,11967,to,33,10
2277,11970,go,33,10
2278,11973,on,33,10
2279,11976,in,33,10
2280,11979,the,33,10
2281,11983,common,33,10
2282,11990,way,33,10
2283,11996,So,34,10
2284,11999,she,34,10
2285,12003,set,34,10
2286,12007,to,34,10
2287,12010,work,34,10
2288,12016,and,34,10
2289,12020,very,34,10
2290,12025,soon,34,10
2291,12030,finished,34,10
2292,12039,off,34,10
2293,12043,the,34,10
2294,12047,cake,34,10
2295,12189,CHAPTER,38,0
2296,12197,II,38,0
2297,12201,The,38,0
2298,12205,Pool,38,0
2299,12210,of,38,0
2300,12213,Tears,38,0
2301,12222,Curiouser,39,0
2302,12232,and,39,0
2303,12236,curiouser,39,0
2304,12248,cried,39,0
2305,12254,Alice,39,0
2306,12261,she,39,0
2307,12265,was,39,0
2308,12269,so,39,0
2309,12272,much,39,0
2310,12277,surprised,39,0
2311,12288,that,39,0
2312,12293,for,39,0
2313,12297,the,39,0
2314,12301,moment,39,0
2315,12308,she,39,0
2316,12312,quite,39,0
2317,12318,forgot,39,0
2318,12325,how,39,0
2319,12329,to,39,0
2320,12332,speak,39,0
2321,12338,good,39,0
2322,12343,English,39,0
2323,12354,now,39,0
2324,12358,I,39,0
2325,12360,m,39,0
2326,12362,opening,39,0
2327,12370,out,39,0
2328,12374,like,39,0
2329,12379,the,39,0
2330,12383,largest,39,0
2331,12391,telescope,39,0
2332,12401,that,39,0
2333,12406,ever,39,0
2334,12411,was,39,0
2335,12416,Good,39,0
2336,12421,bye,39,0
2337,12426,feet,39,0
2338,12434,for,39,0
2339,12438,when,39,0
2340,12443,she,39,0
2341,12447,looked,39,0
2342,12454,down,39,0
2343,12459,at,39,0
2344,12462,her,39,0
2345,12466,feet,39,0
2346,12472,they,39,0
2347,12477,seemed,39,0
2348,12484,to,39,0
2349,12487,be,39,0
2350,12490,almost,39,0
2351,12497,out,39,0
2352,12501,of,39,0
2353,12504,sight,39,0
2354,12511,they,39,0
2355,12516,were,39,0
2356,12521,getting,39,0
2357,12529,so,39,0
2358,12532,far,39,0
2359,12536,off,39,0
2360,12543,Oh,39,0
2361,12547,my,39,0
2362,12550,poor,39,0
2363,12555,little,39,0
2364,12562,feet,39,0
2365,12568,I,39,0
2366,12570,wonder,39,0
2367,12577,who,39,0
2368,12581,will,39,0
2369,12586,put,39,0
2370,12590,on,39,0
2371,12593,your,39,0
2372,12598,shoes,39,0
2373,12604,and,39,0
2374,12608,stockings,39,0
2375,12618,for,39,0
2376,12622,you,39,0
2377,12626,now,39,0
2378,12631,dears,39,0
2379,12638,I,39,0
2380,12640,m,39,0
2381,12642,sure,39,0
2382,12648,I,39,0
2383,12651,shan,39,0
2384,12656,t,39,0
2385,12658,be,39,0
2386,12661,able,39,0
2387,12667,I,39,0
2388,12669,shall,39,0
2389,12675,be,39,0
2390,12678,a,39,0
2391,12680,great,39,0
2392,12686,deal,39,0
2393,12691,too,39,0
2394,12695,far,39,0
2395,12699,off,39,0
2396,12703,to,39,0
2397,12706,trouble,39,0
2398,12714,myself,39,0
2399,12721,about,39,0
2400,12727,you,39,0
2401,12732,you,39,0
2402,12736,must,39,0
2403,12741,manage,39,0
2404,12748,the,39,0
2405,12752,best,39,0
2406,12757,way,39,0
2407,12761,you,39,0
2408,12765,can,39,0
2409,12770,but,39,0
2410,12774,I,39,0
2411,12776,must,39,0
2412,12781,be,39,0
2413,12784,kind,39,0
2414,12789,to,39,0
2415,12792,them,39,0
2416,12799,thought,39,0
2417,12807,Alice,39,0
2418,12815,or,39,0
2419,12818,perhaps,39,0
2420,12826,they,39,0
2421,12831,won,39,0
2422,12835,t,39,0
2423,12837,walk,39,0
2424,12842,the,39,0
2425,12846,way,39,0
2426,12850,I,39,0
2427,12852,want,39,0
2428,12857,to,39,0
2429,12860,go,39,0
2430,12864,Let,39,0
2431,12868,me,39,0
2432,12871,see,39,0
2433,12876,I,39,0
2434,12878,ll,39,0
2435,12881,give,39,0
2436,12886,them,39,0
2437,12891,a,39,0
2438,12893,new,39,0
2439,12897,pair,39,0
2440,12902,of,39,0
2441,12905,boots,39,0
2442,12911,every,39,0
2443,12917,Christmas,39,0
2444,12930,And,40,0
2445,12934,she,40,0
2446,12938,went,40,0
2447,12943,on,40,0
2448,12946,planning,40,0
2449,12955,to,40,0
2450,12958,herself,40,0
2451,12966,how,40,0
2452,12970,she,40,0
2453,12974,would,40,0
2454,12980,manage,40,0
2455,12987,it,40,0
2456,12992,They,40,0
2457,12997,must,40,0
2458,13002,go,40,0
2459,13005,by,40,0
2460,13008,the,40,0
2461,13012,carrier,40,0
2462,13022,she,40,0
2463,13026,thought,40,0
2464,13036,and,40,0
2465,13040,how,40,0
2466,13044,funny,40,0
2467,13050,it,40,0
2468,13053,ll,40,0
2469,13056,seem,40,0
2470,13062,sending,40,0
2471,13070,presents,40,0
2472,13079,to,40,0
2473,13082,one,40,0
2474,13086,s,40,0
2475,13088,own,40,0
2476,13092,feet,40,0
2477,13098,And,40,0
2478,13102,how,40,0
2479,13106,odd,40,0
2480,13110,the,40,0
2481,13114,directions,40,0
2482,13125,will,40,0
2483,13130,look,40,0
2484,13143,Alice,41,0
2485,13149,s,41,0
2486,13151,Right,41,0
2487,13157,Foot,41,0
2488,13163,Esq,41,0
2489,13169,Hearthrug,41,0
2490,13180,near,41,0
2491,13185,the,41,0
2492,13189,Fender,41,0
2493,13200,with,41,0
2494,13210,Alice,41,0
2495,13216,s,41,0
2496,13218,love,41,0
2497,13227,Oh,42,0
2498,13230,dear,42,0
2499,13236,what,42,0
2500,13241,nonsense,42,0
2501,13250,I,42,0
2502,13252,m,42,0
2503,13254,talking,42,0
2504,13265,Just,43,0
2505,13270,then,43,0
2506,13275,her,43,0
2507,13279,head,43,0
2508,13284,struck,43,0
2509,13291,against,43,0
2510,13299,the,43,0
2511,13303,roof,43,0
2512,13308,of,43,0
2513,13311,the,43,0
2514,13315,hall,43,0
2515,13321,in,43,0
2516,13324,fact,43,0
2517,13329,she,43,0
2518,13333,was,43,0
2519,13337,now,43,0
2520,13341,more,43,0
2521,13346,than,43,0
2522,13351,nine,43,0
2523,13356,feet,43,0
2524,13361,high,43,0
2525,13367,and,43,0
2526,13371,she,43,0
2527,13375,at,43,0
2528,13378,once,43,0
2529,13383,took,43,0
2530,13388,up,43,0
2531,13391,the,43,0
2532,13395,little,43,0
2533,13402,golden,43,0
2534,13409,key,43,0
2535,13413,and,43,0
2536,13417,hurried,43,0
2537,13425,off,43,0
2538,13429,to,43,0
2539,13432,the,43,0
2540,13436,garden,43,0
2541,13443,door,43,0
2542,13450,Poor,44,0
2543,13455,Alice,44,0
2544,13462,It,44,0
2545,13465,was,44,0
2546,13469,as,44,0
2547,13472,much,44,0
2548,13477,as,44,0
2549,13480,she,44,0
2550,13484,could,44,0
2551,13490,do,44,0
2552,13494,lying,44,0
2553,13500,down,44,0
2554,13505,on,44,0
2555,13508,one,44,0
2556,13512,side,44,0
2557,13518,to,44,0
2558,13521,look,44,0
2559,13526,through,44,0
2560,13534,into,44,0
2561,13539,the,44,0
2562,13543,garden,44,0
2563,13550,with,44,0
2564,13555,one,44,0
2565,13559,eye,44,0
2566,13564,but,44,0
2567,13568,to,44,0
2568,13571,get,44,0
2569,13575,through,44,0
2570,13583,was,44,0
2571,13587,more,44,0
2572,13592,hopeless,44,0
2573,13601,than,44,0
2574,13606,ever,44,0
2575,13612,she,44,0
2576,13616,sat,44,0
2577,13620,down,44,0
2578,13625,and,44,0
2579,13629,began,44,0
2580,13635,to,44,0
2581,13638,cry,44,0
2582,13642,again,44,0
2583,13651,You,45,0
2584,13655,ought,45,0
2585,13661,to,45,0
2586,13664,be,45,0
2587,13667,ashamed,45,0
2588,13675,of,45,0
2589,13678,yourself,45,0
2590,13689,said,45,0
2591,13694,Alice,45,0
2592,13702,a,45,0
2593,13704,great,45,0
2594,13710,girl,45,0
2595,13715,like,45,0
2596,13720,you,45,0
2597,13727,she,45,0
2598,13731,might,45,0
2599,13737,well,45,0
2600,13742,say,45,0
2601,13746,this,45,0
2602,13754,to,45,0
2603,13757,go,45,0
2604,13760,on,45,0
2605,13763,crying,45,0
2606,13770,in,45,0
2607,13773,this,45,0
2608,13778,way,45,0
2609,13783,Stop,45,0
2610,13788,this,45,0
2611,13793,moment,45,0
2612,13801,I,45,0
2613,13803,tell,45,0
2614,13808,you,45,0
2615,13814,But,45,0
2616,13818,she,45,0
2617,13822,went,45,0
2618,13827,on,45,0
2619,13830,all,45,0
2620,13834,the,45,0
2621,13838,same,45,0
2622,13844,shedding,45,0
2623,13853,gallons,45,0
2624,13861,of,45,0
2625,13864,tears,45,0
2626,13871,until,45,0
2627,13877,there,45,0
2628,13883,was,45,0
2629,13887,a,45,0
2630,13889,large,45,0
2631,13895,pool,45,0
2632,13900,all,45,0
2633,13904,round,45,0
2634,13910,her,45,0
2635,13915,about,45,0
2636,13921,four,45,0
2637,13926,inches,45,0
2638,13933,deep,45,0
2639,13938,and,45,0
2640,13942,reaching,45,0
2641,13951,half,45,0
2642,13956,down,45,0
2643,13961,the,45,0
2644,13965,hall,45,0
2645,13972,After,46,0
2646,13978,a,46,0
2647,13980,time,46,0
2648,13985,she,46,0
2649,13989,heard,46,0
2650,13995,a,46,0
2651,13997,little,46,0
2652,14004,pattering,46,0
2653,14014,of,46,0
2654,14017,feet,46,0
2655,14022,in,46,0
2656,14025,the,46,0
2657,14029,distance,46,0
2658,14039,and,46,0
2659,14043,she,46,0
2660,14047,hastily,46,0
2661,14055,dried,46,0
2662,14061,her,46,0
2663,14065,eyes,46,0
2664,14070,to,46,0
2665,14073,see,46,0
2666,14077,what,46,0
2667,14082,was,46,0
2668,14086,coming,46,0
2669,14094,It,46,0
2670,14097,was,46,0
2671,14101,the,46,0
2672,14105,White,46,0
2673,14111,Rabbit,46,0
2674,14118,returning,46,0
2675,14129,splendidly,46,0
2676,14140,dressed,46,0
2677,14149,with,46,0
2678,14154,a,46,0
2679,14156,pair,46,0
2680,14161,of,46,0
2681,14164,white,46,0
2682,14170,kid,46,0
2683,14174,gloves,46,0
2684,14181,in,46,0
2685,14184,one,46,0
2686,14188,hand,46,0
2687,14193,and,46,0
2688,14197,a,46,0
2689,14199,large,46,0
2690,14205,fan,46,0
2691,14209,in,46,0
2692,14212,the,46,0
2693,14216,other,46,0
2694,14223,he,46,0
2695,14226,came,46,0
2696,14231,trotting,46,0
2697,14240,along,46,0
2698,14246,in,46,0
2699,14249,a,46,0
2700,14251,great,46,0
2701,14257,hurry,46,0
2702,14264,muttering,46,0
2703,14274,to,46,0
2704,14277,himself,46,0
2705,14285,as,46,0
2706,14288,he,46,0
2707,14291,came,46,0
2708,14298,Oh,46,0
2709,14302,the,46,0
2710,14306,Duchess,46,0
2711,14315,the,46,0
2712,14319,Duchess,46,0
2713,14328,Oh,46,0
2714,14332,won,46,0
2715,14336,t,46,0
2716,14338,she,46,0
2717,14342,be,46,0
2718,14345,savage,46,0
2719,14352,if,46,0
2720,14355,I,46,0
2721,14357,ve,46,0
2722,14360,kept,46,0
2723,14365,her,46,0
2724,14369,waiting,46,0
2725,14379,Alice,46,0
2726,14385,felt,46,0
2727,14390,so,46,0
2728,14393,desperate,46,0
2729,14403,that,46,0
2730,14408,she,46,0
2731,14412,was,46,0
2732,14416,ready,46,0
2733,14422,to,46,0
2734,14425,ask,46,0
2735,14429,help,46,0
2736,14434,of,46,0
2737,14437,any,46,0
2738,14441,one,46,0
2739,14446,so,46,0
2740,14450,when,46,0
2741,14455,the,46,0
2742,14459,Rabbit,46,0
2743,14466,came,46,0
2744,14471,near,46,0
2745,14476,her,46,0
2746,14481,she,46,0
2747,14485,began,46,0
2748,14492,in,46,0
2749,14495,a,46,0
2750,14497,low,46,0
2751,14502,timid,46,0
2752,14508,voice,46,0
2753,14516,If,46,0
2754,14519,you,46,0
2755,14523,please,46,0
2756,14531,sir,46,0
2757,14537,The,46,0
2758,14541,Rabbit,46,0
2759,14548,started,46,0
2760,14556,violently,46,0
2761,14567,dropped,46,0
2762,14575,the,46,0
2763,14579,white,46,0
2764,14585,kid,46,0
2765,14589,gloves,46,0
2766,14596,and,46,0
2767,14600,the,46,0
2768,14604,fan,46,0
2769,14609,and,46,0
2770,14613,skurried,46,0
2771,14622,away,46,0
2772,14627,into,46,0
2773,14632,the,46,0
2774,14636,darkness,46,0
2775,14645,as,46,0
2776,14648,hard,46,0
2777,14653,as,46,0
2778,14656,he,46,0
2779,14659,could,46,0
2780,14665,go,46,0
2781,14670,Alice,47,0
2782,14676,took,47,0
2783,14681,up,47,0
2784,14684,the,47,0
2785,14688,fan,47,0
2786,14692,and,47,0
2787,14696,gloves,47,0
2788,14704,and,47,0
2789,14709,as,47,0
2790,14712,the,47,0
2791,14716,hall,47,0
2792,14721,was,47,0
2793,14725,very,47,0
2794,14730,hot,47,0
2795,14735,she,47,0
2796,14739,kept,47,0
2797,14744,fanning,47,0
2798,14752,herself,47,0
2799,14760,all,47,0
2800,14764,the,47,0
2801,14768,time,47,0
2802,14773,she,47,0
2803,14777,went,47,0
2804,14782,on,47,0
2805,14785,talking,47,0
2806,14795,Dear,47,0
2807,14801,dear,47,0
2808,14807,How,47,0
2809,14811,queer,47,0
2810,14817,everything,47,0
2811,14828,is,47,0
2812,14831,to,47,0
2813,14834,day,47,0
2814,14839,And,47,0
2815,14843,yesterday,47,0
2816,14853,things,47,0
2817,14860,went,47,0
2818,14865,on,47,0
2819,14868,just,47,0
2820,14873,as,47,0
2821,14876,usual,47,0
2822,14883,I,47,0
2823,14885,wonder,47,0
2824,14892,if,47,0
2825,14895,I,47,0
2826,14897,ve,47,0
2827,14900,been,47,0
2828,14905,changed,47,0
2829,14913,in,47,0
2830,14916,the,47,0
2831,14920,night,47,0
2832,14927,Let,47,0
2833,14931,me,47,0
2834,14934,think,47,0
2835,14941,was,47,0
2836,14945,I,47,0
2837,14947,the,47,0
2838,14951,same,47,0
2839,14956,when,47,0
2840,14961,I,47,0
2841,14963,got,47,0
2842,14967,up,47,0
2843,14970,this,47,0
2844,14975,morning,47,0
2845,14984,I,47,0
2846,14986,almost,47,0
2847,14993,think,47,0
2848,14999,I,47,0
2849,15001,can,47,0
2850,15005,remember,47,0
2851,15014,feeling,47,0
2852,15022,a,47,0
2853,15024,little,47,0
2854,15031,different,47,0
2855,15042,But,47,0
2856,15046,if,47,0
2857,15049,I,47,0
2858,15051,m,47,0
2859,15053,not,47,0
2860,15057,the,47,0
2861,15061,same,47,0
2862,15067,the,47,0
2863,15071,next,47,0
2864,15076,question,47,0
2865,15085,is,47,0
2866,15089,Who,47,0
2867,15093,in,47,0
2868,15096,the,47,0
2869,15100,world,47,0
2870,15106,am,47,0
2871,15109,I,47,0
2872,15112,Ah,47,0
2873,15117,that,47,0
2874,15122,s,47,0
2875,15125,the,47,0
2876,15129,great,47,0
2877,15135,puzzle,47,0
2878,15144,And,47,0
2879,15148,she,47,0
2880,15152,began,47,0
2881,15158,thinking,47,0
2882,15167,over,47,0
2883,15172,all,47,0
2884,15176,the,47,0
2885,15180,children,47,0
2886,15189,she,47,0
2887,15193,knew,47,0
2888,15198,that,47,0
2889,15203,were,47,0
2890,15208,of,47,0
2891,15211,the,47,0
2892,15215,same,47,0
2893,15220,age,47,0
2894,15224,as,47,0
2895,15227,herself,47,0
2896,15236,to,47,0
2897,15239,see,47,0
2898,15243,if,47,0
2899,15246,she,47,0
2900,15250,could,47,0
2901,15256,have,47,0
2902,15261,been,47,0
2903,15266,changed,47,0
2904,15274,for,47,0
2905,15278,any,47,0
2906,15282,of,47,0
2907,15285,them,47,0
2908,15293,I,48,0
2909,15295,m,48,0
2910,15297,sure,48,0
2911,15302,I,48,0
2912,15304,m,48,0
2913,15306,not,48,0
2914,15310,Ada,48,0
2915,15316,she,48,0
2916,15320,said,48,0
2917,15327,for,48,0
2918,15331,her,48,0
2919,15335,hair,48,0
2920,15340,goes,48,0
2921,15345,in,48,0
2922,15348,such,48,0
2923,15353,long,48,0
2924,15358,ringlets,48,0
2925,15368,and,48,0
2926,15372,mine,48,0
2927,15377,doesn,48,0
2928,15383,t,48,0
2929,15385,go,48,0
2930,15388,in,48,0
2931,15391,ringlets,48,0
2932,15400,at,48,0
2933,15403,all,48,0
2934,15408,and,48,0
2935,15412,I,48,0
2936,15414,m,48,0
2937,15416,sure,48,0
2938,15421,I,48,0
2939,15423,can,48,0
2940,15427,t,48,0
2941,15429,be,48,0
2942,15432,Mabel,48,0
2943,15439,for,48,0
2944,15443,I,48,0
2945,15445,know,48,0
2946,15450,all,48,0
2947,15454,sorts,48,0
2948,15460,of,48,0
2949,15463,things,48,0
2950,15471,and,48,0
2951,15475,she,48,0
2952,15480,oh,48,0
2953,15484,she,48,0
2954,15488,knows,48,0
2955,15494,such,48,0
2956,15499,a,48,0
2957,15501,very,48,0
2958,15506,little,48,0
2959,15514,Besides,48,0
2960,15524,she,48,0
2961,15528,s,48,0
2962,15531,she,48,0
2963,15536,and,48,0
2964,15541,I,48,0
2965,15543,m,48,0
2966,15546,I,48,0
2967,15549,and,48,0
2968,15553,oh,48,0
2969,15556,dear,48,0
2970,15562,how,48,0
2971,15566,puzzling,48,0
2972,15575,it,48,0
2973,15578,all,48,0
2974,15582,is,48,0
2975,15586,I,48,0
2976,15588,ll,48,0
2977,15591,try,48,0
2978,15595,if,48,0
2979,15598,I,48,0
2980,15600,know,48,0
2981,15605,all,48,0
2982,15609,the,48,0
2983,15613,things,48,0
2984,15620,I,48,0
2985,15622,used,48,0
2986,15627,to,48,0
2987,15630,know,48,0
2988,15636,Let,48,0
2989,15640,me,48,0
2990,15643,see,48,0
2991,15648,four,48,0
2992,15653,times,48,0
2993,15659,five,48,0
2994,15664,is,48,0
2995,15667,twelve,48,0
2996,15675,and,48,0
2997,15679,four,48,0
2998,15684,times,48,0
2999,15690,six,48,0
3000,15694,is,48,0
3001,15697,thirteen,48,0
3002,15707,and,48,0
3003,15711,four,48,0
3004,15716,times,48,0
3005,15722,seven,48,0
3006,15728,is,48,0
3007,15731,oh,48,0
3008,15734,dear,48,0
3009,15740,I,48,0
3010,15742,shall,48,0
3011,15748,never,48,0
3012,15754,get,48,0
3013,15758,to,48,0
3014,15761,twenty,48,0
3015,15768,at,48,0
3016,15771,that,48,0
3017,15776,rate,48,0
3018,15782,However,48,0
3019,15791,the,48,0
3020,15795,Multiplication,48,0
3021,15810,Table,48,0
3022,15816,doesn,48,0
3023,15822,t,48,0
3024,15824,signify,48,0
3025,15833,let,48,0
3026,15837,s,48,0
3027,15839,try,48,0
3028,15843,Geography,48,0
3029,15854,London,48,0
3030,15861,is,48,0
3031,15864,the,48,0
3032,15868,capital,48,0
3033,15876,of,48,0
3034,15879,Paris,48,0
3035,15886,and,48,0
3036,15890,Paris,48,0
3037,15896,is,48,0
3038,15899,the,48,0
3039,15903,capital,48,0
3040,15911,of,48,0
3041,15914,Rome,48,0
3042,15920,and,48,0
3043,15924,Rome,48,0
3044,15929,no,48,0
3045,15934,that,48,0
3046,15939,s,48,0
3047,15942,all,48,0
3048,15946,wrong,48,0
3049,15953,I,48,0
3050,15955,m,48,0
3051,15957,certain,48,0
3052,15966,I,48,0
3053,15968,must,48,0
3054,15973,have,48,0
3055,15978,been,48,0
3056,15983,changed,48,0
3057,15991,for,48,0
3058,15995,Mabel,48,0
3059,16002,I,48,0
3060,16004,ll,48,0
3061,16007,try,48,0
3062,16011,and,48,0
3063,16015,say,48,0
3064,16021,How,48,0
3065,16025,doth,48,0
3066,16030,the,48,0
3067,16034,little,48,0
3068,16045,and,48,0
3069,16049,she,48,0
3070,16053,crossed,48,0
3071,16061,her,48,0
3072,16065,hands,48,0
3073,16071,on,48,0
3074,16074,her,48,0
3075,16078,lap,48,0
3076,16082,as,48,0
3077,16085,if,48,0
3078,16088,she,48,0
3079,16092,were,48,0
3080,16097,saying,48,0
3081,16104,lessons,48,0
3082,16113,and,48,0
3083,16117,began,48,0
3084,16123,to,48,0
3085,16126,repeat,48,0
3086,16133,it,48,0
3087,16137,but,48,0
3088,16141,her,48,0
3089,16145,voice,48,0
3090,16151,sounded,48,0
3091,16159,hoarse,48,0
3092,16166,and,48,0
3093,16170,strange,48,0
3094,16179,and,48,0
3095,16183,the,48,0
3096,16187,words,48,0
3097,16193,did,48,0
3098,16197,not,48,0
3099,16201,come,48,0
3100,16206,the,48,0
3101,16210,same,48,0
3102,16215,as,48,0
3103,16218,they,48,0
3104,16223,used,48,0
3105,16228,to,48,0
3106,16231,do,48,0
3107,16238,How,49,0
3108,16242,doth,49,0
3109,16247,the,49,0
3110,16251,little,49,0
3111,16258,crocodile,49,0
3112,16272,Improve,49,0
3113,16280,his,49,0
3114,16284,shining,49,0
3115,16292,tail,49,0
3116,16298,And,49,0
3117,16302,pour,49,0
3118,16307,the,49,0
3119,16311,waters,49,0
3120,16318,of,49,0
3121,16321,the,49,0
3122,16325,Nile,49,0
3123,16334,On,49,0
3124,16337,every,49,0
3125,16343,golden,49,0
3126,16350,scale,49,0
3127,16359,How,50,0
3128,16363,cheerfully,50,0
3129,16374,he,50,0
3130,16377,seems,50,0
3131,16383,to,50,0
3132,16386,grin,50,0
3133,16396,How,50,0
3134,16400,neatly,50,0
3135,16407,spread,50,0
3136,16414,his,50,0
3137,16418,claws,50,0
3138,16425,And,50,0
3139,16429,welcome,50,0
3140,16437,little,50,0
3141,16444,fishes,50,0
3142,16451,in,50,0
3143,16458,With,50,0
3144,16463,gently,50,0
3145,16470,smiling,50,0
3146,16478,jaws,50,0
3147,16488,I,51,0
3148,16490,m,51,0
3149,16492,sure,51,0
3150,16497,those,51,0
3151,16503,are,51,0
3152,16507,not,51,0
3153,16511,the,51,0
3154,16515,right,51,0
3155,16521,words,51,0
3156,16529,said,51,0
3157,16534,poor,51,0
3158,16539,Alice,51,0
3159,16546,and,51,0
3160,16550,her,51,0
3161,16554,eyes,51,0
3162,16559,filled,51,0
3163,16566,with,51,0
3164,16571,tears,51,0
3165,16577,again,51,0
3166,16583,as,51,0
3167,16586,she,51,0
3168,16590,went,51,0
3169,16595,on,51,0
3170,16600,I,51,0
3171,16602,must,51,0
3172,16607,be,51,0
3173,16610,Mabel,51,0
3174,16616,after,51,0
3175,16622,all,51,0
3176,16627,and,51,0
3177,16631,I,51,0
3178,16633,shall,51,0
3179,16639,have,51,0
3180,16644,to,51,0
3181,16647,go,51,0
3182,16650,and,51,0
3183,16654,live,51,0
3184,16659,in,51,0
3185,16662,that,51,0
3186,16667,poky,51,0
3187,16672,little,51,0
3188,16679,house,51,0
3189,16686,and,51,0
3190,16690,have,51,0
3191,16695,next,51,0
3192,16700,to,51,0
3193,16703,no,51,0
3194,16706,toys,51,0
3195,16711,to,51,0
3196,16714,play,51,0
3197,16719,with,51,0
3198,16725,and,51,0
3199,16729,oh,51,0
3200,16733,ever,51,0
3201,16738,so,51,0
3202,16741,many,51,0
3203,16746,lessons,51,0
3204,16754,to,51,0
3205,16757,learn,51,0
3206,16764,No,51,0
3207,16768,I,51,0
3208,16770,ve,51,0
3209,16773,made,51,0
3210,16778,up,51,0
3211,16781,my,51,0
3212,16784,mind,51,0
3213,16789,about,51,0
3214,16795,it,51,0
3215,16799,if,51,0
3216,16802,I,51,0
3217,16804,m,51,0
3218,16806,Mabel,51,0
3219,16813,I,51,0
3220,16815,ll,51,0
3221,16818,stay,51,0
3222,16823,down,51,0
3223,16828,here,51,0
3224,16834,It,51,0
3225,16837,ll,51,0
3226,16840,be,51,0
3227,16843,no,51,0
3228,16846,use,51,0
3229,16850,their,51,0
3230,16856,putting,51,0
3231,16864,their,51,0
3232,16870,heads,51,0
3233,16876,down,51,0
3234,16881,and,51,0
3235,16885,saying,51,0
3236,16893,Come,51,0
3237,16898,up,51,0
3238,16901,again,51,0
3239,16908,dear,51,0
3240,16915,I,51,0
3241,16917,shall,51,0
3242,16923,only,51,0
3243,16928,look,51,0
3244,16933,up,51,0
3245,16936,and,51,0
3246,16940,say,51,0
3247,16945,Who,51,0
3248,16949,am,51,0
3249,16952,I,51,0
3250,16954,then,51,0
3251,16960,Tell,51,0
3252,16965,me,51,0
3253,16968,that,51,0
3254,16973,first,51,0
3255,16980,and,51,0
3256,16984,then,51,0
3257,16990,if,51,0
3258,16993,I,51,0
3259,16995,like,51,0
3260,17000,being,51,0
3261,17006,that,51,0
3262,17011,person,51,0
3263,17019,I,51,0
3264,17021,ll,51,0
3265,17024,come,51,0
3266,17029,up,51,0
3267,17033,if,51,0
3268,17036,not,51,0
3269,17041,I,51,0
3270,17043,ll,51,0
3271,17046,stay,51,0
3272,17051,down,51,0
3273,17056,here,51,0
3274,17061,till,51,0
3275,17066,I,51,0
3276,17068,m,51,0
3277,17070,somebody,51,0
3278,17079,else,51,0
3279,17085,but,51,0
3280,17090,oh,51,0
3281,17093,dear,51,0
3282,17100,cried,51,0
3283,17106,Alice,51,0
3284,17113,with,51,0
3285,17118,a,51,0
3286,17120,sudden,51,0
3287,17127,burst,51,0
3288,17133,of,51,0
3289,17136,tears,51,0
3290,17144,I,51,0
3291,17146,do,51,0
3292,17149,wish,51,0
3293,17154,they,51,0
3294,17160,would,51,0
3295,17167,put,51,0
3296,17171,their,51,0
3297,17177,heads,51,0
3298,17183,down,51,0
3299,17189,I,51,0
3300,17191,am,51,0
3301,17194,so,51,0
3302,17198,very,51,0
3303,17204,tired,51,0
3304,17210,of,51,0
3305,17213,being,51,0
3306,17219,all,51,0
3307,17223,alone,51,0
3308,17229,here,51,0
3309,17237,As,52,0
3310,17240,she,52,0
3311,17244,said,52,0
3312,17249,this,52,0
3313,17254,she,52,0
3314,17258,looked,52,0
3315,17265,down,52,0
3316,17270,at,52,0
3317,17273,her,52,0
3318,17277,hands,52,0
3319,17284,and,52,0
3320,17288,was,52,0
3321,17292,surprised,52,0
3322,17302,to,52,0
3323,17305,see,52,0
3324,17309,that,52,0
3325,17314,she,52,0
3326,17318,had,52,0
3327,17322,put,52,0
3328,17326,on,52,0
3329,17329,one,52,0
3330,17333,of,52,0
3331,17336,the,52,0
3332,17340,Rabbit,52,0
3333,17347,s,52,0
3334,17349,little,52,0
3335,17356,white,52,0
3336,17362,kid,52,0
3337,17366,gloves,52,0
3338,17373,while,52,0
3339,17379,she,52,0
3340,17383,was,52,0
3341,17387,talking,52,0
3342,17397,How,52,0
3343,17402,can,52,0
3344,17407,I,52,0
3345,17409,have,52,0
3346,17414,done,52,0
3347,17419,that,52,0
3348,17426,she,52,0
3349,17430,thought,52,0
3350,17440,I,52,0
3351,17442,must,52,0
3352,17447,be,52,0
3353,17450,growing,52,0
3354,17458,small,52,0
3355,17464,again,52,0
3356,17472,She,52,0
3357,17476,got,52,0
3358,17480,up,52,0
3359,17483,and,52,0
3360,17487,went,52,0
3361,17492,to,52,0
3362,17495,the,52,0
3363,17499,table,52,0
3364,17505,to,52,0
3365,17508,measure,52,0
3366,17516,herself,52,0
3367,17524,by,52,0
3368,17527,it,52,0
3369,17531,and,52,0
3370,17535,found,52,0
3371,17541,that,52,0
3372,17547,as,52,0
3373,17550,nearly,52,0
3374,17557,as,52,0
3375,17560,she,52,0
3376,17564,could,52,0
3377,17570,guess,52,0
3378,17577,she,52,0
3379,17581,was,52,0
3380,17585,now,52,0
3381,17589,about,52,0
3382,17595,two,52,0
3383,17599,feet,52,0
3384,17604,high,52,0
3385,17610,and,52,0
3386,17614,was,52,0
3387,17618,going,52,0
3388,17624,on,52,0
3389,17627,shrinking,52,0
3390,17637,rapidly,52,0
3391,17646,she,52,0
3392,17650,soon,52,0
3393,17655,found,52,0
3394,17661,out,52,0
3395,17665,that,52,0
3396,17670,the,52,0
3397,17674,cause,52,0
3398,17680,of,52,0
3399,17683,this,52,0
3400,17688,was,52,0
3401,17692,the,52,0
3402,17696,fan,52,0
3403,17700,she,52,0
3404,17704,was,52,0
3405,17708,holding,52,0
3406,17717,and,52,0
3407,17721,she,52,0
3408,17725,dropped,52,0
3409,17733,it,52,0
3410,17736,hastily,52,0
3411,17745,just,52,0
3412,17750,in,52,0
3413,17753,time,52,0
3414,17758,to,52,0
3415,17761,avoid,52,0
3416,17767,shrinking,52,0
3417,17777,away,52,0
3418,17782,altogether,52,0
3419,17796,That,53,0
3420,17802,was,53,0
3421,17807,a,53,0
3422,17809,narrow,53,0
3423,17816,escape,53,0
3424,17825,said,53,0
3425,17830,Alice,53,0
3426,17837,a,53,0
3427,17839,good,53,0
3428,17844,deal,53,0
3429,17849,frightened,53,0
3430,17860,at,53,0
3431,17863,the,53,0
3432,17867,sudden,53,0
3433,17874,change,53,0
3434,17882,but,53,0
3435,17886,very,53,0
3436,17891,glad,53,0
3437,17896,to,53,0
3438,17899,find,53,0
3439,17904,herself,53,0
3440,17912,still,53,0
3441,17918,in,53,0
3442,17921,existence,53,0
3443,17933,and,53,0
3444,17937,now,53,0
3445,17941,for,53,0
3446,17945,the,53,0
3447,17949,garden,53,0
3448,17958,and,53,0
3449,17962,she,53,0
3450,17966,ran,53,0
3451,17970,with,53,0
3452,17975,all,53,0
3453,17979,speed,53,0
3454,17985,back,53,0
3455,17990,to,53,0
3456,17993,the,53,0
3457,17997,little,53,0
3458,18004,door,53,0
3459,18010,but,53,0
3460,18015,alas,53,0
3461,18021,the,53,0
3462,18025,little,53,0
3463,18032,door,53,0
3464,18037,was,53,0
3465,18041,shut,53,0
3466,18046,again,53,0
3467,18053,and,53,0
3468,18057,the,53,0
3469,18061,little,53,0
3470,18068,golden,53,0
3471,18075,key,53,0
3472,18079,was,53,0
3473,18083,lying,53,0
3474,18089,on,53,0
3475,18092,the,53,0
3476,18096,glass,53,0
3477,18102,table,53,0
3478,18108,as,53,0
3479,18111,before,53,0
3480,18120,and,53,0
3481,18124,things,53,0
3482,18131,are,53,0
3483,18135,worse,53,0
3484,18141,than,53,0
3485,18146,ever,53,0
3486,18153,thought,53,0
3487,18161,the,53,0
3488,18165,poor,53,0
3489,18170,child,53,0
3490,18178,for,53,0
3491,18182,I,53,0
3492,18184,never,53,0
3493,18190,was,53,0
3494,18194,so,53,0
3495,18197,small,53,0
3496,18203,as,53,0
3497,18206,this,53,0
3498,18211,before,53,0
3499,18219,never,53,0
3500,18226,And,53,0
3501,18230,I,53,0
3502,18232,declare,53,0
3503,18240,it,53,0
3504,18243,s,53,0
3505,18245,too,53,0
3506,18249,bad,53,0
3507,18254,that,53,0
3508,18259,it,53,0
3509,18262,is,53,0
3510,18268,As,54,0
3511,18271,she,54,0
3512,18275,said,54,0
3513,18280,these,54,0
3514,18286,words,54,0
3515,18292,her,54,0
3516,18296,foot,54,0
3517,18301,slipped,54,0
3518,18310,and,54,0
3519,18314,in,54,0
3520,18317,another,54,0
3521,18325,moment,54,0
3522,18333,splash,54,0
3523,18341,she,54,0
3524,18345,was,54,0
3525,18349,up,54,0
3526,18352,to,54,0
3527,18355,her,54,0
3528,18359,chin,54,0
3529,18364,in,54,0
3530,18367,salt,54,0
3531,18372,water,54,0
3532,18379,Her,54,0
3533,18383,first,54,0
3534,18389,idea,54,0
3535,18394,was,54,0
3536,18398,that,54,0
3537,18403,she,54,0
3538,18407,had,54,0
3539,18411,somehow,54,0
3540,18419,fallen,54,0
3541,18426,into,54,0
3542,18431,the,54,0
3543,18435,sea,54,0
3544,18441,and,54,0
3545,18445,in,54,0
3546,18448,that,54,0
3547,18453,case,54,0
3548,18458,I,54,0
3549,18460,can,54,0
3550,18464,go,54,0
3551,18467,back,54,0
3552,18472,by,54,0
3553,18475,railway,54,0
3554,18485,she,54,0
3555,18489,said,54,0
3556,18494,to,54,0
3557,18497,herself,54,0
3558,18507,Alice,54,0
3559,18513,had,54,0
3560,18517,been,54,0
3561,18522,to,54,0
3562,18525,the,54,0
3563,18529,seaside,54,0
3564,18537,once,54,0
3565,18542,in,54,0
3566,18545,her,54,0
3567,18549,life,54,0
3568,18555,and,54,0
3569,18559,had,54,0
3570,18563,come,54,0
3571,18568,to,54,0
3572,18571,the,54,0
3573,18575,general,54,0
3574,18583,conclusion,54,0
3575,18595,that,54,0
3576,18600,wherever,54,0
3577,18609,you,54,0
3578,18613,go,54,0
3579,18616,to,54,0
3580,18619,on,54,0
3581,18622,the,54,0
3582,18626,English,54,0
3583,18634,coast,54,0
3584,18640,you,54,0
3585,18644,find,54,0
3586,18649,a,54,0
3587,18651,number,54,0
3588,18658,of,54,0
3589,18661,bathing,54,0
3590,18669,machines,54,0
3591,18678,in,54,0
3592,18681,the,54,0
3593,18685,sea,54,0
3594,18690,some,54,0
3595,18695,children,54,0
3596,18704,digging,54,0
3597,18712,in,54,0
3598,18715,the,54,0
3599,18719,sand,54,0
3600,18724,with,54,0
3601,18729,wooden,54,0
3602,18736,spades,54,0
3603,18744,then,54,0
3604,18749,a,54,0
3605,18751,row,54,0
3606,18755,of,54,0
3607,18758,lodging,54,0
3608,18766,houses,54,0
3609,18774,and,54,0
3610,18778,behind,54,0
3611,18785,them,54,0
3612,18790,a,54,0
3613,18792,railway,54,0
3614,18800,station,54,0
3615,18810,However,54,0
3616,18819,she,54,0
3617,18823,soon,54,0
3618,18828,made,54,0
3619,18833,out,54,0
3620,18837,that,54,0
3621,18842,she,54,0
3622,18846,was,54,0
3623,18850,in,54,0
3624,18853,the,54,0
3625,18857,pool,54,0
3626,18862,of,54,0
3627,18865,tears,54,0
3628,18871,which,54,0
3629,18877,she,54,0
3630,18881,had,54,0
3631,18885,wept,54,0
3632,18890,when,54,0
3633,18895,she,54,0
3634,18899,was,54,0
3635,18903,nine,54,0
3636,18908,feet,54,0
3637,18913,high,54,0
3638,18921,I,55,0
3639,18923,wish,55,0
3640,18928,I,55,0
3641,18930,hadn,55,0
3642,18935,t,55,0
3643,18937,cried,55,0
3644,18943,so,55,0
3645,18946,much,55,0
3646,18953,said,55,0
3647,18958,Alice,55,0
3648,18965,as,55,0
3649,18968,she,55,0
3650,18972,swam,55,0
3651,18977,about,55,0
3652,18984,trying,55,0
3653,18991,to,55,0
3654,18994,find,55,0
3655,18999,her,55,0
3656,19003,way,55,0
3657,19007,out,55,0
3658,19013,I,55,0
3659,19015,shall,55,0
3660,19021,be,55,0
3661,19024,punished,55,0
3662,19033,for,55,0
3663,19037,it,55,0
3664,19040,now,55,0
3665,19045,I,55,0
3666,19047,suppose,55,0
3667,19056,by,55,0
3668,19059,being,55,0
3669,19065,drowned,55,0
3670,19073,in,55,0
3671,19076,my,55,0
3672,19079,own,55,0
3673,19083,tears,55,0
3674,19090,That,55,0
3675,19096,will,55,0
3676,19102,be,55,0
3677,19105,a,55,0
3678,19107,queer,55,0
3679,19113,thing,55,0
3680,19120,to,55,0
3681,19123,be,55,0
3682,19126,sure,55,0
3683,19132,However,55,0
3684,19141,everything,55,0
3685,19152,is,55,0
3686,19155,queer,55,0
3687,19161,to,55,0
3688,19164,day,55,0
3689,19171,Just,56,0
3690,19176,then,56,0
3691,19181,she,56,0
3692,19185,heard,56,0
3693,19191,something,56,0
3694,19201,splashing,56,0
3695,19211,about,56,0
3696,19217,in,56,0
3697,19220,the,56,0
3698,19224,pool,56,0
3699,19229,a,56,0
3700,19231,little,56,0
3701,19238,way,56,0
3702,19242,off,56,0
3703,19247,and,56,0
3704,19251,she,56,0
3705,19255,swam,56,0
3706,19260,nearer,56,0
3707,19267,to,56,0
3708,19270,make,56,0
3709,19275,out,56,0
3710,19279,what,56,0
3711,19284,it,56,0
3712,19287,was,56,0
3713,19292,at,56,0
3714,19295,first,56,0
3715,19301,she,56,0
3716,19305,thought,56,0
3717,19313,it,56,0
3718,19316,must,56,0
3719,19321,be,56,0
3720,19324,a,56,0
3721,19326,walrus,56,0
3722,19333,or,56,0
3723,19336,hippopotamus,56,0
3724,19350,but,56,0
3725,19354,then,56,0
3726,19359,she,56,0
3727,19363,remembered,56,0
3728,19374,how,56,0
3729,19378,small,56,0
3730,19384,she,56,0
3731,19388,was,56,0
3732,19392,now,56,0
3733,19397,and,56,0
3734,19401,she,56,0
3735,19405,soon,56,0
3736,19410,made,56,0
3737,19415,out,56,0
3738,19419,that,56,0
3739,19424,it,56,0
3740,19427,was,56,0
3741,19431,only,56,0
3742,19436,a,56,0
3743,19438,mouse,56,0
3744,19444,that,56,0
3745,19449,had,56,0
3746,19453,slipped,56,0
3747,19461,in,56,0
3748,19464,like,56,0
3749,19469,herself,56,0
3750,19480,Would,57,0
3751,19486,it,57,0
3752,19489,be,57,0
3753,19492,of,57,0
3754,19495,any,57,0
3755,19499,use,57,0
3756,19504,now,57,0
3757,19510,thought,57,0
3758,19518,Alice,57,0
3759,19526,to,57,0
3760,19529,speak,57,0
3761,19535,to,57,0
3762,19538,this,57,0
3763,19543,mouse,57,0
3764,19550,Everything,57,0
3765,19561,is,57,0
3766,19564,so,57,0
3767,19567,out,57,0
3768,19571,of,57,0
3769,19574,the,57,0
3770,19578,way,57,0
3771,19582,down,57,0
3772,19587,here,57,0
3773,19593,that,57,0
3774,19598,I,57,0
3775,19600,should,57,0
3776,19607,think,57,0
3777,19613,very,57,0
3778,19618,likely,57,0
3779,19625,it,57,0
3780,19628,can,57,0
3781,19632,talk,57,0
3782,19638,at,57,0
3783,19641,any,57,0
3784,19645,rate,57,0
3785,19651,there,57,0
3786,19657,s,57,0
3787,19659,no,57,0
3788,19662,harm,57,0
3789,19667,in,57,0
3790,19670,trying,57,0
3791,19679,So,57,0
3792,19682,she,57,0
3793,19686,began,57,0
3794,19694,O,57,0
3795,19696,Mouse,57,0
3796,19703,do,57,0
3797,19706,you,57,0
3798,19710,know,57,0
3799,19715,the,57,0
3800,19719,way,57,0
3801,19723,out,57,0
3802,19727,of,57,0
3803,19730,this,57,0
3804,19735,pool,57,0
3805,19741,I,57,0
3806,19743,am,57,0
3807,19746,very,57,0
3808,19751,tired,57,0
3809,19757,of,57,0
3810,19760,swimming,57,0
3811,19769,about,57,0
3812,19775,here,57,0
3813,19781,O,57,0
3814,19783,Mouse,57,0
3815,19792,Alice,57,0
3816,19798,thought,57,0
3817,19806,this,57,0
3818,19811,must,57,0
3819,19816,be,57,0
3820,19819,the,57,0
3821,19823,right,57,0
3822,19829,way,57,0
3823,19833,of,57,0
3824,19836,speaking,57,0
3825,19845,to,57,0
3826,19848,a,57,0
3827,19850,mouse,57,0
3828,19857,she,57,0
3829,19861,had,57,0
3830,19865,never,57,0
3831,19871,done,57,0
3832,19876,such,57,0
3833,19881,a,57,0
3834,19883,thing,57,0
3835,19889,before,57,0
3836,19897,but,57,0
3837,19901,she,57,0
3838,19905,remembered,57,0
3839,19916,having,57,0
3840,19923,seen,57,0
3841,19928,in,57,0
3842,19931,her,57,0
3843,19935,brother,57,0
3844,19943,s,57,0
3845,19945,Latin,57,0
3846,19951,Grammar,57,0
3847,19961,A,57,0
3848,19963,mouse,57,0
3849,19969,of,57,0
3850,19972,a,57,0
3851,19974,mouse,57,0
3852,19980,to,57,0
3853,19983,a,57,0
3854,19985,mouse,57,0
3855,19991,a,57,0
3856,19993,mouse,57,0
3857,19999,O,57,0
3858,20001,mouse,57,0
3859,20010,The,57,0
3860,20014,Mouse,57,0
3861,20020,looked,57,0
3862,20027,at,57,0
3863,20030,her,57,0
3864,20034,rather,57,0
3865,20041,inquisitively,57,0
3866,20056,and,57,0
3867,20060,seemed,57,0
3868,20067,to,57,0
3869,20070,her,57,0
3870,20074,to,57,0
3871,20077,wink,57,0
3872,20082,with,57,0
3873,20087,one,57,0
3874,20091,of,57,0
3875,20094,its,57,0
3876,20098,little,57,0
3877,20105,eyes,57,0
3878,20111,but,57,0
3879,20115,it,57,0
3880,20118,said,57,0
3881,20123,nothing,57,0
3882,20134,Perhaps,58,0
3883,20142,it,58,0
3884,20145,doesn,58,0
3885,20151,t,58,0
3886,20153,understand,58,0
3887,20164,English,58,0
3888,20174,thought,58,0
3889,20182,Alice,58,0
3890,20190,I,58,0
3891,20192,daresay,58,0
3892,20200,it,58,0
3893,20203,s,58,0
3894,20205,a,58,0
3895,20207,French,58,0
3896,20214,mouse,58,0
3897,20221,come,58,0
3898,20226,over,58,0
3899,20231,with,58,0
3900,20236,William,58,0
3901,20244,the,58,0
3902,20248,Conqueror,58,0
3903,20261,For,58,0
3904,20266,with,58,0
3905,20271,all,58,0
3906,20275,her,58,0
3907,20279,knowledge,58,0
3908,20289,of,58,0
3909,20292,history,58,0
3910,20301,Alice,58,0
3911,20307,had,58,0
3912,20311,no,58,0
3913,20314,very,58,0
3914,20319,clear,58,0
3915,20325,notion,58,0
3916,20332,how,58,0
3917,20336,long,58,0
3918,20341,ago,58,0
3919,20345,anything,58,0
3920,20354,had,58,0
3921,20358,happened,58,0
3922,20369,So,58,0
3923,20372,she,58,0
3924,20376,began,58,0
3925,20382,again,58,0
3926,20390,O,58,0
3927,20393,est,58,0
3928,20397,ma,58,0
3929,20400,chatte,58,0
3930,20409,which,58,0
3931,20415,was,58,0
3932,20419,the,58,0
3933,20423,first,58,0
3934,20429,sentence,58,0
3935,20438,in,58,0
3936,20441,her,58,0
3937,20445,French,58,0
3938,20452,lesson,58,0
3939,20459,book,58,0
3940,20465,The,58,0
3941,20469,Mouse,58,0
3942,20475,gave,58,0
3943,20480,a,58,0
3944,20482,sudden,58,0
3945,20489,leap,58,0
3946,20494,out,58,0
3947,20498,of,58,0
3948,20501,the,58,0
3949,20505,water,58,0
3950,20512,and,58,0
3951,20516,seemed,58,0
3952,20523,to,58,0
3953,20526,quiver,58,0
3954,20533,all,58,0
3955,20537,over,58,0
3956,20542,with,58,0
3957,20547,fright,58,0
3958,20556,Oh,58,0
3959,20560,I,58,0
3960,20562,beg,58,0
3961,20566,your,58,0
3962,20571,pardon,58,0
3963,20580,cried,58,0
3964,20586,Alice,58,0
3965,20592,hastily,58,0
3966,20601,afraid,58,0
3967,20608,that,58,0
3968,20613,she,58,0
3969,20617,had,58,0
3970,20621,hurt,58,0
3971,20626,the,58,0
3972,20630,poor,58,0
3973,20635,animal,58,0
3974,20642,s,58,0
3975,20644,feelings,58,0
3976,20655,I,58,0
3977,20657,quite,58,0
3978,20663,forgot,58,0
3979,20670,you,58,0
3980,20674,didn,58,0
3981,20679,t,58,0
3982,20681,like,58,0
3983,20686,cats,58,0
3984,20695,Not,59,0
3985,20699,like,59,0
3986,20704,cats,59,0
3987,20711,cried,59,0
3988,20717,the,59,0
3989,20721,Mouse,59,0
3990,20728,in,59,0
3991,20731,a,59,0
3992,20733,shrill,59,0
3993,20741,passionate,59,0
3994,20752,voice,59,0
3995,20760,Would,59,0
3996,20767,you,59,0
3997,20772,like,59,0
3998,20777,cats,59,0
3999,20782,if,59,0
4000,20785,you,59,0
4001,20789,were,59,0
4002,20794,me,59,0
4003,20801,Well,60,0
4004,20807,perhaps,60,0
4005,20815,not,60,0
4006,20821,said,60,0
4007,20826,Alice,60,0
4008,20832,in,60,0
4009,20835,a,60,0
4010,20837,soothing,60,0
4011,20846,tone,60,0
4012,20853,don,60,0
4013,20857,t,60,0
4014,20859,be,60,0
4015,20862,angry,60,0
4016,20868,about,60,0
4017,20874,it,60,0
4018,20878,And,60,0
4019,20882,yet,60,0
4020,20886,I,60,0
4021,20888,wish,60,0
4022,20893,I,60,0
4023,20895,could,60,0
4024,20901,show,60,0
4025,20906,you,60,0
4026,20910,our,60,0
4027,20914,cat,60,0
4028,20918,Dinah,60,0
4029,20925,I,60,0
4030,20927,think,60,0
4031,20933,you,60,0
4032,20937,d,60,0
4033,20939,take,60,0
4034,20944,a,60,0
4035,20946,fancy,60,0
4036,20952,to,60,0
4037,20955,cats,60,0
4038,20960,if,60,0
4039,20963,you,60,0
4040,20967,could,60,0
4041,20973,only,60,0
4042,20978,see,60,0
4043,20982,her,60,0
4044,20987,She,60,0
4045,20991,is,60,0
4046,20994,such,60,0
4047,20999,a,60,0
4048,21001,dear,60,0
4049,21006,quiet,60,0
4050,21012,thing,60,0
4051,21020,Alice,60,0
4052,21026,went,60,0
4053,21031,on,60,0
4054,21035,half,60,0
4055,21040,to,60,0
4056,21043,herself,60,0
4057,21052,as,60,0
4058,21055,she,60,0
4059,21059,swam,60,0
4060,21064,lazily,60,0
4061,21071,about,60,0
4062,21077,in,60,0
4063,21080,the,60,0
4064,21084,pool,60,0
4065,21091,and,60,0
4066,21095,she,60,0
4067,21099,sits,60,0
4068,21104,purring,60,0
4069,21112,so,60,0
4070,21115,nicely,60,0
4071,21122,by,60,0
4072,21125,the,60,0
4073,21129,fire,60,0
4074,21135,licking,60,0
4075,21143,her,60,0
4076,21147,paws,60,0
4077,21152,and,60,0
4078,21156,washing,60,0
4079,21164,her,60,0
4080,21168,face,60,0
4081,21173,and,60,0
4082,21177,she,60,0
4083,21181,is,60,0
4084,21184,such,60,0
4085,21189,a,60,0
4086,21191,nice,60,0
4087,21196,soft,60,0
4088,21201,thing,60,0
4089,21207,to,60,0
4090,21210,nurse,60,0
4091,21216,and,60,0
4092,21220,she,60,0
4093,21224,s,60,0
4094,21226,such,60,0
4095,21231,a,60,0
4096,21233,capital,60,0
4097,21241,one,60,0
4098,21245,for,60,0
4099,21249,catching,60,0
4100,21258,mice,60,0
4101,21263,oh,60,0
4102,21267,I,60,0
4103,21269,beg,60,0
4104,21273,your,60,0
4105,21278,pardon,60,0
4106,21287,cried,60,0
4107,21293,Alice,60,0
4108,21299,again,60,0
4109,21306,for,60,0
4110,21310,this,60,0
4111,21315,time,60,0
4112,21320,the,60,0
4113,21324,Mouse,60,0
4114,21330,was,60,0
4115,21334,bristling,60,0
4116,21344,all,60,0
4117,21348,over,60,0
4118,21354,and,60,0
4119,21358,she,60,0
4120,21362,felt,60,0
4121,21367,certain,60,0
4122,21375,it,60,0
4123,21378,must,60,0
4124,21383,be,60,0
4125,21386,really,60,0
4126,21393,offended,60,0
4127,21404,We,60,0
4128,21407,won,60,0
4129,21411,t,60,0
4130,21413,talk,60,0
4131,21418,about,60,0
4132,21424,her,60,0
4133,21428,any,60,0
4134,21432,more,60,0
4135,21437,if,60,0
4136,21440,you,60,0
4137,21444,d,60,0
4138,21446,rather,60,0
4139,21453,not,60,0
4140,21461,We,61,0
4141,21464,indeed,61,0
4142,21473,cried,61,0
4143,21479,the,61,0
4144,21483,Mouse,61,0
4145,21490,who,61,0
4146,21494,was,61,0
4147,21498,trembling,61,0
4148,21508,down,61,0
4149,21513,to,61,0
4150,21516,the,61,0
4151,21520,end,61,0
4152,21524,of,61,0
4153,21527,his,61,0
4154,21531,tail,61,0
4155,21538,As,61,0
4156,21541,if,61,0
4157,21545,I,61,0
4158,21548,would,61,0
4159,21554,talk,61,0
4160,21559,on,61,0
4161,21562,such,61,0
4162,21567,a,61,0
4163,21569,subject,61,0
4164,21578,Our,61,0
4165,21582,family,61,0
4166,21589,always,61,0
4167,21597,hated,61,0
4168,21604,cats,61,0
4169,21610,nasty,61,0
4170,21617,low,61,0
4171,21622,vulgar,61,0
4172,21629,things,61,0
4173,21637,Don,61,0
4174,21641,t,61,0
4175,21643,let,61,0
4176,21647,me,61,0
4177,21650,hear,61,0
4178,21655,the,61,0
4179,21659,name,61,0
4180,21664,again,61,0
4181,21674,I,62,0
4182,21676,won,62,0
4183,21680,t,62,0
4184,21682,indeed,62,0
4185,21691,said,62,0
4186,21696,Alice,62,0
4187,21703,in,62,0
4188,21706,a,62,0
4189,21708,great,62,0
4190,21714,hurry,62,0
4191,21720,to,62,0
4192,21723,change,62,0
4193,21730,the,62,0
4194,21734,subject,62,0
4195,21742,of,62,0
4196,21745,conversation,62,0
4197,21760,Are,62,0
4198,21764,you,62,0
4199,21768,are,62,0
4200,21772,you,62,0
4201,21776,fond,62,0
4202,21781,of,62,0
4203,21784,of,62,0
4204,21787,dogs,62,0
4205,21794,The,62,0
4206,21798,Mouse,62,0
4207,21804,did,62,0
4208,21808,not,62,0
4209,21812,answer,62,0
4210,21820,so,62,0
4211,21823,Alice,62,0
4212,21829,went,62,0
4213,21834,on,62,0
4214,21837,eagerly,62,0
4215,21847,There,62,0
4216,21853,is,62,0
4217,21856,such,62,0
4218,21861,a,62,0
4219,21863,nice,62,0
4220,21868,little,62,0
4221,21875,dog,62,0
4222,21879,near,62,0
4223,21884,our,62,0
4224,21888,house,62,0
4225,21894,I,62,0
4226,21896,should,62,0
4227,21903,like,62,0
4228,21908,to,62,0
4229,21911,show,62,0
4230,21916,you,62,0
4231,21921,A,62,0
4232,21923,little,62,0
4233,21930,bright,62,0
4234,21937,eyed,62,0
4235,21942,terrier,62,0
4236,21951,you,62,0
4237,21955,know,62,0
4238,21961,with,62,0
4239,21966,oh,62,0
4240,21970,such,62,0
4241,21975,long,62,0
4242,21980,curly,62,0
4243,21986,brown,62,0
4244,21992,hair,62,0
4245,21998,And,62,0
4246,22002,it,62,0
4247,22005,ll,62,0
4248,22008,fetch,62,0
4249,22014,things,62,0
4250,22021,when,62,0
4251,22026,you,62,0
4252,22030,throw,62,0
4253,22036,them,62,0
4254,22042,and,62,0
4255,22046,it,62,0
4256,22049,ll,62,0
4257,22052,sit,62,0
4258,22056,up,62,0
4259,22059,and,62,0
4260,22063,beg,62,0
4261,22067,for,62,0
4262,22071,its,62,0
4263,22075,dinner,62,0
4264,22083,and,62,0
4265,22087,all,62,0
4266,22091,sorts,62,0
4267,22097,of,62,0
4268,22100,things,62,0
4269,22107,I,62,0
4270,22109,can,62,0
4271,22113,t,62,0
4272,22115,remember,62,0
4273,22124,half,62,0
4274,22129,of,62,0
4275,22132,them,62,0
4276,22137,and,62,0
4277,22141,it,62,0
4278,22144,belongs,62,0
4279,22152,to,62,0
4280,22155,a,62,0
4281,22157,farmer,62,0
4282,22165,you,62,0
4283,22169,know,62,0
4284,22175,and,62,0
4285,22179,he,62,0
4286,22182,says,62,0
4287,22187,it,62,0
4288,22190,s,62,0
4289,22192,so,62,0
4290,22195,useful,62,0
4291,22203,it,62,0
4292,22206,s,62,0
4293,22208,worth,62,0
4294,22214,a,62,0
4295,22216,hundred,62,0
4296,22224,pounds,62,0
4297,22232,He,62,0
4298,22235,says,62,0
4299,22240,it,62,0
4300,22243,kills,62,0
4301,22249,all,62,0
4302,22253,the,62,0
4303,22257,rats,62,0
4304,22262,and,62,0
4305,22266,oh,62,0
4306,22269,dear,62,0
4307,22276,cried,62,0
4308,22282,Alice,62,0
4309,22288,in,62,0
4310,22291,a,62,0
4311,22293,sorrowful,62,0
4312,22303,tone,62,0
4313,22310,I,62,0
4314,22312,m,62,0
4315,22314,afraid,62,0
4316,22321,I,62,0
4317,22323,ve,62,0
4318,22326,offended,62,0
4319,22335,it,62,0
4320,22338,again,62,0
4321,22346,For,62,0
4322,22350,the,62,0
4323,22354,Mouse,62,0
4324,22360,was,62,0
4325,22364,swimming,62,0
4326,22373,away,62,0
4327,22378,from,62,0
4328,22383,her,62,0
4329,22387,as,62,0
4330,22390,hard,62,0
4331,22395,as,62,0
4332,22398,it,62,0
4333,22401,could,62,0
4334,22407,go,62,0
4335,22411,and,62,0
4336,22415,making,62,0
4337,22422,quite,62,0
4338,22428,a,62,0
4339,22430,commotion,62,0
4340,22440,in,62,0
4341,22443,the,62,0
4342,22447,pool,62,0
4343,22452,as,62,0
4344,22455,it,62,0
4345,22458,went,62,0
4346,22465,So,63,0
4347,22468,she,63,0
4348,22472,called,63,0
4349,22479,softly,63,0
4350,22486,after,63,0
4351,22492,it,63,0
4352,22497,Mouse,63,0
4353,22503,dear,63,0
4354,22509,Do,63,0
4355,22512,come,63,0
4356,22517,back,63,0
4357,22522,again,63,0
4358,22529,and,63,0
4359,22533,we,63,0
4360,22536,won,63,0
4361,22540,t,63,0
4362,22542,talk,63,0
4363,22547,about,63,0
4364,22553,cats,63,0
4365,22558,or,63,0
4366,22561,dogs,63,0
4367,22566,either,63,0
4368,22574,if,63,0
4369,22577,you,63,0
4370,22581,don,63,0
4371,22585,t,63,0
4372,22587,like,63,0
4373,22592,them,63,0
4374,22599,When,63,0
4375,22604,the,63,0
4376,22608,Mouse,63,0
4377,22614,heard,63,0
4378,22620,this,63,0
4379,22626,it,63,0
4380,22629,turned,63,0
4381,22636,round,63,0
4382,22642,and,63,0
4383,22646,swam,63,0
4384,22651,slowly,63,0
4385,22658,back,63,0
4386,22663,to,63,0
4387,22666,her,63,0
4388,22671,its,63,0
4389,22675,face,63,0
4390,22680,was,63,0
4391,22684,quite,63,0
4392,22690,pale,63,0
4393,22696,with,63,0
4394,22701,passion,63,0
4395,22710,Alice,63,0
4396,22716,thought,63,0
4397,22726,and,63,0
4398,22730,it,63,0
4399,22733,said,63,0
4400,22738,in,63,0
4401,22741,a,63,0
4402,22743,low,63,0
4403,22747,trembling,63,0
4404,22757,voice,63,0
4405,22765,Let,63,0
4406,22769,us,63,0
4407,22772,get,63,0
4408,22776,to,63,0
4409,22779,the,63,0
4410,22783,shore,63,0
4411,22790,and,63,0
4412,22794,then,63,0
4413,22799,I,63,0
4414,22801,ll,63,0
4415,22804,tell,63,0
4416,22809,you,63,0
4417,22813,my,63,0
4418,22816,history,63,0
4419,22825,and,63,0
4420,22829,you,63,0
4421,22833,ll,63,0
4422,22836,understand,63,0
4423,22847,why,63,0
4424,22851,it,63,0
4425,22854,is,63,0
4426,22857,I,63,0
4427,22859,hate,63,0
4428,22864,cats,63,0
4429,22869,and,63,0
4430,22873,dogs,63,0
4431,22881,It,64,0
4432,22884,was,64,0
4433,22888,high,64,0
4434,22893,time,64,0
4435,22898,to,64,0
4436,22901,go,64,0
4437,22905,for,64,0
4438,22909,the,64,0
4439,22913,pool,64,0
4440,22918,was,64,0
4441,22922,getting,64,0
4442,22930,quite,64,0
4443,22936,crowded,64,0
4444,22944,with,64,0
4445,22949,the,64,0
4446,22953,birds,64,0
4447,22959,and,64,0
4448,22963,animals,64,0
4449,22971,that,64,0
4450,22976,had,64,0
4451,22980,fallen,64,0
4452,22987,into,64,0
4453,22992,it,64,0
4454,22996,there,64,0
4455,23002,were,64,0
4456,23007,a,64,0
4457,23009,Duck,64,0
4458,23014,and,64,0
4459,23018,a,64,0
4460,23020,Dodo,64,0
4461,23026,a,64,0
4462,23028,Lory,64,0
4463,23033,and,64,0
4464,23037,an,64,0
4465,23040,Eaglet,64,0
4466,23048,and,64,0
4467,23052,several,64,0
4468,23060,other,64,0
4469,23066,curious,64,0
4470,23074,creatures,64,0
4471,23085,Alice,64,0
4472,23091,led,64,0
4473,23095,the,64,0
4474,23099,way,64,0
4475,23104,and,64,0
4476,23108,the,64,0
4477,23112,whole,64,0
4478,23118,party,64,0
4479,23124,swam,64,0
4480,23129,to,64,0
4481,23132,the,64,0
4482,23136,shore,64,0
4483,23147,CHAPTER,65,1
4484,23155,III,65,1
4485,23160,A,65,1
4486,23162,Caucus,65,1
4487,23169,Race,65,1
4488,23174,and,65,1
4489,23178,a,65,1
4490,23180,Long,65,1
4491,23185,Tale,65,1
4492,23192,They,66,1
4493,23197,were,66,1
4494,23202,indeed,66,1
4495,23209,a,66,1
4496,23211,queer,66,1
4497,23217,looking,66,1
4498,23225,party,66,1
4499,23231,that,66,1
4500,23236,assembled,66,1
4501,23246,on,66,1
4502,23249,the,66,1
4503,23253,bank,66,1
4504,23258,the,66,1
4505,23262,birds,66,1
4506,23268,with,66,1
4507,23273,draggled,66,1
4508,23282,feathers,66,1
4509,23292,the,66,1
4510,23296,animals,66,1
4511,23304,with,66,1
4512,23309,their,66,1
4513,23315,fur,66,1
4514,23319,clinging,66,1
4515,23328,close,66,1
4516,23334,to,66,1
4517,23337,them,66,1
4518,23343,and,66,1
4519,23347,all,66,1
4520,23351,dripping,66,1
4521,23360,wet,66,1
4522,23365,cross,66,1
4523,23372,and,66,1
4524,23376,uncomfortable,66,1
4525,23392,The,67,1
4526,23396,first,67,1
4527,23402,question,67,1
4528,23411,of,67,1
4529,23414,course,67,1
4530,23421,was,67,1
4531,23426,how,67,1
4532,23430,to,67,1
4533,23433,get,67,1
4534,23437,dry,67,1
4535,23441,again,67,1
4536,23448,they,67,1
4537,23453,had,67,1
4538,23457,a,67,1
4539,23459,consultation,67,1
4540,23472,about,67,1
4541,23478,this,67,1
4542,23484,and,67,1
4543,23488,after,67,1
4544,23494,a,67,1
4545,23496,few,67,1
4546,23500,minutes,67,1
4547,23508,it,67,1
4548,23511,seemed,67,1
4549,23518,quite,67,1
4550,23524,natural,67,1
4551,23532,to,67,1
4552,23535,Alice,67,1
4553,23541,to,67,1
4554,23544,find,67,1
4555,23549,herself,67,1
4556,23557,talking,67,1
4557,23565,familiarly,67,1
4558,23576,with,67,1
4559,23581,them,67,1
4560,23587,as,67,1
4561,23590,if,67,1
4562,23593,she,67,1
4563,23597,had,67,1
4564,23601,known,67,1
4565,23607,them,67,1
4566,23612,all,67,1
4567,23616,her,67,1
4568,23620,life,67,1
4569,23626,Indeed,67,1
4570,23634,she,67,1
4571,23638,had,67,1
4572,23642,quite,67,1
4573,23648,a,67,1
4574,23650,long,67,1
4575,23655,argument,67,1
4576,23664,with,67,1
4577,23669,the,67,1
4578,23673,Lory,67,1
4579,23679,who,67,1
4580,23683,at,67,1
4581,23686,last,67,1
4582,23691,turned,67,1
4583,23698,sulky,67,1
4584,23705,and,67,1
4585,23709,would,67,1
4586,23715,only,67,1
4587,23720,say,67,1
4588,23726,I,67,1
4589,23728,am,67,1
4590,23731,older,67,1
4591,23737,than,67,1
4592,23742,you,67,1
4593,23747,and,67,1
4594,23751,must,67,1
4595,23756,know,67,1
4596,23761,better,67,1
4597,23770,and,67,1
4598,23774,this,67,1
4599,23779,Alice,67,1
4600,23785,would,67,1
4601,23791,not,67,1
4602,23795,allow,67,1
4603,23801,without,67,1
4604,23809,knowing,67,1
4605,23817,how,67,1
4606,23821,old,67,1
4607,23825,it,67,1
4608,23828,was,67,1
4609,23833,and,67,1
4610,23838,as,67,1
4611,23841,the,67,1
4612,23845,Lory,67,1
4613,23850,positively,67,1
4614,23861,refused,67,1
4615,23869,to,67,1
4616,23872,tell,67,1
4617,23877,its,67,1
4618,23881,age,67,1
4619,23886,there,67,1
4620,23892,was,67,1
4621,23896,no,67,1
4622,23899,more,67,1
4623,23904,to,67,1
4624,23907,be,67,1
4625,23910,said,67,1
4626,23917,At,68,1
4627,23920,last,68,1
4628,23925,the,68,1
4629,23929,Mouse,68,1
4630,23936,who,68,1
4631,23940,seemed,68,1
4632,23947,to,68,1
4633,23950,be,68,1
4634,23953,a,68,1
4635,23955,person,68,1
4636,23962,of,68,1
4637,23965,authority,68,1
4638,23975,among,68,1
4639,23981,them,68,1
4640,23987,called,68,1
4641,23994,out,68,1
4642,24000,Sit,68,1
4643,24004,down,68,1
4644,24010,all,68,1
4645,24014,of,68,1
4646,24017,you,68,1
4647,24022,and,68,1
4648,24026,listen,68,1
4649,24033,to,68,1
4650,24036,me,68,1
4651,24041,I,68,1
4652,24043,ll,68,1
4653,24047,soon,68,1
4654,24052,make,68,1
4655,24057,you,68,1
4656,24061,dry,68,1
4657,24065,enough,68,1
4658,24074,They,68,1
4659,24079,all,68,1
4660,24083,sat,68,1
4661,24087,down,68,1
4662,24092,at,68,1
4663,24095,once,68,1
4664,24101,in,68,1
4665,24104,a,68,1
4666,24106,large,68,1
4667,24112,ring,68,1
4668,24118,with,68,1
4669,24123,the,68,1
4670,24127,Mouse,68,1
4671,24133,in,68,1
4672,24136,the,68,1
4673,24140,middle,68,1
4674,24148,Alice,68,1
4675,24154,kept,68,1
4676,24159,her,68,1
4677,24163,eyes,68,1
4678,24168,anxiously,68,1
4679,24178,fixed,68,1
4680,24184,on,68,1
4681,24187,it,68,1
4682,24191,for,68,1
4683,24195,she,68,1
4684,24199,felt,68,1
4685,24204,sure,68,1
4686,24209,she,68,1
4687,24213,would,68,1
4688,24219,catch,68,1
4689,24225,a,68,1
4690,24227,bad,68,1
4691,24231,cold,68,1
4692,24236,if,68,1
4693,24239,she,68,1
4694,24243,did,68,1
4695,24247,not,68,1
4696,24251,get,68,1
4697,24255,dry,68,1
4698,24259,very,68,1
4699,24264,soon,68,1
4700,24272,Ahem,69,1
4701,24279,said,69,1
4702,24284,the,69,1
4703,24288,Mouse,69,1
4704,24294,with,69,1
4705,24299,an,69,1
4706,24302,important,69,1
4707,24312,air,69,1
4708,24318,are,69,1
4709,24322,you,69,1
4710,24326,all,69,1
4711,24330,ready,69,1
4712,24337,This,69,1
4713,24342,is,69,1
4714,24345,the,69,1
4715,24349,driest,69,1
4716,24356,thing,69,1
4717,24362,I,69,1
4718,24364,know,69,1
4719,24370,Silence,69,1
4720,24378,all,69,1
4721,24382,round,69,1
4722,24389,if,69,1
4723,24392,you,69,1
4724,24396,please,69,1
4725,24405,William,69,1
4726,24413,the,69,1
4727,24417,Conqueror,69,1
4728,24428,whose,69,1
4729,24434,cause,69,1
4730,24440,was,69,1
4731,24444,favoured,69,1
4732,24453,by,69,1
4733,24456,the,69,1
4734,24460,pope,69,1
4735,24466,was,69,1
4736,24470,soon,69,1
4737,24475,submitted,69,1
4738,24485,to,69,1
4739,24488,by,69,1
4740,24491,the,69,1
4741,24495,English,69,1
4742,24504,who,69,1
4743,24508,wanted,69,1
4744,24515,leaders,69,1
4745,24524,and,69,1
4746,24528,had,69,1
4747,24532,been,69,1
4748,24537,of,69,1
4749,24540,late,69,1
4750,24545,much,69,1
4751,24550,accustomed,69,1
4752,24561,to,69,1
4753,24564,usurpation,69,1
4754,24575,and,69,1
4755,24579,conquest,69,1
4756,24589,Edwin,69,1
4757,24595,and,69,1
4758,24599,Morcar,69,1
4759,24607,the,69,1
4760,24611,earls,69,1
4761,24617,of,69,1
4762,24620,Mercia,69,1
4763,24627,and,69,1
4764,24631,Northumbria,69,1
4765,24648,Ugh,70,1
4766,24654,said,70,1
4767,24659,the,70,1
4768,24663,Lory,70,1
4769,24669,with,70,1
4770,24674,a,70,1
4771,24676,shiver,70,1
4772,24686,I,71,1
4773,24688,beg,71,1
4774,24692,your,71,1
4775,24697,pardon,71,1
4776,24706,said,71,1
4777,24711,the,71,1
4778,24715,Mouse,71,1
4779,24722,frowning,71,1
4780,24732,but,71,1
4781,24736,very,71,1
4782,24741,politely,71,1
4783,24752,Did,71,1
4784,24756,you,71,1
4785,24760,speak,71,1
4786,24770,Not,72,1
4787,24774,I,72,1
4788,24778,said,72,1
4789,24783,the,72,1
4790,24787,Lory,72,1
4791,24792,hastily,72,1
4792,24803,I,73,1
4793,24805,thought,73,1
4794,24813,you,73,1
4795,24817,did,73,1
4796,24823,said,73,1
4797,24828,the,73,1
4798,24832,Mouse,73,1
4799,24841,I,73,1
4800,24843,proceed,73,1
4801,24853,Edwin,73,1
4802,24859,and,73,1
4803,24863,Morcar,73,1
4804,24871,the,73,1
4805,24875,earls,73,1
4806,24881,of,73,1
4807,24884,Mercia,73,1
4808,24891,and,73,1
4809,24895,Northumbria,73,1
4810,24908,declared,73,1
4811,24917,for,73,1
4812,24921,him,73,1
4813,24926,and,73,1
4814,24930,even,73,1
4815,24935,Stigand,73,1
4816,24944,the,73,1
4817,24948,patriotic,73,1
4818,24958,archbishop,73,1
4819,24969,of,73,1
4820,24972,Canterbury,73,1
4821,24984,found,73,1
4822,24990,it,73,1
4823,24993,advisable,73,1
4824,25008,Found,74,1
4825,25015,what,74,1
4826,25023,said,74,1
4827,25028,the,74,1
4828,25032,Duck,74,1
4829,25040,Found,75,1
4830,25047,it,75,1
4831,25053,the,75,1
4832,25057,Mouse,75,1
4833,25063,replied,75,1
4834,25071,rather,75,1
4835,25078,crossly,75,1
4836,25088,of,75,1
4837,25091,course,75,1
4838,25098,you,75,1
4839,25102,know,75,1
4840,25107,what,75,1
4841,25113,it,75,1
4842,25117,means,75,1
4843,25127,I,76,1
4844,25129,know,76,1
4845,25134,what,76,1
4846,25140,it,76,1
4847,25144,means,76,1
4848,25150,well,76,1
4849,25155,enough,76,1
4850,25163,when,76,1
4851,25169,I,76,1
4852,25172,find,76,1
4853,25177,a,76,1
4854,25179,thing,76,1
4855,25187,said,76,1
4856,25192,the,76,1
4857,25196,Duck,76,1
4858,25203,it,76,1
4859,25206,s,76,1
4860,25208,generally,76,1
4861,25218,a,76,1
4862,25220,frog,76,1
4863,25225,or,76,1
4864,25228,a,76,1
4865,25230,worm,76,1
4866,25236,The,76,1
4867,25240,question,76,1
4868,25249,is,76,1
4869,25253,what,76,1
4870,25258,did,76,1
4871,25262,the,76,1
4872,25266,archbishop,76,1
4873,25277,find,76,1
4874,25285,The,77,1
4875,25289,Mouse,77,1
4876,25295,did,77,1
4877,25299,not,77,1
4878,25303,notice,77,1
4879,25310,this,77,1
4880,25315,question,77,1
4881,25325,but,77,1
4882,25329,hurriedly,77,1
4883,25339,went,77,1
4884,25344,on,77,1
4885,25351,found,77,1
4886,25357,it,77,1
4887,25360,advisable,77,1
4888,25370,to,77,1
4889,25373,go,77,1
4890,25376,with,77,1
4891,25381,Edgar,77,1
4892,25387,Atheling,77,1
4893,25396,to,77,1
4894,25399,meet,77,1
4895,25404,William,77,1
4896,25412,and,77,1
4897,25416,offer,77,1
4898,25422,him,77,1
4899,25426,the,77,1
4900,25430,crown,77,1
4901,25437,William,77,1
4902,25445,s,77,1
4903,25447,conduct,77,1
4904,25455,at,77,1
4905,25458,first,77,1
4906,25464,was,77,1
4907,25468,moderate,77,1
4908,25478,But,77,1
4909,25482,the,77,1
4910,25486,insolence,77,1
4911,25496,of,77,1
4912,25499,his,77,1
4913,25503,Normans,77,1
4914,25513,How,77,1
4915,25517,are,77,1
4916,25521,you,77,1
4917,25525,getting,77,1
4918,25533,on,77,1
4919,25536,now,77,1
4920,25541,my,77,1
4921,25544,dear,77,1
4922,25551,it,77,1
4923,25554,continued,77,1
4924,25565,turning,77,1
4925,25573,to,77,1
4926,25576,Alice,77,1
4927,25582,as,77,1
4928,25585,it,77,1
4929,25588,spoke,77,1
4930,25597,As,78,1
4931,25600,wet,78,1
4932,25604,as,78,1
4933,25607,ever,78,1
4934,25614,said,78,1
4935,25619,Alice,78,1
4936,25625,in,78,1
4937,25628,a,78,1
4938,25630,melancholy,78,1
4939,25641,tone,78,1
4940,25648,it,78,1
4941,25651,doesn,78,1
4942,25657,t,78,1
4943,25659,seem,78,1
4944,25664,to,78,1
4945,25667,dry,78,1
4946,25671,me,78,1
4947,25674,at,78,1
4948,25677,all,78,1
4949,25685,In,79,1
4950,25688,that,79,1
4951,25693,case,79,1
4952,25700,said,79,1
4953,25705,the,79,1
4954,25709,Dodo,79,1
4955,25714,solemnly,79,1
4956,25724,rising,79,1
4957,25731,to,79,1
4958,25734,its,79,1
4959,25738,feet,79,1
4960,25745,I,79,1
4961,25747,move,79,1
4962,25752,that,79,1
4963,25757,the,79,1
4964,25761,meeting,79,1
4965,25769,adjourn,79,1
4966,25778,for,79,1
4967,25782,the,79,1
4968,25786,immediate,79,1
4969,25796,adoption,79,1
4970,25805,of,79,1
4971,25808,more,79,1
4972,25813,energetic,79,1
4973,25823,remedies,79,1
4974,25836,Speak,80,1
4975,25842,English,80,1
4976,25852,said,80,1
4977,25857,the,80,1
4978,25861,Eaglet,80,1
4979,25870,I,80,1
4980,25872,don,80,1
4981,25876,t,80,1
4982,25878,know,80,1
4983,25883,the,80,1
4984,25887,meaning,80,1
4985,25895,of,80,1
4986,25898,half,80,1
4987,25903,those,80,1
4988,25909,long,80,1
4989,25914,words,80,1
4990,25921,and,80,1
4991,25926,what,80,1
4992,25931,s,80,1
4993,25933,more,80,1
4994,25939,I,80,1
4995,25941,don,80,1
4996,25945,t,80,1
4997,25947,believe,80,1
4998,25955,you,80,1
4999,25959,do,80,1
5000,25962,either,80,1
5001,25971,And,80,1
5002,25975,the,80,1
5003,25979,Eaglet,80,1
5004,25986,bent,80,1
5005,25991,down,80,1
5006,25996,its,80,1
5007,26000,head,80,1
5008,26005,to,80,1
5009,26008,hide,80,1
5010,26013,a,80,1
5011,26015,smile,80,1
5012,26022,some,80,1
5013,26027,of,80,1
5014,26030,the,80,1
5015,26034,other,80,1
5016,26040,birds,80,1
5017,26046,tittered,80,1
5018,26055,audibly,80,1
5019,26066,What,81,1
5020,26071,I,81,1
5021,26073,was,81,1
5022,26077,going,81,1
5023,26083,to,81,1
5024,26086,say,81,1
5025,26092,said,81,1
5026,26097,the,81,1
5027,26101,Dodo,81,1
5028,26106,in,81,1
5029,26109,an,81,1
5030,26112,offended,81,1
5031,26121,tone,81,1
5032,26128,was,81,1
5033,26133,that,81,1
5034,26138,the,81,1
5035,26142,best,81,1
5036,26147,thing,81,1
5037,26153,to,81,1
5038,26156,get,81,1
5039,26160,us,81,1
5040,26163,dry,81,1
5041,26167,would,81,1
5042,26173,be,81,1
5043,26176,a,81,1
5044,26178,Caucus,81,1
5045,26185,race,81,1
5046,26194,What,82,1
5047,26200,is,82,1
5048,26204,a,82,1
5049,26206,Caucus,82,1
5050,26213,race,82,1
5051,26220,said,82,1
5052,26225,Alice,82,1
5053,26232,not,82,1
5054,26236,that,82,1
5055,26241,she,82,1
5056,26245,wanted,82,1
5057,26252,much,82,1
5058,26257,to,82,1
5059,26260,know,82,1
5060,26266,but,82,1
5061,26270,the,82,1
5062,26274,Dodo,82,1
5063,26279,had,82,1
5064,26283,paused,82,1
5065,26290,as,82,1
5066,26293,if,82,1
5067,26296,it,82,1
5068,26299,thought,82,1
5069,26307,that,82,1
5070,26313,somebody,82,1
5071,26323,ought,82,1
5072,26329,to,82,1
5073,26332,speak,82,1
5074,26339,and,82,1
5075,26343,no,82,1
5076,26346,one,82,1
5077,26350,else,82,1
5078,26355,seemed,82,1
5079,26362,inclined,82,1
5080,26371,to,82,1
5081,26374,say,82,1
5082,26378,anything,82,1
5083,26390,Why,83,1
5084,26396,said,83,1
5085,26401,the,83,1
5086,26405,Dodo,83,1
5087,26412,the,83,1
5088,26416,best,83,1
5089,26421,way,83,1
5090,26425,to,83,1
5091,26428,explain,83,1
5092,26436,it,83,1
5093,26439,is,83,1
5094,26442,to,83,1
5095,26445,do,83,1
5096,26448,it,83,1
5097,26454,And,83,1
5098,26459,as,83,1
5099,26462,you,83,1
5100,26466,might,83,1
5101,26472,like,83,1
5102,26477,to,83,1
5103,26480,try,83,1
5104,26484,the,83,1
5105,26488,thing,83,1
5106,26494,yourself,83,1
5107,26504,some,83,1
5108,26509,winter,83,1
5109,26516,day,83,1
5110,26521,I,83,1
5111,26523,will,83,1
5112,26528,tell,83,1
5113,26533,you,83,1
5114,26537,how,83,1
5115,26541,the,83,1
5116,26545,Dodo,83,1
5117,26550,managed,83,1
5118,26558,it,83,1
5119,26564,First,84,1
5120,26570,it,84,1
5121,26573,marked,84,1
5122,26580,out,84,1
5123,26584,a,84,1
5124,26586,race,84,1
5125,26591,course,84,1
5126,26599,in,84,1
5127,26602,a,84,1
5128,26604,sort,84,1
5129,26609,of,84,1
5130,26612,circle,84,1
5131,26622,the,84,1
5132,26626,exact,84,1
5133,26632,shape,84,1
5134,26638,doesn,84,1
5135,26644,t,84,1
5136,26646,matter,84,1
5137,26655,it,84,1
5138,26658,said,84,1
5139,26665,and,84,1
5140,26669,then,84,1
5141,26674,all,84,1
5142,26678,the,84,1
5143,26682,party,84,1
5144,26688,were,84,1
5145,26693,placed,84,1
5146,26700,along,84,1
5147,26706,the,84,1
5148,26710,course,84,1
5149,26718,here,84,1
5150,26723,and,84,1
5151,26727,there,84,1
5152,26734,There,84,1
5153,26740,was,84,1
5154,26744,no,84,1
5155,26748,One,84,1
5156,26753,two,84,1
5157,26758,three,84,1
5158,26765,and,84,1
5159,26769,away,84,1
5160,26776,but,84,1
5161,26780,they,84,1
5162,26785,began,84,1
5163,26791,running,84,1
5164,26799,when,84,1
5165,26804,they,84,1
5166,26809,liked,84,1
5167,26816,and,84,1
5168,26820,left,84,1
5169,26825,off,84,1
5170,26829,when,84,1
5171,26834,they,84,1
5172,26839,liked,84,1
5173,26846,so,84,1
5174,26849,that,84,1
5175,26854,it,84,1
5176,26857,was,84,1
5177,26861,not,84,1
5178,26865,easy,84,1
5179,26870,to,84,1
5180,26873,know,84,1
5181,26878,when,84,1
5182,26883,the,84,1
5183,26887,race,84,1
5184,26892,was,84,1
5185,26896,over,84,1
5186,26902,However,84,1
5187,26911,when,84,1
5188,26916,they,84,1
5189,26921,had,84,1
5190,26925,been,84,1
5191,26930,running,84,1
5192,26938,half,84,1
5193,26943,an,84,1
5194,26946,hour,84,1
5195,26951,or,84,1
5196,26954,so,84,1
5197,26958,and,84,1
5198,26962,were,84,1
5199,26967,quite,84,1
5200,26973,dry,84,1
5201,26977,again,84,1
5202,26984,the,84,1
5203,26988,Dodo,84,1
5204,26993,suddenly,84,1
5205,27002,called,84,1
5206,27009,out,84,1
5207,27014,The,84,1
5208,27018,race,84,1
5209,27023,is,84,1
5210,27026,over,84,1
5211,27033,and,84,1
5212,27037,they,84,1
5213,27042,all,84,1
5214,27046,crowded,84,1
5215,27054,round,84,1
5216,27060,it,84,1
5217,27064,panting,84,1
5218,27073,and,84,1
5219,27077,asking,84,1
5220,27086,But,84,1
5221,27090,who,84,1
5222,27094,has,84,1
5223,27098,won,84,1
5224,27105,This,85,1
5225,27110,question,85,1
5226,27119,the,85,1
5227,27123,Dodo,85,1
5228,27128,could,85,1
5229,27134,not,85,1
5230,27138,answer,85,1
5231,27145,without,85,1
5232,27153,a,85,1
5233,27155,great,85,1
5234,27161,deal,85,1
5235,27166,of,85,1
5236,27169,thought,85,1
5237,27178,and,85,1
5238,27182,it,85,1
5239,27185,sat,85,1
5240,27189,for,85,1
5241,27193,a,85,1
5242,27195,long,85,1
5243,27200,time,85,1
5244,27205,with,85,1
5245,27210,one,85,1
5246,27214,finger,85,1
5247,27221,pressed,85,1
5248,27229,upon,85,1
5249,27234,its,85,1
5250,27238,forehead,85,1
5251,27248,the,85,1
5252,27252,position,85,1
5253,27261,in,85,1
5254,27264,which,85,1
5255,27270,you,85,1
5256,27274,usually,85,1
5257,27282,see,85,1
5258,27286,Shakespeare,85,1
5259,27299,in,85,1
5260,27302,the,85,1
5261,27306,pictures,85,1
5262,27315,of,85,1
5263,27318,him,85,1
5264,27324,while,85,1
5265,27330,the,85,1
5266,27334,rest,85,1
5267,27339,waited,85,1
5268,27346,in,85,1
5269,27349,silence,85,1
5270,27358,At,85,1
5271,27361,last,85,1
5272,27366,the,85,1
5273,27370,Dodo,85,1
5274,27375,said,85,1
5275,27383,Everybody,85,1
5276,27394,has,85,1
5277,27398,won,85,1
5278,27403,and,85,1
5279,27407,all,85,1
5280,27411,must,85,1
5281,27416,have,85,1
5282,27421,prizes,85,1
5283,27432,But,86,1
5284,27436,who,86,1
5285,27440,is,86,1
5286,27443,to,86,1
5287,27446,give,86,1
5288,27451,the,86,1
5289,27455,prizes,86,1
5290,27464,quite,86,1
5291,27470,a,86,1
5292,27472,chorus,86,1
5293,27479,of,86,1
5294,27482,voices,86,1
5295,27489,asked,86,1
5296,27498,Why,87,1
5297,27504,she,87,1
5298,27510,of,87,1
5299,27513,course,87,1
5300,27522,said,87,1
5301,27527,the,87,1
5302,27531,Dodo,87,1
5303,27537,pointing,87,1
5304,27546,to,87,1
5305,27549,Alice,87,1
5306,27555,with,87,1
5307,27560,one,87,1
5308,27564,finger,87,1
5309,27572,and,87,1
5310,27576,the,87,1
5311,27580,whole,87,1
5312,27586,party,87,1
5313,27592,at,87,1
5314,27595,once,87,1
5315,27600,crowded,87,1
5316,27608,round,87,1
5317,27614,her,87,1
5318,27619,calling,87,1
5319,27627,out,87,1
5320,27631,in,87,1
5321,27634,a,87,1
5322,27636,confused,87,1
5323,27645,way,87,1
5324,27651,Prizes,87,1
5325,27659,Prizes,87,1
5326,27669,Alice,88,1
5327,27675,had,88,1
5328,27679,no,88,1
5329,27682,idea,88,1
5330,27687,what,88,1
5331,27692,to,88,1
5332,27695,do,88,1
5333,27699,and,88,1
5334,27703,in,88,1
5335,27706,despair,88,1
5336,27714,she,88,1
5337,27718,put,88,1
5338,27722,her,88,1
5339,27726,hand,88,1
5340,27731,in,88,1
5341,27734,her,88,1
5342,27738,pocket,88,1
5343,27746,and,88,1
5344,27750,pulled,88,1
5345,27757,out,88,1
5346,27761,a,88,1
5347,27763,box,88,1
5348,27767,of,88,1
5349,27770,comfits,88,1
5350,27780,luckily,88,1
5351,27788,the,88,1
5352,27792,salt,88,1
5353,27797,water,88,1
5354,27803,had,88,1
5355,27807,not,88,1
5356,27811,got,88,1
5357,27815,into,88,1
5358,27820,it,88,1
5359,27825,and,88,1
5360,27829,handed,88,1
5361,27836,them,88,1
5362,27841,round,88,1
5363,27847,as,88,1
5364,27850,prizes,88,1
5365,27858,There,88,1
5366,27864,was,88,1
5367,27868,exactly,88,1
5368,27876,one,88,1
5369,27880,a,88,1
5370,27882,piece,88,1
5371,27889,all,88,1
5372,27893,round,88,1
5373,27902,But,89,1
5374,27906,she,89,1
5375,27910,must,89,1
5376,27915,have,89,1
5377,27920,a,89,1
5378,27922,prize,89,1
5379,27928,herself,89,1
5380,27937,you,89,1
5381,27941,know,89,1
5382,27948,said,89,1
5383,27953,the,89,1
5384,27957,Mouse,89,1
5385,27966,Of,90,1
5386,27969,course,90,1
5387,27978,the,90,1
5388,27982,Dodo,90,1
5389,27987,replied,90,1
5390,27995,very,90,1
5391,28000,gravely,90,1
5392,28010,What,90,1
5393,28015,else,90,1
5394,28020,have,90,1
5395,28025,you,90,1
5396,28029,got,90,1
5397,28033,in,90,1
5398,28036,your,90,1
5399,28041,pocket,90,1
5400,28050,he,90,1
5401,28053,went,90,1
5402,28058,on,90,1
5403,28062,turning,90,1
5404,28070,to,90,1
5405,28073,Alice,90,1
5406,28082,Only,91,1
5407,28087,a,91,1
5408,28089,thimble,91,1
5409,28099,said,91,1
5410,28104,Alice,91,1
5411,28110,sadly,91,1
5412,28119,Hand,92,1
5413,28124,it,92,1
5414,28127,over,92,1
5415,28132,here,92,1
5416,28139,said,92,1
5417,28144,the,92,1
5418,28148,Dodo,92,1
5419,28155,Then,93,1
5420,28160,they,93,1
5421,28165,all,93,1
5422,28169,crowded,93,1
5423,28177,round,93,1
5424,28183,her,93,1
5425,28187,once,93,1
5426,28192,more,93,1
5427,28198,while,93,1
5428,28204,the,93,1
5429,28208,Dodo,93,1
5430,28213,solemnly,93,1
5431,28222,presented,93,1
5432,28232,the,93,1
5433,28236,thimble,93,1
5434,28245,saying,93,1
5435,28253,We,93,1
5436,28256,beg,93,1
5437,28260,your,93,1
5438,28265,acceptance,93,1
5439,28276,of,93,1
5440,28279,this,93,1
5441,28284,elegant,93,1
5442,28292,thimble,93,1
5443,28302,and,93,1
5444,28307,when,93,1
5445,28312,it,93,1
5446,28315,had,93,1
5447,28319,finished,93,1
5448,28328,this,93,1
5449,28333,short,93,1
5450,28339,speech,93,1
5451,28347,they,93,1
5452,28352,all,93,1
5453,28356,cheered,93,1
5454,28366,Alice,94,1
5455,28372,thought,94,1
5456,28380,the,94,1
5457,28384,whole,94,1
5458,28390,thing,94,1
5459,28396,very,94,1
5460,28401,absurd,94,1
5461,28409,but,94,1
5462,28413,they,94,1
5463,28418,all,94,1
5464,28422,looked,94,1
5465,28429,so,94,1
5466,28432,grave,94,1
5467,28438,that,94,1
5468,28443,she,94,1
5469,28447,did,94,1
5470,28451,not,94,1
5471,28455,dare,94,1
5472,28460,to,94,1
5473,28463,laugh,94,1
5474,28470,and,94,1
5475,28475,as,94,1
5476,28478,she,94,1
5477,28482,could,94,1
5478,28488,not,94,1
5479,28492,think,94,1
5480,28498,of,94,1
5481,28501,anything,94,1
5482,28510,to,94,1
5483,28513,say,94,1
5484,28518,she,94,1
5485,28522,simply,94,1
5486,28529,bowed,94,1
5487,28536,and,94,1
5488,28540,took,94,1
5489,28545,the,94,1
5490,28549,thimble,94,1
5491,28558,looking,94,1
5492,28566,as,94,1
5493,28569,solemn,94,1
5494,28576,as,94,1
5495,28579,she,94,1
5496,28583,could,94,1
5497,28591,The,95,1
5498,28595,next,95,1
5499,28600,thing,95,1
5500,28606,was,95,1
5501,28610,to,95,1
5502,28613,eat,95,1
5503,28617,the,95,1
5504,28621,comfits,95,1
5505,28630,this,95,1
5506,28635,caused,95,1
5507,28642,some,95,1
5508,28647,noise,95,1
5509,28653,and,95,1
5510,28657,confusion,95,1
5511,28668,as,95,1
5512,28671,the,95,1
5513,28675,large,95,1
5514,28681,birds,95,1
5515,28687,complained,95,1
5516,28698,that,95,1
5517,28703,they,95,1
5518,28708,could,95,1
5519,28714,not,95,1
5520,28718,taste,95,1
5521,28724,theirs,95,1
5522,28732,and,95,1
5523,28736,the,95,1
5524,28740,small,95,1
5525,28746,ones,95,1
5526,28751,choked,95,1
5527,28758,and,95,1
5528,28762,had,95,1
5529,28766,to,95,1
5530,28769,be,95,1
5531,28772,patted,95,1
5532,28779,on,95,1
5533,28782,the,95,1
5534,28786,back,95,1
5535,28792,However,95,1
5536,28801,it,95,1
5537,28804,was,95,1
5538,28808,over,95,1
5539,28813,at,95,1
5540,28816,last,95,1
5541,28822,and,95,1
5542,28826,they,95,1
5543,28831,sat,95,1
5544,28835,down,95,1
5545,28840,again,95,1
5546,28846,in,95,1
5547,28849,a,95,1
5548,28851,ring,95,1
5549,28857,and,95,1
5550,28861,begged,95,1
5551,28868,the,95,1
5552,28872,Mouse,95,1
5553,28878,to,95,1
5554,28881,tell,95,1
5555,28886,them,95,1
5556,28891,something,95,1
5557,28901,more,95,1
5558,28909,You,96,1
5559,28913,promised,96,1
5560,28922,to,96,1
5561,28925,tell,96,1
5562,28930,me,96,1
5563,28933,your,96,1
5564,28938,history,96,1
5565,28947,you,96,1
5566,28951,know,96,1
5567,28958,said,96,1
5568,28963,Alice,96,1
5569,28971,and,96,1
5570,28975,why,96,1
5571,28979,it,96,1
5572,28982,is,96,1
5573,28985,you,96,1
5574,28989,hate,96,1
5575,28994,C,96,1
5576,28996,and,96,1
5577,29000,D,96,1
5578,29004,she,96,1
5579,29008,added,96,1
5580,29014,in,96,1
5581,29017,a,96,1
5582,29019,whisper,96,1
5583,29028,half,96,1
5584,29033,afraid,96,1
5585,29040,that,96,1
5586,29045,it,96,1
5587,29048,would,96,1
5588,29054,be,96,1
5589,29057,offended,96,1
5590,29066,again,96,1
5591,29075,Mine,97,1
5592,29080,is,97,1
5593,29083,a,97,1
5594,29085,long,97,1
5595,29090,and,97,1
5596,29094,a,97,1
5597,29096,sad,97,1
5598,29100,tale,97,1
5599,29107,said,97,1
5600,29112,the,97,1
5601,29116,Mouse,97,1
5602,29123,turning,97,1
5603,29131,to,97,1
5604,29134,Alice,97,1
5605,29141,and,97,1
5606,29145,sighing,97,1
5607,29156,It,98,1
5608,29160,is,98,1
5609,29164,a,98,1
5610,29166,long,98,1
5611,29171,tail,98,1
5612,29177,certainly,98,1
5613,29189,said,98,1
5614,29194,Alice,98,1
5615,29201,looking,98,1
5616,29209,down,98,1
5617,29214,with,98,1
5618,29219,wonder,98,1
5619,29226,at,98,1
5620,29229,the,98,1
5621,29233,Mouse,98,1
5622,29239,s,98,1
5623,29241,tail,98,1
5624,29248,but,98,1
5625,29252,why,98,1
5626,29256,do,98,1
5627,29259,you,98,1
5628,29263,call,98,1
5629,29268,it,98,1
5630,29271,sad,98,1
5631,29277,And,98,1
5632,29281,she,98,1
5633,29285,kept,98,1
5634,29290,on,98,1
5635,29293,puzzling,98,1
5636,29302,about,98,1
5637,29308,it,98,1
5638,29311,while,98,1
5639,29317,the,98,1
5640,29321,Mouse,98,1
5641,29327,was,98,1
5642,29331,speaking,98,1
5643,29341,so,98,1
5644,29344,that,98,1
5645,29349,her,98,1
5646,29353,idea,98,1
5647,29358,of,98,1
5648,29361,the,98,1
5649,29365,tale,98,1
5650,29370,was,98,1
5651,29374,something,98,1
5652,29384,like,98,1
5653,29389,this,98,1
5654,29407,Fury,99,1
5655,29412,said,99,1
5656,29417,to,99,1
5657,29420,a,99,1
5658,29422,mouse,99,1
5659,29429,That,99,1
5660,29434,he,99,1
5661,29437,met,99,1
5662,29441,in,99,1
5663,29444,the,99,1
5664,29448,house,99,1
5665,29456,Let,99,1
5666,29460,us,99,1
5667,29463,both,99,1
5668,29477,go,99,1
5669,29480,to,99,1
5670,29483,law,99,1
5671,29489,I,99,1
5672,29492,will,99,1
5673,29497,prosecute,99,1
5674,29508,you,99,1
5675,29514,Come,99,1
5676,29520,I,99,1
5677,29522,ll,99,1
5678,29525,take,99,1
5679,29530,no,99,1
5680,29542,denial,99,1
5681,29550,We,99,1
5682,29553,must,99,1
5683,29558,have,99,1
5684,29563,a,99,1
5685,29565,trial,99,1
5686,29572,For,99,1
5687,29576,really,99,1
5688,29583,this,99,1
5689,29588,morning,99,1
5690,29596,I,99,1
5691,29598,ve,99,1
5692,29610,nothing,99,1
5693,29618,to,99,1
5694,29621,do,99,1
5695,29626,Said,99,1
5696,29631,the,99,1
5697,29635,mouse,99,1
5698,29641,to,99,1
5699,29644,the,99,1
5700,29648,cur,99,1
5701,29654,Such,99,1
5702,29659,a,99,1
5703,29661,trial,99,1
5704,29668,dear,99,1
5705,29682,sir,99,1
5706,29687,With,99,1
5707,29692,no,99,1
5708,29695,jury,99,1
5709,29700,or,99,1
5710,29703,judge,99,1
5711,29710,would,99,1
5712,29716,be,99,1
5713,29719,wasting,99,1
5714,29727,our,99,1
5715,29731,breath,99,1
5716,29750,I,99,1
5717,29752,ll,99,1
5718,29755,be,99,1
5719,29758,judge,99,1
5720,29765,I,99,1
5721,29767,ll,99,1
5722,29770,be,99,1
5723,29773,jury,99,1
5724,29780,Said,99,1
5725,29785,cunning,99,1
5726,29793,old,99,1
5727,29797,Fury,99,1
5728,29804,I,99,1
5729,29806,ll,99,1
5730,29818,try,99,1
5731,29822,the,99,1
5732,29826,whole,99,1
5733,29832,cause,99,1
5734,29839,and,99,1
5735,29843,condemn,99,1
5736,29851,you,99,1
5737,29855,to,99,1
5738,29858,death,99,1
5739,29869,You,100,1
5740,29873,are,100,1
5741,29877,not,100,1
5742,29881,attending,100,1
5743,29893,said,100,1
5744,29898,the,100,1
5745,29902,Mouse,100,1
5746,29908,to,100,1
5747,29911,Alice,100,1
5748,29917,severely,100,1
5749,29928,What,100,1
5750,29933,are,100,1
5751,29937,you,100,1
5752,29941,thinking,100,1
5753,29950,of,100,1
5754,29957,I,101,1
5755,29959,beg,101,1
5756,29963,your,101,1
5757,29968,pardon,101,1
5758,29977,said,101,1
5759,29982,Alice,101,1
5760,29988,very,101,1
5761,29993,humbly,101,1
5762,30002,you,101,1
5763,30006,had,101,1
5764,30010,got,101,1
5765,30014,to,101,1
5766,30017,the,101,1
5767,30021,fifth,101,1
5768,30027,bend,101,1
5769,30033,I,101,1
5770,30035,think,101,1
5771,30045,I,102,1
5772,30047,had,102,1
5773,30052,not,102,1
5774,30059,cried,102,1
5775,30065,the,102,1
5776,30069,Mouse,102,1
5777,30076,sharply,102,1
5778,30084,and,102,1
5779,30088,very,102,1
5780,30093,angrily,102,1
5781,30104,A,103,1
5782,30106,knot,103,1
5783,30113,said,103,1
5784,30118,Alice,103,1
5785,30125,always,103,1
5786,30132,ready,103,1
5787,30138,to,103,1
5788,30141,make,103,1
5789,30146,herself,103,1
5790,30154,useful,103,1
5791,30162,and,103,1
5792,30166,looking,103,1
5793,30174,anxiously,103,1
5794,30184,about,103,1
5795,30190,her,103,1
5796,30196,Oh,103,1
5797,30200,do,103,1
5798,30203,let,103,1
5799,30207,me,103,1
5800,30210,help,103,1
5801,30215,to,103,1
5802,30218,undo,103,1
5803,30223,it,103,1
5804,30230,I,104,1
5805,30232,shall,104,1
5806,30238,do,104,1
5807,30241,nothing,104,1
5808,30249,of,104,1
5809,30252,the,104,1
5810,30256,sort,104,1
5811,30263,said,104,1
5812,30268,the,104,1
5813,30272,Mouse,104,1
5814,30279,getting,104,1
5815,30287,up,104,1
5816,30290,and,104,1
5817,30294,walking,104,1
5818,30302,away,104,1
5819,30309,You,104,1
5820,30313,insult,104,1
5821,30320,me,104,1
5822,30323,by,104,1
5823,30326,talking,104,1
5824,30334,such,104,1
5825,30339,nonsense,104,1
5826,30352,I,105,1
5827,30354,didn,105,1
5828,30359,t,105,1
5829,30361,mean,105,1
5830,30366,it,105,1
5831,30371,pleaded,105,1
5832,30379,poor,105,1
5833,30384,Alice,105,1
5834,30392,But,105,1
5835,30396,you,105,1
5836,30400,re,105,1
5837,30403,so,105,1
5838,30406,easily,105,1
5839,30413,offended,105,1
5840,30423,you,105,1
5841,30427,know,105,1
5842,30435,The,106,1
5843,30439,Mouse,106,1
5844,30445,only,106,1
5845,30450,growled,106,1
5846,30458,in,106,1
5847,30461,reply,106,1
5848,30470,Please,107,1
5849,30477,come,107,1
5850,30482,back,107,1
5851,30487,and,107,1
5852,30491,finish,107,1
5853,30498,your,107,1
5854,30503,story,107,1
5855,30511,Alice,107,1
5856,30517,called,107,1
5857,30524,after,107,1
5858,30530,it,107,1
5859,30534,and,107,1
5860,30538,the,107,1
5861,30542,others,107,1
5862,30549,all,107,1
5863,30553,joined,107,1
5864,30560,in,107,1
5865,30563,chorus,107,1
5866,30572,Yes,107,1
5867,30577,please,107,1
5868,30584,do,107,1
5869,30589,but,107,1
5870,30593,the,107,1
5871,30597,Mouse,107,1
5872,30603,only,107,1
5873,30608,shook,107,1
5874,30614,its,107,1
5875,30618,head,107,1
5876,30623,impatiently,107,1
5877,30636,and,107,1
5878,30640,walked,107,1
5879,30647,a,107,1
5880,30649,little,107,1
5881,30656,quicker,107,1
5882,30667,What,108,1
5883,30672,a,108,1
5884,30674,pity,108,1
5885,30679,it,108,1
5886,30682,wouldn,108,1
5887,30689,t,108,1
5888,30691,stay,108,1
5889,30698,sighed,108,1
5890,30705,the,108,1
5891,30709,Lory,108,1
5892,30715,as,108,1
5893,30718,soon,108,1
5894,30723,as,108,1
5895,30726,it,108,1
5896,30729,was,108,1
5897,30733,quite,108,1
5898,30739,out,108,1
5899,30743,of,108,1
5900,30746,sight,108,1
5901,30753,and,108,1
5902,30757,an,108,1
5903,30760,old,108,1
5904,30764,Crab,108,1
5905,30769,took,108,1
5906,30774,the,108,1
5907,30778,opportunity,108,1
5908,30790,of,108,1
5909,30793,saying,108,1
5910,30800,to,108,1
5911,30803,her,108,1
5912,30807,daughter,108,1
5913,30817,Ah,108,1
5914,30821,my,108,1
5915,30824,dear,108,1
5916,30830,Let,108,1
5917,30834,this,108,1
5918,30839,be,108,1
5919,30842,a,108,1
5920,30844,lesson,108,1
5921,30851,to,108,1
5922,30854,you,108,1
5923,30858,never,108,1
5924,30864,to,108,1
5925,30867,lose,108,1
5926,30873,your,108,1
5927,30879,temper,108,1
5928,30889,Hold,108,1
5929,30894,your,108,1
5930,30899,tongue,108,1
5931,30907,Ma,108,1
5932,30912,said,108,1
5933,30917,the,108,1
5934,30921,young,108,1
5935,30927,Crab,108,1
5936,30933,a,108,1
5937,30935,little,108,1
5938,30942,snappishly,108,1
5939,30955,You,108,1
5940,30959,re,108,1
5941,30962,enough,108,1
5942,30969,to,108,1
5943,30972,try,108,1
5944,30976,the,108,1
5945,30980,patience,108,1
5946,30989,of,108,1
5947,30992,an,108,1
5948,30995,oyster,108,1
5949,31006,I,109,1
5950,31008,wish,109,1
5951,31013,I,109,1
5952,31015,had,109,1
5953,31019,our,109,1
5954,31023,Dinah,109,1
5955,31029,here,109,1
5956,31035,I,109,1
5957,31037,know,109,1
5958,31042,I,109,1
5959,31044,do,109,1
5960,31049,said,109,1
5961,31054,Alice,109,1
5962,31060,aloud,109,1
5963,31067,addressing,109,1
5964,31078,nobody,109,1
5965,31085,in,109,1
5966,31088,particular,109,1
5967,31101,She,109,1
5968,31105,d,109,1
5969,31107,soon,109,1
5970,31112,fetch,109,1
5971,31118,it,109,1
5972,31121,back,109,1
5973,31130,And,110,1
5974,31134,who,110,1
5975,31138,is,110,1
5976,31141,Dinah,110,1
5977,31148,if,110,1
5978,31151,I,110,1
5979,31153,might,110,1
5980,31159,venture,110,1
5981,31167,to,110,1
5982,31170,ask,110,1
5983,31174,the,110,1
5984,31178,question,110,1
5985,31189,said,110,1
5986,31194,the,110,1
5987,31198,Lory,110,1
5988,31205,Alice,111,1
5989,31211,replied,111,1
5990,31219,eagerly,111,1
5991,31228,for,111,1
5992,31232,she,111,1
5993,31236,was,111,1
5994,31240,always,111,1
5995,31247,ready,111,1
5996,31253,to,111,1
5997,31256,talk,111,1
5998,31261,about,111,1
5999,31267,her,111,1
6000,31271,pet,111,1
6001,31277,Dinah,111,1
6002,31283,s,111,1
6003,31285,our,111,1
6004,31289,cat,111,1
6005,31294,And,111,1
6006,31298,she,111,1
6007,31302,s,111,1
6008,31304,such,111,1
6009,31309,a,111,1
6010,31311,capital,111,1
6011,31319,one,111,1
6012,31323,for,111,1
6013,31327,catching,111,1
6014,31336,mice,111,1
6015,31341,you,111,1
6016,31345,can,111,1
6017,31349,t,111,1
6018,31351,think,111,1
6019,31358,And,111,1
6020,31362,oh,111,1
6021,31366,I,111,1
6022,31368,wish,111,1
6023,31373,you,111,1
6024,31377,could,111,1
6025,31383,see,111,1
6026,31387,her,111,1
6027,31391,after,111,1
6028,31397,the,111,1
6029,31401,birds,111,1
6030,31408,Why,111,1
6031,31413,she,111,1
6032,31417,ll,111,1
6033,31420,eat,111,1
6034,31424,a,111,1
6035,31426,little,111,1
6036,31433,bird,111,1
6037,31438,as,111,1
6038,31441,soon,111,1
6039,31446,as,111,1
6040,31449,look,111,1
6041,31454,at,111,1
6042,31457,it,111,1
6043,31463,This,112,1
6044,31468,speech,112,1
6045,31475,caused,112,1
6046,31482,a,112,1
6047,31484,remarkable,112,1
6048,31495,sensation,112,1
6049,31505,among,112,1
6050,31511,the,112,1
6051,31515,party,112,1
6052,31522,Some,112,1
6053,31527,of,112,1
6054,31530,the,112,1
6055,31534,birds,112,1
6056,31540,hurried,112,1
6057,31548,off,112,1
6058,31552,at,112,1
6059,31555,once,112,1
6060,31561,one,112,1
6061,31565,old,112,1
6062,31569,Magpie,112,1
6063,31576,began,112,1
6064,31582,wrapping,112,1
6065,31591,itself,112,1
6066,31598,up,112,1
6067,31601,very,112,1
6068,31606,carefully,112,1
6069,31617,remarking,112,1
6070,31629,I,112,1
6071,31631,really,112,1
6072,31638,must,112,1
6073,31643,be,112,1
6074,31646,getting,112,1
6075,31654,home,112,1
6076,31660,the,112,1
6077,31664,night,112,1
6078,31670,air,112,1
6079,31674,doesn,112,1
6080,31680,t,112,1
6081,31682,suit,112,1
6082,31687,my,112,1
6083,31690,throat,112,1
6084,31699,and,112,1
6085,31703,a,112,1
6086,31705,Canary,112,1
6087,31712,called,112,1
6088,31719,out,112,1
6089,31723,in,112,1
6090,31726,a,112,1
6091,31728,trembling,112,1
6092,31738,voice,112,1
6093,31744,to,112,1
6094,31747,its,112,1
6095,31751,children,112,1
6096,31762,Come,112,1
6097,31767,away,112,1
6098,31773,my,112,1
6099,31776,dears,112,1
6100,31783,It,112,1
6101,31786,s,112,1
6102,31788,high,112,1
6103,31793,time,112,1
6104,31798,you,112,1
6105,31802,were,112,1
6106,31807,all,112,1
6107,31811,in,112,1
6108,31814,bed,112,1
6109,31820,On,112,1
6110,31823,various,112,1
6111,31831,pretexts,112,1
6112,31840,they,112,1
6113,31845,all,112,1
6114,31849,moved,112,1
6115,31855,off,112,1
6116,31860,and,112,1
6117,31864,Alice,112,1
6118,31870,was,112,1
6119,31874,soon,112,1
6120,31879,left,112,1
6121,31884,alone,112,1
6122,31893,I,113,1
6123,31895,wish,113,1
6124,31900,I,113,1
6125,31902,hadn,113,1
6126,31907,t,113,1
6127,31909,mentioned,113,1
6128,31919,Dinah,113,1
6129,31927,she,113,1
6130,31931,said,113,1
6131,31936,to,113,1
6132,31939,herself,113,1
6133,31947,in,113,1
6134,31950,a,113,1
6135,31952,melancholy,113,1
6136,31963,tone,113,1
6137,31970,Nobody,113,1
6138,31977,seems,113,1
6139,31983,to,113,1
6140,31986,like,113,1
6141,31991,her,113,1
6142,31996,down,113,1
6143,32001,here,113,1
6144,32007,and,113,1
6145,32011,I,113,1
6146,32013,m,113,1
6147,32015,sure,113,1
6148,32020,she,113,1
6149,32024,s,113,1
6150,32026,the,113,1
6151,32030,best,113,1
6152,32035,cat,113,1
6153,32039,in,113,1
6154,32042,the,113,1
6155,32046,world,113,1
6156,32053,Oh,113,1
6157,32057,my,113,1
6158,32060,dear,113,1
6159,32065,Dinah,113,1
6160,32072,I,113,1
6161,32074,wonder,113,1
6162,32081,if,113,1
6163,32084,I,113,1
6164,32086,shall,113,1
6165,32092,ever,113,1
6166,32097,see,113,1
6167,32101,you,113,1
6168,32105,any,113,1
6169,32109,more,113,1
6170,32116,And,113,1
6171,32120,here,113,1
6172,32125,poor,113,1
6173,32130,Alice,113,1
6174,32136,began,113,1
6175,32142,to,113,1
6176,32145,cry,113,1
6177,32149,again,113,1
6178,32156,for,113,1
6179,32160,she,113,1
6180,32164,felt,113,1
6181,32169,very,113,1
6182,32174,lonely,113,1
6183,32181,and,113,1
6184,32185,low,113,1
6185,32189,spirited,113,1
6186,32199,In,113,1
6187,32202,a,113,1
6188,32204,little,113,1
6189,32211,while,113,1
6190,32218,however,113,1
6191,32227,she,113,1
6192,32231,again,113,1
6193,32237,heard,113,1
6194,32243,a,113,1
6195,32245,little,113,1
6196,32252,pattering,113,1
6197,32262,of,113,1
6198,32265,footsteps,113,1
6199,32275,in,113,1
6200,32278,the,113,1
6201,32282,distance,113,1
6202,32292,and,113,1
6203,32296,she,113,1
6204,32300,looked,113,1
6205,32307,up,113,1
6206,32310,eagerly,113,1
6207,32319,half,113,1
6208,32324,hoping,113,1
6209,32331,that,113,1
6210,32336,the,113,1
6211,32340,Mouse,113,1
6212,32346,had,113,1
6213,32350,changed,113,1
6214,32358,his,113,1
6215,32362,mind,113,1
6216,32368,and,113,1
6217,32372,was,113,1
6218,32376,coming,113,1
6219,32383,back,113,1
6220,32388,to,113,1
6221,32391,finish,113,1
6222,32398,his,113,1
6223,32402,story,113,1
6224,32413,CHAPTER,114,2
6225,32421,IV,114,2
6226,32425,The,114,2
6227,32429,Rabbit,114,2
6228,32436,Sends,114,2
6229,32442,in,114,2
6230,32445,a,114,2
6231,32447,Little,114,2
6232,32454,Bill,114,2
6233,32461,It,115,2
6234,32464,was,115,2
6235,32468,the,115,2
6236,32472,White,115,2
6237,32478,Rabbit,115,2
6238,32486,trotting,115,2
6239,32495,slowly,115,2
6240,32502,back,115,2
6241,32507,again,115,2
6242,32514,and,115,2
6243,32518,looking,115,2
6244,32526,anxiously,115,2
6245,32536,about,115,2
6246,32542,as,115,2
6247,32545,it,115,2
6248,32548,went,115,2
6249,32554,as,115,2
6250,32557,if,115,2
6251,32560,it,115,2
6252,32563,had,115,2
6253,32567,lost,115,2
6254,32572,something,115,2
6255,32583,and,115,2
6256,32587,she,115,2
6257,32591,heard,115,2
6258,32597,it,115,2
6259,32600,muttering,115,2
6260,32610,to,115,2
6261,32613,itself,115,2
6262,32621,The,115,2
6263,32625,Duchess,115,2
6264,32634,The,115,2
6265,32638,Duchess,115,2
6266,32647,Oh,115,2
6267,32650,my,115,2
6268,32653,dear,115,2
6269,32658,paws,115,2
6270,32664,Oh,115,2
6271,32667,my,115,2
6272,32670,fur,115,2
6273,32674,and,115,2
6274,32678,whiskers,115,2
6275,32688,She,115,2
6276,32692,ll,115,2
6277,32695,get,115,2
6278,32699,me,115,2
6279,32702,executed,115,2
6280,32712,as,115,2
6281,32715,sure,115,2
6282,32720,as,115,2
6283,32723,ferrets,115,2
6284,32731,are,115,2
6285,32735,ferrets,115,2
6286,32744,Where,115,2
6287,32751,can,115,2
6288,32756,I,115,2
6289,32758,have,115,2
6290,32763,dropped,115,2
6291,32771,them,115,2
6292,32777,I,115,2
6293,32779,wonder,115,2
6294,32788,Alice,115,2
6295,32794,guessed,115,2
6296,32802,in,115,2
6297,32805,a,115,2
6298,32807,moment,115,2
6299,32814,that,115,2
6300,32819,it,115,2
6301,32822,was,115,2
6302,32826,looking,115,2
6303,32834,for,115,2
6304,32838,the,115,2
6305,32842,fan,115,2
6306,32846,and,115,2
6307,32850,the,115,2
6308,32854,pair,115,2
6309,32859,of,115,2
6310,32862,white,115,2
6311,32868,kid,115,2
6312,32872,gloves,115,2
6313,32880,and,115,2
6314,32884,she,115,2
6315,32888,very,115,2
6316,32893,good,115,2
6317,32898,naturedly,115,2
6318,32908,began,115,2
6319,32914,hunting,115,2
6320,32922,about,115,2
6321,32928,for,115,2
6322,32932,them,115,2
6323,32938,but,115,2
6324,32942,they,115,2
6325,32947,were,115,2
6326,32952,nowhere,115,2
6327,32960,to,115,2
6328,32963,be,115,2
6329,32966,seen,115,2
6330,32971,everything,115,2
6331,32982,seemed,115,2
6332,32989,to,115,2
6333,32992,have,115,2
6334,32997,changed,115,2
6335,33005,since,115,2
6336,33011,her,115,2
6337,33015,swim,115,2
6338,33020,in,115,2
6339,33023,the,115,2
6340,33027,pool,115,2
6341,33033,and,115,2
6342,33037,the,115,2
6343,33041,great,115,2
6344,33047,hall,115,2
6345,33053,with,115,2
6346,33058,the,115,2
6347,33062,glass,115,2
6348,33068,table,115,2
6349,33074,and,115,2
6350,33078,the,115,2
6351,33082,little,115,2
6352,33089,door,115,2
6353,33095,had,115,2
6354,33099,vanished,115,2
6355,33108,completely,115,2
6356,33121,Very,116,2
6357,33126,soon,116,2
6358,33131,the,116,2
6359,33135,Rabbit,116,2
6360,33142,noticed,116,2
6361,33150,Alice,116,2
6362,33157,as,116,2
6363,33160,she,116,2
6364,33164,went,116,2
6365,33169,hunting,116,2
6366,33177,about,116,2
6367,33184,and,116,2
6368,33188,called,116,2
6369,33195,out,116,2
6370,33199,to,116,2
6371,33202,her,116,2
6372,33206,in,116,2
6373,33209,an,116,2
6374,33212,angry,116,2
6375,33218,tone,116,2
6376,33225,Why,116,2
6377,33230,Mary,116,2
6378,33235,Ann,116,2
6379,33240,what,116,2
6380,33246,are,116,2
6381,33251,you,116,2
6382,33255,doing,116,2
6383,33261,out,116,2
6384,33265,here,116,2
6385,33271,Run,116,2
6386,33275,home,116,2
6387,33280,this,116,2
6388,33285,moment,116,2
6389,33293,and,116,2
6390,33297,fetch,116,2
6391,33303,me,116,2
6392,33306,a,116,2
6393,33308,pair,116,2
6394,33313,of,116,2
6395,33316,gloves,116,2
6396,33323,and,116,2
6397,33327,a,116,2
6398,33329,fan,116,2
6399,33334,Quick,116,2
6400,33341,now,116,2
6401,33347,And,116,2
6402,33351,Alice,116,2
6403,33357,was,116,2
6404,33361,so,116,2
6405,33364,much,116,2
6406,33369,frightened,116,2
6407,33380,that,116,2
6408,33385,she,116,2
6409,33389,ran,116,2
6410,33393,off,116,2
6411,33397,at,116,2
6412,33400,once,116,2
6413,33405,in,116,2
6414,33408,the,116,2
6415,33412,direction,116,2
6416,33422,it,116,2
6417,33425,pointed,116,2
6418,33433,to,116,2
6419,33437,without,116,2
6420,33445,trying,116,2
6421,33452,to,116,2
6422,33455,explain,116,2
6423,33463,the,116,2
6424,33467,mistake,116,2
6425,33475,it,116,2
6426,33478,had,116,2
6427,33482,made,116,2
6428,33490,He,117,2
6429,33493,took,117,2
6430,33498,me,117,2
6431,33501,for,117,2
6432,33505,his,117,2
6433,33509,housemaid,117,2
6434,33521,she,117,2
6435,33525,said,117,2
6436,33530,to,117,2
6437,33533,herself,117,2
6438,33541,as,117,2
6439,33544,she,117,2
6440,33548,ran,117,2
6441,33554,How,117,2
6442,33558,surprised,117,2
6443,33568,he,117,2
6444,33571,ll,117,2
6445,33574,be,117,2
6446,33577,when,117,2
6447,33582,he,117,2
6448,33585,finds,117,2
6449,33591,out,117,2
6450,33595,who,117,2
6451,33599,I,117,2
6452,33601,am,117,2
6453,33605,But,117,2
6454,33609,I,117,2
6455,33611,d,117,2
6456,33613,better,117,2
6457,33620,take,117,2
6458,33625,him,117,2
6459,33629,his,117,2
6460,33633,fan,117,2
6461,33637,and,117,2
6462,33641,gloves,117,2
6463,33648,that,117,2
6464,33653,is,117,2
6465,33657,if,117,2
6466,33660,I,117,2
6467,33662,can,117,2
6468,33666,find,117,2
6469,33671,them,117,2
6470,33678,As,117,2
6471,33681,she,117,2
6472,33685,said,117,2
6473,33690,this,117,2
6474,33696,she,117,2
6475,33700,came,117,2
6476,33705,upon,117,2
6477,33710,a,117,2
6478,33712,neat,117,2
6479,33717,little,117,2
6480,33724,house,117,2
6481,33731,on,117,2
6482,33734,the,117,2
6483,33738,door,117,2
6484,33743,of,117,2
6485,33746,which,117,2
6486,33752,was,117,2
6487,33756,a,117,2
6488,33758,bright,117,2
6489,33765,brass,117,2
6490,33771,plate,117,2
6491,33777,with,117,2
6492,33782,the,117,2
6493,33786,name,117,2
6494,33792,W,117,2
6495,33795,RABBIT,117,2
6496,33804,engraved,117,2
6497,33813,upon,117,2
6498,33818,it,117,2
6499,33822,She,117,2
6500,33826,went,117,2
6501,33831,in,117,2
6502,33834,without,117,2
6503,33842,knocking,117,2
6504,33852,and,117,2
6505,33856,hurried,117,2
6506,33864,upstairs,117,2
6507,33874,in,117,2
6508,33877,great,117,2
6509,33883,fear,117,2
6510,33888,lest,117,2
6511,33893,she,117,2
6512,33897,should,117,2
6513,33904,meet,117,2
6514,33909,the,117,2
6515,33913,real,117,2
6516,33918,Mary,117,2
6517,33923,Ann,117,2
6518,33928,and,117,2
6519,33932,be,117,2
6520,33935,turned,117,2
6521,33942,out,117,2
6522,33946,of,117,2
6523,33949,the,117,2
6524,33953,house,117,2
6525,33959,before,117,2
6526,33966,she,117,2
6527,33970,had,117,2
6528,33974,found,117,2
6529,33980,the,117,2
6530,33984,fan,117,2
6531,33988,and,117,2
6532,33992,gloves,117,2
6533,34002,How,118,2
6534,34006,queer,118,2
6535,34012,it,118,2
6536,34015,seems,118,2
6537,34023,Alice,118,2
6538,34029,said,118,2
6539,34034,to,118,2
6540,34037,herself,118,2
6541,34047,to,118,2
6542,34050,be,118,2
6543,34053,going,118,2
6544,34059,messages,118,2
6545,34068,for,118,2
6546,34072,a,118,2
6547,34074,rabbit,118,2
6548,34082,I,118,2
6549,34084,suppose,118,2
6550,34092,Dinah,118,2
6551,34098,ll,118,2
6552,34101,be,118,2
6553,34104,sending,118,2
6554,34112,me,118,2
6555,34115,on,118,2
6556,34118,messages,118,2
6557,34127,next,118,2
6558,34134,And,118,2
6559,34138,she,118,2
6560,34142,began,118,2
6561,34148,fancying,118,2
6562,34157,the,118,2
6563,34161,sort,118,2
6564,34166,of,118,2
6565,34169,thing,118,2
6566,34175,that,118,2
6567,34180,would,118,2
6568,34186,happen,118,2
6569,34196,Miss,118,2
6570,34201,Alice,118,2
6571,34208,Come,118,2
6572,34213,here,118,2
6573,34218,directly,118,2
6574,34228,and,118,2
6575,34232,get,118,2
6576,34236,ready,118,2
6577,34242,for,118,2
6578,34246,your,118,2
6579,34251,walk,118,2
6580,34259,Coming,118,2
6581,34266,in,118,2
6582,34269,a,118,2
6583,34271,minute,118,2
6584,34279,nurse,118,2
6585,34286,But,118,2
6586,34290,I,118,2
6587,34292,ve,118,2
6588,34295,got,118,2
6589,34299,to,118,2
6590,34302,see,118,2
6591,34306,that,118,2
6592,34311,the,118,2
6593,34315,mouse,118,2
6594,34321,doesn,118,2
6595,34327,t,118,2
6596,34329,get,118,2
6597,34333,out,118,2
6598,34339,Only,118,2
6599,34344,I,118,2
6600,34346,don,118,2
6601,34350,t,118,2
6602,34352,think,118,2
6603,34360,Alice,118,2
6604,34366,went,118,2
6605,34371,on,118,2
6606,34376,that,118,2
6607,34381,they,118,2
6608,34386,d,118,2
6609,34388,let,118,2
6610,34392,Dinah,118,2
6611,34398,stop,118,2
6612,34403,in,118,2
6613,34406,the,118,2
6614,34410,house,118,2
6615,34416,if,118,2
6616,34419,it,118,2
6617,34422,began,118,2
6618,34428,ordering,118,2
6619,34437,people,118,2
6620,34444,about,118,2
6621,34450,like,118,2
6622,34455,that,118,2
6623,34463,By,119,2
6624,34466,this,119,2
6625,34471,time,119,2
6626,34476,she,119,2
6627,34480,had,119,2
6628,34484,found,119,2
6629,34490,her,119,2
6630,34494,way,119,2
6631,34498,into,119,2
6632,34503,a,119,2
6633,34505,tidy,119,2
6634,34510,little,119,2
6635,34517,room,119,2
6636,34522,with,119,2
6637,34527,a,119,2
6638,34529,table,119,2
6639,34535,in,119,2
6640,34538,the,119,2
6641,34542,window,119,2
6642,34550,and,119,2
6643,34554,on,119,2
6644,34557,it,119,2
6645,34561,as,119,2
6646,34564,she,119,2
6647,34568,had,119,2
6648,34572,hoped,119,2
6649,34579,a,119,2
6650,34581,fan,119,2
6651,34585,and,119,2
6652,34589,two,119,2
6653,34593,or,119,2
6654,34596,three,119,2
6655,34602,pairs,119,2
6656,34608,of,119,2
6657,34611,tiny,119,2
6658,34616,white,119,2
6659,34622,kid,119,2
6660,34626,gloves,119,2
6661,34634,she,119,2
6662,34638,took,119,2
6663,34643,up,119,2
6664,34646,the,119,2
6665,34650,fan,119,2
6666,34654,and,119,2
6667,34658,a,119,2
6668,34660,pair,119,2
6669,34665,of,119,2
6670,34668,the,119,2
6671,34672,gloves,119,2
6672,34680,and,119,2
6673,34684,was,119,2
6674,34688,just,119,2
6675,34693,going,119,2
6676,34699,to,119,2
6677,34702,leave,119,2
6678,34708,the,119,2
6679,34712,room,119,2
6680,34718,when,119,2
6681,34723,her,119,2
6682,34727,eye,119,2
6683,34731,fell,119,2
6684,34736,upon,119,2
6685,34741,a,119,2
6686,34743,little,119,2
6687,34750,bottle,119,2
6688,34757,that,119,2
6689,34762,stood,119,2
6690,34768,near,119,2
6691,34773,the,119,2
6692,34777,looking,119,2
6693,34785,glass,119,2
6694,34792,There,119,2
6695,34798,was,119,2
6696,34802,no,119,2
6697,34805,label,119,2
6698,34811,this,119,2
6699,34816,time,119,2
6700,34821,with,119,2
6701,34826,the,119,2
6702,34830,words,119,2
6703,34837,DRINK,119,2
6704,34843,ME,119,2
6705,34848,but,119,2
6706,34852,nevertheless,119,2
6707,34865,she,119,2
6708,34869,uncorked,119,2
6709,34878,it,119,2
6710,34881,and,119,2
6711,34885,put,119,2
6712,34889,it,119,2
6713,34892,to,119,2
6714,34895,her,119,2
6715,34899,lips,119,2
6716,34906,I,119,2
6717,34908,know,119,2
6718,34914,something,119,2
6719,34925,interesting,119,2
6720,34937,is,119,2
6721,34940,sure,119,2
6722,34945,to,119,2
6723,34948,happen,119,2
6724,34957,she,119,2
6725,34961,said,119,2
6726,34966,to,119,2
6727,34969,herself,119,2
6728,34979,whenever,119,2
6729,34988,I,119,2
6730,34990,eat,119,2
6731,34994,or,119,2
6732,34997,drink,119,2
6733,35003,anything,119,2
6734,35013,so,119,2
6735,35016,I,119,2
6736,35018,ll,119,2
6737,35021,just,119,2
6738,35026,see,119,2
6739,35030,what,119,2
6740,35035,this,119,2
6741,35040,bottle,119,2
6742,35047,does,119,2
6743,35053,I,119,2
6744,35055,do,119,2
6745,35058,hope,119,2
6746,35063,it,119,2
6747,35066,ll,119,2
6748,35069,make,119,2
6749,35074,me,119,2
6750,35077,grow,119,2
6751,35082,large,119,2
6752,35088,again,119,2
6753,35095,for,119,2
6754,35099,really,119,2
6755,35106,I,119,2
6756,35108,m,119,2
6757,35110,quite,119,2
6758,35116,tired,119,2
6759,35122,of,119,2
6760,35125,being,119,2
6761,35131,such,119,2
6762,35136,a,119,2
6763,35138,tiny,119,2
6764,35143,little,119,2
6765,35150,thing,119,2
6766,35159,It,120,2
6767,35162,did,120,2
6768,35166,so,120,2
6769,35169,indeed,120,2
6770,35177,and,120,2
6771,35181,much,120,2
6772,35186,sooner,120,2
6773,35193,than,120,2
6774,35198,she,120,2
6775,35202,had,120,2
6776,35206,expected,120,2
6777,35216,before,120,2
6778,35223,she,120,2
6779,35227,had,120,2
6780,35231,drunk,120,2
6781,35237,half,120,2
6782,35242,the,120,2
6783,35246,bottle,120,2
6784,35254,she,120,2
6785,35258,found,120,2
6786,35264,her,120,2
6787,35268,head,120,2
6788,35273,pressing,120,2
6789,35282,against,120,2
6790,35290,the,120,2
6791,35294,ceiling,120,2
6792,35303,and,120,2
6793,35307,had,120,2
6794,35311,to,120,2
6795,35314,stoop,120,2
6796,35320,to,120,2
6797,35323,save,120,2
6798,35328,her,120,2
6799,35332,neck,120,2
6800,35337,from,120,2
6801,35342,being,120,2
6802,35348,broken,120,2
6803,35356,She,120,2
6804,35360,hastily,120,2
6805,35368,put,120,2
6806,35372,down,120,2
6807,35377,the,120,2
6808,35381,bottle,120,2
6809,35389,saying,120,2
6810,35396,to,120,2
6811,35399,herself,120,2
6812,35408,That,120,2
6813,35413,s,120,2
6814,35415,quite,120,2
6815,35421,enough,120,2
6816,35428,I,120,2
6817,35430,hope,120,2
6818,35435,I,120,2
6819,35437,shan,120,2
6820,35442,t,120,2
6821,35444,grow,120,2
6822,35449,any,120,2
6823,35453,more,120,2
6824,35458,As,120,2
6825,35461,it,120,2
6826,35464,is,120,2
6827,35468,I,120,2
6828,35470,can,120,2
6829,35474,t,120,2
6830,35476,get,120,2
6831,35480,out,120,2
6832,35484,at,120,2
6833,35487,the,120,2
6834,35491,door,120,2
6835,35496,I,120,2
6836,35498,do,120,2
6837,35501,wish,120,2
6838,35506,I,120,2
6839,35508,hadn,120,2
6840,35513,t,120,2
6841,35515,drunk,120,2
6842,35521,quite,120,2
6843,35527,so,120,2
6844,35530,much,120,2
6845,35538,Alas,121,2
6846,35544,it,121,2
6847,35547,was,121,2
6848,35551,too,121,2
6849,35555,late,121,2
6850,35560,to,121,2
6851,35563,wish,121,2
6852,35568,that,121,2
6853,35574,She,121,2
6854,35578,went,121,2
6855,35583,on,121,2
6856,35586,growing,121,2
6857,35595,and,121,2
6858,35599,growing,121,2
6859,35608,and,121,2
6860,35612,very,121,2
6861,35617,soon,121,2
6862,35622,had,121,2
6863,35626,to,121,2
6864,35629,kneel,121,2
6865,35635,down,121,2
6866,35640,on,121,2
6867,35643,the,121,2
6868,35647,floor,121,2
6869,35654,in,121,2
6870,35657,another,121,2
6871,35665,minute,121,2
6872,35672,there,121,2
6873,35678,was,121,2
6874,35682,not,121,2
6875,35686,even,121,2
6876,35691,room,121,2
6877,35696,for,121,2
6878,35700,this,121,2
6879,35706,and,121,2
6880,35710,she,121,2
6881,35714,tried,121,2
6882,35720,the,121,2
6883,35724,effect,121,2
6884,35731,of,121,2
6885,35734,lying,121,2
6886,35740,down,121,2
6887,35745,with,121,2
6888,35750,one,121,2
6889,35754,elbow,121,2
6890,35760,against,121,2
6891,35768,the,121,2
6892,35772,door,121,2
6893,35778,and,121,2
6894,35782,the,121,2
6895,35786,other,121,2
6896,35792,arm,121,2
6897,35796,curled,121,2
6898,35803,round,121,2
6899,35809,her,121,2
6900,35813,head,121,2
6901,35819,Still,121,2
6902,35825,she,121,2
6903,35829,went,121,2
6904,35834,on,121,2
6905,35837,growing,121,2
6906,35846,and,121,2
6907,35851,as,121,2
6908,35854,a,121,2
6909,35856,last,121,2
6910,35861,resource,121,2
6911,35871,she,121,2
6912,35875,put,121,2
6913,35879,one,121,2
6914,35883,arm,121,2
6915,35887,out,121,2
6916,35891,of,121,2
6917,35894,the,121,2
6918,35898,window,121,2
6919,35906,and,121,2
6920,35910,one,121,2
6921,35914,foot,121,2
6922,35919,up,121,2
6923,35922,the,121,2
6924,35926,chimney,121,2
6925,35935,and,121,2
6926,35939,said,121,2
6927,35944,to,121,2
6928,35947,herself,121,2
6929,35956,Now,121,2
6930,35960,I,121,2
6931,35962,can,121,2
6932,35966,do,121,2
6933,35969,no,121,2
6934,35972,more,121,2
6935,35978,whatever,121,2
6936,35987,happens,121,2
6937,35996,What,121,2
6938,36002,will,121,2
6939,36008,become,121,2
6940,36015,of,121,2
6941,36018,me,121,2
6942,36024,Luckily,122,2
6943,36032,for,122,2
6944,36036,Alice,122,2
6945,36043,the,122,2
6946,36047,little,122,2
6947,36054,magic,122,2
6948,36060,bottle,122,2
6949,36067,had,122,2
6950,36071,now,122,2
6951,36075,had,122,2
6952,36079,its,122,2
6953,36083,full,122,2
6954,36088,effect,122,2
6955,36096,and,122,2
6956,36100,she,122,2
6957,36104,grew,122,2
6958,36109,no,122,2
6959,36112,larger,122,2
6960,36120,still,122,2
6961,36126,it,122,2
6962,36129,was,122,2
6963,36133,very,122,2
6964,36138,uncomfortable,122,2
6965,36153,and,122,2
6966,36158,as,122,2
6967,36161,there,122,2
6968,36167,seemed,122,2
6969,36174,to,122,2
6970,36177,be,122,2
6971,36180,no,122,2
6972,36183,sort,122,2
6973,36188,of,122,2
6974,36191,chance,122,2
6975,36198,of,122,2
6976,36201,her,122,2
6977,36205,ever,122,2
6978,36210,getting,122,2
6979,36218,out,122,2
6980,36222,of,122,2
6981,36225,the,122,2
6982,36229,room,122,2
6983,36234,again,122,2
6984,36241,no,122,2
6985,36244,wonder,122,2
6986,36251,she,122,2
6987,36255,felt,122,2
6988,36260,unhappy,122,2
6989,36271,It,123,2
6990,36274,was,123,2
6991,36278,much,123,2
6992,36283,pleasanter,123,2
6993,36294,at,123,2
6994,36297,home,123,2
6995,36304,thought,123,2
6996,36312,poor,123,2
6997,36317,Alice,123,2
6998,36325,when,123,2
6999,36330,one,123,2
7000,36334,wasn,123,2
7001,36339,t,123,2
7002,36341,always,123,2
7003,36348,growing,123,2
7004,36356,larger,123,2
7005,36363,and,123,2
7006,36367,smaller,123,2
7007,36376,and,123,2
7008,36380,being,123,2
7009,36386,ordered,123,2
7010,36394,about,123,2
7011,36400,by,123,2
7012,36403,mice,123,2
7013,36408,and,123,2
7014,36412,rabbits,123,2
7015,36421,I,123,2
7016,36423,almost,123,2
7017,36430,wish,123,2
7018,36435,I,123,2
7019,36437,hadn,123,2
7020,36442,t,123,2
7021,36444,gone,123,2
7022,36449,down,123,2
7023,36454,that,123,2
7024,36459,rabbit,123,2
7025,36466,hole,123,2
7026,36471,and,123,2
7027,36475,yet,123,2
7028,36479,and,123,2
7029,36483,yet,123,2
7030,36487,it,123,2
7031,36490,s,123,2
7032,36492,rather,123,2
7033,36499,curious,123,2
7034,36508,you,123,2
7035,36512,know,123,2
7036,36518,this,123,2
7037,36523,sort,123,2
7038,36528,of,123,2
7039,36531,life,123,2
7040,36537,I,123,2
7041,36539,do,123,2
7042,36542,wonder,123,2
7043,36549,what,123,2
7044,36555,can,123,2
7045,36560,have,123,2
7046,36565,happened,123,2
7047,36574,to,123,2
7048,36577,me,123,2
7049,36581,When,123,2
7050,36586,I,123,2
7051,36588,used,123,2
7052,36593,to,123,2
7053,36596,read,123,2
7054,36601,fairy,123,2
7055,36607,tales,123,2
7056,36614,I,123,2
7057,36616,fancied,123,2
7058,36624,that,123,2
7059,36629,kind,123,2
7060,36634,of,123,2
7061,36637,thing,123,2
7062,36643,never,123,2
7063,36649,happened,123,2
7064,36659,and,123,2
7065,36663,now,123,2
7066,36667,here,123,2
7067,36672,I,123,2
7068,36674,am,123,2
7069,36677,in,123,2
7070,36680,the,123,2
7071,36684,middle,123,2
7072,36691,of,123,2
7073,36694,one,123,2
7074,36699,There,123,2
7075,36705,ought,123,2
7076,36711,to,123,2
7077,36714,be,123,2
7078,36717,a,123,2
7079,36719,book,123,2
7080,36724,written,123,2
7081,36732,about,123,2
7082,36738,me,123,2
7083,36742,that,123,2
7084,36747,there,123,2
7085,36753,ought,123,2
7086,36760,And,123,2
7087,36764,when,123,2
7088,36769,I,123,2
7089,36771,grow,123,2
7090,36776,up,123,2
7091,36780,I,123,2
7092,36782,ll,123,2
7093,36785,write,123,2
7094,36791,one,123,2
7095,36795,but,123,2
7096,36799,I,123,2
7097,36801,m,123,2
7098,36803,grown,123,2
7099,36809,up,123,2
7100,36812,now,123,2
7101,36818,she,123,2
7102,36822,added,123,2
7103,36828,in,123,2
7104,36831,a,123,2
7105,36833,sorrowful,123,2
7106,36843,tone,123,2
7107,36850,at,123,2
7108,36853,least,123,2
7109,36859,there,123,2
7110,36865,s,123,2
7111,36867,no,123,2
7112,36870,room,123,2
7113,36875,to,123,2
7114,36878,grow,123,2
7115,36883,up,123,2
7116,36886,any,123,2
7117,36890,more,123,2
7118,36896,here,123,2
7119,36906,But,124,2
7120,36910,then,124,2
7121,36917,thought,124,2
7122,36925,Alice,124,2
7123,36933,shall,124,2
7124,36939,I,124,2
7125,36942,never,124,2
7126,36949,get,124,2
7127,36953,any,124,2
7128,36957,older,124,2
7129,36963,than,124,2
7130,36968,I,124,2
7131,36970,am,124,2
7132,36973,now,124,2
7133,36978,That,124,2
7134,36983,ll,124,2
7135,36986,be,124,2
7136,36989,a,124,2
7137,36991,comfort,124,2
7138,37000,one,124,2
7139,37004,way,124,2
7140,37008,never,124,2
7141,37014,to,124,2
7142,37017,be,124,2
7143,37020,an,124,2
7144,37023,old,124,2
7145,37027,woman,124,2
7146,37033,but,124,2
7147,37037,then,124,2
7148,37042,always,124,2
7149,37049,to,124,2
7150,37052,have,124,2
7151,37057,lessons,124,2
7152,37065,to,124,2
7153,37068,learn,124,2
7154,37075,Oh,124,2
7155,37079,I,124,2
7156,37081,shouldn,124,2
7157,37089,t,124,2
7158,37091,like,124,2
7159,37097,that,124,2
7160,37107,Oh,125,2
7161,37111,you,125,2
7162,37115,foolish,125,2
7163,37123,Alice,125,2
7164,37131,she,125,2
7165,37135,answered,125,2
7166,37144,herself,125,2
7167,37154,How,125,2
7168,37158,can,125,2
7169,37162,you,125,2
7170,37166,learn,125,2
7171,37172,lessons,125,2
7172,37180,in,125,2
7173,37183,here,125,2
7174,37189,Why,125,2
7175,37194,there,125,2
7176,37200,s,125,2
7177,37202,hardly,125,2
7178,37209,room,125,2
7179,37214,for,125,2
7180,37219,you,125,2
7181,37225,and,125,2
7182,37229,no,125,2
7183,37232,room,125,2
7184,37237,at,125,2
7185,37240,all,125,2
7186,37244,for,125,2
7187,37248,any,125,2
7188,37252,lesson,125,2
7189,37259,books,125,2
7190,37268,And,126,2
7191,37272,so,126,2
7192,37275,she,126,2
7193,37279,went,126,2
7194,37284,on,126,2
7195,37288,taking,126,2
7196,37295,first,126,2
7197,37301,one,126,2
7198,37305,side,126,2
7199,37310,and,126,2
7200,37314,then,126,2
7201,37319,the,126,2
7202,37323,other,126,2
7203,37330,and,126,2
7204,37334,making,126,2
7205,37341,quite,126,2
7206,37347,a,126,2
7207,37349,conversation,126,2
7208,37362,of,126,2
7209,37365,it,126,2
7210,37368,altogether,126,2
7211,37380,but,126,2
7212,37384,after,126,2
7213,37390,a,126,2
7214,37392,few,126,2
7215,37396,minutes,126,2
7216,37404,she,126,2
7217,37408,heard,126,2
7218,37414,a,126,2
7219,37416,voice,126,2
7220,37422,outside,126,2
7221,37431,and,126,2
7222,37435,stopped,126,2
7223,37443,to,126,2
7224,37446,listen,126,2
7225,37456,Mary,127,2
7226,37461,Ann,127,2
7227,37466,Mary,127,2
7228,37471,Ann,127,2
7229,37477,said,127,2
7230,37482,the,127,2
7231,37486,voice,127,2
7232,37494,Fetch,127,2
7233,37500,me,127,2
7234,37503,my,127,2
7235,37506,gloves,127,2
7236,37513,this,127,2
7237,37518,moment,127,2
7238,37527,Then,127,2
7239,37532,came,127,2
7240,37537,a,127,2
7241,37539,little,127,2
7242,37546,pattering,127,2
7243,37556,of,127,2
7244,37559,feet,127,2
7245,37564,on,127,2
7246,37567,the,127,2
7247,37571,stairs,127,2
7248,37579,Alice,127,2
7249,37585,knew,127,2
7250,37590,it,127,2
7251,37593,was,127,2
7252,37597,the,127,2
7253,37601,Rabbit,127,2
7254,37608,coming,127,2
7255,37615,to,127,2
7256,37618,look,127,2
7257,37623,for,127,2
7258,37627,her,127,2
7259,37632,and,127,2
7260,37636,she,127,2
7261,37640,trembled,127,2
7262,37649,till,127,2
7263,37654,she,127,2
7264,37658,shook,127,2
7265,37664,the,127,2
7266,37668,house,127,2
7267,37675,quite,127,2
7268,37681,forgetting,127,2
7269,37692,that,127,2
7270,37697,she,127,2
7271,37701,was,127,2
7272,37705,now,127,2
7273,37709,about,127,2
7274,37715,a,127,2
7275,37717,thousand,127,2
7276,37726,times,127,2
7277,37732,as,127,2
7278,37735,large,127,2
7279,37741,as,127,2
7280,37744,the,127,2
7281,37748,Rabbit,127,2
7282,37756,and,127,2
7283,37760,had,127,2
7284,37764,no,127,2
7285,37767,reason,127,2
7286,37774,to,127,2
7287,37777,be,127,2
7288,37780,afraid,127,2
7289,37787,of,127,2
7290,37790,it,127,2
7291,37795,Presently,128,2
7292,37805,the,128,2
7293,37809,Rabbit,128,2
7294,37816,came,128,2
7295,37821,up,128,2
7296,37824,to,128,2
7297,37827,the,128,2
7298,37831,door,128,2
7299,37837,and,128,2
7300,37841,tried,128,2
7301,37847,to,128,2
7302,37850,open,128,2
7303,37855,it,128,2
7304,37859,but,128,2
7305,37864,as,128,2
7306,37867,the,128,2
7307,37871,door,128,2
7308,37876,opened,128,2
7309,37883,inwards,128,2
7310,37892,and,128,2
7311,37896,Alice,128,2
7312,37902,s,128,2
7313,37904,elbow,128,2
7314,37910,was,128,2
7315,37914,pressed,128,2
7316,37922,hard,128,2
7317,37927,against,128,2
7318,37935,it,128,2
7319,37939,that,128,2
7320,37944,attempt,128,2
7321,37952,proved,128,2
7322,37959,a,128,2
7323,37961,failure,128,2
7324,37970,Alice,128,2
7325,37976,heard,128,2
7326,37982,it,128,2
7327,37985,say,128,2
7328,37989,to,128,2
7329,37992,itself,128,2
7330,38000,Then,128,2
7331,38005,I,128,2
7332,38007,ll,128,2
7333,38010,go,128,2
7334,38013,round,128,2
7335,38019,and,128,2
7336,38023,get,128,2
7337,38027,in,128,2
7338,38030,at,128,2
7339,38033,the,128,2
7340,38037,window,128,2
7341,38049,That,129,2
7342,38055,you,129,2
7343,38059,won,129,2
7344,38063,t,129,2
7345,38067,thought,129,2
7346,38075,Alice,129,2
7347,38082,and,129,2
7348,38087,after,129,2
7349,38093,waiting,129,2
7350,38101,till,129,2
7351,38106,she,129,2
7352,38110,fancied,129,2
7353,38118,she,129,2
7354,38122,heard,129,2
7355,38128,the,129,2
7356,38132,Rabbit,129,2
7357,38139,just,129,2
7358,38144,under,129,2
7359,38150,the,129,2
7360,38154,window,129,2
7361,38162,she,129,2
7362,38166,suddenly,129,2
7363,38175,spread,129,2
7364,38182,out,129,2
7365,38186,her,129,2
7366,38190,hand,129,2
7367,38196,and,129,2
7368,38200,made,129,2
7369,38205,a,129,2
7370,38207,snatch,129,2
7371,38214,in,129,2
7372,38217,the,129,2
7373,38221,air,129,2
7374,38226,She,129,2
7375,38230,did,129,2
7376,38234,not,129,2
7377,38238,get,129,2
7378,38242,hold,129,2
7379,38247,of,129,2
7380,38250,anything,129,2
7381,38260,but,129,2
7382,38264,she,129,2
7383,38268,heard,129,2
7384,38274,a,129,2
7385,38276,little,129,2
7386,38283,shriek,129,2
7387,38290,and,129,2
7388,38294,a,129,2
7389,38296,fall,129,2
7390,38302,and,129,2
7391,38306,a,129,2
7392,38308,crash,129,2
7393,38314,of,129,2
7394,38317,broken,129,2
7395,38324,glass,129,2
7396,38331,from,129,2
7397,38336,which,129,2
7398,38342,she,129,2
7399,38346,concluded,129,2
7400,38356,that,129,2
7401,38361,it,129,2
7402,38364,was,129,2
7403,38368,just,129,2
7404,38373,possible,129,2
7405,38382,it,129,2
7406,38385,had,129,2
7407,38389,fallen,129,2
7408,38396,into,129,2
7409,38401,a,129,2
7410,38403,cucumber,129,2
7411,38412,frame,129,2
7412,38419,or,129,2
7413,38422,something,129,2
7414,38432,of,129,2
7415,38435,the,129,2
7416,38439,sort,129,2
7417,38446,Next,130,2
7418,38451,came,130,2
7419,38456,an,130,2
7420,38459,angry,130,2
7421,38465,voice,130,2
7422,38471,the,130,2
7423,38475,Rabbit,130,2
7424,38482,s,130,2
7425,38485,Pat,130,2
7426,38490,Pat,130,2
7427,38495,Where,130,2
7428,38501,are,130,2
7429,38505,you,130,2
7430,38511,And,130,2
7431,38515,then,130,2
7432,38520,a,130,2
7433,38522,voice,130,2
7434,38528,she,130,2
7435,38532,had,130,2
7436,38536,never,130,2
7437,38542,heard,130,2
7438,38548,before,130,2
7439,38557,Sure,130,2
7440,38562,then,130,2
7441,38567,I,130,2
7442,38569,m,130,2
7443,38571,here,130,2
7444,38577,Digging,130,2
7445,38585,for,130,2
7446,38589,apples,130,2
7447,38597,yer,130,2
7448,38601,honour,130,2
7449,38612,Digging,131,2
7450,38620,for,131,2
7451,38624,apples,131,2
7452,38632,indeed,131,2
7453,38641,said,131,2
7454,38646,the,131,2
7455,38650,Rabbit,131,2
7456,38657,angrily,131,2
7457,38667,Here,131,2
7458,38673,Come,131,2
7459,38678,and,131,2
7460,38682,help,131,2
7461,38687,me,131,2
7462,38690,out,131,2
7463,38694,of,131,2
7464,38698,this,131,2
7465,38707,Sounds,131,2
7466,38714,of,131,2
7467,38717,more,131,2
7468,38722,broken,131,2
7469,38729,glass,131,2
7470,38739,Now,132,2
7471,38743,tell,132,2
7472,38748,me,132,2
7473,38752,Pat,132,2
7474,38757,what,132,2
7475,38762,s,132,2
7476,38764,that,132,2
7477,38769,in,132,2
7478,38772,the,132,2
7479,38776,window,132,2
7480,38787,Sure,133,2
7481,38793,it,133,2
7482,38796,s,133,2
7483,38798,an,133,2
7484,38801,arm,133,2
7485,38806,yer,133,2
7486,38810,honour,133,2
7487,38820,He,133,2
7488,38823,pronounced,133,2
7489,38834,it,133,2
7490,38838,arrum,133,2
7491,38849,An,134,2
7492,38852,arm,134,2
7493,38857,you,134,2
7494,38861,goose,134,2
7495,38868,Who,134,2
7496,38872,ever,134,2
7497,38877,saw,134,2
7498,38881,one,134,2
7499,38885,that,134,2
7500,38890,size,134,2
7501,38896,Why,134,2
7502,38901,it,134,2
7503,38904,fills,134,2
7504,38910,the,134,2
7505,38914,whole,134,2
7506,38920,window,134,2
7507,38931,Sure,135,2
7508,38937,it,135,2
7509,38940,does,135,2
7510,38946,yer,135,2
7511,38950,honour,135,2
7512,38958,but,135,2
7513,38962,it,135,2
7514,38965,s,135,2
7515,38967,an,135,2
7516,38970,arm,135,2
7517,38974,for,135,2
7518,38978,all,135,2
7519,38982,that,135,2
7520,38991,Well,136,2
7521,38997,it,136,2
7522,39000,s,136,2
7523,39002,got,136,2
7524,39006,no,136,2
7525,39009,business,136,2
7526,39018,there,136,2
7527,39025,at,136,2
7528,39028,any,136,2
7529,39032,rate,136,2
7530,39038,go,136,2
7531,39041,and,136,2
7532,39045,take,136,2
7533,39050,it,136,2
7534,39053,away,136,2
7535,39061,There,137,2
7536,39067,was,137,2
7537,39071,a,137,2
7538,39073,long,137,2
7539,39078,silence,137,2
7540,39086,after,137,2
7541,39092,this,137,2
7542,39098,and,137,2
7543,39102,Alice,137,2
7544,39108,could,137,2
7545,39114,only,137,2
7546,39119,hear,137,2
7547,39124,whispers,137,2
7548,39133,now,137,2
7549,39137,and,137,2
7550,39141,then,137,2
7551,39147,such,137,2
7552,39152,as,137,2
7553,39157,Sure,137,2
7554,39163,I,137,2
7555,39165,don,137,2
7556,39169,t,137,2
7557,39171,like,137,2
7558,39176,it,137,2
7559,39180,yer,137,2
7560,39184,honour,137,2
7561,39192,at,137,2
7562,39195,all,137,2
7563,39200,at,137,2
7564,39203,all,137,2
7565,39210,Do,137,2
7566,39213,as,137,2
7567,39216,I,137,2
7568,39218,tell,137,2
7569,39223,you,137,2
7570,39228,you,137,2
7571,39232,coward,137,2
7572,39241,and,137,2
7573,39245,at,137,2
7574,39248,last,137,2
7575,39253,she,137,2
7576,39257,spread,137,2
7577,39264,out,137,2
7578,39268,her,137,2
7579,39272,hand,137,2
7580,39277,again,137,2
7581,39284,and,137,2
7582,39288,made,137,2
7583,39293,another,137,2
7584,39301,snatch,137,2
7585,39308,in,137,2
7586,39311,the,137,2
7587,39315,air,137,2
7588,39320,This,137,2
7589,39325,time,137,2
7590,39330,there,137,2
7591,39336,were,137,2
7592,39342,two,137,2
7593,39347,little,137,2
7594,39354,shrieks,137,2
7595,39363,and,137,2
7596,39367,more,137,2
7597,39372,sounds,137,2
7598,39379,of,137,2
7599,39382,broken,137,2
7600,39389,glass,137,2
7601,39397,What,137,2
7602,39402,a,137,2
7603,39404,number,137,2
7604,39411,of,137,2
7605,39414,cucumber,137,2
7606,39423,frames,137,2
7607,39430,there,137,2
7608,39436,must,137,2
7609,39441,be,137,2
7610,39446,thought,137,2
7611,39454,Alice,137,2
7612,39462,I,137,2
7613,39464,wonder,137,2
7614,39471,what,137,2
7615,39476,they,137,2
7616,39481,ll,137,2
7617,39484,do,137,2
7618,39487,next,137,2
7619,39493,As,137,2
7620,39496,for,137,2
7621,39500,pulling,137,2
7622,39508,me,137,2
7623,39511,out,137,2
7624,39515,of,137,2
7625,39518,the,137,2
7626,39522,window,137,2
7627,39530,I,137,2
7628,39532,only,137,2
7629,39537,wish,137,2
7630,39542,they,137,2
7631,39548,could,137,2
7632,39556,I,137,2
7633,39558,m,137,2
7634,39560,sure,137,2
7635,39566,I,137,2
7636,39569,don,137,2
7637,39573,t,137,2
7638,39575,want,137,2
7639,39580,to,137,2
7640,39583,stay,137,2
7641,39588,in,137,2
7642,39591,here,137,2
7643,39596,any,137,2
7644,39600,longer,137,2
7645,39610,She,138,2
7646,39614,waited,138,2
7647,39621,for,138,2
7648,39625,some,138,2
7649,39630,time,138,2
7650,39635,without,138,2
7651,39643,hearing,138,2
7652,39651,anything,138,2
7653,39660,more,138,2
7654,39666,at,138,2
7655,39669,last,138,2
7656,39674,came,138,2
7657,39679,a,138,2
7658,39681,rumbling,138,2
7659,39690,of,138,2
7660,39693,little,138,2
7661,39700,cartwheels,138,2
7662,39712,and,138,2
7663,39716,the,138,2
7664,39720,sound,138,2
7665,39726,of,138,2
7666,39729,a,138,2
7667,39731,good,138,2
7668,39736,many,138,2
7669,39741,voices,138,2
7670,39748,all,138,2
7671,39752,talking,138,2
7672,39760,together,138,2
7673,39770,she,138,2
7674,39774,made,138,2
7675,39779,out,138,2
7676,39783,the,138,2
7677,39787,words,138,2
7678,39795,Where,138,2
7679,39801,s,138,2
7680,39803,the,138,2
7681,39807,other,138,2
7682,39813,ladder,138,2
7683,39821,Why,138,2
7684,39826,I,138,2
7685,39828,hadn,138,2
7686,39833,t,138,2
7687,39835,to,138,2
7688,39838,bring,138,2
7689,39844,but,138,2
7690,39848,one,138,2
7691,39853,Bill,138,2
7692,39858,s,138,2
7693,39860,got,138,2
7694,39864,the,138,2
7695,39868,other,138,2
7696,39874,Bill,138,2
7697,39880,fetch,138,2
7698,39886,it,138,2
7699,39889,here,138,2
7700,39895,lad,138,2
7701,39900,Here,138,2
7702,39906,put,138,2
7703,39911,em,138,2
7704,39914,up,138,2
7705,39917,at,138,2
7706,39920,this,138,2
7707,39925,corner,138,2
7708,39932,No,138,2
7709,39936,tie,138,2
7710,39941,em,138,2
7711,39944,together,138,2
7712,39953,first,138,2
7713,39959,they,138,2
7714,39964,don,138,2
7715,39968,t,138,2
7716,39970,reach,138,2
7717,39976,half,138,2
7718,39981,high,138,2
7719,39986,enough,138,2
7720,39993,yet,138,2
7721,39997,Oh,138,2
7722,40001,they,138,2
7723,40006,ll,138,2
7724,40009,do,138,2
7725,40012,well,138,2
7726,40017,enough,138,2
7727,40025,don,138,2
7728,40029,t,138,2
7729,40031,be,138,2
7730,40034,particular,138,2
7731,40045,Here,138,2
7732,40051,Bill,138,2
7733,40057,catch,138,2
7734,40063,hold,138,2
7735,40068,of,138,2
7736,40071,this,138,2
7737,40076,rope,138,2
7738,40081,Will,138,2
7739,40086,the,138,2
7740,40090,roof,138,2
7741,40095,bear,138,2
7742,40101,Mind,138,2
7743,40106,that,138,2
7744,40111,loose,138,2
7745,40117,slate,138,2
7746,40123,Oh,138,2
7747,40127,it,138,2
7748,40130,s,138,2
7749,40132,coming,138,2
7750,40139,down,138,2
7751,40145,Heads,138,2
7752,40151,below,138,2
7753,40160,a,138,2
7754,40162,loud,138,2
7755,40167,crash,138,2
7756,40175,Now,138,2
7757,40180,who,138,2
7758,40184,did,138,2
7759,40188,that,138,2
7760,40194,It,138,2
7761,40197,was,138,2
7762,40201,Bill,138,2
7763,40207,I,138,2
7764,40209,fancy,138,2
7765,40215,Who,138,2
7766,40219,s,138,2
7767,40221,to,138,2
7768,40224,go,138,2
7769,40227,down,138,2
7770,40232,the,138,2
7771,40236,chimney,138,2
7772,40245,Nay,138,2
7773,40251,I,138,2
7774,40254,shan,138,2
7775,40259,t,138,2
7776,40263,You,138,2
7777,40268,do,138,2
7778,40271,it,138,2
7779,40276,That,138,2
7780,40282,I,138,2
7781,40284,won,138,2
7782,40288,t,138,2
7783,40291,then,138,2
7784,40297,Bill,138,2
7785,40302,s,138,2
7786,40304,to,138,2
7787,40307,go,138,2
7788,40310,down,138,2
7789,40315,Here,138,2
7790,40321,Bill,138,2
7791,40327,the,138,2
7792,40331,master,138,2
7793,40338,says,138,2
7794,40343,you,138,2
7795,40347,re,138,2
7796,40350,to,138,2
7797,40353,go,138,2
7798,40356,down,138,2
7799,40361,the,138,2
7800,40365,chimney,138,2
7801,40377,Oh,139,2
7802,40381,So,139,2
7803,40384,Bill,139,2
7804,40389,s,139,2
7805,40391,got,139,2
7806,40395,to,139,2
7807,40398,come,139,2
7808,40403,down,139,2
7809,40408,the,139,2
7810,40412,chimney,139,2
7811,40421,has,139,2
7812,40425,he,139,2
7813,40430,said,139,2
7814,40435,Alice,139,2
7815,40441,to,139,2
7816,40444,herself,139,2
7817,40454,Shy,139,2
7818,40459,they,139,2
7819,40464,seem,139,2
7820,40469,to,139,2
7821,40472,put,139,2
7822,40476,everything,139,2
7823,40487,upon,139,2
7824,40492,Bill,139,2
7825,40498,I,139,2
7826,40500,wouldn,139,2
7827,40507,t,139,2
7828,40509,be,139,2
7829,40512,in,139,2
7830,40515,Bill,139,2
7831,40520,s,139,2
7832,40522,place,139,2
7833,40528,for,139,2
7834,40532,a,139,2
7835,40534,good,139,2
7836,40539,deal,139,2
7837,40545,this,139,2
7838,40550,fireplace,139,2
7839,40560,is,139,2
7840,40563,narrow,139,2
7841,40571,to,139,2
7842,40574,be,139,2
7843,40577,sure,139,2
7844,40583,but,139,2
7845,40587,I,139,2
7846,40590,think,139,2
7847,40597,I,139,2
7848,40599,can,139,2
7849,40603,kick,139,2
7850,40608,a,139,2
7851,40610,little,139,2
7852,40620,She,140,2
7853,40624,drew,140,2
7854,40629,her,140,2
7855,40633,foot,140,2
7856,40638,as,140,2
7857,40641,far,140,2
7858,40645,down,140,2
7859,40650,the,140,2
7860,40654,chimney,140,2
7861,40662,as,140,2
7862,40665,she,140,2
7863,40669,could,140,2
7864,40676,and,140,2
7865,40680,waited,140,2
7866,40687,till,140,2
7867,40692,she,140,2
7868,40696,heard,140,2
7869,40702,a,140,2
7870,40704,little,140,2
7871,40711,animal,140,2
7872,40719,she,140,2
7873,40723,couldn,140,2
7874,40730,t,140,2
7875,40732,guess,140,2
7876,40738,of,140,2
7877,40741,what,140,2
7878,40746,sort,140,2
7879,40751,it,140,2
7880,40754,was,140,2
7881,40759,scratching,140,2
7882,40770,and,140,2
7883,40774,scrambling,140,2
7884,40785,about,140,2
7885,40791,in,140,2
7886,40794,the,140,2
7887,40798,chimney,140,2
7888,40806,close,140,2
7889,40812,above,140,2
7890,40818,her,140,2
7891,40823,then,140,2
7892,40829,saying,140,2
7893,40836,to,140,2
7894,40839,herself,140,2
7895,40848,This,140,2
7896,40853,is,140,2
7897,40856,Bill,140,2
7898,40863,she,140,2
7899,40867,gave,140,2
7900,40872,one,140,2
7901,40876,sharp,140,2
7902,40882,kick,140,2
7903,40888,and,140,2
7904,40892,waited,140,2
7905,40899,to,140,2
7906,40902,see,140,2
7907,40906,what,140,2
7908,40911,would,140,2
7909,40917,happen,140,2
7910,40924,next,140,2
7911,40931,The,141,2
7912,40935,first,141,2
7913,40941,thing,141,2
7914,40947,she,141,2
7915,40951,heard,141,2
7916,40957,was,141,2
7917,40961,a,141,2
7918,40963,general,141,2
7919,40971,chorus,141,2
7920,40978,of,141,2
7921,40982,There,141,2
7922,40988,goes,141,2
7923,40993,Bill,141,2
7924,41000,then,141,2
7925,41005,the,141,2
7926,41009,Rabbit,141,2
7927,41016,s,141,2
7928,41018,voice,141,2
7929,41024,along,141,2
7930,41031,Catch,141,2
7931,41037,him,141,2
7932,41042,you,141,2
7933,41046,by,141,2
7934,41049,the,141,2
7935,41053,hedge,141,2
7936,41061,then,141,2
7937,41066,silence,141,2
7938,41075,and,141,2
7939,41079,then,141,2
7940,41084,another,141,2
7941,41092,confusion,141,2
7942,41102,of,141,2
7943,41105,voices,141,2
7944,41113,Hold,141,2
7945,41118,up,141,2
7946,41121,his,141,2
7947,41125,head,141,2
7948,41130,Brandy,141,2
7949,41137,now,141,2
7950,41141,Don,141,2
7951,41145,t,141,2
7952,41147,choke,141,2
7953,41153,him,141,2
7954,41157,How,141,2
7955,41161,was,141,2
7956,41165,it,141,2
7957,41169,old,141,2
7958,41173,fellow,141,2
7959,41181,What,141,2
7960,41186,happened,141,2
7961,41195,to,141,2
7962,41198,you,141,2
7963,41203,Tell,141,2
7964,41208,us,141,2
7965,41211,all,141,2
7966,41215,about,141,2
7967,41221,it,141,2
7968,41227,Last,142,2
7969,41232,came,142,2
7970,41237,a,142,2
7971,41239,little,142,2
7972,41246,feeble,142,2
7973,41254,squeaking,142,2
7974,41264,voice,142,2
7975,41273,That,142,2
7976,41278,s,142,2
7977,41280,Bill,142,2
7978,41287,thought,142,2
7979,41295,Alice,142,2
7980,41304,Well,142,2
7981,41310,I,142,2
7982,41312,hardly,142,2
7983,41319,know,142,2
7984,41324,No,142,2
7985,41327,more,142,2
7986,41333,thank,142,2
7987,41339,ye,142,2
7988,41343,I,142,2
7989,41345,m,142,2
7990,41347,better,142,2
7991,41354,now,142,2
7992,41358,but,142,2
7993,41362,I,142,2
7994,41364,m,142,2
7995,41366,a,142,2
7996,41368,deal,142,2
7997,41373,too,142,2
7998,41377,flustered,142,2
7999,41387,to,142,2
8000,41390,tell,142,2
8001,41395,you,142,2
8002,41399,all,142,2
8003,41403,I,142,2
8004,41405,know,142,2
8005,41410,is,142,2
8006,41414,something,142,2
8007,41424,comes,142,2
8008,41430,at,142,2
8009,41433,me,142,2
8010,41436,like,142,2
8011,41441,a,142,2
8012,41443,Jack,142,2
8013,41448,in,142,2
8014,41451,the,142,2
8015,41455,box,142,2
8016,41460,and,142,2
8017,41464,up,142,2
8018,41467,I,142,2
8019,41469,goes,142,2
8020,41474,like,142,2
8021,41479,a,142,2
8022,41481,sky,142,2
8023,41485,rocket,142,2
8024,41496,So,143,2
8025,41499,you,143,2
8026,41503,did,143,2
8027,41508,old,143,2
8028,41512,fellow,143,2
8029,41521,said,143,2
8030,41526,the,143,2
8031,41530,others,143,2
8032,41540,We,144,2
8033,41543,must,144,2
8034,41548,burn,144,2
8035,41553,the,144,2
8036,41557,house,144,2
8037,41563,down,144,2
8038,41570,said,144,2
8039,41575,the,144,2
8040,41579,Rabbit,144,2
8041,41586,s,144,2
8042,41588,voice,144,2
8043,41595,and,144,2
8044,41599,Alice,144,2
8045,41605,called,144,2
8046,41612,out,144,2
8047,41616,as,144,2
8048,41619,loud,144,2
8049,41624,as,144,2
8050,41627,she,144,2
8051,41631,could,144,2
8052,41639,If,144,2
8053,41642,you,144,2
8054,41646,do,144,2
8055,41650,I,144,2
8056,41652,ll,144,2
8057,41655,set,144,2
8058,41659,Dinah,144,2
8059,41665,at,144,2
8060,41668,you,144,2
8061,41675,There,145,2
8062,41681,was,145,2
8063,41685,a,145,2
8064,41687,dead,145,2
8065,41692,silence,145,2
8066,41700,instantly,145,2
8067,41711,and,145,2
8068,41715,Alice,145,2
8069,41721,thought,145,2
8070,41729,to,145,2
8071,41732,herself,145,2
8072,41742,I,145,2
8073,41744,wonder,145,2
8074,41751,what,145,2
8075,41756,they,145,2
8076,41762,will,145,2
8077,41768,do,145,2
8078,41771,next,145,2
8079,41777,If,145,2
8080,41780,they,145,2
8081,41785,had,145,2
8082,41789,any,145,2
8083,41793,sense,145,2
8084,41800,they,145,2
8085,41805,d,145,2
8086,41807,take,145,2
8087,41812,the,145,2
8088,41816,roof,145,2
8089,41821,off,145,2
8090,41827,After,145,2
8091,41833,a,145,2
8092,41835,minute,145,2
8093,41842,or,145,2
8094,41845,two,145,2
8095,41850,they,145,2
8096,41855,began,145,2
8097,41861,moving,145,2
8098,41868,about,145,2
8099,41874,again,145,2
8100,41881,and,145,2
8101,41885,Alice,145,2
8102,41891,heard,145,2
8103,41897,the,145,2
8104,41901,Rabbit,145,2
8105,41908,say,145,2
8106,41914,A,145,2
8107,41916,barrowful,145,2
8108,41926,will,145,2
8109,41931,do,145,2
8110,41935,to,145,2
8111,41938,begin,145,2
8112,41944,with,145,2
8113,41953,A,146,2
8114,41955,barrowful,146,2
8115,41965,of,146,2
8116,41969,what,146,2
8117,41977,thought,146,2
8118,41985,Alice,146,2
8119,41992,but,146,2
8120,41996,she,146,2
8121,42000,had,146,2
8122,42004,not,146,2
8123,42008,long,146,2
8124,42013,to,146,2
8125,42016,doubt,146,2
8126,42023,for,146,2
8127,42027,the,146,2
8128,42031,next,146,2
8129,42036,moment,146,2
8130,42043,a,146,2
8131,42045,shower,146,2
8132,42052,of,146,2
8133,42055,little,146,2
8134,42062,pebbles,146,2
8135,42070,came,146,2
8136,42075,rattling,146,2
8137,42084,in,146,2
8138,42087,at,146,2
8139,42090,the,146,2
8140,42094,window,146,2
8141,42102,and,146,2
8142,42106,some,146,2
8143,42111,of,146,2
8144,42114,them,146,2
8145,42119,hit,146,2
8146,42123,her,146,2
8147,42127,in,146,2
8148,42130,the,146,2
8149,42134,face,146,2
8150,42141,I,146,2
8151,42143,ll,146,2
8152,42146,put,146,2
8153,42150,a,146,2
8154,42152,stop,146,2
8155,42157,to,146,2
8156,42160,this,146,2
8157,42167,she,146,2
8158,42171,said,146,2
8159,42176,to,146,2
8160,42179,herself,146,2
8161,42188,and,146,2
8162,42192,shouted,146,2
8163,42200,out,146,2
8164,42206,You,146,2
8165,42210,d,146,2
8166,42212,better,146,2
8167,42219,not,146,2
8168,42223,do,146,2
8169,42226,that,146,2
8170,42231,again,146,2
8171,42239,which,146,2
8172,42245,produced,146,2
8173,42254,another,146,2
8174,42262,dead,146,2
8175,42267,silence,146,2
8176,42277,Alice,147,2
8177,42283,noticed,147,2
8178,42291,with,147,2
8179,42296,some,147,2
8180,42301,surprise,147,2
8181,42310,that,147,2
8182,42315,the,147,2
8183,42319,pebbles,147,2
8184,42327,were,147,2
8185,42332,all,147,2
8186,42336,turning,147,2
8187,42344,into,147,2
8188,42349,little,147,2
8189,42356,cakes,147,2
8190,42362,as,147,2
8191,42365,they,147,2
8192,42370,lay,147,2
8193,42374,on,147,2
8194,42377,the,147,2
8195,42381,floor,147,2
8196,42388,and,147,2
8197,42392,a,147,2
8198,42394,bright,147,2
8199,42401,idea,147,2
8200,42406,came,147,2
8201,42411,into,147,2
8202,42416,her,147,2
8203,42420,head,147,2
8204,42427,If,147,2
8205,42430,I,147,2
8206,42432,eat,147,2
8207,42436,one,147,2
8208,42440,of,147,2
8209,42443,these,147,2
8210,42449,cakes,147,2
8211,42457,she,147,2
8212,42461,thought,147,2
8213,42471,it,147,2
8214,42474,s,147,2
8215,42476,sure,147,2
8216,42481,to,147,2
8217,42484,make,147,2
8218,42490,some,147,2
8219,42496,change,147,2
8220,42503,in,147,2
8221,42506,my,147,2
8222,42509,size,147,2
8223,42515,and,147,2
8224,42519,as,147,2
8225,42522,it,147,2
8226,42525,can,147,2
8227,42529,t,147,2
8228,42531,possibly,147,2
8229,42540,make,147,2
8230,42545,me,147,2
8231,42548,larger,147,2
8232,42556,it,147,2
8233,42559,must,147,2
8234,42564,make,147,2
8235,42569,me,147,2
8236,42572,smaller,147,2
8237,42581,I,147,2
8238,42583,suppose,147,2
8239,42594,So,148,2
8240,42597,she,148,2
8241,42601,swallowed,148,2
8242,42611,one,148,2
8243,42615,of,148,2
8244,42618,the,148,2
8245,42622,cakes,148,2
8246,42629,and,148,2
8247,42633,was,148,2
8248,42637,delighted,148,2
8249,42647,to,148,2
8250,42650,find,148,2
8251,42655,that,148,2
8252,42660,she,148,2
8253,42664,began,148,2
8254,42670,shrinking,148,2
8255,42680,directly,148,2
8256,42690,As,148,2
8257,42693,soon,148,2
8258,42698,as,148,2
8259,42701,she,148,2
8260,42705,was,148,2
8261,42709,small,148,2
8262,42715,enough,148,2
8263,42722,to,148,2
8264,42725,get,148,2
8265,42729,through,148,2
8266,42737,the,148,2
8267,42741,door,148,2
8268,42747,she,148,2
8269,42751,ran,148,2
8270,42755,out,148,2
8271,42759,of,148,2
8272,42762,the,148,2
8273,42766,house,148,2
8274,42773,and,148,2
8275,42777,found,148,2
8276,42783,quite,148,2
8277,42789,a,148,2
8278,42791,crowd,148,2
8279,42797,of,148,2
8280,42800,little,148,2
8281,42807,animals,148,2
8282,42815,and,148,2
8283,42819,birds,148,2
8284,42825,waiting,148,2
8285,42833,outside,148,2
8286,42842,The,148,2
8287,42846,poor,148,2
8288,42851,little,148,2
8289,42858,Lizard,148,2
8290,42866,Bill,148,2
8291,42872,was,148,2
8292,42876,in,148,2
8293,42879,the,148,2
8294,42883,middle,148,2
8295,42891,being,148,2
8296,42897,held,148,2
8297,42902,up,148,2
8298,42905,by,148,2
8299,42908,two,148,2
8300,42912,guinea,148,2
8301,42919,pigs,148,2
8302,42925,who,148,2
8303,42929,were,148,2
8304,42934,giving,148,2
8305,42941,it,148,2
8306,42944,something,148,2
8307,42954,out,148,2
8308,42958,of,148,2
8309,42961,a,148,2
8310,42963,bottle,148,2
8311,42971,They,148,2
8312,42976,all,148,2
8313,42980,made,148,2
8314,42985,a,148,2
8315,42987,rush,148,2
8316,42992,at,148,2
8317,42995,Alice,148,2
8318,43001,the,148,2
8319,43005,moment,148,2
8320,43012,she,148,2
8321,43016,appeared,148,2
8322,43026,but,148,2
8323,43030,she,148,2
8324,43034,ran,148,2
8325,43038,off,148,2
8326,43042,as,148,2
8327,43045,hard,148,2
8328,43050,as,148,2
8329,43053,she,148,2
8330,43057,could,148,2
8331,43064,and,148,2
8332,43068,soon,148,2
8333,43073,found,148,2
8334,43079,herself,148,2
8335,43087,safe,148,2
8336,43092,in,148,2
8337,43095,a,148,2
8338,43097,thick,148,2
8339,43103,wood,148,2
8340,43111,The,149,2
8341,43115,first,149,2
8342,43121,thing,149,2
8343,43127,I,149,2
8344,43129,ve,149,2
8345,43132,got,149,2
8346,43136,to,149,2
8347,43139,do,149,2
8348,43144,said,149,2
8349,43149,Alice,149,2
8350,43155,to,149,2
8351,43158,herself,149,2
8352,43167,as,149,2
8353,43170,she,149,2
8354,43174,wandered,149,2
8355,43183,about,149,2
8356,43189,in,149,2
8357,43192,the,149,2
8358,43196,wood,149,2
8359,43203,is,149,2
8360,43206,to,149,2
8361,43209,grow,149,2
8362,43214,to,149,2
8363,43217,my,149,2
8364,43220,right,149,2
8365,43226,size,149,2
8366,43231,again,149,2
8367,43238,and,149,2
8368,43242,the,149,2
8369,43246,second,149,2
8370,43253,thing,149,2
8371,43259,is,149,2
8372,43262,to,149,2
8373,43265,find,149,2
8374,43270,my,149,2
8375,43273,way,149,2
8376,43277,into,149,2
8377,43282,that,149,2
8378,43287,lovely,149,2
8379,43294,garden,149,2
8380,43302,I,149,2
8381,43304,think,149,2
8382,43310,that,149,2
8383,43315,will,149,2
8384,43320,be,149,2
8385,43323,the,149,2
8386,43327,best,149,2
8387,43332,plan,149,2
8388,43340,It,150,2
8389,43343,sounded,150,2
8390,43351,an,150,2
8391,43354,excellent,150,2
8392,43364,plan,150,2
8393,43370,no,150,2
8394,43373,doubt,150,2
8395,43380,and,150,2
8396,43384,very,150,2
8397,43389,neatly,150,2
8398,43396,and,150,2
8399,43400,simply,150,2
8400,43407,arranged,150,2
8401,43417,the,150,2
8402,43421,only,150,2
8403,43426,difficulty,150,2
8404,43437,was,150,2
8405,43442,that,150,2
8406,43447,she,150,2
8407,43451,had,150,2
8408,43455,not,150,2
8409,43459,the,150,2
8410,43463,smallest,150,2
8411,43472,idea,150,2
8412,43477,how,150,2
8413,43481,to,150,2
8414,43484,set,150,2
8415,43488,about,150,2
8416,43494,it,150,2
8417,43498,and,150,2
8418,43502,while,150,2
8419,43508,she,150,2
8420,43512,was,150,2
8421,43516,peering,150,2
8422,43524,about,150,2
8423,43530,anxiously,150,2
8424,43540,among,150,2
8425,43546,the,150,2
8426,43550,trees,150,2
8427,43557,a,150,2
8428,43559,little,150,2
8429,43566,sharp,150,2
8430,43572,bark,150,2
8431,43577,just,150,2
8432,43582,over,150,2
8433,43587,her,150,2
8434,43591,head,150,2
8435,43596,made,150,2
8436,43601,her,150,2
8437,43605,look,150,2
8438,43610,up,150,2
8439,43613,in,150,2
8440,43616,a,150,2
8441,43618,great,150,2
8442,43624,hurry,150,2
8443,43632,An,151,2
8444,43635,enormous,151,2
8445,43644,puppy,151,2
8446,43650,was,151,2
8447,43654,looking,151,2
8448,43662,down,151,2
8449,43667,at,151,2
8450,43670,her,151,2
8451,43674,with,151,2
8452,43679,large,151,2
8453,43685,round,151,2
8454,43691,eyes,151,2
8455,43697,and,151,2
8456,43701,feebly,151,2
8457,43708,stretching,151,2
8458,43719,out,151,2
8459,43723,one,151,2
8460,43727,paw,151,2
8461,43732,trying,151,2
8462,43739,to,151,2
8463,43742,touch,151,2
8464,43748,her,151,2
8465,43754,Poor,151,2
8466,43759,little,151,2
8467,43766,thing,151,2
8468,43774,said,151,2
8469,43779,Alice,151,2
8470,43786,in,151,2
8471,43789,a,151,2
8472,43791,coaxing,151,2
8473,43799,tone,151,2
8474,43805,and,151,2
8475,43809,she,151,2
8476,43813,tried,151,2
8477,43819,hard,151,2
8478,43824,to,151,2
8479,43827,whistle,151,2
8480,43835,to,151,2
8481,43838,it,151,2
8482,43842,but,151,2
8483,43846,she,151,2
8484,43850,was,151,2
8485,43854,terribly,151,2
8486,43863,frightened,151,2
8487,43874,all,151,2
8488,43878,the,151,2
8489,43882,time,151,2
8490,43887,at,151,2
8491,43890,the,151,2
8492,43894,thought,151,2
8493,43902,that,151,2
8494,43907,it,151,2
8495,43910,might,151,2
8496,43916,be,151,2
8497,43919,hungry,151,2
8498,43927,in,151,2
8499,43930,which,151,2
8500,43936,case,151,2
8501,43941,it,151,2
8502,43944,would,151,2
8503,43950,be,151,2
8504,43953,very,151,2
8505,43958,likely,151,2
8506,43965,to,151,2
8507,43968,eat,151,2
8508,43972,her,151,2
8509,43976,up,151,2
8510,43979,in,151,2
8511,43982,spite,151,2
8512,43988,of,151,2
8513,43991,all,151,2
8514,43995,her,151,2
8515,43999,coaxing,151,2
8516,44009,Hardly,152,2
8517,44016,knowing,152,2
8518,44024,what,152,2
8519,44029,she,152,2
8520,44033,did,152,2
8521,44038,she,152,2
8522,44042,picked,152,2
8523,44049,up,152,2
8524,44052,a,152,2
8525,44054,little,152,2
8526,44061,bit,152,2
8527,44065,of,152,2
8528,44068,stick,152,2
8529,44075,and,152,2
8530,44079,held,152,2
8531,44084,it,152,2
8532,44087,out,152,2
8533,44091,to,152,2
8534,44094,the,152,2
8535,44098,puppy,152,2
8536,44105,whereupon,152,2
8537,44115,the,152,2
8538,44119,puppy,152,2
8539,44125,jumped,152,2
8540,44132,into,152,2
8541,44137,the,152,2
8542,44141,air,152,2
8543,44145,off,152,2
8544,44149,all,152,2
8545,44153,its,152,2
8546,44157,feet,152,2
8547,44162,at,152,2
8548,44165,once,152,2
8549,44171,with,152,2
8550,44176,a,152,2
8551,44178,yelp,152,2
8552,44183,of,152,2
8553,44186,delight,152,2
8554,44195,and,152,2
8555,44199,rushed,152,2
8556,44206,at,152,2
8557,44209,the,152,2
8558,44213,stick,152,2
8559,44220,and,152,2
8560,44224,made,152,2
8561,44229,believe,152,2
8562,44237,to,152,2
8563,44240,worry,152,2
8564,44246,it,152,2
8565,44250,then,152,2
8566,44255,Alice,152,2
8567,44261,dodged,152,2
8568,44268,behind,152,2
8569,44275,a,152,2
8570,44277,great,152,2
8571,44283,thistle,152,2
8572,44292,to,152,2
8573,44295,keep,152,2
8574,44300,herself,152,2
8575,44308,from,152,2
8576,44313,being,152,2
8577,44319,run,152,2
8578,44323,over,152,2
8579,44329,and,152,2
8580,44333,the,152,2
8581,44337,moment,152,2
8582,44344,she,152,2
8583,44348,appeared,152,2
8584,44357,on,152,2
8585,44360,the,152,2
8586,44364,other,152,2
8587,44370,side,152,2
8588,44376,the,152,2
8589,44380,puppy,152,2
8590,44386,made,152,2
8591,44391,another,152,2
8592,44399,rush,152,2
8593,44404,at,152,2
8594,44407,the,152,2
8595,44411,stick,152,2
8596,44418,and,152,2
8597,44422,tumbled,152,2
8598,44430,head,152,2
8599,44435,over,152,2
8600,44440,heels,152,2
8601,44446,in,152,2
8602,44449,its,152,2
8603,44453,hurry,152,2
8604,44459,to,152,2
8605,44462,get,152,2
8606,44466,hold,152,2
8607,44471,of,152,2
8608,44474,it,152,2
8609,44478,then,152,2
8610,44483,Alice,152,2
8611,44490,thinking,152,2
8612,44499,it,152,2
8613,44502,was,152,2
8614,44506,very,152,2
8615,44511,like,152,2
8616,44516,having,152,2
8617,44523,a,152,2
8618,44525,game,152,2
8619,44530,of,152,2
8620,44533,play,152,2
8621,44538,with,152,2
8622,44543,a,152,2
8623,44545,cart,152,2
8624,44550,horse,152,2
8625,44557,and,152,2
8626,44561,expecting,152,2
8627,44571,every,152,2
8628,44577,moment,152,2
8629,44584,to,152,2
8630,44587,be,152,2
8631,44590,trampled,152,2
8632,44599,under,152,2
8633,44605,its,152,2
8634,44609,feet,152,2
8635,44615,ran,152,2
8636,44619,round,152,2
8637,44625,the,152,2
8638,44629,thistle,152,2
8639,44637,again,152,2
8640,44644,then,152,2
8641,44649,the,152,2
8642,44653,puppy,152,2
8643,44659,began,152,2
8644,44665,a,152,2
8645,44667,series,152,2
8646,44674,of,152,2
8647,44677,short,152,2
8648,44683,charges,152,2
8649,44691,at,152,2
8650,44694,the,152,2
8651,44698,stick,152,2
8652,44705,running,152,2
8653,44713,a,152,2
8654,44715,very,152,2
8655,44720,little,152,2
8656,44727,way,152,2
8657,44731,forwards,152,2
8658,44740,each,152,2
8659,44745,time,152,2
8660,44750,and,152,2
8661,44754,a,152,2
8662,44756,long,152,2
8663,44761,way,152,2
8664,44765,back,152,2
8665,44771,and,152,2
8666,44775,barking,152,2
8667,44783,hoarsely,152,2
8668,44792,all,152,2
8669,44796,the,152,2
8670,44800,while,152,2
8671,44807,till,152,2
8672,44812,at,152,2
8673,44815,last,152,2
8674,44820,it,152,2
8675,44823,sat,152,2
8676,44827,down,152,2
8677,44832,a,152,2
8678,44834,good,152,2
8679,44839,way,152,2
8680,44843,off,152,2
8681,44848,panting,152,2
8682,44857,with,152,2
8683,44862,its,152,2
8684,44866,tongue,152,2
8685,44873,hanging,152,2
8686,44881,out,152,2
8687,44885,of,152,2
8688,44888,its,152,2
8689,44892,mouth,152,2
8690,44899,and,152,2
8691,44903,its,152,2
8692,44907,great,152,2
8693,44913,eyes,152,2
8694,44918,half,152,2
8695,44923,shut,152,2
8696,44930,This,153,2
8697,44935,seemed,153,2
8698,44942,to,153,2
8699,44945,Alice,153,2
8700,44951,a,153,2
8701,44953,good,153,2
8702,44958,opportunity,153,2
8703,44970,for,153,2
8704,44974,making,153,2
8705,44981,her,153,2
8706,44985,escape,153,2
8707,44993,so,153,2
8708,44996,she,153,2
8709,45000,set,153,2
8710,45004,off,153,2
8711,45008,at,153,2
8712,45011,once,153,2
8713,45017,and,153,2
8714,45021,ran,153,2
8715,45025,till,153,2
8716,45030,she,153,2
8717,45034,was,153,2
8718,45038,quite,153,2
8719,45044,tired,153,2
8720,45050,and,153,2
8721,45054,out,153,2
8722,45058,of,153,2
8723,45061,breath,153,2
8724,45069,and,153,2
8725,45073,till,153,2
8726,45078,the,153,2
8727,45082,puppy,153,2
8728,45088,s,153,2
8729,45090,bark,153,2
8730,45095,sounded,153,2
8731,45103,quite,153,2
8732,45109,faint,153,2
8733,45115,in,153,2
8734,45118,the,153,2
8735,45122,distance,153,2
8736,45134,And,154,2
8737,45138,yet,154,2
8738,45142,what,154,2
8739,45147,a,154,2
8740,45149,dear,154,2
8741,45154,little,154,2
8742,45161,puppy,154,2
8743,45167,it,154,2
8744,45170,was,154,2
8745,45176,said,154,2
8746,45181,Alice,154,2
8747,45188,as,154,2
8748,45191,she,154,2
8749,45195,leant,154,2
8750,45201,against,154,2
8751,45209,a,154,2
8752,45211,buttercup,154,2
8753,45221,to,154,2
8754,45224,rest,154,2
8755,45229,herself,154,2
8756,45238,and,154,2
8757,45242,fanned,154,2
8758,45249,herself,154,2
8759,45257,with,154,2
8760,45262,one,154,2
8761,45266,of,154,2
8762,45269,the,154,2
8763,45273,leaves,154,2
8764,45282,I,154,2
8765,45284,should,154,2
8766,45291,have,154,2
8767,45296,liked,154,2
8768,45302,teaching,154,2
8769,45311,it,154,2
8770,45314,tricks,154,2
8771,45321,very,154,2
8772,45326,much,154,2
8773,45332,if,154,2
8774,45335,if,154,2
8775,45338,I,154,2
8776,45340,d,154,2
8777,45342,only,154,2
8778,45347,been,154,2
8779,45352,the,154,2
8780,45356,right,154,2
8781,45362,size,154,2
8782,45367,to,154,2
8783,45370,do,154,2
8784,45373,it,154,2
8785,45377,Oh,154,2
8786,45380,dear,154,2
8787,45386,I,154,2
8788,45388,d,154,2
8789,45390,nearly,154,2
8790,45397,forgotten,154,2
8791,45407,that,154,2
8792,45412,I,154,2
8793,45414,ve,154,2
8794,45417,got,154,2
8795,45421,to,154,2
8796,45424,grow,154,2
8797,45429,up,154,2
8798,45432,again,154,2
8799,45439,Let,154,2
8800,45443,me,154,2
8801,45446,see,154,2
8802,45450,how,154,2
8803,45455,is,154,2
8804,45459,it,154,2
8805,45462,to,154,2
8806,45465,be,154,2
8807,45468,managed,154,2
8808,45477,I,154,2
8809,45479,suppose,154,2
8810,45487,I,154,2
8811,45489,ought,154,2
8812,45495,to,154,2
8813,45498,eat,154,2
8814,45502,or,154,2
8815,45505,drink,154,2
8816,45511,something,154,2
8817,45521,or,154,2
8818,45524,other,154,2
8819,45531,but,154,2
8820,45535,the,154,2
8821,45539,great,154,2
8822,45545,question,154,2
8823,45554,is,154,2
8824,45558,what,154,2
8825,45566,The,155,2
8826,45570,great,155,2
8827,45576,question,155,2
8828,45585,certainly,155,2
8829,45595,was,155,2
8830,45600,what,155,2
8831,45606,Alice,155,2
8832,45612,looked,155,2
8833,45619,all,155,2
8834,45623,round,155,2
8835,45629,her,155,2
8836,45633,at,155,2
8837,45636,the,155,2
8838,45640,flowers,155,2
8839,45648,and,155,2
8840,45652,the,155,2
8841,45656,blades,155,2
8842,45663,of,155,2
8843,45666,grass,155,2
8844,45673,but,155,2
8845,45677,she,155,2
8846,45681,did,155,2
8847,45685,not,155,2
8848,45689,see,155,2
8849,45693,anything,155,2
8850,45702,that,155,2
8851,45707,looked,155,2
8852,45714,like,155,2
8853,45719,the,155,2
8854,45723,right,155,2
8855,45729,thing,155,2
8856,45735,to,155,2
8857,45738,eat,155,2
8858,45742,or,155,2
8859,45745,drink,155,2
8860,45751,under,155,2
8861,45757,the,155,2
8862,45761,circumstances,155,2
8863,45776,There,155,2
8864,45782,was,155,2
8865,45786,a,155,2
8866,45788,large,155,2
8867,45794,mushroom,155,2
8868,45803,growing,155,2
8869,45811,near,155,2
8870,45816,her,155,2
8871,45821,about,155,2
8872,45827,the,155,2
8873,45831,same,155,2
8874,45836,height,155,2
8875,45843,as,155,2
8876,45846,herself,155,2
8877,45855,and,155,2
8878,45859,when,155,2
8879,45864,she,155,2
8880,45868,had,155,2
8881,45872,looked,155,2
8882,45879,under,155,2
8883,45885,it,155,2
8884,45889,and,155,2
8885,45893,on,155,2
8886,45896,both,155,2
8887,45901,sides,155,2
8888,45907,of,155,2
8889,45910,it,155,2
8890,45914,and,155,2
8891,45918,behind,155,2
8892,45925,it,155,2
8893,45929,it,155,2
8894,45932,occurred,155,2
8895,45941,to,155,2
8896,45944,her,155,2
8897,45948,that,155,2
8898,45953,she,155,2
8899,45957,might,155,2
8900,45963,as,155,2
8901,45966,well,155,2
8902,45971,look,155,2
8903,45976,and,155,2
8904,45980,see,155,2
8905,45984,what,155,2
8906,45989,was,155,2
8907,45993,on,155,2
8908,45996,the,155,2
8909,46000,top,155,2
8910,46004,of,155,2
8911,46007,it,155,2
8912,46012,She,156,2
8913,46016,stretched,156,2
8914,46026,herself,156,2
8915,46034,up,156,2
8916,46037,on,156,2
8917,46040,tiptoe,156,2
8918,46048,and,156,2
8919,46052,peeped,156,2
8920,46059,over,156,2
8921,46064,the,156,2
8922,46068,edge,156,2
8923,46073,of,156,2
8924,46076,the,156,2
8925,46080,mushroom,156,2
8926,46090,and,156,2
8927,46094,her,156,2
8928,46098,eyes,156,2
8929,46103,immediately,156,2
8930,46115,met,156,2
8931,46119,those,156,2
8932,46125,of,156,2
8933,46128,a,156,2
8934,46130,large,156,2
8935,46136,blue,156,2
8936,46141,caterpillar,156,2
8937,46154,that,156,2
8938,46159,was,156,2
8939,46163,sitting,156,2
8940,46171,on,156,2
8941,46174,the,156,2
8942,46178,top,156,2
8943,46182,with,156,2
8944,46187,its,156,2
8945,46191,arms,156,2
8946,46196,folded,156,2
8947,46204,quietly,156,2
8948,46212,smoking,156,2
8949,46220,a,156,2
8950,46222,long,156,2
8951,46227,hookah,156,2
8952,46235,and,156,2
8953,46239,taking,156,2
8954,46246,not,156,2
8955,46250,the,156,2
8956,46254,smallest,156,2
8957,46263,notice,156,2
8958,46270,of,156,2
8959,46273,her,156,2
8960,46277,or,156,2
8961,46280,of,156,2
8962,46283,anything,156,2
8963,46292,else,156,2
8964,46302,CHAPTER,157,3
8965,46310,V,157,3
8966,46313,Advice,157,3
8967,46320,from,157,3
8968,46325,a,157,3
8969,46327,Caterpillar,157,3
8970,46341,The,158,3
8971,46345,Caterpillar,158,3
8972,46357,and,158,3
8973,46361,Alice,158,3
8974,46367,looked,158,3
8975,46374,at,158,3
8976,46377,each,158,3
8977,46382,other,158,3
8978,46388,for,158,3
8979,46392,some,158,3
8980,46397,time,158,3
8981,46402,in,158,3
8982,46405,silence,158,3
8983,46414,at,158,3
8984,46417,last,158,3
8985,46422,the,158,3
8986,46426,Caterpillar,158,3
8987,46438,took,158,3
8988,46443,the,158,3
8989,46447,hookah,158,3
8990,46454,out,158,3
8991,46458,of,158,3
8992,46461,its,158,3
8993,46465,mouth,158,3
8994,46472,and,158,3
8995,46476,addressed,158,3
8996,46486,her,158,3
8997,46490,in,158,3
8998,46493,a,158,3
8999,46495,languid,158,3
9000,46504,sleepy,158,3
9001,46511,voice,158,3
9002,46520,Who,159,3
9003,46524,are,159,3
9004,46529,you,159,3
9005,46536,said,159,3
9006,46541,the,159,3
9007,46545,Caterpillar,159,3
9008,46559,This,160,3
9009,46564,was,160,3
9010,46568,not,160,3
9011,46572,an,160,3
9012,46575,encouraging,160,3
9013,46587,opening,160,3
9014,46595,for,160,3
9015,46599,a,160,3
9016,46601,conversation,160,3
9017,46615,Alice,160,3
9018,46621,replied,160,3
9019,46630,rather,160,3
9020,46637,shyly,160,3
9021,46645,I,160,3
9022,46647,I,160,3
9023,46649,hardly,160,3
9024,46656,know,160,3
9025,46662,sir,160,3
9026,46667,just,160,3
9027,46672,at,160,3
9028,46675,present,160,3
9029,46683,at,160,3
9030,46686,least,160,3
9031,46692,I,160,3
9032,46694,know,160,3
9033,46699,who,160,3
9034,46703,I,160,3
9035,46706,was,160,3
9036,46711,when,160,3
9037,46716,I,160,3
9038,46718,got,160,3
9039,46722,up,160,3
9040,46725,this,160,3
9041,46730,morning,160,3
9042,46739,but,160,3
9043,46743,I,160,3
9044,46745,think,160,3
9045,46751,I,160,3
9046,46753,must,160,3
9047,46758,have,160,3
9048,46763,been,160,3
9049,46768,changed,160,3
9050,46776,several,160,3
9051,46784,times,160,3
9052,46790,since,160,3
9053,46796,then,160,3
9054,46805,What,161,3
9055,46810,do,161,3
9056,46813,you,161,3
9057,46817,mean,161,3
9058,46822,by,161,3
9059,46825,that,161,3
9060,46832,said,161,3
9061,46837,the,161,3
9062,46841,Caterpillar,161,3
9063,46853,sternly,161,3
9064,46863,Explain,161,3
9065,46871,yourself,161,3
9066,46884,I,162,3
9067,46886,can,162,3
9068,46890,t,162,3
9069,46892,explain,162,3
9070,46901,myself,162,3
9071,46910,I,162,3
9072,46912,m,162,3
9073,46914,afraid,162,3
9074,46922,sir,162,3
9075,46928,said,162,3
9076,46933,Alice,162,3
9077,46941,because,162,3
9078,46949,I,162,3
9079,46951,m,162,3
9080,46953,not,162,3
9081,46957,myself,162,3
9082,46965,you,162,3
9083,46969,see,162,3
9084,46977,I,163,3
9085,46979,don,163,3
9086,46983,t,163,3
9087,46985,see,163,3
9088,46991,said,163,3
9089,46996,the,163,3
9090,47000,Caterpillar,163,3
9091,47015,I,164,3
9092,47017,m,164,3
9093,47019,afraid,164,3
9094,47026,I,164,3
9095,47028,can,164,3
9096,47032,t,164,3
9097,47034,put,164,3
9098,47038,it,164,3
9099,47041,more,164,3
9100,47046,clearly,164,3
9101,47056,Alice,164,3
9102,47062,replied,164,3
9103,47070,very,164,3
9104,47075,politely,164,3
9105,47086,for,164,3
9106,47090,I,164,3
9107,47092,can,164,3
9108,47096,t,164,3
9109,47098,understand,164,3
9110,47109,it,164,3
9111,47112,myself,164,3
9112,47119,to,164,3
9113,47122,begin,164,3
9114,47128,with,164,3
9115,47134,and,164,3
9116,47138,being,164,3
9117,47144,so,164,3
9118,47147,many,164,3
9119,47152,different,164,3
9120,47162,sizes,164,3
9121,47168,in,164,3
9122,47171,a,164,3
9123,47173,day,164,3
9124,47177,is,164,3
9125,47180,very,164,3
9126,47185,confusing,164,3
9127,47199,It,165,3
9128,47202,isn,165,3
9129,47206,t,165,3
9130,47210,said,165,3
9131,47215,the,165,3
9132,47219,Caterpillar,165,3
9133,47234,Well,166,3
9134,47240,perhaps,166,3
9135,47248,you,166,3
9136,47252,haven,166,3
9137,47258,t,166,3
9138,47260,found,166,3
9139,47266,it,166,3
9140,47269,so,166,3
9141,47272,yet,166,3
9142,47278,said,166,3
9143,47283,Alice,166,3
9144,47291,but,166,3
9145,47295,when,166,3
9146,47300,you,166,3
9147,47304,have,166,3
9148,47309,to,166,3
9149,47312,turn,166,3
9150,47317,into,166,3
9151,47322,a,166,3
9152,47324,chrysalis,166,3
9153,47334,you,166,3
9154,47338,will,166,3
9155,47343,some,166,3
9156,47348,day,166,3
9157,47353,you,166,3
9158,47357,know,166,3
9159,47362,and,166,3
9160,47366,then,166,3
9161,47371,after,166,3
9162,47377,that,166,3
9163,47382,into,166,3
9164,47387,a,166,3
9165,47389,butterfly,166,3
9166,47400,I,166,3
9167,47402,should,166,3
9168,47409,think,166,3
9169,47415,you,166,3
9170,47419,ll,166,3
9171,47422,feel,166,3
9172,47427,it,166,3
9173,47430,a,166,3
9174,47432,little,166,3
9175,47439,queer,166,3
9176,47446,won,166,3
9177,47450,t,166,3
9178,47452,you,166,3
9179,47460,Not,167,3
9180,47464,a,167,3
9181,47466,bit,167,3
9182,47472,said,167,3
9183,47477,the,167,3
9184,47481,Caterpillar,167,3
9185,47496,Well,168,3
9186,47502,perhaps,168,3
9187,47510,your,168,3
9188,47515,feelings,168,3
9189,47524,may,168,3
9190,47528,be,168,3
9191,47531,different,168,3
9192,47543,said,168,3
9193,47548,Alice,168,3
9194,47556,all,168,3
9195,47560,I,168,3
9196,47562,know,168,3
9197,47567,is,168,3
9198,47571,it,168,3
9199,47574,would,168,3
9200,47580,feel,168,3
9201,47585,very,168,3
9202,47590,queer,168,3
9203,47596,to,168,3
9204,47600,me,168,3
9205,47608,You,169,3
9206,47614,said,169,3
9207,47619,the,169,3
9208,47623,Caterpillar,169,3
9209,47635,contemptuously,169,3
9210,47652,Who,169,3
9211,47656,are,169,3
9212,47661,you,169,3
9213,47669,Which,170,3
9214,47675,brought,170,3
9215,47683,them,170,3
9216,47688,back,170,3
9217,47693,again,170,3
9218,47699,to,170,3
9219,47702,the,170,3
9220,47706,beginning,170,3
9221,47716,of,170,3
9222,47719,the,170,3
9223,47723,conversation,170,3
9224,47737,Alice,170,3
9225,47743,felt,170,3
9226,47748,a,170,3
9227,47750,little,170,3
9228,47757,irritated,170,3
9229,47767,at,170,3
9230,47770,the,170,3
9231,47774,Caterpillar,170,3
9232,47786,s,170,3
9233,47788,making,170,3
9234,47795,such,170,3
9235,47801,very,170,3
9236,47807,short,170,3
9237,47813,remarks,170,3
9238,47822,and,170,3
9239,47826,she,170,3
9240,47830,drew,170,3
9241,47835,herself,170,3
9242,47843,up,170,3
9243,47846,and,170,3
9244,47850,said,170,3
9245,47856,very,170,3
9246,47861,gravely,170,3
9247,47871,I,170,3
9248,47873,think,170,3
9249,47880,you,170,3
9250,47884,ought,170,3
9251,47890,to,170,3
9252,47893,tell,170,3
9253,47898,me,170,3
9254,47901,who,170,3
9255,47906,you,170,3
9256,47911,are,170,3
9257,47916,first,170,3
9258,47926,Why,171,3
9259,47932,said,171,3
9260,47937,the,171,3
9261,47941,Caterpillar,171,3
9262,47955,Here,172,3
9263,47960,was,172,3
9264,47964,another,172,3
9265,47972,puzzling,172,3
9266,47981,question,172,3
9267,47991,and,172,3
9268,47995,as,172,3
9269,47998,Alice,172,3
9270,48004,could,172,3
9271,48010,not,172,3
9272,48014,think,172,3
9273,48020,of,172,3
9274,48023,any,172,3
9275,48027,good,172,3
9276,48032,reason,172,3
9277,48040,and,172,3
9278,48044,as,172,3
9279,48047,the,172,3
9280,48051,Caterpillar,172,3
9281,48063,seemed,172,3
9282,48070,to,172,3
9283,48073,be,172,3
9284,48076,in,172,3
9285,48079,a,172,3
9286,48082,very,172,3
9287,48088,unpleasant,172,3
9288,48099,state,172,3
9289,48105,of,172,3
9290,48108,mind,172,3
9291,48114,she,172,3
9292,48118,turned,172,3
9293,48125,away,172,3
9294,48133,Come,173,3
9295,48138,back,173,3
9296,48145,the,173,3
9297,48149,Caterpillar,173,3
9298,48161,called,173,3
9299,48168,after,173,3
9300,48174,her,173,3
9301,48180,I,173,3
9302,48182,ve,173,3
9303,48185,something,173,3
9304,48195,important,173,3
9305,48205,to,173,3
9306,48208,say,173,3
9307,48215,This,174,3
9308,48220,sounded,174,3
9309,48228,promising,174,3
9310,48239,certainly,174,3
9311,48250,Alice,174,3
9312,48256,turned,174,3
9313,48263,and,174,3
9314,48267,came,174,3
9315,48272,back,174,3
9316,48277,again,174,3
9317,48286,Keep,175,3
9318,48291,your,175,3
9319,48296,temper,175,3
9320,48305,said,175,3
9321,48310,the,175,3
9322,48314,Caterpillar,175,3
9323,48329,Is,176,3
9324,48332,that,176,3
9325,48337,all,176,3
9326,48343,said,176,3
9327,48348,Alice,176,3
9328,48355,swallowing,176,3
9329,48366,down,176,3
9330,48371,her,176,3
9331,48375,anger,176,3
9332,48381,as,176,3
9333,48384,well,176,3
9334,48389,as,176,3
9335,48392,she,176,3
9336,48396,could,176,3
9337,48405,No,177,3
9338,48410,said,177,3
9339,48415,the,177,3
9340,48419,Caterpillar,177,3
9341,48433,Alice,178,3
9342,48439,thought,178,3
9343,48447,she,178,3
9344,48451,might,178,3
9345,48457,as,178,3
9346,48460,well,178,3
9347,48465,wait,178,3
9348,48471,as,178,3
9349,48474,she,178,3
9350,48478,had,178,3
9351,48482,nothing,178,3
9352,48490,else,178,3
9353,48495,to,178,3
9354,48498,do,178,3
9355,48502,and,178,3
9356,48506,perhaps,178,3
9357,48514,after,178,3
9358,48520,all,178,3
9359,48524,it,178,3
9360,48527,might,178,3
9361,48533,tell,178,3
9362,48538,her,178,3
9363,48542,something,178,3
9364,48552,worth,178,3
9365,48558,hearing,178,3
9366,48567,For,178,3
9367,48571,some,178,3
9368,48576,minutes,178,3
9369,48584,it,178,3
9370,48587,puffed,178,3
9371,48594,away,178,3
9372,48599,without,178,3
9373,48607,speaking,178,3
9374,48617,but,178,3
9375,48621,at,178,3
9376,48624,last,178,3
9377,48629,it,178,3
9378,48632,unfolded,178,3
9379,48641,its,178,3
9380,48645,arms,178,3
9381,48651,took,178,3
9382,48656,the,178,3
9383,48660,hookah,178,3
9384,48667,out,178,3
9385,48671,of,178,3
9386,48674,its,178,3
9387,48678,mouth,178,3
9388,48684,again,178,3
9389,48691,and,178,3
9390,48695,said,178,3
9391,48702,So,178,3
9392,48705,you,178,3
9393,48709,think,178,3
9394,48715,you,178,3
9395,48719,re,178,3
9396,48722,changed,178,3
9397,48731,do,178,3
9398,48734,you,178,3
9399,48742,I,179,3
9400,48744,m,179,3
9401,48746,afraid,179,3
9402,48753,I,179,3
9403,48755,am,179,3
9404,48759,sir,179,3
9405,48765,said,179,3
9406,48770,Alice,179,3
9407,48778,I,179,3
9408,48780,can,179,3
9409,48784,t,179,3
9410,48786,remember,179,3
9411,48795,things,179,3
9412,48802,as,179,3
9413,48805,I,179,3
9414,48807,used,179,3
9415,48812,and,179,3
9416,48816,I,179,3
9417,48818,don,179,3
9418,48822,t,179,3
9419,48824,keep,179,3
9420,48829,the,179,3
9421,48833,same,179,3
9422,48838,size,179,3
9423,48843,for,179,3
9424,48847,ten,179,3
9425,48851,minutes,179,3
9426,48859,together,179,3
9427,48872,Can,180,3
9428,48876,t,180,3
9429,48878,remember,180,3
9430,48888,what,180,3
9431,48894,things,180,3
9432,48903,said,180,3
9433,48908,the,180,3
9434,48912,Caterpillar,180,3
9435,48927,Well,181,3
9436,48933,I,181,3
9437,48935,ve,181,3
9438,48938,tried,181,3
9439,48944,to,181,3
9440,48947,say,181,3
9441,48952,How,181,3
9442,48956,doth,181,3
9443,48961,the,181,3
9444,48965,little,181,3
9445,48972,busy,181,3
9446,48977,bee,181,3
9447,48983,but,181,3
9448,48987,it,181,3
9449,48990,all,181,3
9450,48994,came,181,3
9451,48999,different,181,3
9452,49011,Alice,181,3
9453,49017,replied,181,3
9454,49025,in,181,3
9455,49028,a,181,3
9456,49030,very,181,3
9457,49035,melancholy,181,3
9458,49046,voice,181,3
9459,49055,Repeat,182,3
9460,49065,You,182,3
9461,49069,are,182,3
9462,49073,old,182,3
9463,49078,Father,182,3
9464,49085,William,182,3
9465,49097,said,182,3
9466,49102,the,182,3
9467,49106,Caterpillar,182,3
9468,49120,Alice,183,3
9469,49126,folded,183,3
9470,49133,her,183,3
9471,49137,hands,183,3
9472,49144,and,183,3
9473,49148,began,183,3
9474,49158,You,184,3
9475,49162,are,184,3
9476,49166,old,184,3
9477,49171,Father,184,3
9478,49178,William,184,3
9479,49188,the,184,3
9480,49192,young,184,3
9481,49198,man,184,3
9482,49202,said,184,3
9483,49213,And,184,3
9484,49217,your,184,3
9485,49222,hair,184,3
9486,49227,has,184,3
9487,49231,become,184,3
9488,49238,very,184,3
9489,49243,white,184,3
9490,49250,And,184,3
9491,49254,yet,184,3
9492,49258,you,184,3
9493,49262,incessantly,184,3
9494,49274,stand,184,3
9495,49280,on,184,3
9496,49283,your,184,3
9497,49288,head,184,3
9498,49298,Do,184,3
9499,49301,you,184,3
9500,49305,think,184,3
9501,49312,at,184,3
9502,49315,your,184,3
9503,49320,age,184,3
9504,49325,it,184,3
9505,49328,is,184,3
9506,49331,right,184,3
9507,49341,In,185,3
9508,49344,my,185,3
9509,49347,youth,185,3
9510,49355,Father,185,3
9511,49362,William,185,3
9512,49370,replied,185,3
9513,49378,to,185,3
9514,49381,his,185,3
9515,49385,son,185,3
9516,49395,I,185,3
9517,49397,feared,185,3
9518,49404,it,185,3
9519,49407,might,185,3
9520,49413,injure,185,3
9521,49420,the,185,3
9522,49424,brain,185,3
9523,49431,But,185,3
9524,49436,now,185,3
9525,49440,that,185,3
9526,49445,I,185,3
9527,49447,m,185,3
9528,49449,perfectly,185,3
9529,49459,sure,185,3
9530,49464,I,185,3
9531,49466,have,185,3
9532,49471,none,185,3
9533,49481,Why,185,3
9534,49486,I,185,3
9535,49488,do,185,3
9536,49491,it,185,3
9537,49494,again,185,3
9538,49500,and,185,3
9539,49504,again,185,3
9540,49514,You,186,3
9541,49518,are,186,3
9542,49522,old,186,3
9543,49528,said,186,3
9544,49533,the,186,3
9545,49537,youth,186,3
9546,49545,as,186,3
9547,49548,I,186,3
9548,49550,mentioned,186,3
9549,49560,before,186,3
9550,49572,And,186,3
9551,49576,have,186,3
9552,49581,grown,186,3
9553,49587,most,186,3
9554,49592,uncommonly,186,3
9555,49603,fat,186,3
9556,49608,Yet,186,3
9557,49612,you,186,3
9558,49616,turned,186,3
9559,49623,a,186,3
9560,49625,back,186,3
9561,49630,somersault,186,3
9562,49641,in,186,3
9563,49644,at,186,3
9564,49647,the,186,3
9565,49651,door,186,3
9566,49661,Pray,186,3
9567,49667,what,186,3
9568,49672,is,186,3
9569,49675,the,186,3
9570,49679,reason,186,3
9571,49686,of,186,3
9572,49689,that,186,3
9573,49698,In,187,3
9574,49701,my,187,3
9575,49704,youth,187,3
9576,49712,said,187,3
9577,49717,the,187,3
9578,49721,sage,187,3
9579,49727,as,187,3
9580,49730,he,187,3
9581,49733,shook,187,3
9582,49739,his,187,3
9583,49743,grey,187,3
9584,49748,locks,187,3
9585,49760,I,187,3
9586,49762,kept,187,3
9587,49767,all,187,3
9588,49771,my,187,3
9589,49774,limbs,187,3
9590,49780,very,187,3
9591,49785,supple,187,3
9592,49792,By,187,3
9593,49795,the,187,3
9594,49799,use,187,3
9595,49803,of,187,3
9596,49806,this,187,3
9597,49811,ointment,187,3
9598,49820,one,187,3
9599,49824,shilling,187,3
9600,49833,the,187,3
9601,49837,box,187,3
9602,49846,Allow,187,3
9603,49852,me,187,3
9604,49855,to,187,3
9605,49858,sell,187,3
9606,49863,you,187,3
9607,49867,a,187,3
9608,49869,couple,187,3
9609,49880,You,188,3
9610,49884,are,188,3
9611,49888,old,188,3
9612,49894,said,188,3
9613,49899,the,188,3
9614,49903,youth,188,3
9615,49911,and,188,3
9616,49915,your,188,3
9617,49920,jaws,188,3
9618,49925,are,188,3
9619,49929,too,188,3
9620,49933,weak,188,3
9621,49942,For,188,3
9622,49946,anything,188,3
9623,49955,tougher,188,3
9624,49963,than,188,3
9625,49968,suet,188,3
9626,49974,Yet,188,3
9627,49978,you,188,3
9628,49982,finished,188,3
9629,49991,the,188,3
9630,49995,goose,188,3
9631,50002,with,188,3
9632,50007,the,188,3
9633,50011,bones,188,3
9634,50017,and,188,3
9635,50021,the,188,3
9636,50025,beak,188,3
9637,50035,Pray,188,3
9638,50041,how,188,3
9639,50045,did,188,3
9640,50049,you,188,3
9641,50053,manage,188,3
9642,50060,to,188,3
9643,50063,do,188,3
9644,50066,it,188,3
9645,50073,In,189,3
9646,50076,my,189,3
9647,50079,youth,189,3
9648,50087,said,189,3
9649,50092,his,189,3
9650,50096,father,189,3
9651,50105,I,189,3
9652,50107,took,189,3
9653,50112,to,189,3
9654,50115,the,189,3
9655,50119,law,189,3
9656,50128,And,189,3
9657,50132,argued,189,3
9658,50139,each,189,3
9659,50144,case,189,3
9660,50149,with,189,3
9661,50154,my,189,3
9662,50157,wife,189,3
9663,50163,And,189,3
9664,50167,the,189,3
9665,50171,muscular,189,3
9666,50180,strength,189,3
9667,50190,which,189,3
9668,50196,it,189,3
9669,50199,gave,189,3
9670,50204,to,189,3
9671,50207,my,189,3
9672,50210,jaw,189,3
9673,50219,Has,189,3
9674,50223,lasted,189,3
9675,50230,the,189,3
9676,50234,rest,189,3
9677,50239,of,189,3
9678,50242,my,189,3
9679,50245,life,189,3
9680,50254,You,190,3
9681,50258,are,190,3
9682,50262,old,190,3
9683,50268,said,190,3
9684,50273,the,190,3
9685,50277,youth,190,3
9686,50285,one,190,3
9687,50289,would,190,3
9688,50295,hardly,190,3
9689,50302,suppose,190,3
9690,50314,That,190,3
9691,50319,your,190,3
9692,50324,eye,190,3
9693,50328,was,190,3
9694,50332,as,190,3
9695,50335,steady,190,3
9696,50342,as,190,3
9697,50345,ever,190,3
9698,50351,Yet,190,3
9699,50355,you,190,3
9700,50359,balanced,190,3
9701,50368,an,190,3
9702,50371,eel,190,3
9703,50375,on,190,3
9704,50378,the,190,3
9705,50382,end,190,3
9706,50386,of,190,3
9707,50389,your,190,3
9708,50394,nose,190,3
9709,50404,What,190,3
9710,50409,made,190,3
9711,50414,you,190,3
9712,50418,so,190,3
9713,50421,awfully,190,3
9714,50429,clever,190,3
9715,50440,I,191,3
9716,50442,have,191,3
9717,50447,answered,191,3
9718,50456,three,191,3
9719,50462,questions,191,3
9720,50473,and,191,3
9721,50477,that,191,3
9722,50482,is,191,3
9723,50485,enough,191,3
9724,50498,Said,191,3
9725,50503,his,191,3
9726,50507,father,191,3
9727,50516,don,191,3
9728,50520,t,191,3
9729,50522,give,191,3
9730,50527,yourself,191,3
9731,50536,airs,191,3
9732,50542,Do,191,3
9733,50545,you,191,3
9734,50549,think,191,3
9735,50555,I,191,3
9736,50557,can,191,3
9737,50561,listen,191,3
9738,50568,all,191,3
9739,50572,day,191,3
9740,50576,to,191,3
9741,50579,such,191,3
9742,50584,stuff,191,3
9743,50595,Be,191,3
9744,50598,off,191,3
9745,50603,or,191,3
9746,50606,I,191,3
9747,50608,ll,191,3
9748,50611,kick,191,3
9749,50616,you,191,3
9750,50620,down,191,3
9751,50625,stairs,191,3
9752,50637,That,192,3
9753,50642,is,192,3
9754,50645,not,192,3
9755,50649,said,192,3
9756,50654,right,192,3
9757,50662,said,192,3
9758,50667,the,192,3
9759,50671,Caterpillar,192,3
9760,50686,Not,193,3
9761,50691,quite,193,3
9762,50698,right,193,3
9763,50705,I,193,3
9764,50707,m,193,3
9765,50709,afraid,193,3
9766,50718,said,193,3
9767,50723,Alice,193,3
9768,50730,timidly,193,3
9769,50740,some,193,3
9770,50745,of,193,3
9771,50748,the,193,3
9772,50752,words,193,3
9773,50758,have,193,3
9774,50763,got,193,3
9775,50767,altered,193,3
9776,50779,It,194,3
9777,50782,is,194,3
9778,50785,wrong,194,3
9779,50791,from,194,3
9780,50796,beginning,194,3
9781,50806,to,194,3
9782,50809,end,194,3
9783,50815,said,194,3
9784,50820,the,194,3
9785,50824,Caterpillar,194,3
9786,50836,decidedly,194,3
9787,50847,and,194,3
9788,50851,there,194,3
9789,50857,was,194,3
9790,50861,silence,194,3
9791,50869,for,194,3
9792,50873,some,194,3
9793,50878,minutes,194,3
9794,50888,The,195,3
9795,50892,Caterpillar,195,3
9796,50904,was,195,3
9797,50908,the,195,3
9798,50912,first,195,3
9799,50918,to,195,3
9800,50921,speak,195,3
9801,50930,What,196,3
9802,50935,size,196,3
9803,50940,do,196,3
9804,50943,you,196,3
9805,50947,want,196,3
9806,50952,to,196,3
9807,50955,be,196,3
9808,50960,it,196,3
9809,50963,asked,196,3
9810,50972,Oh,197,3
9811,50976,I,197,3
9812,50978,m,197,3
9813,50980,not,197,3
9814,50984,particular,197,3
9815,50995,as,197,3
9816,50998,to,197,3
9817,51001,size,197,3
9818,51008,Alice,197,3
9819,51014,hastily,197,3
9820,51022,replied,197,3
9821,51032,only,197,3
9822,51037,one,197,3
9823,51041,doesn,197,3
9824,51047,t,197,3
9825,51049,like,197,3
9826,51054,changing,197,3
9827,51063,so,197,3
9828,51066,often,197,3
9829,51073,you,197,3
9830,51077,know,197,3
9831,51086,I,198,3
9832,51089,don,198,3
9833,51093,t,198,3
9834,51096,know,198,3
9835,51103,said,198,3
9836,51108,the,198,3
9837,51112,Caterpillar,198,3
9838,51126,Alice,199,3
9839,51132,said,199,3
9840,51137,nothing,199,3
9841,51146,she,199,3
9842,51150,had,199,3
9843,51154,never,199,3
9844,51160,been,199,3
9845,51165,so,199,3
9846,51168,much,199,3
9847,51173,contradicted,199,3
9848,51186,in,199,3
9849,51189,her,199,3
9850,51193,life,199,3
9851,51198,before,199,3
9852,51206,and,199,3
9853,51210,she,199,3
9854,51214,felt,199,3
9855,51219,that,199,3
9856,51224,she,199,3
9857,51228,was,199,3
9858,51232,losing,199,3
9859,51239,her,199,3
9860,51243,temper,199,3
9861,51253,Are,200,3
9862,51257,you,200,3
9863,51261,content,200,3
9864,51269,now,200,3
9865,51275,said,200,3
9866,51280,the,200,3
9867,51284,Caterpillar,200,3
9868,51299,Well,201,3
9869,51305,I,201,3
9870,51307,should,201,3
9871,51314,like,201,3
9872,51319,to,201,3
9873,51322,be,201,3
9874,51325,a,201,3
9875,51328,little,201,3
9876,51336,larger,201,3
9877,51344,sir,201,3
9878,51349,if,201,3
9879,51352,you,201,3
9880,51356,wouldn,201,3
9881,51363,t,201,3
9882,51365,mind,201,3
9883,51372,said,201,3
9884,51377,Alice,201,3
9885,51385,three,201,3
9886,51391,inches,201,3
9887,51398,is,201,3
9888,51401,such,201,3
9889,51406,a,201,3
9890,51408,wretched,201,3
9891,51417,height,201,3
9892,51424,to,201,3
9893,51427,be,201,3
9894,51434,It,202,3
9895,51437,is,202,3
9896,51440,a,202,3
9897,51442,very,202,3
9898,51447,good,202,3
9899,51452,height,202,3
9900,51459,indeed,202,3
9901,51468,said,202,3
9902,51473,the,202,3
9903,51477,Caterpillar,202,3
9904,51489,angrily,202,3
9905,51498,rearing,202,3
9906,51506,itself,202,3
9907,51513,upright,202,3
9908,51521,as,202,3
9909,51524,it,202,3
9910,51527,spoke,202,3
9911,51534,it,202,3
9912,51537,was,202,3
9913,51541,exactly,202,3
9914,51549,three,202,3
9915,51555,inches,202,3
9916,51562,high,202,3
9917,51571,But,203,3
9918,51575,I,203,3
9919,51577,m,203,3
9920,51579,not,203,3
9921,51583,used,203,3
9922,51588,to,203,3
9923,51591,it,203,3
9924,51596,pleaded,203,3
9925,51604,poor,203,3
9926,51609,Alice,203,3
9927,51615,in,203,3
9928,51618,a,203,3
9929,51620,piteous,203,3
9930,51628,tone,203,3
9931,51634,And,203,3
9932,51638,she,203,3
9933,51642,thought,203,3
9934,51650,of,203,3
9935,51653,herself,203,3
9936,51663,I,203,3
9937,51665,wish,203,3
9938,51670,the,203,3
9939,51674,creatures,203,3
9940,51684,wouldn,203,3
9941,51691,t,203,3
9942,51693,be,203,3
9943,51696,so,203,3
9944,51699,easily,203,3
9945,51706,offended,203,3
9946,51719,You,204,3
9947,51723,ll,204,3
9948,51726,get,204,3
9949,51730,used,204,3
9950,51735,to,204,3
9951,51738,it,204,3
9952,51741,in,204,3
9953,51744,time,204,3
9954,51751,said,204,3
9955,51756,the,204,3
9956,51760,Caterpillar,204,3
9957,51773,and,204,3
9958,51777,it,204,3
9959,51780,put,204,3
9960,51784,the,204,3
9961,51788,hookah,204,3
9962,51795,into,204,3
9963,51800,its,204,3
9964,51804,mouth,204,3
9965,51810,and,204,3
9966,51814,began,204,3
9967,51820,smoking,204,3
9968,51828,again,204,3
9969,51836,This,205,3
9970,51841,time,205,3
9971,51846,Alice,205,3
9972,51852,waited,205,3
9973,51859,patiently,205,3
9974,51869,until,205,3
9975,51875,it,205,3
9976,51878,chose,205,3
9977,51884,to,205,3
9978,51887,speak,205,3
9979,51893,again,205,3
9980,51900,In,205,3
9981,51903,a,205,3
9982,51905,minute,205,3
9983,51912,or,205,3
9984,51915,two,205,3
9985,51919,the,205,3
9986,51923,Caterpillar,205,3
9987,51935,took,205,3
9988,51940,the,205,3
9989,51944,hookah,205,3
9990,51951,out,205,3
9991,51955,of,205,3
9992,51958,its,205,3
9993,51962,mouth,205,3
9994,51968,and,205,3
9995,51972,yawned,205,3
9996,51979,once,205,3
9997,51984,or,205,3
9998,51987,twice,205,3
9999,51994,and,205,3
10000,51998,shook,205,3
10001,52004,itself,205,3
10002,52012,Then,205,3
10003,52017,it,205,3
10004,52020,got,205,3
10005,52024,down,205,3
10006,52029,off,205,3
10007,52033,the,205,3
10008,52037,mushroom,205,3
10009,52047,and,205,3
10010,52051,crawled,205,3
10011,52059,away,205,3
10012,52064,in,205,3
10013,52067,the,205,3
10014,52071,grass,205,3
10015,52078,merely,205,3
10016,52085,remarking,205,3
10017,52095,as,205,3
10018,52098,it,205,3
10019,52101,went,205,3
10020,52108,One,205,3
10021,52112,side,205,3
10022,52117,will,205,3
10023,52122,make,205,3
10024,52127,you,205,3
10025,52131,grow,205,3
10026,52136,taller,205,3
10027,52144,and,205,3
10028,52148,the,205,3
10029,52152,other,205,3
10030,52158,side,205,3
10031,52163,will,205,3
10032,52168,make,205,3
10033,52173,you,205,3
10034,52177,grow,205,3
10035,52182,shorter,205,3
10036,52194,One,206,3
10037,52198,side,206,3
10038,52203,of,206,3
10039,52207,what,206,3
10040,52214,The,206,3
10041,52218,other,206,3
10042,52224,side,206,3
10043,52229,of,206,3
10044,52233,what,206,3
10045,52241,thought,206,3
10046,52249,Alice,206,3
10047,52255,to,206,3
10048,52258,herself,206,3
10049,52269,Of,207,3
10050,52272,the,207,3
10051,52276,mushroom,207,3
10052,52287,said,207,3
10053,52292,the,207,3
10054,52296,Caterpillar,207,3
10055,52309,just,207,3
10056,52314,as,207,3
10057,52317,if,207,3
10058,52320,she,207,3
10059,52324,had,207,3
10060,52328,asked,207,3
10061,52334,it,207,3
10062,52337,aloud,207,3
10063,52344,and,207,3
10064,52348,in,207,3
10065,52351,another,207,3
10066,52359,moment,207,3
10067,52366,it,207,3
10068,52369,was,207,3
10069,52373,out,207,3
10070,52377,of,207,3
10071,52380,sight,207,3
10072,52388,Alice,208,3
10073,52394,remained,208,3
10074,52403,looking,208,3
10075,52411,thoughtfully,208,3
10076,52424,at,208,3
10077,52427,the,208,3
10078,52431,mushroom,208,3
10079,52440,for,208,3
10080,52444,a,208,3
10081,52446,minute,208,3
10082,52454,trying,208,3
10083,52461,to,208,3
10084,52464,make,208,3
10085,52469,out,208,3
10086,52473,which,208,3
10087,52479,were,208,3
10088,52484,the,208,3
10089,52488,two,208,3
10090,52492,sides,208,3
10091,52498,of,208,3
10092,52501,it,208,3
10093,52505,and,208,3
10094,52509,as,208,3
10095,52512,it,208,3
10096,52515,was,208,3
10097,52519,perfectly,208,3
10098,52529,round,208,3
10099,52536,she,208,3
10100,52540,found,208,3
10101,52546,this,208,3
10102,52551,a,208,3
10103,52553,very,208,3
10104,52558,difficult,208,3
10105,52568,question,208,3
10106,52578,However,208,3
10107,52587,at,208,3
10108,52590,last,208,3
10109,52595,she,208,3
10110,52599,stretched,208,3
10111,52609,her,208,3
10112,52613,arms,208,3
10113,52618,round,208,3
10114,52624,it,208,3
10115,52627,as,208,3
10116,52630,far,208,3
10117,52634,as,208,3
10118,52637,they,208,3
10119,52642,would,208,3
10120,52648,go,208,3
10121,52652,and,208,3
10122,52656,broke,208,3
10123,52662,off,208,3
10124,52666,a,208,3
10125,52668,bit,208,3
10126,52672,of,208,3
10127,52675,the,208,3
10128,52679,edge,208,3
10129,52684,with,208,3
10130,52689,each,208,3
10131,52694,hand,208,3
10132,52702,And,209,3
10133,52706,now,209,3
10134,52710,which,209,3
10135,52716,is,209,3
10136,52719,which,209,3
10137,52727,she,209,3
10138,52731,said,209,3
10139,52736,to,209,3
10140,52739,herself,209,3
10141,52748,and,209,3
10142,52752,nibbled,209,3
10143,52760,a,209,3
10144,52762,little,209,3
10145,52769,of,209,3
10146,52772,the,209,3
10147,52776,right,209,3
10148,52782,hand,209,3
10149,52787,bit,209,3
10150,52791,to,209,3
10151,52794,try,209,3
10152,52798,the,209,3
10153,52802,effect,209,3
10154,52810,the,209,3
10155,52814,next,209,3
10156,52819,moment,209,3
10157,52826,she,209,3
10158,52830,felt,209,3
10159,52835,a,209,3
10160,52837,violent,209,3
10161,52845,blow,209,3
10162,52850,underneath,209,3
10163,52861,her,209,3
10164,52865,chin,209,3
10165,52871,it,209,3
10166,52874,had,209,3
10167,52878,struck,209,3
10168,52885,her,209,3
10169,52889,foot,209,3
10170,52896,She,210,3
10171,52900,was,210,3
10172,52904,a,210,3
10173,52906,good,210,3
10174,52911,deal,210,3
10175,52916,frightened,210,3
10176,52927,by,210,3
10177,52930,this,210,3
10178,52935,very,210,3
10179,52940,sudden,210,3
10180,52947,change,210,3
10181,52955,but,210,3
10182,52959,she,210,3
10183,52963,felt,210,3
10184,52968,that,210,3
10185,52973,there,210,3
10186,52979,was,210,3
10187,52983,no,210,3
10188,52986,time,210,3
10189,52991,to,210,3
10190,52994,be,210,3
10191,52997,lost,210,3
10192,53003,as,210,3
10193,53006,she,210,3
10194,53010,was,210,3
10195,53014,shrinking,210,3
10196,53024,rapidly,210,3
10197,53033,so,210,3
10198,53036,she,210,3
10199,53040,set,210,3
10200,53044,to,210,3
10201,53047,work,210,3
10202,53052,at,210,3
10203,53055,once,210,3
10204,53060,to,210,3
10205,53063,eat,210,3
10206,53067,some,210,3
10207,53072,of,210,3
10208,53075,the,210,3
10209,53079,other,210,3
10210,53085,bit,210,3
10211,53090,Her,210,3
10212,53094,chin,210,3
10213,53099,was,210,3
10214,53103,pressed,210,3
10215,53111,so,210,3
10216,53114,closely,210,3
10217,53122,against,210,3
10218,53130,her,210,3
10219,53134,foot,210,3
10220,53140,that,210,3
10221,53145,there,210,3
10222,53151,was,210,3
10223,53155,hardly,210,3
10224,53162,room,210,3
10225,53167,to,210,3
10226,53170,open,210,3
10227,53175,her,210,3
10228,53179,mouth,210,3
10229,53186,but,210,3
10230,53190,she,210,3
10231,53194,did,210,3
10232,53198,it,210,3
10233,53201,at,210,3
10234,53204,last,210,3
10235,53210,and,210,3
10236,53214,managed,210,3
10237,53222,to,210,3
10238,53225,swallow,210,3
10239,53233,a,210,3
10240,53235,morsel,210,3
10241,53242,of,210,3
10242,53245,the,210,3
10243,53249,lefthand,210,3
10244,53258,bit,210,3
10245,53398,Come,214,3
10246,53404,my,214,3
10247,53407,head,214,3
10248,53412,s,214,3
10249,53414,free,214,3
10250,53419,at,214,3
10251,53422,last,214,3
10252,53429,said,214,3
10253,53434,Alice,214,3
10254,53440,in,214,3
10255,53443,a,214,3
10256,53445,tone,214,3
10257,53450,of,214,3
10258,53453,delight,214,3
10259,53462,which,214,3
10260,53468,changed,214,3
10261,53476,into,214,3
10262,53481,alarm,214,3
10263,53487,in,214,3
10264,53490,another,214,3
10265,53498,moment,214,3
10266,53506,when,214,3
10267,53511,she,214,3
10268,53515,found,214,3
10269,53521,that,214,3
10270,53526,her,214,3
10271,53530,shoulders,214,3
10272,53540,were,214,3
10273,53545,nowhere,214,3
10274,53553,to,214,3
10275,53556,be,214,3
10276,53559,found,214,3
10277,53566,all,214,3
10278,53570,she,214,3
10279,53574,could,214,3
10280,53580,see,214,3
10281,53585,when,214,3
10282,53590,she,214,3
10283,53594,looked,214,3
10284,53601,down,214,3
10285,53607,was,214,3
10286,53611,an,214,3
10287,53614,immense,214,3
10288,53622,length,214,3
10289,53629,of,214,3
10290,53632,neck,214,3
10291,53638,which,214,3
10292,53644,seemed,214,3
10293,53651,to,214,3
10294,53654,rise,214,3
10295,53659,like,214,3
10296,53664,a,214,3
10297,53666,stalk,214,3
10298,53672,out,214,3
10299,53676,of,214,3
10300,53679,a,214,3
10301,53681,sea,214,3
10302,53685,of,214,3
10303,53688,green,214,3
10304,53694,leaves,214,3
10305,53701,that,214,3
10306,53706,lay,214,3
10307,53710,far,214,3
10308,53714,below,214,3
10309,53720,her,214,3
10310,53727,What,215,3
10311,53733,can,215,3
10312,53738,all,215,3
10313,53742,that,215,3
10314,53747,green,215,3
10315,53753,stuff,215,3
10316,53759,be,215,3
10317,53764,said,215,3
10318,53769,Alice,215,3
10319,53777,And,215,3
10320,53781,where,215,3
10321,53788,have,215,3
10322,53794,my,215,3
10323,53797,shoulders,215,3
10324,53807,got,215,3
10325,53811,to,215,3
10326,53815,And,215,3
10327,53819,oh,215,3
10328,53823,my,215,3
10329,53826,poor,215,3
10330,53831,hands,215,3
10331,53838,how,215,3
10332,53842,is,215,3
10333,53845,it,215,3
10334,53848,I,215,3
10335,53850,can,215,3
10336,53854,t,215,3
10337,53856,see,215,3
10338,53860,you,215,3
10339,53866,She,215,3
10340,53870,was,215,3
10341,53874,moving,215,3
10342,53881,them,215,3
10343,53886,about,215,3
10344,53892,as,215,3
10345,53895,she,215,3
10346,53899,spoke,215,3
10347,53906,but,215,3
10348,53910,no,215,3
10349,53913,result,215,3
10350,53920,seemed,215,3
10351,53927,to,215,3
10352,53930,follow,215,3
10353,53938,except,215,3
10354,53945,a,215,3
10355,53947,little,215,3
10356,53954,shaking,215,3
10357,53962,among,215,3
10358,53968,the,215,3
10359,53972,distant,215,3
10360,53980,green,215,3
10361,53986,leaves,215,3
10362,53995,As,216,3
10363,53998,there,216,3
10364,54004,seemed,216,3
10365,54011,to,216,3
10366,54014,be,216,3
10367,54017,no,216,3
10368,54020,chance,216,3
10369,54027,of,216,3
10370,54030,getting,216,3
10371,54038,her,216,3
10372,54042,hands,216,3
10373,54048,up,216,3
10374,54051,to,216,3
10375,54054,her,216,3
10376,54058,head,216,3
10377,54064,she,216,3
10378,54068,tried,216,3
10379,54074,to,216,3
10380,54077,get,216,3
10381,54081,her,216,3
10382,54085,head,216,3
10383,54090,down,216,3
10384,54095,to,216,3
10385,54098,them,216,3
10386,54104,and,216,3
10387,54108,was,216,3
10388,54112,delighted,216,3
10389,54122,to,216,3
10390,54125,find,216,3
10391,54130,that,216,3
10392,54135,her,216,3
10393,54139,neck,216,3
10394,54144,would,216,3
10395,54150,bend,216,3
10396,54155,about,216,3
10397,54161,easily,216,3
10398,54168,in,216,3
10399,54171,any,216,3
10400,54175,direction,216,3
10401,54186,like,216,3
10402,54191,a,216,3
10403,54193,serpent,216,3
10404,54202,She,216,3
10405,54206,had,216,3
10406,54210,just,216,3
10407,54215,succeeded,216,3
10408,54225,in,216,3
10409,54228,curving,216,3
10410,54236,it,216,3
10411,54239,down,216,3
10412,54244,into,216,3
10413,54249,a,216,3
10414,54251,graceful,216,3
10415,54260,zigzag,216,3
10416,54268,and,216,3
10417,54272,was,216,3
10418,54276,going,216,3
10419,54282,to,216,3
10420,54285,dive,216,3
10421,54290,in,216,3
10422,54293,among,216,3
10423,54299,the,216,3
10424,54303,leaves,216,3
10425,54311,which,216,3
10426,54317,she,216,3
10427,54321,found,216,3
10428,54327,to,216,3
10429,54330,be,216,3
10430,54333,nothing,216,3
10431,54341,but,216,3
10432,54345,the,216,3
10433,54349,tops,216,3
10434,54354,of,216,3
10435,54357,the,216,3
10436,54361,trees,216,3
10437,54367,under,216,3
10438,54373,which,216,3
10439,54379,she,216,3
10440,54383,had,216,3
10441,54387,been,216,3
10442,54392,wandering,216,3
10443,54403,when,216,3
10444,54408,a,216,3
10445,54410,sharp,216,3
10446,54416,hiss,216,3
10447,54421,made,216,3
10448,54426,her,216,3
10449,54430,draw,216,3
10450,54435,back,216,3
10451,54440,in,216,3
10452,54443,a,216,3
10453,54445,hurry,216,3
10454,54452,a,216,3
10455,54454,large,216,3
10456,54460,pigeon,216,3
10457,54467,had,216,3
10458,54471,flown,216,3
10459,54477,into,216,3
10460,54482,her,216,3
10461,54486,face,216,3
10462,54492,and,216,3
10463,54496,was,216,3
10464,54500,beating,216,3
10465,54508,her,216,3
10466,54512,violently,216,3
10467,54522,with,216,3
10468,54527,its,216,3
10469,54531,wings,216,3
10470,54540,Serpent,217,3
10471,54550,screamed,217,3
10472,54559,the,217,3
10473,54563,Pigeon,217,3
10474,54573,I,218,3
10475,54575,m,218,3
10476,54578,not,218,3
10477,54583,a,218,3
10478,54585,serpent,218,3
10479,54595,said,218,3
10480,54600,Alice,218,3
10481,54606,indignantly,218,3
10482,54620,Let,218,3
10483,54624,me,218,3
10484,54627,alone,218,3
10485,54637,Serpent,219,3
10486,54646,I,219,3
10487,54648,say,219,3
10488,54652,again,219,3
10489,54660,repeated,219,3
10490,54669,the,219,3
10491,54673,Pigeon,219,3
10492,54681,but,219,3
10493,54685,in,219,3
10494,54688,a,219,3
10495,54690,more,219,3
10496,54695,subdued,219,3
10497,54703,tone,219,3
10498,54709,and,219,3
10499,54713,added,219,3
10500,54719,with,219,3
10501,54724,a,219,3
10502,54726,kind,219,3
10503,54731,of,219,3
10504,54734,sob,219,3
10505,54740,I,219,3
10506,54742,ve,219,3
10507,54745,tried,219,3
10508,54751,every,219,3
10509,54757,way,219,3
10510,54762,and,219,3
10511,54766,nothing,219,3
10512,54774,seems,219,3
10513,54780,to,219,3
10514,54783,suit,219,3
10515,54788,them,219,3
10516,54797,I,220,3
10517,54799,haven,220,3
10518,54805,t,220,3
10519,54807,the,220,3
10520,54811,least,220,3
10521,54817,idea,220,3
10522,54822,what,220,3
10523,54827,you,220,3
10524,54831,re,220,3
10525,54834,talking,220,3
10526,54842,about,220,3
10527,54850,said,220,3
10528,54855,Alice,220,3
10529,54864,I,221,3
10530,54866,ve,221,3
10531,54869,tried,221,3
10532,54875,the,221,3
10533,54879,roots,221,3
10534,54885,of,221,3
10535,54888,trees,221,3
10536,54895,and,221,3
10537,54899,I,221,3
10538,54901,ve,221,3
10539,54904,tried,221,3
10540,54910,banks,221,3
10541,54917,and,221,3
10542,54921,I,221,3
10543,54923,ve,221,3
10544,54926,tried,221,3
10545,54932,hedges,221,3
10546,54941,the,221,3
10547,54945,Pigeon,221,3
10548,54952,went,221,3
10549,54957,on,221,3
10550,54961,without,221,3
10551,54969,attending,221,3
10552,54979,to,221,3
10553,54982,her,221,3
10554,54988,but,221,3
10555,54992,those,221,3
10556,54998,serpents,221,3
10557,55008,There,221,3
10558,55014,s,221,3
10559,55016,no,221,3
10560,55019,pleasing,221,3
10561,55028,them,221,3
10562,55036,Alice,222,3
10563,55042,was,222,3
10564,55046,more,222,3
10565,55051,and,222,3
10566,55055,more,222,3
10567,55060,puzzled,222,3
10568,55069,but,222,3
10569,55073,she,222,3
10570,55077,thought,222,3
10571,55085,there,222,3
10572,55091,was,222,3
10573,55095,no,222,3
10574,55098,use,222,3
10575,55102,in,222,3
10576,55105,saying,222,3
10577,55112,anything,222,3
10578,55121,more,222,3
10579,55126,till,222,3
10580,55131,the,222,3
10581,55135,Pigeon,222,3
10582,55142,had,222,3
10583,55146,finished,222,3
10584,55158,As,223,3
10585,55161,if,223,3
10586,55164,it,223,3
10587,55167,wasn,223,3
10588,55172,t,223,3
10589,55174,trouble,223,3
10590,55182,enough,223,3
10591,55189,hatching,223,3
10592,55198,the,223,3
10593,55202,eggs,223,3
10594,55209,said,223,3
10595,55214,the,223,3
10596,55218,Pigeon,223,3
10597,55227,but,223,3
10598,55231,I,223,3
10599,55233,must,223,3
10600,55238,be,223,3
10601,55241,on,223,3
10602,55244,the,223,3
10603,55248,look,223,3
10604,55253,out,223,3
10605,55257,for,223,3
10606,55261,serpents,223,3
10607,55270,night,223,3
10608,55276,and,223,3
10609,55280,day,223,3
10610,55285,Why,223,3
10611,55290,I,223,3
10612,55292,haven,223,3
10613,55298,t,223,3
10614,55300,had,223,3
10615,55304,a,223,3
10616,55306,wink,223,3
10617,55311,of,223,3
10618,55314,sleep,223,3
10619,55320,these,223,3
10620,55326,three,223,3
10621,55332,weeks,223,3
10622,55342,I,224,3
10623,55344,m,224,3
10624,55346,very,224,3
10625,55351,sorry,224,3
10626,55357,you,224,3
10627,55361,ve,224,3
10628,55364,been,224,3
10629,55369,annoyed,224,3
10630,55379,said,224,3
10631,55384,Alice,224,3
10632,55391,who,224,3
10633,55395,was,224,3
10634,55399,beginning,224,3
10635,55409,to,224,3
10636,55412,see,224,3
10637,55416,its,224,3
10638,55420,meaning,224,3
10639,55431,And,225,3
10640,55435,just,225,3
10641,55440,as,225,3
10642,55443,I,225,3
10643,55445,d,225,3
10644,55447,taken,225,3
10645,55453,the,225,3
10646,55457,highest,225,3
10647,55465,tree,225,3
10648,55470,in,225,3
10649,55473,the,225,3
10650,55477,wood,225,3
10651,55484,continued,225,3
10652,55494,the,225,3
10653,55498,Pigeon,225,3
10654,55506,raising,225,3
10655,55514,its,225,3
10656,55518,voice,225,3
10657,55524,to,225,3
10658,55527,a,225,3
10659,55529,shriek,225,3
10660,55538,and,225,3
10661,55542,just,225,3
10662,55547,as,225,3
10663,55550,I,225,3
10664,55552,was,225,3
10665,55556,thinking,225,3
10666,55565,I,225,3
10667,55567,should,225,3
10668,55574,be,225,3
10669,55577,free,225,3
10670,55582,of,225,3
10671,55585,them,225,3
10672,55590,at,225,3
10673,55593,last,225,3
10674,55599,they,225,3
10675,55604,must,225,3
10676,55609,needs,225,3
10677,55615,come,225,3
10678,55620,wriggling,225,3
10679,55630,down,225,3
10680,55635,from,225,3
10681,55640,the,225,3
10682,55644,sky,225,3
10683,55649,Ugh,225,3
10684,55654,Serpent,225,3
10685,55666,But,226,3
10686,55670,I,226,3
10687,55672,m,226,3
10688,55675,not,226,3
10689,55680,a,226,3
10690,55682,serpent,226,3
10691,55691,I,226,3
10692,55693,tell,226,3
10693,55698,you,226,3
10694,55704,said,226,3
10695,55709,Alice,226,3
10696,55717,I,226,3
10697,55719,m,226,3
10698,55721,a,226,3
10699,55723,I,226,3
10700,55725,m,226,3
10701,55727,a,226,3
10702,55733,Well,227,3
10703,55740,What,227,3
10704,55746,are,227,3
10705,55750,you,227,3
10706,55756,said,227,3
10707,55761,the,227,3
10708,55765,Pigeon,227,3
10709,55774,I,227,3
10710,55776,can,227,3
10711,55780,see,227,3
10712,55784,you,227,3
10713,55788,re,227,3
10714,55791,trying,227,3
10715,55798,to,227,3
10716,55801,invent,227,3
10717,55808,something,227,3
10718,55822,I,228,3
10719,55824,I,228,3
10720,55826,m,228,3
10721,55828,a,228,3
10722,55830,little,228,3
10723,55837,girl,228,3
10724,55844,said,228,3
10725,55849,Alice,228,3
10726,55856,rather,228,3
10727,55863,doubtfully,228,3
10728,55875,as,228,3
10729,55878,she,228,3
10730,55882,remembered,228,3
10731,55893,the,228,3
10732,55897,number,228,3
10733,55904,of,228,3
10734,55907,changes,228,3
10735,55915,she,228,3
10736,55919,had,228,3
10737,55923,gone,228,3
10738,55928,through,228,3
10739,55936,that,228,3
10740,55941,day,228,3
10741,55948,A,229,3
10742,55950,likely,229,3
10743,55957,story,229,3
10744,55963,indeed,229,3
10745,55972,said,229,3
10746,55977,the,229,3
10747,55981,Pigeon,229,3
10748,55988,in,229,3
10749,55991,a,229,3
10750,55993,tone,229,3
10751,55998,of,229,3
10752,56001,the,229,3
10753,56005,deepest,229,3
10754,56013,contempt,229,3
10755,56024,I,229,3
10756,56026,ve,229,3
10757,56029,seen,229,3
10758,56034,a,229,3
10759,56036,good,229,3
10760,56041,many,229,3
10761,56046,little,229,3
10762,56053,girls,229,3
10763,56059,in,229,3
10764,56062,my,229,3
10765,56065,time,229,3
10766,56071,but,229,3
10767,56075,never,229,3
10768,56082,one,229,3
10769,56087,with,229,3
10770,56092,such,229,3
10771,56097,a,229,3
10772,56099,neck,229,3
10773,56104,as,229,3
10774,56107,that,229,3
10775,56113,No,229,3
10776,56117,no,229,3
10777,56121,You,229,3
10778,56125,re,229,3
10779,56128,a,229,3
10780,56130,serpent,229,3
10781,56139,and,229,3
10782,56143,there,229,3
10783,56149,s,229,3
10784,56151,no,229,3
10785,56154,use,229,3
10786,56158,denying,229,3
10787,56166,it,229,3
10788,56170,I,229,3
10789,56172,suppose,229,3
10790,56180,you,229,3
10791,56184,ll,229,3
10792,56187,be,229,3
10793,56190,telling,229,3
10794,56198,me,229,3
10795,56201,next,229,3
10796,56206,that,229,3
10797,56211,you,229,3
10798,56215,never,229,3
10799,56221,tasted,229,3
10800,56228,an,229,3
10801,56231,egg,229,3
10802,56239,I,230,3
10803,56242,have,230,3
10804,56248,tasted,230,3
10805,56255,eggs,230,3
10806,56261,certainly,230,3
10807,56273,said,230,3
10808,56278,Alice,230,3
10809,56285,who,230,3
10810,56289,was,230,3
10811,56293,a,230,3
10812,56295,very,230,3
10813,56300,truthful,230,3
10814,56309,child,230,3
10815,56317,but,230,3
10816,56321,little,230,3
10817,56328,girls,230,3
10818,56334,eat,230,3
10819,56338,eggs,230,3
10820,56343,quite,230,3
10821,56349,as,230,3
10822,56352,much,230,3
10823,56357,as,230,3
10824,56360,serpents,230,3
10825,56369,do,230,3
10826,56373,you,230,3
10827,56377,know,230,3
10828,56386,I,231,3
10829,56388,don,231,3
10830,56392,t,231,3
10831,56394,believe,231,3
10832,56402,it,231,3
10833,56407,said,231,3
10834,56412,the,231,3
10835,56416,Pigeon,231,3
10836,56425,but,231,3
10837,56429,if,231,3
10838,56432,they,231,3
10839,56437,do,231,3
10840,56441,why,231,3
10841,56445,then,231,3
10842,56450,they,231,3
10843,56455,re,231,3
10844,56458,a,231,3
10845,56460,kind,231,3
10846,56465,of,231,3
10847,56468,serpent,231,3
10848,56477,that,231,3
10849,56482,s,231,3
10850,56484,all,231,3
10851,56488,I,231,3
10852,56490,can,231,3
10853,56494,say,231,3
10854,56501,This,232,3
10855,56506,was,232,3
10856,56510,such,232,3
10857,56515,a,232,3
10858,56517,new,232,3
10859,56521,idea,232,3
10860,56526,to,232,3
10861,56529,Alice,232,3
10862,56536,that,232,3
10863,56541,she,232,3
10864,56545,was,232,3
10865,56549,quite,232,3
10866,56555,silent,232,3
10867,56562,for,232,3
10868,56566,a,232,3
10869,56568,minute,232,3
10870,56575,or,232,3
10871,56578,two,232,3
10872,56583,which,232,3
10873,56589,gave,232,3
10874,56594,the,232,3
10875,56598,Pigeon,232,3
10876,56605,the,232,3
10877,56609,opportunity,232,3
10878,56621,of,232,3
10879,56624,adding,232,3
10880,56633,You,232,3
10881,56637,re,232,3
10882,56640,looking,232,3
10883,56648,for,232,3
10884,56652,eggs,232,3
10885,56658,I,232,3
10886,56660,know,232,3
10887,56666,that,232,3
10888,56672,well,232,3
10889,56677,enough,232,3
10890,56685,and,232,3
10891,56689,what,232,3
10892,56694,does,232,3
10893,56699,it,232,3
10894,56702,matter,232,3
10895,56709,to,232,3
10896,56712,me,232,3
10897,56715,whether,232,3
10898,56723,you,232,3
10899,56727,re,232,3
10900,56730,a,232,3
10901,56732,little,232,3
10902,56739,girl,232,3
10903,56744,or,232,3
10904,56747,a,232,3
10905,56749,serpent,232,3
10906,56761,It,233,3
10907,56764,matters,233,3
10908,56772,a,233,3
10909,56774,good,233,3
10910,56779,deal,233,3
10911,56784,to,233,3
10912,56788,me,233,3
10913,56794,said,233,3
10914,56799,Alice,233,3
10915,56805,hastily,233,3
10916,56815,but,233,3
10917,56819,I,233,3
10918,56821,m,233,3
10919,56823,not,233,3
10920,56827,looking,233,3
10921,56835,for,233,3
10922,56839,eggs,233,3
10923,56845,as,233,3
10924,56848,it,233,3
10925,56851,happens,233,3
10926,56860,and,233,3
10927,56864,if,233,3
10928,56867,I,233,3
10929,56869,was,233,3
10930,56874,I,233,3
10931,56876,shouldn,233,3
10932,56884,t,233,3
10933,56886,want,233,3
10934,56892,yours,233,3
10935,56900,I,233,3
10936,56902,don,233,3
10937,56906,t,233,3
10938,56908,like,233,3
10939,56913,them,233,3
10940,56918,raw,233,3
10941,56926,Well,234,3
10942,56932,be,234,3
10943,56935,off,234,3
10944,56940,then,234,3
10945,56947,said,234,3
10946,56952,the,234,3
10947,56956,Pigeon,234,3
10948,56963,in,234,3
10949,56966,a,234,3
10950,56968,sulky,234,3
10951,56974,tone,234,3
10952,56980,as,234,3
10953,56983,it,234,3
10954,56986,settled,234,3
10955,56994,down,234,3
10956,56999,again,234,3
10957,57005,into,234,3
10958,57010,its,234,3
10959,57014,nest,234,3
10960,57020,Alice,234,3
10961,57026,crouched,234,3
10962,57035,down,234,3
10963,57040,among,234,3
10964,57046,the,234,3
10965,57050,trees,234,3
10966,57056,as,234,3
10967,57059,well,234,3
10968,57064,as,234,3
10969,57067,she,234,3
10970,57071,could,234,3
10971,57078,for,234,3
10972,57082,her,234,3
10973,57086,neck,234,3
10974,57091,kept,234,3
10975,57096,getting,234,3
10976,57104,entangled,234,3
10977,57114,among,234,3
10978,57120,the,234,3
10979,57124,branches,234,3
10980,57134,and,234,3
10981,57138,every,234,3
10982,57144,now,234,3
10983,57148,and,234,3
10984,57152,then,234,3
10985,57157,she,234,3
10986,57161,had,234,3
10987,57165,to,234,3
10988,57168,stop,234,3
10989,57173,and,234,3
10990,57177,untwist,234,3
10991,57185,it,234,3
10992,57189,After,234,3
10993,57195,a,234,3
10994,57197,while,234,3
10995,57203,she,234,3
10996,57207,remembered,234,3
10997,57218,that,234,3
10998,57223,she,234,3
10999,57227,still,234,3
11000,57233,held,234,3
11001,57238,the,234,3
11002,57242,pieces,234,3
11003,57249,of,234,3
11004,57252,mushroom,234,3
11005,57261,in,234,3
11006,57264,her,234,3
11007,57268,hands,234,3
11008,57275,and,234,3
11009,57279,she,234,3
11010,57283,set,234,3
11011,57287,to,234,3
11012,57290,work,234,3
11013,57295,very,234,3
11014,57300,carefully,234,3
11015,57311,nibbling,234,3
11016,57320,first,234,3
11017,57326,at,234,3
11018,57329,one,234,3
11019,57333,and,234,3
11020,57337,then,234,3
11021,57342,at,234,3
11022,57345,the,234,3
11023,57349,other,234,3
11024,57356,and,234,3
11025,57360,growing,234,3
11026,57368,sometimes,234,3
11027,57378,taller,234,3
11028,57385,and,234,3
11029,57389,sometimes,234,3
11030,57399,shorter,234,3
11031,57408,until,234,3
11032,57414,she,234,3
11033,57418,had,234,3
11034,57422,succeeded,234,3
11035,57432,in,234,3
11036,57435,bringing,234,3
11037,57444,herself,234,3
11038,57452,down,234,3
11039,57457,to,234,3
11040,57460,her,234,3
11041,57464,usual,234,3
11042,57470,height,234,3
11043,57479,It,235,3
11044,57482,was,235,3
11045,57486,so,235,3
11046,57489,long,235,3
11047,57494,since,235,3
11048,57500,she,235,3
11049,57504,had,235,3
11050,57508,been,235,3
11051,57513,anything,235,3
11052,57522,near,235,3
11053,57527,the,235,3
11054,57531,right,235,3
11055,57537,size,235,3
11056,57543,that,235,3
11057,57548,it,235,3
11058,57551,felt,235,3
11059,57556,quite,235,3
11060,57562,strange,235,3
11061,57570,at,235,3
11062,57573,first,235,3
11063,57580,but,235,3
11064,57584,she,235,3
11065,57588,got,235,3
11066,57592,used,235,3
11067,57597,to,235,3
11068,57600,it,235,3
11069,57603,in,235,3
11070,57606,a,235,3
11071,57608,few,235,3
11072,57612,minutes,235,3
11073,57621,and,235,3
11074,57625,began,235,3
11075,57631,talking,235,3
11076,57639,to,235,3
11077,57642,herself,235,3
11078,57651,as,235,3
11079,57654,usual,235,3
11080,57662,Come,235,3
11081,57668,there,235,3
11082,57674,s,235,3
11083,57676,half,235,3
11084,57681,my,235,3
11085,57684,plan,235,3
11086,57689,done,235,3
11087,57694,now,235,3
11088,57699,How,235,3
11089,57703,puzzling,235,3
11090,57712,all,235,3
11091,57716,these,235,3
11092,57722,changes,235,3
11093,57730,are,235,3
11094,57735,I,235,3
11095,57737,m,235,3
11096,57739,never,235,3
11097,57745,sure,235,3
11098,57750,what,235,3
11099,57755,I,235,3
11100,57757,m,235,3
11101,57759,going,235,3
11102,57765,to,235,3
11103,57768,be,235,3
11104,57772,from,235,3
11105,57777,one,235,3
11106,57781,minute,235,3
11107,57788,to,235,3
11108,57791,another,235,3
11109,57800,However,235,3
11110,57809,I,235,3
11111,57811,ve,235,3
11112,57814,got,235,3
11113,57818,back,235,3
11114,57823,to,235,3
11115,57826,my,235,3
11116,57829,right,235,3
11117,57835,size,235,3
11118,57841,the,235,3
11119,57845,next,235,3
11120,57850,thing,235,3
11121,57856,is,235,3
11122,57860,to,235,3
11123,57863,get,235,3
11124,57867,into,235,3
11125,57872,that,235,3
11126,57877,beautiful,235,3
11127,57887,garden,235,3
11128,57894,how,235,3
11129,57899,is,235,3
11130,57903,that,235,3
11131,57908,to,235,3
11132,57911,be,235,3
11133,57914,done,235,3
11134,57920,I,235,3
11135,57922,wonder,235,3
11136,57931,As,235,3
11137,57934,she,235,3
11138,57938,said,235,3
11139,57943,this,235,3
11140,57949,she,235,3
11141,57953,came,235,3
11142,57958,suddenly,235,3
11143,57967,upon,235,3
11144,57972,an,235,3
11145,57975,open,235,3
11146,57980,place,235,3
11147,57987,with,235,3
11148,57992,a,235,3
11149,57994,little,235,3
11150,58001,house,235,3
11151,58007,in,235,3
11152,58010,it,235,3
11153,58013,about,235,3
11154,58019,four,235,3
11155,58024,feet,235,3
11156,58029,high,235,3
11157,58036,Whoever,235,3
11158,58044,lives,235,3
11159,58050,there,235,3
11160,58058,thought,235,3
11161,58066,Alice,235,3
11162,58074,it,235,3
11163,58077,ll,235,3
11164,58080,never,235,3
11165,58086,do,235,3
11166,58089,to,235,3
11167,58092,come,235,3
11168,58097,upon,235,3
11169,58102,them,235,3
11170,58108,this,235,3
11171,58114,size,235,3
11172,58120,why,235,3
11173,58125,I,235,3
11174,58127,should,235,3
11175,58134,frighten,235,3
11176,58143,them,235,3
11177,58148,out,235,3
11178,58152,of,235,3
11179,58155,their,235,3
11180,58161,wits,235,3
11181,58168,So,235,3
11182,58171,she,235,3
11183,58175,began,235,3
11184,58181,nibbling,235,3
11185,58190,at,235,3
11186,58193,the,235,3
11187,58197,righthand,235,3
11188,58207,bit,235,3
11189,58211,again,235,3
11190,58218,and,235,3
11191,58222,did,235,3
11192,58226,not,235,3
11193,58230,venture,235,3
11194,58238,to,235,3
11195,58241,go,235,3
11196,58244,near,235,3
11197,58249,the,235,3
11198,58253,house,235,3
11199,58259,till,235,3
11200,58264,she,235,3
11201,58268,had,235,3
11202,58272,brought,235,3
11203,58280,herself,235,3
11204,58288,down,235,3
11205,58293,to,235,3
11206,58296,nine,235,3
11207,58301,inches,235,3
11208,58308,high,235,3
11209,58318,CHAPTER,236,4
11210,58326,VI,236,4
11211,58330,Pig,236,4
11212,58334,and,236,4
11213,58338,Pepper,236,4
11214,58347,For,237,4
11215,58351,a,237,4
11216,58353,minute,237,4
11217,58360,or,237,4
11218,58363,two,237,4
11219,58367,she,237,4
11220,58371,stood,237,4
11221,58377,looking,237,4
11222,58385,at,237,4
11223,58388,the,237,4
11224,58392,house,237,4
11225,58399,and,237,4
11226,58403,wondering,237,4
11227,58413,what,237,4
11228,58418,to,237,4
11229,58421,do,237,4
11230,58424,next,237,4
11231,58430,when,237,4
11232,58435,suddenly,237,4
11233,58444,a,237,4
11234,58446,footman,237,4
11235,58454,in,237,4
11236,58457,livery,237,4
11237,58464,came,237,4
11238,58469,running,237,4
11239,58477,out,237,4
11240,58481,of,237,4
11241,58484,the,237,4
11242,58488,wood,237,4
11243,58494,she,237,4
11244,58498,considered,237,4
11245,58509,him,237,4
11246,58513,to,237,4
11247,58516,be,237,4
11248,58519,a,237,4
11249,58521,footman,237,4
11250,58529,because,237,4
11251,58537,he,237,4
11252,58540,was,237,4
11253,58544,in,237,4
11254,58547,livery,237,4
11255,58555,otherwise,237,4
11256,58566,judging,237,4
11257,58574,by,237,4
11258,58577,his,237,4
11259,58581,face,237,4
11260,58586,only,237,4
11261,58592,she,237,4
11262,58596,would,237,4
11263,58602,have,237,4
11264,58607,called,237,4
11265,58614,him,237,4
11266,58618,a,237,4
11267,58620,fish,237,4
11268,58626,and,237,4
11269,58630,rapped,237,4
11270,58637,loudly,237,4
11271,58644,at,237,4
11272,58647,the,237,4
11273,58651,door,237,4
11274,58656,with,237,4
11275,58661,his,237,4
11276,58665,knuckles,237,4
11277,58675,It,237,4
11278,58678,was,237,4
11279,58682,opened,237,4
11280,58689,by,237,4
11281,58692,another,237,4
11282,58700,footman,237,4
11283,58708,in,237,4
11284,58711,livery,237,4
11285,58719,with,237,4
11286,58724,a,237,4
11287,58726,round,237,4
11288,58732,face,237,4
11289,58738,and,237,4
11290,58742,large,237,4
11291,58748,eyes,237,4
11292,58753,like,237,4
11293,58758,a,237,4
11294,58760,frog,237,4
11295,58766,and,237,4
11296,58770,both,237,4
11297,58775,footmen,237,4
11298,58784,Alice,237,4
11299,58790,noticed,237,4
11300,58799,had,237,4
11301,58803,powdered,237,4
11302,58812,hair,237,4
11303,58817,that,237,4
11304,58822,curled,237,4
11305,58829,all,237,4
11306,58833,over,237,4
11307,58838,their,237,4
11308,58844,heads,237,4
11309,58851,She,237,4
11310,58855,felt,237,4
11311,58860,very,237,4
11312,58865,curious,237,4
11313,58873,to,237,4
11314,58876,know,237,4
11315,58881,what,237,4
11316,58886,it,237,4
11317,58889,was,237,4
11318,58893,all,237,4
11319,58897,about,237,4
11320,58904,and,237,4
11321,58908,crept,237,4
11322,58914,a,237,4
11323,58916,little,237,4
11324,58923,way,237,4
11325,58927,out,237,4
11326,58931,of,237,4
11327,58934,the,237,4
11328,58938,wood,237,4
11329,58943,to,237,4
11330,58946,listen,237,4
11331,58955,The,238,4
11332,58959,Fish,238,4
11333,58964,Footman,238,4
11334,58972,began,238,4
11335,58978,by,238,4
11336,58981,producing,238,4
11337,58991,from,238,4
11338,58996,under,238,4
11339,59002,his,238,4
11340,59006,arm,238,4
11341,59010,a,238,4
11342,59012,great,238,4
11343,59018,letter,238,4
11344,59026,nearly,238,4
11345,59033,as,238,4
11346,59036,large,238,4
11347,59042,as,238,4
11348,59045,himself,238,4
11349,59054,and,238,4
11350,59058,this,238,4
11351,59063,he,238,4
11352,59066,handed,238,4
11353,59073,over,238,4
11354,59078,to,238,4
11355,59081,the,238,4
11356,59085,other,238,4
11357,59092,saying,238,4
11358,59100,in,238,4
11359,59103,a,238,4
11360,59105,solemn,238,4
11361,59112,tone,238,4
11362,59119,For,238,4
11363,59123,the,238,4
11364,59127,Duchess,238,4
11365,59136,An,238,4
11366,59139,invitation,238,4
11367,59150,from,238,4
11368,59155,the,238,4
11369,59159,Queen,238,4
11370,59165,to,238,4
11371,59168,play,238,4
11372,59173,croquet,238,4
11373,59183,The,238,4
11374,59187,Frog,238,4
11375,59192,Footman,238,4
11376,59200,repeated,238,4
11377,59210,in,238,4
11378,59213,the,238,4
11379,59217,same,238,4
11380,59222,solemn,238,4
11381,59229,tone,238,4
11382,59235,only,238,4
11383,59240,changing,238,4
11384,59249,the,238,4
11385,59253,order,238,4
11386,59259,of,238,4
11387,59262,the,238,4
11388,59266,words,238,4
11389,59272,a,238,4
11390,59274,little,238,4
11391,59283,From,238,4
11392,59288,the,238,4
11393,59292,Queen,238,4
11394,59299,An,238,4
11395,59302,invitation,238,4
11396,59313,for,238,4
11397,59317,the,238,4
11398,59321,Duchess,238,4
11399,59329,to,238,4
11400,59332,play,238,4
11401,59337,croquet,238,4
11402,59348,Then,239,4
11403,59353,they,239,4
11404,59358,both,239,4
11405,59363,bowed,239,4
11406,59369,low,239,4
11407,59374,and,239,4
11408,59378,their,239,4
11409,59384,curls,239,4
11410,59390,got,239,4
11411,59394,entangled,239,4
11412,59404,together,239,4
11413,59415,Alice,240,4
11414,59421,laughed,240,4
11415,59429,so,240,4
11416,59432,much,240,4
11417,59437,at,240,4
11418,59440,this,240,4
11419,59446,that,240,4
11420,59451,she,240,4
11421,59455,had,240,4
11422,59459,to,240,4
11423,59462,run,240,4
11424,59466,back,240,4
11425,59471,into,240,4
11426,59476,the,240,4
11427,59480,wood,240,4
11428,59485,for,240,4
11429,59489,fear,240,4
11430,59494,of,240,4
11431,59497,their,240,4
11432,59503,hearing,240,4
11433,59511,her,240,4
11434,59516,and,240,4
11435,59520,when,240,4
11436,59525,she,240,4
11437,59529,next,240,4
11438,59534,peeped,240,4
11439,59541,out,240,4
11440,59545,the,240,4
11441,59549,Fish,240,4
11442,59554,Footman,240,4
11443,59562,was,240,4
11444,59566,gone,240,4
11445,59572,and,240,4
11446,59576,the,240,4
11447,59580,other,240,4
11448,59586,was,240,4
11449,59590,sitting,240,4
11450,59598,on,240,4
11451,59601,the,240,4
11452,59605,ground,240,4
11453,59612,near,240,4
11454,59617,the,240,4
11455,59621,door,240,4
11456,59627,staring,240,4
11457,59635,stupidly,240,4
11458,59644,up,240,4
11459,59647,into,240,4
11460,59652,the,240,4
11461,59656,sky,240,4
11462,59662,Alice,241,4
11463,59668,went,241,4
11464,59673,timidly,241,4
11465,59681,up,241,4
11466,59684,to,241,4
11467,59687,the,241,4
11468,59691,door,241,4
11469,59697,and,241,4
11470,59701,knocked,241,4
11471,59712,There,242,4
11472,59718,s,242,4
11473,59720,no,242,4
11474,59723,sort,242,4
11475,59728,of,242,4
11476,59731,use,242,4
11477,59735,in,242,4
11478,59738,knocking,242,4
11479,59749,said,242,4
11480,59754,the,242,4
11481,59758,Footman,242,4
11482,59768,and,242,4
11483,59772,that,242,4
11484,59777,for,242,4
11485,59781,two,242,4
11486,59785,reasons,242,4
11487,59794,First,242,4
11488,59801,because,242,4
11489,59809,I,242,4
11490,59811,m,242,4
11491,59813,on,242,4
11492,59816,the,242,4
11493,59820,same,242,4
11494,59825,side,242,4
11495,59830,of,242,4
11496,59833,the,242,4
11497,59837,door,242,4
11498,59842,as,242,4
11499,59845,you,242,4
11500,59849,are,242,4
11501,59854,secondly,242,4
11502,59864,because,242,4
11503,59872,they,242,4
11504,59877,re,242,4
11505,59880,making,242,4
11506,59887,such,242,4
11507,59892,a,242,4
11508,59894,noise,242,4
11509,59900,inside,242,4
11510,59908,no,242,4
11511,59911,one,242,4
11512,59915,could,242,4
11513,59921,possibly,242,4
11514,59930,hear,242,4
11515,59935,you,242,4
11516,59941,And,242,4
11517,59945,certainly,242,4
11518,59955,there,242,4
11519,59962,was,242,4
11520,59967,a,242,4
11521,59969,most,242,4
11522,59974,extraordinary,242,4
11523,59988,noise,242,4
11524,59994,going,242,4
11525,60000,on,242,4
11526,60003,within,242,4
11527,60010,a,242,4
11528,60012,constant,242,4
11529,60021,howling,242,4
11530,60029,and,242,4
11531,60033,sneezing,242,4
11532,60043,and,242,4
11533,60047,every,242,4
11534,60053,now,242,4
11535,60057,and,242,4
11536,60061,then,242,4
11537,60066,a,242,4
11538,60068,great,242,4
11539,60074,crash,242,4
11540,60081,as,242,4
11541,60084,if,242,4
11542,60087,a,242,4
11543,60089,dish,242,4
11544,60094,or,242,4
11545,60097,kettle,242,4
11546,60104,had,242,4
11547,60108,been,242,4
11548,60113,broken,242,4
11549,60120,to,242,4
11550,60123,pieces,242,4
11551,60133,Please,243,4
11552,60141,then,243,4
11553,60148,said,243,4
11554,60153,Alice,243,4
11555,60161,how,243,4
11556,60165,am,243,4
11557,60168,I,243,4
11558,60170,to,243,4
11559,60173,get,243,4
11560,60177,in,243,4
11561,60184,There,244,4
11562,60190,might,244,4
11563,60196,be,244,4
11564,60199,some,244,4
11565,60204,sense,244,4
11566,60210,in,244,4
11567,60213,your,244,4
11568,60218,knocking,244,4
11569,60229,the,244,4
11570,60233,Footman,244,4
11571,60241,went,244,4
11572,60246,on,244,4
11573,60249,without,244,4
11574,60257,attending,244,4
11575,60267,to,244,4
11576,60270,her,244,4
11577,60276,if,244,4
11578,60279,we,244,4
11579,60282,had,244,4
11580,60286,the,244,4
11581,60290,door,244,4
11582,60295,between,244,4
11583,60303,us,244,4
11584,60307,For,244,4
11585,60311,instance,244,4
11586,60321,if,244,4
11587,60324,you,244,4
11588,60328,were,244,4
11589,60334,inside,244,4
11590,60343,you,244,4
11591,60347,might,244,4
11592,60353,knock,244,4
11593,60360,and,244,4
11594,60364,I,244,4
11595,60366,could,244,4
11596,60372,let,244,4
11597,60376,you,244,4
11598,60380,out,244,4
11599,60385,you,244,4
11600,60389,know,244,4
11601,60396,He,244,4
11602,60399,was,244,4
11603,60403,looking,244,4
11604,60411,up,244,4
11605,60414,into,244,4
11606,60419,the,244,4
11607,60423,sky,244,4
11608,60427,all,244,4
11609,60431,the,244,4
11610,60435,time,244,4
11611,60440,he,244,4
11612,60443,was,244,4
11613,60447,speaking,244,4
11614,60457,and,244,4
11615,60461,this,244,4
11616,60466,Alice,244,4
11617,60472,thought,244,4
11618,60480,decidedly,244,4
11619,60490,uncivil,244,4
11620,60500,But,244,4
11621,60504,perhaps,244,4
11622,60512,he,244,4
11623,60515,can,244,4
11624,60519,t,244,4
11625,60521,help,244,4
11626,60526,it,244,4
11627,60531,she,244,4
11628,60535,said,244,4
11629,60540,to,244,4
11630,60543,herself,244,4
11631,60553,his,244,4
11632,60557,eyes,244,4
11633,60562,are,244,4
11634,60566,so,244,4
11635,60570,very,244,4
11636,60576,nearly,244,4
11637,60583,at,244,4
11638,60586,the,244,4
11639,60590,top,244,4
11640,60594,of,244,4
11641,60597,his,244,4
11642,60601,head,244,4
11643,60607,But,244,4
11644,60611,at,244,4
11645,60614,any,244,4
11646,60618,rate,244,4
11647,60623,he,244,4
11648,60626,might,244,4
11649,60632,answer,244,4
11650,60639,questions,244,4
11651,60650,How,244,4
11652,60654,am,244,4
11653,60657,I,244,4
11654,60659,to,244,4
11655,60662,get,244,4
11656,60666,in,244,4
11657,60671,she,244,4
11658,60675,repeated,244,4
11659,60685,aloud,244,4
11660,60694,I,245,4
11661,60696,shall,245,4
11662,60702,sit,245,4
11663,60706,here,245,4
11664,60713,the,245,4
11665,60717,Footman,245,4
11666,60725,remarked,245,4
11667,60736,till,245,4
11668,60741,tomorrow,245,4
11669,60753,At,246,4
11670,60756,this,246,4
11671,60761,moment,246,4
11672,60768,the,246,4
11673,60772,door,246,4
11674,60777,of,246,4
11675,60780,the,246,4
11676,60784,house,246,4
11677,60790,opened,246,4
11678,60798,and,246,4
11679,60802,a,246,4
11680,60804,large,246,4
11681,60810,plate,246,4
11682,60816,came,246,4
11683,60821,skimming,246,4
11684,60830,out,246,4
11685,60835,straight,246,4
11686,60844,at,246,4
11687,60847,the,246,4
11688,60851,Footman,246,4
11689,60859,s,246,4
11690,60861,head,246,4
11691,60867,it,246,4
11692,60870,just,246,4
11693,60875,grazed,246,4
11694,60882,his,246,4
11695,60886,nose,246,4
11696,60892,and,246,4
11697,60896,broke,246,4
11698,60902,to,246,4
11699,60905,pieces,246,4
11700,60912,against,246,4
11701,60920,one,246,4
11702,60924,of,246,4
11703,60927,the,246,4
11704,60931,trees,246,4
11705,60937,behind,246,4
11706,60944,him,246,4
11707,60952,or,247,4
11708,60955,next,247,4
11709,60960,day,247,4
11710,60965,maybe,247,4
11711,60973,the,247,4
11712,60977,Footman,247,4
11713,60985,continued,247,4
11714,60995,in,247,4
11715,60998,the,247,4
11716,61002,same,247,4
11717,61007,tone,247,4
11718,61013,exactly,247,4
11719,61021,as,247,4
11720,61024,if,247,4
11721,61027,nothing,247,4
11722,61035,had,247,4
11723,61039,happened,247,4
11724,61051,How,248,4
11725,61055,am,248,4
11726,61058,I,248,4
11727,61060,to,248,4
11728,61063,get,248,4
11729,61067,in,248,4
11730,61072,asked,248,4
11731,61078,Alice,248,4
11732,61084,again,248,4
11733,61091,in,248,4
11734,61094,a,248,4
11735,61096,louder,248,4
11736,61103,tone,248,4
11737,61112,Are,249,4
11738,61117,you,249,4
11739,61121,to,249,4
11740,61124,get,249,4
11741,61128,in,249,4
11742,61131,at,249,4
11743,61134,all,249,4
11744,61140,said,249,4
11745,61145,the,249,4
11746,61149,Footman,249,4
11747,61159,That,249,4
11748,61164,s,249,4
11749,61166,the,249,4
11750,61170,first,249,4
11751,61176,question,249,4
11752,61186,you,249,4
11753,61190,know,249,4
11754,61198,It,250,4
11755,61201,was,250,4
11756,61206,no,250,4
11757,61209,doubt,250,4
11758,61216,only,250,4
11759,61221,Alice,250,4
11760,61227,did,250,4
11761,61231,not,250,4
11762,61235,like,250,4
11763,61240,to,250,4
11764,61243,be,250,4
11765,61246,told,250,4
11766,61251,so,250,4
11767,61256,It,250,4
11768,61259,s,250,4
11769,61261,really,250,4
11770,61268,dreadful,250,4
11771,61279,she,250,4
11772,61283,muttered,250,4
11773,61292,to,250,4
11774,61295,herself,250,4
11775,61305,the,250,4
11776,61309,way,250,4
11777,61313,all,250,4
11778,61317,the,250,4
11779,61321,creatures,250,4
11780,61331,argue,250,4
11781,61338,It,250,4
11782,61341,s,250,4
11783,61343,enough,250,4
11784,61350,to,250,4
11785,61353,drive,250,4
11786,61359,one,250,4
11787,61363,crazy,250,4
11788,61372,The,251,4
11789,61376,Footman,251,4
11790,61384,seemed,251,4
11791,61391,to,251,4
11792,61394,think,251,4
11793,61400,this,251,4
11794,61405,a,251,4
11795,61407,good,251,4
11796,61412,opportunity,251,4
11797,61424,for,251,4
11798,61428,repeating,251,4
11799,61438,his,251,4
11800,61442,remark,251,4
11801,61450,with,251,4
11802,61455,variations,251,4
11803,61468,I,251,4
11804,61470,shall,251,4
11805,61476,sit,251,4
11806,61480,here,251,4
11807,61487,he,251,4
11808,61490,said,251,4
11809,61497,on,251,4
11810,61500,and,251,4
11811,61504,off,251,4
11812,61509,for,251,4
11813,61513,days,251,4
11814,61518,and,251,4
11815,61522,days,251,4
11816,61531,But,252,4
11817,61535,what,252,4
11818,61540,am,252,4
11819,61544,I,252,4
11820,61547,to,252,4
11821,61550,do,252,4
11822,61555,said,252,4
11823,61560,Alice,252,4
11824,61569,Anything,253,4
11825,61578,you,253,4
11826,61582,like,253,4
11827,61589,said,253,4
11828,61594,the,253,4
11829,61598,Footman,253,4
11830,61607,and,253,4
11831,61611,began,253,4
11832,61617,whistling,253,4
11833,61630,Oh,254,4
11834,61634,there,254,4
11835,61640,s,254,4
11836,61642,no,254,4
11837,61645,use,254,4
11838,61649,in,254,4
11839,61652,talking,254,4
11840,61660,to,254,4
11841,61663,him,254,4
11842,61669,said,254,4
11843,61674,Alice,254,4
11844,61680,desperately,254,4
11845,61694,he,254,4
11846,61697,s,254,4
11847,61699,perfectly,254,4
11848,61709,idiotic,254,4
11849,61719,And,254,4
11850,61723,she,254,4
11851,61727,opened,254,4
11852,61734,the,254,4
11853,61738,door,254,4
11854,61743,and,254,4
11855,61747,went,254,4
11856,61752,in,254,4
11857,61757,The,255,4
11858,61761,door,255,4
11859,61766,led,255,4
11860,61770,right,255,4
11861,61776,into,255,4
11862,61781,a,255,4
11863,61783,large,255,4
11864,61789,kitchen,255,4
11865,61798,which,255,4
11866,61804,was,255,4
11867,61808,full,255,4
11868,61813,of,255,4
11869,61816,smoke,255,4
11870,61822,from,255,4
11871,61827,one,255,4
11872,61831,end,255,4
11873,61835,to,255,4
11874,61838,the,255,4
11875,61842,other,255,4
11876,61849,the,255,4
11877,61853,Duchess,255,4
11878,61861,was,255,4
11879,61865,sitting,255,4
11880,61873,on,255,4
11881,61876,a,255,4
11882,61878,three,255,4
11883,61884,legged,255,4
11884,61891,stool,255,4
11885,61897,in,255,4
11886,61900,the,255,4
11887,61904,middle,255,4
11888,61912,nursing,255,4
11889,61920,a,255,4
11890,61922,baby,255,4
11891,61928,the,255,4
11892,61932,cook,255,4
11893,61937,was,255,4
11894,61941,leaning,255,4
11895,61949,over,255,4
11896,61954,the,255,4
11897,61958,fire,255,4
11898,61964,stirring,255,4
11899,61973,a,255,4
11900,61975,large,255,4
11901,61981,cauldron,255,4
11902,61990,which,255,4
11903,61996,seemed,255,4
11904,62003,to,255,4
11905,62006,be,255,4
11906,62009,full,255,4
11907,62014,of,255,4
11908,62017,soup,255,4
11909,62025,There,256,4
11910,62031,s,256,4
11911,62033,certainly,256,4
11912,62043,too,256,4
11913,62047,much,256,4
11914,62052,pepper,256,4
11915,62059,in,256,4
11916,62062,that,256,4
11917,62067,soup,256,4
11918,62074,Alice,256,4
11919,62080,said,256,4
11920,62085,to,256,4
11921,62088,herself,256,4
11922,62097,as,256,4
11923,62100,well,256,4
11924,62105,as,256,4
11925,62108,she,256,4
11926,62112,could,256,4
11927,62118,for,256,4
11928,62122,sneezing,256,4
11929,62133,There,257,4
11930,62139,was,257,4
11931,62143,certainly,257,4
11932,62153,too,257,4
11933,62157,much,257,4
11934,62162,of,257,4
11935,62165,it,257,4
11936,62168,in,257,4
11937,62171,the,257,4
11938,62175,air,257,4
11939,62180,Even,257,4
11940,62185,the,257,4
11941,62189,Duchess,257,4
11942,62197,sneezed,257,4
11943,62205,occasionally,257,4
11944,62219,and,257,4
11945,62223,as,257,4
11946,62226,for,257,4
11947,62230,the,257,4
11948,62234,baby,257,4
11949,62240,it,257,4
11950,62243,was,257,4
11951,62247,sneezing,257,4
11952,62256,and,257,4
11953,62260,howling,257,4
11954,62268,alternately,257,4
11955,62280,without,257,4
11956,62288,a,257,4
11957,62290,moment,257,4
11958,62297,s,257,4
11959,62299,pause,257,4
11960,62306,The,257,4
11961,62310,only,257,4
11962,62315,things,257,4
11963,62322,in,257,4
11964,62325,the,257,4
11965,62329,kitchen,257,4
11966,62337,that,257,4
11967,62342,did,257,4
11968,62346,not,257,4
11969,62350,sneeze,257,4
11970,62358,were,257,4
11971,62363,the,257,4
11972,62367,cook,257,4
11973,62373,and,257,4
11974,62377,a,257,4
11975,62379,large,257,4
11976,62385,cat,257,4
11977,62389,which,257,4
11978,62395,was,257,4
11979,62399,sitting,257,4
11980,62407,on,257,4
11981,62410,the,257,4
11982,62414,hearth,257,4
11983,62421,and,257,4
11984,62425,grinning,257,4
11985,62434,from,257,4
11986,62439,ear,257,4
11987,62443,to,257,4
11988,62446,ear,257,4
11989,62453,Please,258,4
11990,62460,would,258,4
11991,62466,you,258,4
11992,62470,tell,258,4
11993,62475,me,258,4
11994,62480,said,258,4
11995,62485,Alice,258,4
11996,62492,a,258,4
11997,62494,little,258,4
11998,62501,timidly,258,4
11999,62510,for,258,4
12000,62514,she,258,4
12001,62518,was,258,4
12002,62522,not,258,4
12003,62526,quite,258,4
12004,62532,sure,258,4
12005,62537,whether,258,4
12006,62545,it,258,4
12007,62548,was,258,4
12008,62552,good,258,4
12009,62557,manners,258,4
12010,62565,for,258,4
12011,62569,her,258,4
12012,62573,to,258,4
12013,62576,speak,258,4
12014,62582,first,258,4
12015,62590,why,258,4
12016,62594,your,258,4
12017,62599,cat,258,4
12018,62603,grins,258,4
12019,62609,like,258,4
12020,62614,that,258,4
12021,62623,It,259,4
12022,62626,s,259,4
12023,62628,a,259,4
12024,62630,Cheshire,259,4
12025,62639,cat,259,4
12026,62645,said,259,4
12027,62650,the,259,4
12028,62654,Duchess,259,4
12029,62664,and,259,4
12030,62668,that,259,4
12031,62673,s,259,4
12032,62675,why,259,4
12033,62680,Pig,259,4
12034,62687,She,260,4
12035,62691,said,260,4
12036,62696,the,260,4
12037,62700,last,260,4
12038,62705,word,260,4
12039,62710,with,260,4
12040,62715,such,260,4
12041,62720,sudden,260,4
12042,62727,violence,260,4
12043,62736,that,260,4
12044,62741,Alice,260,4
12045,62747,quite,260,4
12046,62753,jumped,260,4
12047,62761,but,260,4
12048,62765,she,260,4
12049,62769,saw,260,4
12050,62773,in,260,4
12051,62776,another,260,4
12052,62784,moment,260,4
12053,62791,that,260,4
12054,62796,it,260,4
12055,62799,was,260,4
12056,62803,addressed,260,4
12057,62813,to,260,4
12058,62816,the,260,4
12059,62820,baby,260,4
12060,62826,and,260,4
12061,62830,not,260,4
12062,62834,to,260,4
12063,62837,her,260,4
12064,62842,so,260,4
12065,62845,she,260,4
12066,62849,took,260,4
12067,62854,courage,260,4
12068,62863,and,260,4
12069,62867,went,260,4
12070,62872,on,260,4
12071,62875,again,260,4
12072,62885,I,261,4
12073,62887,didn,261,4
12074,62892,t,261,4
12075,62894,know,261,4
12076,62899,that,261,4
12077,62904,Cheshire,261,4
12078,62913,cats,261,4
12079,62918,always,261,4
12080,62925,grinned,261,4
12081,62934,in,261,4
12082,62937,fact,261,4
12083,62943,I,261,4
12084,62945,didn,261,4
12085,62950,t,261,4
12086,62952,know,261,4
12087,62957,that,261,4
12088,62962,cats,261,4
12089,62968,could,261,4
12090,62975,grin,261,4
12091,62984,They,262,4
12092,62989,all,262,4
12093,62993,can,262,4
12094,62999,said,262,4
12095,63004,the,262,4
12096,63008,Duchess,262,4
12097,63018,and,262,4
12098,63022,most,262,4
12099,63027,of,262,4
12100,63031,em,262,4
12101,63034,do,262,4
12102,63041,I,263,4
12103,63043,don,263,4
12104,63047,t,263,4
12105,63049,know,263,4
12106,63054,of,263,4
12107,63057,any,263,4
12108,63061,that,263,4
12109,63066,do,263,4
12110,63071,Alice,263,4
12111,63077,said,263,4
12112,63082,very,263,4
12113,63087,politely,263,4
12114,63097,feeling,263,4
12115,63105,quite,263,4
12116,63111,pleased,263,4
12117,63119,to,263,4
12118,63122,have,263,4
12119,63127,got,263,4
12120,63131,into,263,4
12121,63136,a,263,4
12122,63138,conversation,263,4
12123,63154,You,264,4
12124,63158,don,264,4
12125,63162,t,264,4
12126,63164,know,264,4
12127,63169,much,264,4
12128,63176,said,264,4
12129,63181,the,264,4
12130,63185,Duchess,264,4
12131,63195,and,264,4
12132,63199,that,264,4
12133,63204,s,264,4
12134,63206,a,264,4
12135,63208,fact,264,4
12136,63216,Alice,265,4
12137,63222,did,265,4
12138,63226,not,265,4
12139,63230,at,265,4
12140,63233,all,265,4
12141,63237,like,265,4
12142,63242,the,265,4
12143,63246,tone,265,4
12144,63251,of,265,4
12145,63254,this,265,4
12146,63259,remark,265,4
12147,63267,and,265,4
12148,63271,thought,265,4
12149,63279,it,265,4
12150,63282,would,265,4
12151,63288,be,265,4
12152,63291,as,265,4
12153,63294,well,265,4
12154,63299,to,265,4
12155,63302,introduce,265,4
12156,63312,some,265,4
12157,63317,other,265,4
12158,63323,subject,265,4
12159,63331,of,265,4
12160,63334,conversation,265,4
12161,63348,While,265,4
12162,63354,she,265,4
12163,63358,was,265,4
12164,63362,trying,265,4
12165,63369,to,265,4
12166,63372,fix,265,4
12167,63376,on,265,4
12168,63379,one,265,4
12169,63384,the,265,4
12170,63388,cook,265,4
12171,63393,took,265,4
12172,63398,the,265,4
12173,63402,cauldron,265,4
12174,63411,of,265,4
12175,63414,soup,265,4
12176,63419,off,265,4
12177,63423,the,265,4
12178,63427,fire,265,4
12179,63433,and,265,4
12180,63437,at,265,4
12181,63440,once,265,4
12182,63445,set,265,4
12183,63449,to,265,4
12184,63452,work,265,4
12185,63457,throwing,265,4
12186,63466,everything,265,4
12187,63477,within,265,4
12188,63484,her,265,4
12189,63488,reach,265,4
12190,63494,at,265,4
12191,63497,the,265,4
12192,63501,Duchess,265,4
12193,63509,and,265,4
12194,63513,the,265,4
12195,63517,baby,265,4
12196,63522,the,265,4
12197,63526,fire,265,4
12198,63531,irons,265,4
12199,63537,came,265,4
12200,63542,first,265,4
12201,63549,then,265,4
12202,63554,followed,265,4
12203,63563,a,265,4
12204,63565,shower,265,4
12205,63572,of,265,4
12206,63575,saucepans,265,4
12207,63586,plates,265,4
12208,63594,and,265,4
12209,63598,dishes,265,4
12210,63606,The,265,4
12211,63610,Duchess,265,4
12212,63618,took,265,4
12213,63623,no,265,4
12214,63626,notice,265,4
12215,63633,of,265,4
12216,63636,them,265,4
12217,63641,even,265,4
12218,63646,when,265,4
12219,63651,they,265,4
12220,63656,hit,265,4
12221,63660,her,265,4
12222,63665,and,265,4
12223,63669,the,265,4
12224,63673,baby,265,4
12225,63678,was,265,4
12226,63682,howling,265,4
12227,63690,so,265,4
12228,63693,much,265,4
12229,63698,already,265,4
12230,63707,that,265,4
12231,63712,it,265,4
12232,63715,was,265,4
12233,63719,quite,265,4
12234,63725,impossible,265,4
12235,63736,to,265,4
12236,63739,say,265,4
12237,63743,whether,265,4
12238,63751,the,265,4
12239,63755,blows,265,4
12240,63761,hurt,265,4
12241,63766,it,265,4
12242,63769,or,265,4
12243,63772,not,265,4
12244,63779,Oh,266,4
12245,63784,please,266,4
12246,63792,mind,266,4
12247,63797,what,266,4
12248,63802,you,266,4
12249,63806,re,266,4
12250,63809,doing,266,4
12251,63817,cried,266,4
12252,63823,Alice,266,4
12253,63830,jumping,266,4
12254,63838,up,266,4
12255,63841,and,266,4
12256,63845,down,266,4
12257,63850,in,266,4
12258,63853,an,266,4
12259,63856,agony,266,4
12260,63862,of,266,4
12261,63865,terror,266,4
12262,63874,Oh,266,4
12263,63878,there,266,4
12264,63884,goes,266,4
12265,63889,his,266,4
12266,63894,precious,266,4
12267,63904,nose,266,4
12268,63911,as,266,4
12269,63914,an,266,4
12270,63917,unusually,266,4
12271,63927,large,266,4
12272,63933,saucepan,266,4
12273,63942,flew,266,4
12274,63947,close,266,4
12275,63953,by,266,4
12276,63956,it,266,4
12277,63960,and,266,4
12278,63964,very,266,4
12279,63969,nearly,266,4
12280,63976,carried,266,4
12281,63984,it,266,4
12282,63987,off,266,4
12283,63994,If,267,4
12284,63997,everybody,267,4
12285,64007,minded,267,4
12286,64014,their,267,4
12287,64020,own,267,4
12288,64024,business,267,4
12289,64035,the,267,4
12290,64039,Duchess,267,4
12291,64047,said,267,4
12292,64052,in,267,4
12293,64055,a,267,4
12294,64057,hoarse,267,4
12295,64064,growl,267,4
12296,64072,the,267,4
12297,64076,world,267,4
12298,64082,would,267,4
12299,64088,go,267,4
12300,64091,round,267,4
12301,64097,a,267,4
12302,64099,deal,267,4
12303,64104,faster,267,4
12304,64111,than,267,4
12305,64116,it,267,4
12306,64119,does,267,4
12307,64128,Which,268,4
12308,64134,would,268,4
12309,64141,not,268,4
12310,64146,be,268,4
12311,64149,an,268,4
12312,64152,advantage,268,4
12313,64164,said,268,4
12314,64169,Alice,268,4
12315,64176,who,268,4
12316,64180,felt,268,4
12317,64185,very,268,4
12318,64190,glad,268,4
12319,64195,to,268,4
12320,64198,get,268,4
12321,64202,an,268,4
12322,64205,opportunity,268,4
12323,64217,of,268,4
12324,64220,showing,268,4
12325,64228,off,268,4
12326,64232,a,268,4
12327,64234,little,268,4
12328,64241,of,268,4
12329,64244,her,268,4
12330,64248,knowledge,268,4
12331,64260,Just,268,4
12332,64265,think,268,4
12333,64271,of,268,4
12334,64274,what,268,4
12335,64279,work,268,4
12336,64284,it,268,4
12337,64287,would,268,4
12338,64293,make,268,4
12339,64298,with,268,4
12340,64303,the,268,4
12341,64307,day,268,4
12342,64311,and,268,4
12343,64315,night,268,4
12344,64322,You,268,4
12345,64326,see,268,4
12346,64330,the,268,4
12347,64334,earth,268,4
12348,64340,takes,268,4
12349,64346,twenty,268,4
12350,64353,four,268,4
12351,64358,hours,268,4
12352,64364,to,268,4
12353,64367,turn,268,4
12354,64372,round,268,4
12355,64378,on,268,4
12356,64381,its,268,4
12357,64385,axis,268,4
12358,64394,Talking,269,4
12359,64402,of,269,4
12360,64405,axes,269,4
12361,64412,said,269,4
12362,64417,the,269,4
12363,64421,Duchess,269,4
12364,64431,chop,269,4
12365,64436,off,269,4
12366,64440,her,269,4
12367,64444,head,269,4
12368,64452,Alice,270,4
12369,64458,glanced,270,4
12370,64466,rather,270,4
12371,64473,anxiously,270,4
12372,64483,at,270,4
12373,64486,the,270,4
12374,64490,cook,270,4
12375,64496,to,270,4
12376,64499,see,270,4
12377,64503,if,270,4
12378,64506,she,270,4
12379,64510,meant,270,4
12380,64516,to,270,4
12381,64519,take,270,4
12382,64524,the,270,4
12383,64528,hint,270,4
12384,64534,but,270,4
12385,64538,the,270,4
12386,64542,cook,270,4
12387,64547,was,270,4
12388,64551,busily,270,4
12389,64558,stirring,270,4
12390,64567,the,270,4
12391,64571,soup,270,4
12392,64577,and,270,4
12393,64581,seemed,270,4
12394,64588,not,270,4
12395,64592,to,270,4
12396,64595,be,270,4
12397,64598,listening,270,4
12398,64609,so,270,4
12399,64612,she,270,4
12400,64616,went,270,4
12401,64621,on,270,4
12402,64624,again,270,4
12403,64632,Twenty,270,4
12404,64639,four,270,4
12405,64644,hours,270,4
12406,64651,I,270,4
12407,64654,think,270,4
12408,64662,or,270,4
12409,64665,is,270,4
12410,64668,it,270,4
12411,64671,twelve,270,4
12412,64679,I,270,4
12413,64685,Oh,271,4
12414,64689,don,271,4
12415,64693,t,271,4
12416,64695,bother,271,4
12417,64703,me,271,4
12418,64709,said,271,4
12419,64714,the,271,4
12420,64718,Duchess,271,4
12421,64728,I,271,4
12422,64730,never,271,4
12423,64736,could,271,4
12424,64742,abide,271,4
12425,64748,figures,271,4
12426,64758,And,271,4
12427,64762,with,271,4
12428,64767,that,271,4
12429,64772,she,271,4
12430,64776,began,271,4
12431,64782,nursing,271,4
12432,64790,her,271,4
12433,64794,child,271,4
12434,64800,again,271,4
12435,64807,singing,271,4
12436,64815,a,271,4
12437,64817,sort,271,4
12438,64822,of,271,4
12439,64825,lullaby,271,4
12440,64833,to,271,4
12441,64836,it,271,4
12442,64839,as,271,4
12443,64842,she,271,4
12444,64846,did,271,4
12445,64850,so,271,4
12446,64854,and,271,4
12447,64858,giving,271,4
12448,64865,it,271,4
12449,64868,a,271,4
12450,64870,violent,271,4
12451,64878,shake,271,4
12452,64884,at,271,4
12453,64887,the,271,4
12454,64891,end,271,4
12455,64895,of,271,4
12456,64898,every,271,4
12457,64904,line,271,4
12458,64912,Speak,272,4
12459,64918,roughly,272,4
12460,64926,to,272,4
12461,64929,your,272,4
12462,64934,little,272,4
12463,64941,boy,272,4
12464,64950,And,272,4
12465,64954,beat,272,4
12466,64959,him,272,4
12467,64963,when,272,4
12468,64968,he,272,4
12469,64971,sneezes,272,4
12470,64980,He,272,4
12471,64983,only,272,4
12472,64988,does,272,4
12473,64993,it,272,4
12474,64996,to,272,4
12475,64999,annoy,272,4
12476,65010,Because,272,4
12477,65018,he,272,4
12478,65021,knows,272,4
12479,65027,it,272,4
12480,65030,teases,272,4
12481,65041,CHORUS,273,4
12482,65050,In,273,4
12483,65053,which,273,4
12484,65059,the,273,4
12485,65063,cook,273,4
12486,65068,and,273,4
12487,65072,the,273,4
12488,65076,baby,273,4
12489,65081,joined,273,4
12490,65093,Wow,274,4
12491,65098,wow,274,4
12492,65103,wow,274,4
12493,65111,While,275,4
12494,65117,the,275,4
12495,65121,Duchess,275,4
12496,65129,sang,275,4
12497,65134,the,275,4
12498,65138,second,275,4
12499,65145,verse,275,4
12500,65151,of,275,4
12501,65154,the,275,4
12502,65158,song,275,4
12503,65164,she,275,4
12504,65168,kept,275,4
12505,65173,tossing,275,4
12506,65181,the,275,4
12507,65185,baby,275,4
12508,65190,violently,275,4
12509,65200,up,275,4
12510,65203,and,275,4
12511,65207,down,275,4
12512,65213,and,275,4
12513,65217,the,275,4
12514,65221,poor,275,4
12515,65226,little,275,4
12516,65233,thing,275,4
12517,65239,howled,275,4
12518,65246,so,275,4
12519,65250,that,275,4
12520,65255,Alice,275,4
12521,65261,could,275,4
12522,65267,hardly,275,4
12523,65274,hear,275,4
12524,65279,the,275,4
12525,65283,words,275,4
12526,65293,I,276,4
12527,65295,speak,276,4
12528,65301,severely,276,4
12529,65310,to,276,4
12530,65313,my,276,4
12531,65316,boy,276,4
12532,65325,I,276,4
12533,65327,beat,276,4
12534,65332,him,276,4
12535,65336,when,276,4
12536,65341,he,276,4
12537,65344,sneezes,276,4
12538,65353,For,276,4
12539,65357,he,276,4
12540,65360,can,276,4
12541,65364,thoroughly,276,4
12542,65375,enjoy,276,4
12543,65385,The,276,4
12544,65389,pepper,276,4
12545,65396,when,276,4
12546,65401,he,276,4
12547,65404,pleases,276,4
12548,65416,CHORUS,277,4
12549,65427,Wow,278,4
12550,65432,wow,278,4
12551,65437,wow,278,4
12552,65446,Here,279,4
12553,65452,you,279,4
12554,65456,may,279,4
12555,65460,nurse,279,4
12556,65466,it,279,4
12557,65469,a,279,4
12558,65471,bit,279,4
12559,65476,if,279,4
12560,65479,you,279,4
12561,65483,like,279,4
12562,65490,the,279,4
12563,65494,Duchess,279,4
12564,65502,said,279,4
12565,65507,to,279,4
12566,65510,Alice,279,4
12567,65517,flinging,279,4
12568,65526,the,279,4
12569,65530,baby,279,4
12570,65535,at,279,4
12571,65538,her,279,4
12572,65542,as,279,4
12573,65545,she,279,4
12574,65549,spoke,279,4
12575,65557,I,279,4
12576,65559,must,279,4
12577,65564,go,279,4
12578,65567,and,279,4
12579,65571,get,279,4
12580,65575,ready,279,4
12581,65581,to,279,4
12582,65584,play,279,4
12583,65589,croquet,279,4
12584,65597,with,279,4
12585,65602,the,279,4
12586,65606,Queen,279,4
12587,65614,and,279,4
12588,65618,she,279,4
12589,65622,hurried,279,4
12590,65630,out,279,4
12591,65634,of,279,4
12592,65637,the,279,4
12593,65641,room,279,4
12594,65647,The,279,4
12595,65651,cook,279,4
12596,65656,threw,279,4
12597,65662,a,279,4
12598,65664,frying,279,4
12599,65671,pan,279,4
12600,65675,after,279,4
12601,65681,her,279,4
12602,65685,as,279,4
12603,65688,she,279,4
12604,65692,went,279,4
12605,65697,out,279,4
12606,65702,but,279,4
12607,65706,it,279,4
12608,65709,just,279,4
12609,65714,missed,279,4
12610,65721,her,279,4
12611,65727,Alice,280,4
12612,65733,caught,280,4
12613,65740,the,280,4
12614,65744,baby,280,4
12615,65749,with,280,4
12616,65754,some,280,4
12617,65759,difficulty,280,4
12618,65771,as,280,4
12619,65774,it,280,4
12620,65777,was,280,4
12621,65781,a,280,4
12622,65783,queer,280,4
12623,65789,shaped,280,4
12624,65796,little,280,4
12625,65803,creature,280,4
12626,65813,and,280,4
12627,65817,held,280,4
12628,65822,out,280,4
12629,65826,its,280,4
12630,65830,arms,280,4
12631,65835,and,280,4
12632,65839,legs,280,4
12633,65844,in,280,4
12634,65847,all,280,4
12635,65851,directions,280,4
12636,65864,just,280,4
12637,65869,like,280,4
12638,65874,a,280,4
12639,65876,star,280,4
12640,65881,fish,280,4
12641,65888,thought,280,4
12642,65896,Alice,280,4
12643,65903,The,280,4
12644,65907,poor,280,4
12645,65912,little,280,4
12646,65919,thing,280,4
12647,65925,was,280,4
12648,65929,snorting,280,4
12649,65938,like,280,4
12650,65943,a,280,4
12651,65945,steam,280,4
12652,65951,engine,280,4
12653,65958,when,280,4
12654,65963,she,280,4
12655,65967,caught,280,4
12656,65974,it,280,4
12657,65978,and,280,4
12658,65982,kept,280,4
12659,65987,doubling,280,4
12660,65996,itself,280,4
12661,66003,up,280,4
12662,66006,and,280,4
12663,66010,straightening,280,4
12664,66024,itself,280,4
12665,66031,out,280,4
12666,66035,again,280,4
12667,66042,so,280,4
12668,66045,that,280,4
12669,66050,altogether,280,4
12670,66062,for,280,4
12671,66066,the,280,4
12672,66070,first,280,4
12673,66076,minute,280,4
12674,66083,or,280,4
12675,66086,two,280,4
12676,66091,it,280,4
12677,66094,was,280,4
12678,66098,as,280,4
12679,66101,much,280,4
12680,66106,as,280,4
12681,66109,she,280,4
12682,66113,could,280,4
12683,66119,do,280,4
12684,66122,to,280,4
12685,66125,hold,280,4
12686,66130,it,280,4
12687,66135,As,281,4
12688,66138,soon,281,4
12689,66143,as,281,4
12690,66146,she,281,4
12691,66150,had,281,4
12692,66154,made,281,4
12693,66159,out,281,4
12694,66163,the,281,4
12695,66167,proper,281,4
12696,66174,way,281,4
12697,66178,of,281,4
12698,66181,nursing,281,4
12699,66189,it,281,4
12700,66194,which,281,4
12701,66200,was,281,4
12702,66204,to,281,4
12703,66207,twist,281,4
12704,66213,it,281,4
12705,66216,up,281,4
12706,66219,into,281,4
12707,66224,a,281,4
12708,66226,sort,281,4
12709,66231,of,281,4
12710,66234,knot,281,4
12711,66240,and,281,4
12712,66244,then,281,4
12713,66249,keep,281,4
12714,66254,tight,281,4
12715,66260,hold,281,4
12716,66265,of,281,4
12717,66268,its,281,4
12718,66272,right,281,4
12719,66278,ear,281,4
12720,66282,and,281,4
12721,66286,left,281,4
12722,66291,foot,281,4
12723,66297,so,281,4
12724,66300,as,281,4
12725,66303,to,281,4
12726,66306,prevent,281,4
12727,66314,its,281,4
12728,66318,undoing,281,4
12729,66326,itself,281,4
12730,66335,she,281,4
12731,66339,carried,281,4
12732,66347,it,281,4
12733,66350,out,281,4
12734,66354,into,281,4
12735,66359,the,281,4
12736,66363,open,281,4
12737,66368,air,281,4
12738,66374,If,281,4
12739,66377,I,281,4
12740,66379,don,281,4
12741,66383,t,281,4
12742,66385,take,281,4
12743,66390,this,281,4
12744,66395,child,281,4
12745,66401,away,281,4
12746,66406,with,281,4
12747,66411,me,281,4
12748,66416,thought,281,4
12749,66424,Alice,281,4
12750,66432,they,281,4
12751,66437,re,281,4
12752,66440,sure,281,4
12753,66445,to,281,4
12754,66448,kill,281,4
12755,66453,it,281,4
12756,66456,in,281,4
12757,66459,a,281,4
12758,66461,day,281,4
12759,66465,or,281,4
12760,66468,two,281,4
12761,66473,wouldn,281,4
12762,66480,t,281,4
12763,66482,it,281,4
12764,66485,be,281,4
12765,66488,murder,281,4
12766,66495,to,281,4
12767,66498,leave,281,4
12768,66504,it,281,4
12769,66507,behind,281,4
12770,66516,She,281,4
12771,66520,said,281,4
12772,66525,the,281,4
12773,66529,last,281,4
12774,66534,words,281,4
12775,66540,out,281,4
12776,66544,loud,281,4
12777,66550,and,281,4
12778,66554,the,281,4
12779,66558,little,281,4
12780,66565,thing,281,4
12781,66571,grunted,281,4
12782,66579,in,281,4
12783,66582,reply,281,4
12784,66589,it,281,4
12785,66592,had,281,4
12786,66596,left,281,4
12787,66601,off,281,4
12788,66605,sneezing,281,4
12789,66614,by,281,4
12790,66617,this,281,4
12791,66622,time,281,4
12792,66630,Don,281,4
12793,66634,t,281,4
12794,66636,grunt,281,4
12795,66644,said,281,4
12796,66649,Alice,281,4
12797,66657,that,281,4
12798,66662,s,281,4
12799,66664,not,281,4
12800,66668,at,281,4
12801,66671,all,281,4
12802,66675,a,281,4
12803,66677,proper,281,4
12804,66684,way,281,4
12805,66688,of,281,4
12806,66691,expressing,281,4
12807,66702,yourself,281,4
12808,66714,The,282,4
12809,66718,baby,282,4
12810,66723,grunted,282,4
12811,66731,again,282,4
12812,66738,and,282,4
12813,66742,Alice,282,4
12814,66748,looked,282,4
12815,66755,very,282,4
12816,66760,anxiously,282,4
12817,66770,into,282,4
12818,66775,its,282,4
12819,66779,face,282,4
12820,66784,to,282,4
12821,66787,see,282,4
12822,66791,what,282,4
12823,66796,was,282,4
12824,66800,the,282,4
12825,66804,matter,282,4
12826,66811,with,282,4
12827,66816,it,282,4
12828,66820,There,282,4
12829,66826,could,282,4
12830,66832,be,282,4
12831,66835,no,282,4
12832,66838,doubt,282,4
12833,66844,that,282,4
12834,66849,it,282,4
12835,66852,had,282,4
12836,66856,a,282,4
12837,66859,very,282,4
12838,66865,turn,282,4
12839,66870,up,282,4
12840,66873,nose,282,4
12841,66879,much,282,4
12842,66884,more,282,4
12843,66889,like,282,4
12844,66894,a,282,4
12845,66896,snout,282,4
12846,66902,than,282,4
12847,66907,a,282,4
12848,66909,real,282,4
12849,66914,nose,282,4
12850,66920,also,282,4
12851,66925,its,282,4
12852,66929,eyes,282,4
12853,66934,were,282,4
12854,66939,getting,282,4
12855,66947,extremely,282,4
12856,66957,small,282,4
12857,66963,for,282,4
12858,66967,a,282,4
12859,66969,baby,282,4
12860,66975,altogether,282,4
12861,66986,Alice,282,4
12862,66992,did,282,4
12863,66996,not,282,4
12864,67000,like,282,4
12865,67005,the,282,4
12866,67009,look,282,4
12867,67014,of,282,4
12868,67017,the,282,4
12869,67021,thing,282,4
12870,67027,at,282,4
12871,67030,all,282,4
12872,67036,But,282,4
12873,67040,perhaps,282,4
12874,67048,it,282,4
12875,67051,was,282,4
12876,67055,only,282,4
12877,67060,sobbing,282,4
12878,67070,she,282,4
12879,67074,thought,282,4
12880,67083,and,282,4
12881,67087,looked,282,4
12882,67094,into,282,4
12883,67099,its,282,4
12884,67103,eyes,282,4
12885,67108,again,282,4
12886,67115,to,282,4
12887,67118,see,282,4
12888,67122,if,282,4
12889,67125,there,282,4
12890,67131,were,282,4
12891,67136,any,282,4
12892,67140,tears,282,4
12893,67148,No,283,4
12894,67152,there,283,4
12895,67158,were,283,4
12896,67163,no,283,4
12897,67166,tears,283,4
12898,67174,If,283,4
12899,67177,you,283,4
12900,67181,re,283,4
12901,67184,going,283,4
12902,67190,to,283,4
12903,67193,turn,283,4
12904,67198,into,283,4
12905,67203,a,283,4
12906,67205,pig,283,4
12907,67210,my,283,4
12908,67213,dear,283,4
12909,67220,said,283,4
12910,67225,Alice,283,4
12911,67232,seriously,283,4
12912,67244,I,283,4
12913,67246,ll,283,4
12914,67249,have,283,4
12915,67254,nothing,283,4
12916,67262,more,283,4
12917,67267,to,283,4
12918,67270,do,283,4
12919,67273,with,283,4
12920,67278,you,283,4
12921,67283,Mind,283,4
12922,67288,now,283,4
12923,67294,The,283,4
12924,67298,poor,283,4
12925,67303,little,283,4
12926,67310,thing,283,4
12927,67316,sobbed,283,4
12928,67323,again,283,4
12929,67330,or,283,4
12930,67333,grunted,283,4
12931,67342,it,283,4
12932,67345,was,283,4
12933,67349,impossible,283,4
12934,67360,to,283,4
12935,67363,say,283,4
12936,67367,which,283,4
12937,67375,and,283,4
12938,67379,they,283,4
12939,67384,went,283,4
12940,67389,on,283,4
12941,67392,for,283,4
12942,67396,some,283,4
12943,67401,while,283,4
12944,67407,in,283,4
12945,67410,silence,283,4
12946,67420,Alice,284,4
12947,67426,was,284,4
12948,67430,just,284,4
12949,67435,beginning,284,4
12950,67445,to,284,4
12951,67448,think,284,4
12952,67454,to,284,4
12953,67457,herself,284,4
12954,67467,Now,284,4
12955,67472,what,284,4
12956,67477,am,284,4
12957,67480,I,284,4
12958,67482,to,284,4
12959,67485,do,284,4
12960,67488,with,284,4
12961,67493,this,284,4
12962,67498,creature,284,4
12963,67507,when,284,4
12964,67512,I,284,4
12965,67514,get,284,4
12966,67518,it,284,4
12967,67521,home,284,4
12968,67528,when,284,4
12969,67533,it,284,4
12970,67536,grunted,284,4
12971,67544,again,284,4
12972,67551,so,284,4
12973,67554,violently,284,4
12974,67565,that,284,4
12975,67570,she,284,4
12976,67574,looked,284,4
12977,67581,down,284,4
12978,67586,into,284,4
12979,67591,its,284,4
12980,67595,face,284,4
12981,67600,in,284,4
12982,67603,some,284,4
12983,67608,alarm,284,4
12984,67615,This,284,4
12985,67620,time,284,4
12986,67625,there,284,4
12987,67631,could,284,4
12988,67637,be,284,4
12989,67641,no,284,4
12990,67645,mistake,284,4
12991,67653,about,284,4
12992,67659,it,284,4
12993,67663,it,284,4
12994,67666,was,284,4
12995,67670,neither,284,4
12996,67678,more,284,4
12997,67683,nor,284,4
12998,67687,less,284,4
12999,67692,than,284,4
13000,67697,a,284,4
13001,67699,pig,284,4
13002,67704,and,284,4
13003,67708,she,284,4
13004,67712,felt,284,4
13005,67717,that,284,4
13006,67722,it,284,4
13007,67725,would,284,4
13008,67731,be,284,4
13009,67734,quite,284,4
13010,67740,absurd,284,4
13011,67747,for,284,4
13012,67751,her,284,4
13013,67755,to,284,4
13014,67758,carry,284,4
13015,67764,it,284,4
13016,67767,further,284,4
13017,67777,So,285,4
13018,67780,she,285,4
13019,67784,set,285,4
13020,67788,the,285,4
13021,67792,little,285,4
13022,67799,creature,285,4
13023,67808,down,285,4
13024,67814,and,285,4
13025,67818,felt,285,4
13026,67823,quite,285,4
13027,67829,relieved,285,4
13028,67838,to,285,4
13029,67841,see,285,4
13030,67845,it,285,4
13031,67848,trot,285,4
13032,67853,away,285,4
13033,67858,quietly,285,4
13034,67866,into,285,4
13035,67871,the,285,4
13036,67875,wood,285,4
13037,67882,If,285,4
13038,67885,it,285,4
13039,67888,had,285,4
13040,67892,grown,285,4
13041,67898,up,285,4
13042,67903,she,285,4
13043,67907,said,285,4
13044,67912,to,285,4
13045,67915,herself,285,4
13046,67925,it,285,4
13047,67928,would,285,4
13048,67934,have,285,4
13049,67939,made,285,4
13050,67944,a,285,4
13051,67946,dreadfully,285,4
13052,67957,ugly,285,4
13053,67962,child,285,4
13054,67969,but,285,4
13055,67973,it,285,4
13056,67976,makes,285,4
13057,67982,rather,285,4
13058,67989,a,285,4
13059,67991,handsome,285,4
13060,68000,pig,285,4
13061,68005,I,285,4
13062,68007,think,285,4
13063,68015,And,285,4
13064,68019,she,285,4
13065,68023,began,285,4
13066,68029,thinking,285,4
13067,68038,over,285,4
13068,68043,other,285,4
13069,68049,children,285,4
13070,68058,she,285,4
13071,68062,knew,285,4
13072,68068,who,285,4
13073,68072,might,285,4
13074,68078,do,285,4
13075,68081,very,285,4
13076,68086,well,285,4
13077,68091,as,285,4
13078,68094,pigs,285,4
13079,68100,and,285,4
13080,68104,was,285,4
13081,68108,just,285,4
13082,68113,saying,285,4
13083,68120,to,285,4
13084,68123,herself,285,4
13085,68133,if,285,4
13086,68136,one,285,4
13087,68140,only,285,4
13088,68145,knew,285,4
13089,68150,the,285,4
13090,68154,right,285,4
13091,68160,way,285,4
13092,68164,to,285,4
13093,68167,change,285,4
13094,68174,them,285,4
13095,68181,when,285,4
13096,68186,she,285,4
13097,68190,was,285,4
13098,68194,a,285,4
13099,68196,little,285,4
13100,68203,startled,285,4
13101,68212,by,285,4
13102,68215,seeing,285,4
13103,68222,the,285,4
13104,68226,Cheshire,285,4
13105,68235,Cat,285,4
13106,68239,sitting,285,4
13107,68247,on,285,4
13108,68250,a,285,4
13109,68252,bough,285,4
13110,68258,of,285,4
13111,68261,a,285,4
13112,68263,tree,285,4
13113,68268,a,285,4
13114,68270,few,285,4
13115,68274,yards,285,4
13116,68280,off,285,4
13117,68286,The,286,4
13118,68290,Cat,286,4
13119,68294,only,286,4
13120,68299,grinned,286,4
13121,68307,when,286,4
13122,68312,it,286,4
13123,68315,saw,286,4
13124,68319,Alice,286,4
13125,68326,It,286,4
13126,68329,looked,286,4
13127,68336,good,286,4
13128,68341,natured,286,4
13129,68350,she,286,4
13130,68354,thought,286,4
13131,68363,still,286,4
13132,68369,it,286,4
13133,68372,had,286,4
13134,68377,very,286,4
13135,68383,long,286,4
13136,68388,claws,286,4
13137,68394,and,286,4
13138,68398,a,286,4
13139,68400,great,286,4
13140,68406,many,286,4
13141,68411,teeth,286,4
13142,68418,so,286,4
13143,68421,she,286,4
13144,68425,felt,286,4
13145,68430,that,286,4
13146,68435,it,286,4
13147,68438,ought,286,4
13148,68444,to,286,4
13149,68447,be,286,4
13150,68450,treated,286,4
13151,68458,with,286,4
13152,68463,respect,286,4
13153,68474,Cheshire,287,4
13154,68483,Puss,287,4
13155,68490,she,287,4
13156,68494,began,287,4
13157,68501,rather,287,4
13158,68508,timidly,287,4
13159,68517,as,287,4
13160,68520,she,287,4
13161,68524,did,287,4
13162,68528,not,287,4
13163,68532,at,287,4
13164,68535,all,287,4
13165,68539,know,287,4
13166,68544,whether,287,4
13167,68552,it,287,4
13168,68555,would,287,4
13169,68561,like,287,4
13170,68566,the,287,4
13171,68570,name,287,4
13172,68576,however,287,4
13173,68585,it,287,4
13174,68588,only,287,4
13175,68593,grinned,287,4
13176,68601,a,287,4
13177,68603,little,287,4
13178,68610,wider,287,4
13179,68618,Come,287,4
13180,68624,it,287,4
13181,68627,s,287,4
13182,68629,pleased,287,4
13183,68637,so,287,4
13184,68640,far,287,4
13185,68646,thought,287,4
13186,68654,Alice,287,4
13187,68661,and,287,4
13188,68665,she,287,4
13189,68669,went,287,4
13190,68674,on,287,4
13191,68679,Would,287,4
13192,68685,you,287,4
13193,68689,tell,287,4
13194,68694,me,287,4
13195,68698,please,287,4
13196,68706,which,287,4
13197,68712,way,287,4
13198,68716,I,287,4
13199,68718,ought,287,4
13200,68724,to,287,4
13201,68727,go,287,4
13202,68730,from,287,4
13203,68735,here,287,4
13204,68744,That,288,4
13205,68749,depends,288,4
13206,68757,a,288,4
13207,68759,good,288,4
13208,68764,deal,288,4
13209,68769,on,288,4
13210,68772,where,288,4
13211,68778,you,288,4
13212,68782,want,288,4
13213,68787,to,288,4
13214,68790,get,288,4
13215,68794,to,288,4
13216,68799,said,288,4
13217,68804,the,288,4
13218,68808,Cat,288,4
13219,68815,I,289,4
13220,68817,don,289,4
13221,68821,t,289,4
13222,68823,much,289,4
13223,68828,care,289,4
13224,68833,where,289,4
13225,68841,said,289,4
13226,68846,Alice,289,4
13227,68855,Then,290,4
13228,68860,it,290,4
13229,68863,doesn,290,4
13230,68869,t,290,4
13231,68871,matter,290,4
13232,68878,which,290,4
13233,68884,way,290,4
13234,68888,you,290,4
13235,68892,go,290,4
13236,68897,said,290,4
13237,68902,the,290,4
13238,68906,Cat,290,4
13239,68914,so,291,4
13240,68917,long,291,4
13241,68922,as,291,4
13242,68925,I,291,4
13243,68927,get,291,4
13244,68932,somewhere,291,4
13245,68945,Alice,291,4
13246,68951,added,291,4
13247,68957,as,291,4
13248,68960,an,291,4
13249,68963,explanation,291,4
13250,68978,Oh,292,4
13251,68982,you,292,4
13252,68986,re,292,4
13253,68989,sure,292,4
13254,68994,to,292,4
13255,68997,do,292,4
13256,69000,that,292,4
13257,69007,said,292,4
13258,69012,the,292,4
13259,69016,Cat,292,4
13260,69022,if,292,4
13261,69025,you,292,4
13262,69029,only,292,4
13263,69034,walk,292,4
13264,69039,long,292,4
13265,69044,enough,292,4
13266,69054,Alice,293,4
13267,69060,felt,293,4
13268,69065,that,293,4
13269,69070,this,293,4
13270,69075,could,293,4
13271,69081,not,293,4
13272,69085,be,293,4
13273,69088,denied,293,4
13274,69096,so,293,4
13275,69099,she,293,4
13276,69103,tried,293,4
13277,69109,another,293,4
13278,69117,question,293,4
13279,69128,What,293,4
13280,69133,sort,293,4
13281,69138,of,293,4
13282,69141,people,293,4
13283,69148,live,293,4
13284,69153,about,293,4
13285,69159,here,293,4
13286,69168,In,294,4
13287,69172,that,294,4
13288,69178,direction,294,4
13289,69190,the,294,4
13290,69194,Cat,294,4
13291,69198,said,294,4
13292,69204,waving,294,4
13293,69211,its,294,4
13294,69215,right,294,4
13295,69221,paw,294,4
13296,69225,round,294,4
13297,69233,lives,294,4
13298,69239,a,294,4
13299,69241,Hatter,294,4
13300,69249,and,294,4
13301,69253,in,294,4
13302,69257,that,294,4
13303,69263,direction,294,4
13304,69275,waving,294,4
13305,69282,the,294,4
13306,69286,other,294,4
13307,69292,paw,294,4
13308,69298,lives,294,4
13309,69304,a,294,4
13310,69306,March,294,4
13311,69312,Hare,294,4
13312,69318,Visit,294,4
13313,69324,either,294,4
13314,69331,you,294,4
13315,69335,like,294,4
13316,69341,they,294,4
13317,69346,re,294,4
13318,69349,both,294,4
13319,69354,mad,294,4
13320,69362,But,295,4
13321,69366,I,295,4
13322,69368,don,295,4
13323,69372,t,295,4
13324,69374,want,295,4
13325,69379,to,295,4
13326,69382,go,295,4
13327,69385,among,295,4
13328,69391,mad,295,4
13329,69395,people,295,4
13330,69404,Alice,295,4
13331,69410,remarked,295,4
13332,69422,Oh,296,4
13333,69426,you,296,4
13334,69430,can,296,4
13335,69434,t,296,4
13336,69436,help,296,4
13337,69441,that,296,4
13338,69448,said,296,4
13339,69453,the,296,4
13340,69457,Cat,296,4
13341,69463,we,296,4
13342,69466,re,296,4
13343,69469,all,296,4
13344,69473,mad,296,4
13345,69477,here,296,4
13346,69483,I,296,4
13347,69485,m,296,4
13348,69487,mad,296,4
13349,69492,You,296,4
13350,69496,re,296,4
13351,69499,mad,296,4
13352,69507,How,297,4
13353,69511,do,297,4
13354,69514,you,297,4
13355,69518,know,297,4
13356,69523,I,297,4
13357,69525,m,297,4
13358,69527,mad,297,4
13359,69533,said,297,4
13360,69538,Alice,297,4
13361,69547,You,298,4
13362,69551,must,298,4
13363,69556,be,298,4
13364,69561,said,298,4
13365,69566,the,298,4
13366,69570,Cat,298,4
13367,69576,or,298,4
13368,69579,you,298,4
13369,69583,wouldn,298,4
13370,69590,t,298,4
13371,69592,have,298,4
13372,69597,come,298,4
13373,69602,here,298,4
13374,69610,Alice,299,4
13375,69616,didn,299,4
13376,69621,t,299,4
13377,69623,think,299,4
13378,69629,that,299,4
13379,69634,proved,299,4
13380,69641,it,299,4
13381,69644,at,299,4
13382,69647,all,299,4
13383,69652,however,299,4
13384,69661,she,299,4
13385,69665,went,299,4
13386,69670,on,299,4
13387,69674,And,299,4
13388,69678,how,299,4
13389,69682,do,299,4
13390,69685,you,299,4
13391,69689,know,299,4
13392,69694,that,299,4
13393,69699,you,299,4
13394,69703,re,299,4
13395,69706,mad,299,4
13396,69714,To,300,4
13397,69717,begin,300,4
13398,69723,with,300,4
13399,69730,said,300,4
13400,69735,the,300,4
13401,69739,Cat,300,4
13402,69745,a,300,4
13403,69747,dog,300,4
13404,69751,s,300,4
13405,69753,not,300,4
13406,69757,mad,300,4
13407,69762,You,300,4
13408,69766,grant,300,4
13409,69772,that,300,4
13410,69781,I,301,4
13411,69783,suppose,301,4
13412,69791,so,301,4
13413,69796,said,301,4
13414,69801,Alice,301,4
13415,69810,Well,302,4
13416,69816,then,302,4
13417,69823,the,302,4
13418,69827,Cat,302,4
13419,69831,went,302,4
13420,69836,on,302,4
13421,69841,you,302,4
13422,69845,see,302,4
13423,69850,a,302,4
13424,69852,dog,302,4
13425,69856,growls,302,4
13426,69863,when,302,4
13427,69868,it,302,4
13428,69871,s,302,4
13429,69873,angry,302,4
13430,69880,and,302,4
13431,69884,wags,302,4
13432,69889,its,302,4
13433,69893,tail,302,4
13434,69898,when,302,4
13435,69903,it,302,4
13436,69906,s,302,4
13437,69908,pleased,302,4
13438,69917,Now,302,4
13439,69922,I,302,4
13440,69925,growl,302,4
13441,69931,when,302,4
13442,69936,I,302,4
13443,69938,m,302,4
13444,69940,pleased,302,4
13445,69949,and,302,4
13446,69953,wag,302,4
13447,69957,my,302,4
13448,69960,tail,302,4
13449,69965,when,302,4
13450,69970,I,302,4
13451,69972,m,302,4
13452,69974,angry,302,4
13453,69981,Therefore,302,4
13454,69991,I,302,4
13455,69993,m,302,4
13456,69995,mad,302,4
13457,70004,I,303,4
13458,70007,call,303,4
13459,70012,it,303,4
13460,70015,purring,303,4
13461,70024,not,303,4
13462,70028,growling,303,4
13463,70039,said,303,4
13464,70044,Alice,303,4
13465,70053,Call,304,4
13466,70058,it,304,4
13467,70061,what,304,4
13468,70066,you,304,4
13469,70070,like,304,4
13470,70077,said,304,4
13471,70082,the,304,4
13472,70086,Cat,304,4
13473,70092,Do,304,4
13474,70095,you,304,4
13475,70099,play,304,4
13476,70104,croquet,304,4
13477,70112,with,304,4
13478,70117,the,304,4
13479,70121,Queen,304,4
13480,70127,to,304,4
13481,70130,day,304,4
13482,70138,I,305,4
13483,70140,should,305,4
13484,70147,like,305,4
13485,70152,it,305,4
13486,70155,very,305,4
13487,70160,much,305,4
13488,70167,said,305,4
13489,70172,Alice,305,4
13490,70180,but,305,4
13491,70184,I,305,4
13492,70186,haven,305,4
13493,70192,t,305,4
13494,70194,been,305,4
13495,70199,invited,305,4
13496,70207,yet,305,4
13497,70215,You,306,4
13498,70219,ll,306,4
13499,70222,see,306,4
13500,70226,me,306,4
13501,70229,there,306,4
13502,70237,said,306,4
13503,70242,the,306,4
13504,70246,Cat,306,4
13505,70251,and,306,4
13506,70255,vanished,306,4
13507,70266,Alice,307,4
13508,70272,was,307,4
13509,70276,not,307,4
13510,70280,much,307,4
13511,70285,surprised,307,4
13512,70295,at,307,4
13513,70298,this,307,4
13514,70304,she,307,4
13515,70308,was,307,4
13516,70312,getting,307,4
13517,70320,so,307,4
13518,70323,used,307,4
13519,70328,to,307,4
13520,70331,queer,307,4
13521,70337,things,307,4
13522,70344,happening,307,4
13523,70355,While,307,4
13524,70361,she,307,4
13525,70365,was,307,4
13526,70369,looking,307,4
13527,70377,at,307,4
13528,70380,the,307,4
13529,70384,place,307,4
13530,70390,where,307,4
13531,70396,it,307,4
13532,70399,had,307,4
13533,70403,been,307,4
13534,70409,it,307,4
13535,70412,suddenly,307,4
13536,70421,appeared,307,4
13537,70430,again,307,4
13538,70439,By,308,4
13539,70442,the,308,4
13540,70446,bye,308,4
13541,70451,what,308,4
13542,70456,became,308,4
13543,70463,of,308,4
13544,70466,the,308,4
13545,70470,baby,308,4
13546,70477,said,308,4
13547,70482,the,308,4
13548,70486,Cat,308,4
13549,70492,I,308,4
13550,70494,d,308,4
13551,70496,nearly,308,4
13552,70503,forgotten,308,4
13553,70513,to,308,4
13554,70516,ask,308,4
13555,70524,It,309,4
13556,70527,turned,309,4
13557,70534,into,309,4
13558,70539,a,309,4
13559,70541,pig,309,4
13560,70547,Alice,309,4
13561,70553,quietly,309,4
13562,70561,said,309,4
13563,70567,just,309,4
13564,70572,as,309,4
13565,70575,if,309,4
13566,70578,it,309,4
13567,70581,had,309,4
13568,70585,come,309,4
13569,70590,back,309,4
13570,70595,in,309,4
13571,70598,a,309,4
13572,70600,natural,309,4
13573,70608,way,309,4
13574,70615,I,310,4
13575,70617,thought,310,4
13576,70625,it,310,4
13577,70628,would,310,4
13578,70636,said,310,4
13579,70641,the,310,4
13580,70645,Cat,310,4
13581,70650,and,310,4
13582,70654,vanished,310,4
13583,70663,again,310,4
13584,70671,Alice,311,4
13585,70677,waited,311,4
13586,70684,a,311,4
13587,70686,little,311,4
13588,70694,half,311,4
13589,70699,expecting,311,4
13590,70709,to,311,4
13591,70712,see,311,4
13592,70716,it,311,4
13593,70719,again,311,4
13594,70726,but,311,4
13595,70730,it,311,4
13596,70733,did,311,4
13597,70737,not,311,4
13598,70741,appear,311,4
13599,70749,and,311,4
13600,70753,after,311,4
13601,70759,a,311,4
13602,70761,minute,311,4
13603,70768,or,311,4
13604,70771,two,311,4
13605,70775,she,311,4
13606,70779,walked,311,4
13607,70786,on,311,4
13608,70789,in,311,4
13609,70792,the,311,4
13610,70796,direction,311,4
13611,70806,in,311,4
13612,70809,which,311,4
13613,70815,the,311,4
13614,70819,March,311,4
13615,70825,Hare,311,4
13616,70830,was,311,4
13617,70834,said,311,4
13618,70839,to,311,4
13619,70842,live,311,4
13620,70849,I,311,4
13621,70851,ve,311,4
13622,70854,seen,311,4
13623,70859,hatters,311,4
13624,70867,before,311,4
13625,70876,she,311,4
13626,70880,said,311,4
13627,70885,to,311,4
13628,70888,herself,311,4
13629,70898,the,311,4
13630,70902,March,311,4
13631,70908,Hare,311,4
13632,70913,will,311,4
13633,70918,be,311,4
13634,70921,much,311,4
13635,70926,the,311,4
13636,70930,most,311,4
13637,70935,interesting,311,4
13638,70948,and,311,4
13639,70952,perhaps,311,4
13640,70960,as,311,4
13641,70963,this,311,4
13642,70968,is,311,4
13643,70971,May,311,4
13644,70975,it,311,4
13645,70978,won,311,4
13646,70982,t,311,4
13647,70984,be,311,4
13648,70987,raving,311,4
13649,70994,mad,311,4
13650,70998,at,311,4
13651,71001,least,311,4
13652,71007,not,311,4
13653,71011,so,311,4
13654,71014,mad,311,4
13655,71018,as,311,4
13656,71021,it,311,4
13657,71024,was,311,4
13658,71028,in,311,4
13659,71031,March,311,4
13660,71039,As,311,4
13661,71042,she,311,4
13662,71046,said,311,4
13663,71051,this,311,4
13664,71057,she,311,4
13665,71061,looked,311,4
13666,71068,up,311,4
13667,71072,and,311,4
13668,71076,there,311,4
13669,71082,was,311,4
13670,71086,the,311,4
13671,71090,Cat,311,4
13672,71094,again,311,4
13673,71101,sitting,311,4
13674,71109,on,311,4
13675,71112,a,311,4
13676,71114,branch,311,4
13677,71121,of,311,4
13678,71124,a,311,4
13679,71126,tree,311,4
13680,71134,Did,312,4
13681,71138,you,312,4
13682,71142,say,312,4
13683,71146,pig,312,4
13684,71151,or,312,4
13685,71154,fig,312,4
13686,71160,said,312,4
13687,71165,the,312,4
13688,71169,Cat,312,4
13689,71176,I,313,4
13690,71178,said,313,4
13691,71183,pig,313,4
13692,71189,replied,313,4
13693,71197,Alice,313,4
13694,71205,and,313,4
13695,71209,I,313,4
13696,71211,wish,313,4
13697,71216,you,313,4
13698,71220,wouldn,313,4
13699,71227,t,313,4
13700,71229,keep,313,4
13701,71234,appearing,313,4
13702,71244,and,313,4
13703,71248,vanishing,313,4
13704,71258,so,313,4
13705,71261,suddenly,313,4
13706,71271,you,313,4
13707,71275,make,313,4
13708,71280,one,313,4
13709,71284,quite,313,4
13710,71290,giddy,313,4
13711,71300,All,314,4
13712,71304,right,314,4
13713,71312,said,314,4
13714,71317,the,314,4
13715,71321,Cat,314,4
13716,71326,and,314,4
13717,71330,this,314,4
13718,71335,time,314,4
13719,71340,it,314,4
13720,71343,vanished,314,4
13721,71352,quite,314,4
13722,71358,slowly,314,4
13723,71366,beginning,314,4
13724,71376,with,314,4
13725,71381,the,314,4
13726,71385,end,314,4
13727,71389,of,314,4
13728,71392,the,314,4
13729,71396,tail,314,4
13730,71402,and,314,4
13731,71406,ending,314,4
13732,71413,with,314,4
13733,71418,the,314,4
13734,71422,grin,314,4
13735,71428,which,314,4
13736,71434,remained,314,4
13737,71443,some,314,4
13738,71448,time,314,4
13739,71453,after,314,4
13740,71459,the,314,4
13741,71463,rest,314,4
13742,71468,of,314,4
13743,71471,it,314,4
13744,71474,had,314,4
13745,71478,gone,314,4
13746,71486,Well,315,4
13747,71492,I,315,4
13748,71494,ve,315,4
13749,71497,often,315,4
13750,71503,seen,315,4
13751,71508,a,315,4
13752,71510,cat,315,4
13753,71514,without,315,4
13754,71522,a,315,4
13755,71524,grin,315,4
13756,71531,thought,315,4
13757,71539,Alice,315,4
13758,71547,but,315,4
13759,71551,a,315,4
13760,71553,grin,315,4
13761,71558,without,315,4
13762,71566,a,315,4
13763,71568,cat,315,4
13764,71573,It,315,4
13765,71576,s,315,4
13766,71578,the,315,4
13767,71582,most,315,4
13768,71587,curious,315,4
13769,71595,thing,315,4
13770,71601,I,315,4
13771,71603,ever,315,4
13772,71608,saw,315,4
13773,71612,in,315,4
13774,71615,my,315,4
13775,71618,life,315,4
13776,71626,She,316,4
13777,71630,had,316,4
13778,71634,not,316,4
13779,71638,gone,316,4
13780,71643,much,316,4
13781,71648,farther,316,4
13782,71656,before,316,4
13783,71663,she,316,4
13784,71667,came,316,4
13785,71672,in,316,4
13786,71675,sight,316,4
13787,71681,of,316,4
13788,71684,the,316,4
13789,71688,house,316,4
13790,71694,of,316,4
13791,71697,the,316,4
13792,71701,March,316,4
13793,71707,Hare,316,4
13794,71713,she,316,4
13795,71717,thought,316,4
13796,71725,it,316,4
13797,71728,must,316,4
13798,71733,be,316,4
13799,71736,the,316,4
13800,71740,right,316,4
13801,71746,house,316,4
13802,71753,because,316,4
13803,71761,the,316,4
13804,71765,chimneys,316,4
13805,71774,were,316,4
13806,71779,shaped,316,4
13807,71786,like,316,4
13808,71791,ears,316,4
13809,71796,and,316,4
13810,71800,the,316,4
13811,71804,roof,316,4
13812,71809,was,316,4
13813,71813,thatched,316,4
13814,71822,with,316,4
13815,71827,fur,316,4
13816,71832,It,316,4
13817,71835,was,316,4
13818,71839,so,316,4
13819,71842,large,316,4
13820,71848,a,316,4
13821,71850,house,316,4
13822,71857,that,316,4
13823,71862,she,316,4
13824,71866,did,316,4
13825,71870,not,316,4
13826,71874,like,316,4
13827,71879,to,316,4
13828,71882,go,316,4
13829,71885,nearer,316,4
13830,71892,till,316,4
13831,71897,she,316,4
13832,71901,had,316,4
13833,71905,nibbled,316,4
13834,71913,some,316,4
13835,71918,more,316,4
13836,71923,of,316,4
13837,71926,the,316,4
13838,71930,lefthand,316,4
13839,71939,bit,316,4
13840,71943,of,316,4
13841,71946,mushroom,316,4
13842,71956,and,316,4
13843,71960,raised,316,4
13844,71967,herself,316,4
13845,71975,to,316,4
13846,71978,about,316,4
13847,71984,two,316,4
13848,71988,feet,316,4
13849,71993,high,316,4
13850,71999,even,316,4
13851,72004,then,316,4
13852,72009,she,316,4
13853,72013,walked,316,4
13854,72020,up,316,4
13855,72023,towards,316,4
13856,72031,it,316,4
13857,72034,rather,316,4
13858,72041,timidly,316,4
13859,72050,saying,316,4
13860,72057,to,316,4
13861,72060,herself,316,4
13862,72069,Suppose,316,4
13863,72077,it,316,4
13864,72080,should,316,4
13865,72087,be,316,4
13866,72090,raving,316,4
13867,72097,mad,316,4
13868,72101,after,316,4
13869,72107,all,316,4
13870,72112,I,316,4
13871,72114,almost,316,4
13872,72121,wish,316,4
13873,72126,I,316,4
13874,72128,d,316,4
13875,72130,gone,316,4
13876,72135,to,316,4
13877,72138,see,316,4
13878,72142,the,316,4
13879,72146,Hatter,316,4
13880,72153,instead,316,4
13881,72167,CHAPTER,317,5
13882,72175,VII,317,5
13883,72180,A,317,5
13884,72182,Mad,317,5
13885,72186,Tea,317,5
13886,72190,Party,317,5
13887,72198,There,318,5
13888,72204,was,318,5
13889,72208,a,318,5
13890,72210,table,318,5
13891,72216,set,318,5
13892,72220,out,318,5
13893,72224,under,318,5
13894,72230,a,318,5
13895,72232,tree,318,5
13896,72237,in,318,5
13897,72240,front,318,5
13898,72246,of,318,5
13899,72249,the,318,5
13900,72253,house,318,5
13901,72260,and,318,5
13902,72264,the,318,5
13903,72268,March,318,5
13904,72274,Hare,318,5
13905,72279,and,318,5
13906,72283,the,318,5
13907,72287,Hatter,318,5
13908,72294,were,318,5
13909,72299,having,318,5
13910,72306,tea,318,5
13911,72310,at,318,5
13912,72313,it,318,5
13913,72317,a,318,5
13914,72319,Dormouse,318,5
13915,72328,was,318,5
13916,72332,sitting,318,5
13917,72340,between,318,5
13918,72348,them,318,5
13919,72354,fast,318,5
13920,72359,asleep,318,5
13921,72367,and,318,5
13922,72371,the,318,5
13923,72375,other,318,5
13924,72381,two,318,5
13925,72385,were,318,5
13926,72390,using,318,5
13927,72396,it,318,5
13928,72399,as,318,5
13929,72402,a,318,5
13930,72404,cushion,318,5
13931,72413,resting,318,5
13932,72421,their,318,5
13933,72427,elbows,318,5
13934,72434,on,318,5
13935,72437,it,318,5
13936,72441,and,318,5
13937,72445,talking,318,5
13938,72453,over,318,5
13939,72458,its,318,5
13940,72462,head,318,5
13941,72469,Very,318,5
13942,72474,uncomfortable,318,5
13943,72488,for,318,5
13944,72492,the,318,5
13945,72496,Dormouse,318,5
13946,72507,thought,318,5
13947,72515,Alice,318,5
13948,72523,only,318,5
13949,72529,as,318,5
13950,72532,it,318,5
13951,72535,s,318,5
13952,72537,asleep,318,5
13953,72545,I,318,5
13954,72547,suppose,318,5
13955,72555,it,318,5
13956,72558,doesn,318,5
13957,72564,t,318,5
13958,72566,mind,318,5
13959,72574,The,319,5
13960,72578,table,319,5
13961,72584,was,319,5
13962,72588,a,319,5
13963,72590,large,319,5
13964,72596,one,319,5
13965,72601,but,319,5
13966,72605,the,319,5
13967,72609,three,319,5
13968,72615,were,319,5
13969,72620,all,319,5
13970,72624,crowded,319,5
13971,72632,together,319,5
13972,72641,at,319,5
13973,72644,one,319,5
13974,72648,corner,319,5
13975,72655,of,319,5
13976,72658,it,319,5
13977,72663,No,319,5
13978,72666,room,319,5
13979,72672,No,319,5
13980,72675,room,319,5
13981,72682,they,319,5
13982,72687,cried,319,5
13983,72693,out,319,5
13984,72697,when,319,5
13985,72702,they,319,5
13986,72707,saw,319,5
13987,72711,Alice,319,5
13988,72717,coming,319,5
13989,72726,There,319,5
13990,72732,s,319,5
13991,72735,plenty,319,5
13992,72743,of,319,5
13993,72746,room,319,5
13994,72753,said,319,5
13995,72758,Alice,319,5
13996,72764,indignantly,319,5
13997,72777,and,319,5
13998,72781,she,319,5
13999,72785,sat,319,5
14000,72789,down,319,5
14001,72794,in,319,5
14002,72797,a,319,5
14003,72799,large,319,5
14004,72805,arm,319,5
14005,72809,chair,319,5
14006,72815,at,319,5
14007,72818,one,319,5
14008,72822,end,319,5
14009,72826,of,319,5
14010,72829,the,319,5
14011,72833,table,319,5
14012,72842,Have,320,5
14013,72847,some,320,5
14014,72852,wine,320,5
14015,72859,the,320,5
14016,72863,March,320,5
14017,72869,Hare,320,5
14018,72874,said,320,5
14019,72879,in,320,5
14020,72882,an,320,5
14021,72885,encouraging,320,5
14022,72897,tone,320,5
14023,72904,Alice,321,5
14024,72910,looked,321,5
14025,72917,all,321,5
14026,72921,round,321,5
14027,72927,the,321,5
14028,72931,table,321,5
14029,72938,but,321,5
14030,72942,there,321,5
14031,72948,was,321,5
14032,72952,nothing,321,5
14033,72960,on,321,5
14034,72963,it,321,5
14035,72966,but,321,5
14036,72970,tea,321,5
14037,72976,I,321,5
14038,72978,don,321,5
14039,72982,t,321,5
14040,72984,see,321,5
14041,72988,any,321,5
14042,72992,wine,321,5
14043,72999,she,321,5
14044,73003,remarked,321,5
14045,73015,There,322,5
14046,73021,isn,322,5
14047,73025,t,322,5
14048,73027,any,322,5
14049,73033,said,322,5
14050,73038,the,322,5
14051,73042,March,322,5
14052,73048,Hare,322,5
14053,73056,Then,323,5
14054,73061,it,323,5
14055,73064,wasn,323,5
14056,73069,t,323,5
14057,73071,very,323,5
14058,73076,civil,323,5
14059,73082,of,323,5
14060,73085,you,323,5
14061,73089,to,323,5
14062,73092,offer,323,5
14063,73098,it,323,5
14064,73103,said,323,5
14065,73108,Alice,323,5
14066,73114,angrily,323,5
14067,73125,It,324,5
14068,73128,wasn,324,5
14069,73133,t,324,5
14070,73135,very,324,5
14071,73140,civil,324,5
14072,73146,of,324,5
14073,73149,you,324,5
14074,73153,to,324,5
14075,73156,sit,324,5
14076,73160,down,324,5
14077,73165,without,324,5
14078,73173,being,324,5
14079,73179,invited,324,5
14080,73189,said,324,5
14081,73194,the,324,5
14082,73198,March,324,5
14083,73204,Hare,324,5
14084,73212,I,325,5
14085,73214,didn,325,5
14086,73219,t,325,5
14087,73221,know,325,5
14088,73226,it,325,5
14089,73229,was,325,5
14090,73234,your,325,5
14091,73240,table,325,5
14092,73248,said,325,5
14093,73253,Alice,325,5
14094,73261,it,325,5
14095,73264,s,325,5
14096,73266,laid,325,5
14097,73271,for,325,5
14098,73275,a,325,5
14099,73277,great,325,5
14100,73283,many,325,5
14101,73288,more,325,5
14102,73293,than,325,5
14103,73298,three,325,5
14104,73308,Your,326,5
14105,73313,hair,326,5
14106,73318,wants,326,5
14107,73324,cutting,326,5
14108,73334,said,326,5
14109,73339,the,326,5
14110,73343,Hatter,326,5
14111,73351,He,326,5
14112,73354,had,326,5
14113,73358,been,326,5
14114,73363,looking,326,5
14115,73371,at,326,5
14116,73374,Alice,326,5
14117,73380,for,326,5
14118,73384,some,326,5
14119,73389,time,326,5
14120,73394,with,326,5
14121,73399,great,326,5
14122,73405,curiosity,326,5
14123,73416,and,326,5
14124,73420,this,326,5
14125,73425,was,326,5
14126,73429,his,326,5
14127,73433,first,326,5
14128,73439,speech,326,5
14129,73449,You,327,5
14130,73453,should,327,5
14131,73460,learn,327,5
14132,73466,not,327,5
14133,73470,to,327,5
14134,73473,make,327,5
14135,73478,personal,327,5
14136,73487,remarks,327,5
14137,73497,Alice,327,5
14138,73503,said,327,5
14139,73508,with,327,5
14140,73513,some,327,5
14141,73518,severity,327,5
14142,73529,it,327,5
14143,73532,s,327,5
14144,73534,very,327,5
14145,73539,rude,327,5
14146,73547,The,328,5
14147,73551,Hatter,328,5
14148,73558,opened,328,5
14149,73565,his,328,5
14150,73569,eyes,328,5
14151,73574,very,328,5
14152,73579,wide,328,5
14153,73584,on,328,5
14154,73587,hearing,328,5
14155,73595,this,328,5
14156,73601,but,328,5
14157,73605,all,328,5
14158,73609,he,328,5
14159,73613,said,328,5
14160,73619,was,328,5
14161,73625,Why,328,5
14162,73629,is,328,5
14163,73632,a,328,5
14164,73634,raven,328,5
14165,73640,like,328,5
14166,73645,a,328,5
14167,73647,writing,328,5
14168,73655,desk,328,5
14169,73664,Come,329,5
14170,73670,we,329,5
14171,73673,shall,329,5
14172,73679,have,329,5
14173,73684,some,329,5
14174,73689,fun,329,5
14175,73693,now,329,5
14176,73699,thought,329,5
14177,73707,Alice,329,5
14178,73715,I,329,5
14179,73717,m,329,5
14180,73719,glad,329,5
14181,73724,they,329,5
14182,73729,ve,329,5
14183,73732,begun,329,5
14184,73738,asking,329,5
14185,73745,riddles,329,5
14186,73754,I,329,5
14187,73756,believe,329,5
14188,73764,I,329,5
14189,73766,can,329,5
14190,73770,guess,329,5
14191,73776,that,329,5
14192,73783,she,329,5
14193,73787,added,329,5
14194,73793,aloud,329,5
14195,73802,Do,330,5
14196,73805,you,330,5
14197,73809,mean,330,5
14198,73814,that,330,5
14199,73819,you,330,5
14200,73823,think,330,5
14201,73829,you,330,5
14202,73833,can,330,5
14203,73837,find,330,5
14204,73842,out,330,5
14205,73846,the,330,5
14206,73850,answer,330,5
14207,73857,to,330,5
14208,73860,it,330,5
14209,73865,said,330,5
14210,73870,the,330,5
14211,73874,March,330,5
14212,73880,Hare,330,5
14213,73888,Exactly,331,5
14214,73896,so,331,5
14215,73901,said,331,5
14216,73906,Alice,331,5
14217,73915,Then,332,5
14218,73920,you,332,5
14219,73924,should,332,5
14220,73931,say,332,5
14221,73935,what,332,5
14222,73940,you,332,5
14223,73944,mean,332,5
14224,73951,the,332,5
14225,73955,March,332,5
14226,73961,Hare,332,5
14227,73966,went,332,5
14228,73971,on,332,5
14229,73977,I,333,5
14230,73979,do,333,5
14231,73984,Alice,333,5
14232,73990,hastily,333,5
14233,73998,replied,333,5
14234,74008,at,333,5
14235,74011,least,333,5
14236,74017,at,333,5
14237,74020,least,333,5
14238,74026,I,333,5
14239,74028,mean,333,5
14240,74033,what,333,5
14241,74038,I,333,5
14242,74040,say,333,5
14243,74044,that,333,5
14244,74049,s,333,5
14245,74051,the,333,5
14246,74055,same,333,5
14247,74060,thing,333,5
14248,74067,you,333,5
14249,74071,know,333,5
14250,74080,Not,334,5
14251,74084,the,334,5
14252,74088,same,334,5
14253,74093,thing,334,5
14254,74099,a,334,5
14255,74101,bit,334,5
14256,74107,said,334,5
14257,74112,the,334,5
14258,74116,Hatter,334,5
14259,74125,You,334,5
14260,74129,might,334,5
14261,74135,just,334,5
14262,74140,as,334,5
14263,74143,well,334,5
14264,74148,say,334,5
14265,74152,that,334,5
14266,74158,I,334,5
14267,74160,see,334,5
14268,74164,what,334,5
14269,74169,I,334,5
14270,74171,eat,334,5
14271,74176,is,334,5
14272,74179,the,334,5
14273,74183,same,334,5
14274,74188,thing,334,5
14275,74194,as,334,5
14276,74198,I,334,5
14277,74200,eat,334,5
14278,74204,what,334,5
14279,74209,I,334,5
14280,74211,see,334,5
14281,74220,You,335,5
14282,74224,might,335,5
14283,74230,just,335,5
14284,74235,as,335,5
14285,74238,well,335,5
14286,74243,say,335,5
14287,74249,added,335,5
14288,74255,the,335,5
14289,74259,March,335,5
14290,74265,Hare,335,5
14291,74272,that,335,5
14292,74278,I,335,5
14293,74280,like,335,5
14294,74285,what,335,5
14295,74290,I,335,5
14296,74292,get,335,5
14297,74297,is,335,5
14298,74300,the,335,5
14299,74304,same,335,5
14300,74309,thing,335,5
14301,74315,as,335,5
14302,74319,I,335,5
14303,74321,get,335,5
14304,74325,what,335,5
14305,74330,I,335,5
14306,74332,like,335,5
14307,74342,You,336,5
14308,74346,might,336,5
14309,74352,just,336,5
14310,74357,as,336,5
14311,74360,well,336,5
14312,74365,say,336,5
14313,74371,added,336,5
14314,74377,the,336,5
14315,74381,Dormouse,336,5
14316,74391,who,336,5
14317,74395,seemed,336,5
14318,74402,to,336,5
14319,74405,be,336,5
14320,74408,talking,336,5
14321,74416,in,336,5
14322,74419,his,336,5
14323,74423,sleep,336,5
14324,74431,that,336,5
14325,74437,I,336,5
14326,74439,breathe,336,5
14327,74447,when,336,5
14328,74452,I,336,5
14329,74454,sleep,336,5
14330,74461,is,336,5
14331,74464,the,336,5
14332,74468,same,336,5
14333,74473,thing,336,5
14334,74479,as,336,5
14335,74483,I,336,5
14336,74485,sleep,336,5
14337,74491,when,336,5
14338,74496,I,336,5
14339,74498,breathe,336,5
14340,74511,It,337,5
14341,74515,is,337,5
14342,74519,the,337,5
14343,74523,same,337,5
14344,74528,thing,337,5
14345,74534,with,337,5
14346,74539,you,337,5
14347,74545,said,337,5
14348,74550,the,337,5
14349,74554,Hatter,337,5
14350,74562,and,337,5
14351,74566,here,337,5
14352,74571,the,337,5
14353,74575,conversation,337,5
14354,74588,dropped,337,5
14355,74597,and,337,5
14356,74601,the,337,5
14357,74605,party,337,5
14358,74611,sat,337,5
14359,74615,silent,337,5
14360,74622,for,337,5
14361,74626,a,337,5
14362,74628,minute,337,5
14363,74636,while,337,5
14364,74642,Alice,337,5
14365,74648,thought,337,5
14366,74656,over,337,5
14367,74661,all,337,5
14368,74665,she,337,5
14369,74669,could,337,5
14370,74675,remember,337,5
14371,74684,about,337,5
14372,74690,ravens,337,5
14373,74697,and,337,5
14374,74701,writing,337,5
14375,74709,desks,337,5
14376,74716,which,337,5
14377,74722,wasn,337,5
14378,74727,t,337,5
14379,74729,much,337,5
14380,74736,The,338,5
14381,74740,Hatter,338,5
14382,74747,was,338,5
14383,74751,the,338,5
14384,74755,first,338,5
14385,74761,to,338,5
14386,74764,break,338,5
14387,74770,the,338,5
14388,74774,silence,338,5
14389,74784,What,338,5
14390,74789,day,338,5
14391,74793,of,338,5
14392,74796,the,338,5
14393,74800,month,338,5
14394,74806,is,338,5
14395,74809,it,338,5
14396,74814,he,338,5
14397,74817,said,338,5
14398,74823,turning,338,5
14399,74831,to,338,5
14400,74834,Alice,338,5
14401,74841,he,338,5
14402,74844,had,338,5
14403,74848,taken,338,5
14404,74854,his,338,5
14405,74858,watch,338,5
14406,74864,out,338,5
14407,74868,of,338,5
14408,74871,his,338,5
14409,74875,pocket,338,5
14410,74883,and,338,5
14411,74887,was,338,5
14412,74891,looking,338,5
14413,74899,at,338,5
14414,74902,it,338,5
14415,74905,uneasily,338,5
14416,74915,shaking,338,5
14417,74923,it,338,5
14418,74926,every,338,5
14419,74932,now,338,5
14420,74936,and,338,5
14421,74940,then,338,5
14422,74946,and,338,5
14423,74950,holding,338,5
14424,74958,it,338,5
14425,74961,to,338,5
14426,74964,his,338,5
14427,74968,ear,338,5
14428,74974,Alice,339,5
14429,74980,considered,339,5
14430,74991,a,339,5
14431,74993,little,339,5
14432,75001,and,339,5
14433,75005,then,339,5
14434,75010,said,339,5
14435,75016,The,339,5
14436,75020,fourth,339,5
14437,75031,Two,340,5
14438,75035,days,340,5
14439,75040,wrong,340,5
14440,75048,sighed,340,5
14441,75055,the,340,5
14442,75059,Hatter,340,5
14443,75068,I,340,5
14444,75070,told,340,5
14445,75075,you,340,5
14446,75079,butter,340,5
14447,75086,wouldn,340,5
14448,75093,t,340,5
14449,75095,suit,340,5
14450,75100,the,340,5
14451,75104,works,340,5
14452,75112,he,340,5
14453,75115,added,340,5
14454,75121,looking,340,5
14455,75129,angrily,340,5
14456,75137,at,340,5
14457,75140,the,340,5
14458,75144,March,340,5
14459,75150,Hare,340,5
14460,75158,It,341,5
14461,75161,was,341,5
14462,75165,the,341,5
14463,75170,best,341,5
14464,75176,butter,341,5
14465,75185,the,341,5
14466,75189,March,341,5
14467,75195,Hare,341,5
14468,75200,meekly,341,5
14469,75207,replied,341,5
14470,75218,Yes,342,5
14471,75223,but,342,5
14472,75227,some,342,5
14473,75232,crumbs,342,5
14474,75239,must,342,5
14475,75244,have,342,5
14476,75249,got,342,5
14477,75253,in,342,5
14478,75256,as,342,5
14479,75259,well,342,5
14480,75266,the,342,5
14481,75270,Hatter,342,5
14482,75277,grumbled,342,5
14483,75288,you,342,5
14484,75292,shouldn,342,5
14485,75300,t,342,5
14486,75302,have,342,5
14487,75307,put,342,5
14488,75311,it,342,5
14489,75314,in,342,5
14490,75317,with,342,5
14491,75322,the,342,5
14492,75326,bread,342,5
14493,75332,knife,342,5
14494,75341,The,343,5
14495,75345,March,343,5
14496,75351,Hare,343,5
14497,75356,took,343,5
14498,75361,the,343,5
14499,75365,watch,343,5
14500,75371,and,343,5
14501,75375,looked,343,5
14502,75382,at,343,5
14503,75385,it,343,5
14504,75388,gloomily,343,5
14505,75398,then,343,5
14506,75403,he,343,5
14507,75406,dipped,343,5
14508,75413,it,343,5
14509,75416,into,343,5
14510,75421,his,343,5
14511,75425,cup,343,5
14512,75429,of,343,5
14513,75432,tea,343,5
14514,75437,and,343,5
14515,75441,looked,343,5
14516,75448,at,343,5
14517,75451,it,343,5
14518,75454,again,343,5
14519,75461,but,343,5
14520,75465,he,343,5
14521,75468,could,343,5
14522,75474,think,343,5
14523,75480,of,343,5
14524,75483,nothing,343,5
14525,75491,better,343,5
14526,75498,to,343,5
14527,75501,say,343,5
14528,75505,than,343,5
14529,75510,his,343,5
14530,75514,first,343,5
14531,75520,remark,343,5
14532,75529,It,343,5
14533,75532,was,343,5
14534,75536,the,343,5
14535,75541,best,343,5
14536,75547,butter,343,5
14537,75555,you,343,5
14538,75559,know,343,5
14539,75567,Alice,344,5
14540,75573,had,344,5
14541,75577,been,344,5
14542,75582,looking,344,5
14543,75590,over,344,5
14544,75595,his,344,5
14545,75599,shoulder,344,5
14546,75608,with,344,5
14547,75613,some,344,5
14548,75618,curiosity,344,5
14549,75630,What,344,5
14550,75635,a,344,5
14551,75637,funny,344,5
14552,75643,watch,344,5
14553,75651,she,344,5
14554,75655,remarked,344,5
14555,75666,It,344,5
14556,75669,tells,344,5
14557,75675,the,344,5
14558,75679,day,344,5
14559,75683,of,344,5
14560,75686,the,344,5
14561,75690,month,344,5
14562,75697,and,344,5
14563,75701,doesn,344,5
14564,75707,t,344,5
14565,75709,tell,344,5
14566,75714,what,344,5
14567,75719,o,344,5
14568,75721,clock,344,5
14569,75727,it,344,5
14570,75730,is,344,5
14571,75737,Why,345,5
14572,75741,should,345,5
14573,75748,it,345,5
14574,75753,muttered,345,5
14575,75762,the,345,5
14576,75766,Hatter,345,5
14577,75775,Does,345,5
14578,75781,your,345,5
14579,75787,watch,345,5
14580,75793,tell,345,5
14581,75798,you,345,5
14582,75802,what,345,5
14583,75807,year,345,5
14584,75812,it,345,5
14585,75815,is,345,5
14586,75822,Of,346,5
14587,75825,course,346,5
14588,75832,not,346,5
14589,75838,Alice,346,5
14590,75844,replied,346,5
14591,75852,very,346,5
14592,75857,readily,346,5
14593,75867,but,346,5
14594,75871,that,346,5
14595,75876,s,346,5
14596,75878,because,346,5
14597,75886,it,346,5
14598,75889,stays,346,5
14599,75895,the,346,5
14600,75899,same,346,5
14601,75904,year,346,5
14602,75909,for,346,5
14603,75913,such,346,5
14604,75918,a,346,5
14605,75920,long,346,5
14606,75925,time,346,5
14607,75930,together,346,5
14608,75943,Which,347,5
14609,75949,is,347,5
14610,75952,just,347,5
14611,75957,the,347,5
14612,75961,case,347,5
14613,75966,with,347,5
14614,75972,mine,347,5
14615,75980,said,347,5
14616,75985,the,347,5
14617,75989,Hatter,347,5
14618,75998,Alice,348,5
14619,76004,felt,348,5
14620,76009,dreadfully,348,5
14621,76020,puzzled,348,5
14622,76029,The,348,5
14623,76033,Hatter,348,5
14624,76040,s,348,5
14625,76042,remark,348,5
14626,76049,seemed,348,5
14627,76056,to,348,5
14628,76059,have,348,5
14629,76064,no,348,5
14630,76067,sort,348,5
14631,76072,of,348,5
14632,76075,meaning,348,5
14633,76083,in,348,5
14634,76086,it,348,5
14635,76090,and,348,5
14636,76094,yet,348,5
14637,76098,it,348,5
14638,76101,was,348,5
14639,76105,certainly,348,5
14640,76115,English,348,5
14641,76125,I,348,5
14642,76127,don,348,5
14643,76131,t,348,5
14644,76133,quite,348,5
14645,76139,understand,348,5
14646,76150,you,348,5
14647,76156,she,348,5
14648,76160,said,348,5
14649,76166,as,348,5
14650,76169,politely,348,5
14651,76178,as,348,5
14652,76181,she,348,5
14653,76185,could,348,5
14654,76194,The,349,5
14655,76198,Dormouse,349,5
14656,76207,is,349,5
14657,76210,asleep,349,5
14658,76217,again,349,5
14659,76225,said,349,5
14660,76230,the,349,5
14661,76234,Hatter,349,5
14662,76242,and,349,5
14663,76246,he,349,5
14664,76249,poured,349,5
14665,76256,a,349,5
14666,76258,little,349,5
14667,76265,hot,349,5
14668,76269,tea,349,5
14669,76273,upon,349,5
14670,76278,its,349,5
14671,76282,nose,349,5
14672,76289,The,350,5
14673,76293,Dormouse,350,5
14674,76302,shook,350,5
14675,76308,its,350,5
14676,76312,head,350,5
14677,76317,impatiently,350,5
14678,76330,and,350,5
14679,76334,said,350,5
14680,76340,without,350,5
14681,76348,opening,350,5
14682,76356,its,350,5
14683,76360,eyes,350,5
14684,76367,Of,350,5
14685,76370,course,350,5
14686,76378,of,350,5
14687,76381,course,350,5
14688,76389,just,350,5
14689,76394,what,350,5
14690,76399,I,350,5
14691,76401,was,350,5
14692,76405,going,350,5
14693,76411,to,350,5
14694,76414,remark,350,5
14695,76421,myself,350,5
14696,76432,Have,351,5
14697,76437,you,351,5
14698,76441,guessed,351,5
14699,76449,the,351,5
14700,76453,riddle,351,5
14701,76460,yet,351,5
14702,76466,the,351,5
14703,76470,Hatter,351,5
14704,76477,said,351,5
14705,76483,turning,351,5
14706,76491,to,351,5
14707,76494,Alice,351,5
14708,76500,again,351,5
14709,76509,No,352,5
14710,76513,I,352,5
14711,76515,give,352,5
14712,76520,it,352,5
14713,76523,up,352,5
14714,76528,Alice,352,5
14715,76534,replied,352,5
14716,76544,what,352,5
14717,76549,s,352,5
14718,76551,the,352,5
14719,76555,answer,352,5
14720,76566,I,353,5
14721,76568,haven,353,5
14722,76574,t,353,5
14723,76576,the,353,5
14724,76580,slightest,353,5
14725,76590,idea,353,5
14726,76597,said,353,5
14727,76602,the,353,5
14728,76606,Hatter,353,5
14729,76616,Nor,354,5
14730,76620,I,354,5
14731,76624,said,354,5
14732,76629,the,354,5
14733,76633,March,354,5
14734,76639,Hare,354,5
14735,76646,Alice,355,5
14736,76652,sighed,355,5
14737,76659,wearily,355,5
14738,76669,I,355,5
14739,76671,think,355,5
14740,76677,you,355,5
14741,76681,might,355,5
14742,76687,do,355,5
14743,76690,something,355,5
14744,76700,better,355,5
14745,76707,with,355,5
14746,76712,the,355,5
14747,76716,time,355,5
14748,76723,she,355,5
14749,76727,said,355,5
14750,76734,than,355,5
14751,76739,waste,355,5
14752,76745,it,355,5
14753,76748,in,355,5
14754,76751,asking,355,5
14755,76758,riddles,355,5
14756,76766,that,355,5
14757,76771,have,355,5
14758,76776,no,355,5
14759,76779,answers,355,5
14760,76791,If,356,5
14761,76794,you,356,5
14762,76798,knew,356,5
14763,76803,Time,356,5
14764,76808,as,356,5
14765,76811,well,356,5
14766,76816,as,356,5
14767,76819,I,356,5
14768,76821,do,356,5
14769,76826,said,356,5
14770,76831,the,356,5
14771,76835,Hatter,356,5
14772,76844,you,356,5
14773,76848,wouldn,356,5
14774,76855,t,356,5
14775,76857,talk,356,5
14776,76862,about,356,5
14777,76868,wasting,356,5
14778,76877,it,356,5
14779,76882,It,356,5
14780,76885,s,356,5
14781,76888,him,356,5
14782,76897,I,357,5
14783,76899,don,357,5
14784,76903,t,357,5
14785,76905,know,357,5
14786,76910,what,357,5
14787,76915,you,357,5
14788,76919,mean,357,5
14789,76926,said,357,5
14790,76931,Alice,357,5
14791,76940,Of,358,5
14792,76943,course,358,5
14793,76950,you,358,5
14794,76954,don,358,5
14795,76958,t,358,5
14796,76962,the,358,5
14797,76966,Hatter,358,5
14798,76973,said,358,5
14799,76979,tossing,358,5
14800,76987,his,358,5
14801,76991,head,358,5
14802,76996,contemptuously,358,5
14803,77013,I,358,5
14804,77015,dare,358,5
14805,77020,say,358,5
14806,77024,you,358,5
14807,77028,never,358,5
14808,77034,even,358,5
14809,77039,spoke,358,5
14810,77045,to,358,5
14811,77048,Time,358,5
14812,77057,Perhaps,359,5
14813,77065,not,359,5
14814,77071,Alice,359,5
14815,77077,cautiously,359,5
14816,77088,replied,359,5
14817,77098,but,359,5
14818,77102,I,359,5
14819,77104,know,359,5
14820,77109,I,359,5
14821,77111,have,359,5
14822,77116,to,359,5
14823,77119,beat,359,5
14824,77124,time,359,5
14825,77129,when,359,5
14826,77134,I,359,5
14827,77136,learn,359,5
14828,77142,music,359,5
14829,77152,Ah,360,5
14830,77156,that,360,5
14831,77161,accounts,360,5
14832,77170,for,360,5
14833,77174,it,360,5
14834,77179,said,360,5
14835,77184,the,360,5
14836,77188,Hatter,360,5
14837,77197,He,360,5
14838,77200,won,360,5
14839,77204,t,360,5
14840,77206,stand,360,5
14841,77212,beating,360,5
14842,77221,Now,360,5
14843,77226,if,360,5
14844,77229,you,360,5
14845,77233,only,360,5
14846,77238,kept,360,5
14847,77243,on,360,5
14848,77246,good,360,5
14849,77251,terms,360,5
14850,77257,with,360,5
14851,77262,him,360,5
14852,77267,he,360,5
14853,77270,d,360,5
14854,77272,do,360,5
14855,77275,almost,360,5
14856,77282,anything,360,5
14857,77291,you,360,5
14858,77295,liked,360,5
14859,77301,with,360,5
14860,77306,the,360,5
14861,77310,clock,360,5
14862,77317,For,360,5
14863,77321,instance,360,5
14864,77331,suppose,360,5
14865,77339,it,360,5
14866,77342,were,360,5
14867,77347,nine,360,5
14868,77352,o,360,5
14869,77354,clock,360,5
14870,77360,in,360,5
14871,77363,the,360,5
14872,77367,morning,360,5
14873,77376,just,360,5
14874,77381,time,360,5
14875,77386,to,360,5
14876,77389,begin,360,5
14877,77395,lessons,360,5
14878,77404,you,360,5
14879,77408,d,360,5
14880,77410,only,360,5
14881,77415,have,360,5
14882,77420,to,360,5
14883,77423,whisper,360,5
14884,77431,a,360,5
14885,77433,hint,360,5
14886,77438,to,360,5
14887,77441,Time,360,5
14888,77447,and,360,5
14889,77451,round,360,5
14890,77457,goes,360,5
14891,77462,the,360,5
14892,77466,clock,360,5
14893,77472,in,360,5
14894,77475,a,360,5
14895,77477,twinkling,360,5
14896,77488,Half,360,5
14897,77493,past,360,5
14898,77498,one,360,5
14899,77503,time,360,5
14900,77508,for,360,5
14901,77512,dinner,360,5
14902,77524,I,361,5
14903,77526,only,361,5
14904,77531,wish,361,5
14905,77536,it,361,5
14906,77539,was,361,5
14907,77545,the,361,5
14908,77549,March,361,5
14909,77555,Hare,361,5
14910,77560,said,361,5
14911,77565,to,361,5
14912,77568,itself,361,5
14913,77575,in,361,5
14914,77578,a,361,5
14915,77580,whisper,361,5
14916,77592,That,362,5
14917,77597,would,362,5
14918,77603,be,362,5
14919,77606,grand,362,5
14920,77613,certainly,362,5
14921,77625,said,362,5
14922,77630,Alice,362,5
14923,77636,thoughtfully,362,5
14924,77651,but,362,5
14925,77655,then,362,5
14926,77660,I,362,5
14927,77662,shouldn,362,5
14928,77670,t,362,5
14929,77672,be,362,5
14930,77675,hungry,362,5
14931,77682,for,362,5
14932,77686,it,362,5
14933,77690,you,362,5
14934,77694,know,362,5
14935,77703,Not,363,5
14936,77707,at,363,5
14937,77710,first,363,5
14938,77717,perhaps,363,5
14939,77727,said,363,5
14940,77732,the,363,5
14941,77736,Hatter,363,5
14942,77745,but,363,5
14943,77749,you,363,5
14944,77753,could,363,5
14945,77759,keep,363,5
14946,77764,it,363,5
14947,77767,to,363,5
14948,77770,half,363,5
14949,77775,past,363,5
14950,77780,one,363,5
14951,77784,as,363,5
14952,77787,long,363,5
14953,77792,as,363,5
14954,77795,you,363,5
14955,77799,liked,363,5
14956,77809,Is,364,5
14957,77812,that,364,5
14958,77817,the,364,5
14959,77821,way,364,5
14960,77826,you,364,5
14961,77831,manage,364,5
14962,77840,Alice,364,5
14963,77846,asked,364,5
14964,77854,The,365,5
14965,77858,Hatter,365,5
14966,77865,shook,365,5
14967,77871,his,365,5
14968,77875,head,365,5
14969,77880,mournfully,365,5
14970,77893,Not,365,5
14971,77897,I,365,5
14972,77901,he,365,5
14973,77904,replied,365,5
14974,77914,We,365,5
14975,77917,quarrelled,365,5
14976,77928,last,365,5
14977,77933,March,365,5
14978,77939,just,365,5
14979,77944,before,365,5
14980,77952,he,365,5
14981,77956,went,365,5
14982,77961,mad,365,5
14983,77966,you,365,5
14984,77970,know,365,5
14985,77978,pointing,365,5
14986,77987,with,365,5
14987,77992,his,365,5
14988,77996,tea,365,5
14989,78000,spoon,365,5
14990,78006,at,365,5
14991,78009,the,365,5
14992,78013,March,365,5
14993,78019,Hare,365,5
14994,78028,it,365,5
14995,78031,was,365,5
14996,78035,at,365,5
14997,78038,the,365,5
14998,78042,great,365,5
14999,78048,concert,365,5
15000,78056,given,365,5
15001,78062,by,365,5
15002,78065,the,365,5
15003,78069,Queen,365,5
15004,78075,of,365,5
15005,78078,Hearts,365,5
15006,78086,and,365,5
15007,78090,I,365,5
15008,78092,had,365,5
15009,78096,to,365,5
15010,78099,sing,365,5
15011,78106,Twinkle,366,5
15012,78115,twinkle,366,5
15013,78124,little,366,5
15014,78131,bat,366,5
15015,78136,How,366,5
15016,78140,I,366,5
15017,78142,wonder,366,5
15018,78149,what,366,5
15019,78154,you,366,5
15020,78158,re,366,5
15021,78161,at,366,5
15022,78168,You,367,5
15023,78172,know,367,5
15024,78177,the,367,5
15025,78181,song,367,5
15026,78187,perhaps,367,5
15027,78199,I,368,5
15028,78201,ve,368,5
15029,78204,heard,368,5
15030,78210,something,368,5
15031,78220,like,368,5
15032,78225,it,368,5
15033,78230,said,368,5
15034,78235,Alice,368,5
15035,78244,It,369,5
15036,78247,goes,369,5
15037,78252,on,369,5
15038,78256,you,369,5
15039,78260,know,369,5
15040,78267,the,369,5
15041,78271,Hatter,369,5
15042,78278,continued,369,5
15043,78290,in,369,5
15044,78293,this,369,5
15045,78298,way,369,5
15046,78306,Up,370,5
15047,78309,above,370,5
15048,78315,the,370,5
15049,78319,world,370,5
15050,78325,you,370,5
15051,78329,fly,370,5
15052,78334,Like,370,5
15053,78339,a,370,5
15054,78341,tea,370,5
15055,78345,tray,370,5
15056,78350,in,370,5
15057,78353,the,370,5
15058,78357,sky,370,5
15059,78382,Twinkle,370,5
15060,78391,twinkle,370,5
15061,78404,Here,371,5
15062,78409,the,371,5
15063,78413,Dormouse,371,5
15064,78422,shook,371,5
15065,78428,itself,371,5
15066,78436,and,371,5
15067,78440,began,371,5
15068,78446,singing,371,5
15069,78454,in,371,5
15070,78457,its,371,5
15071,78461,sleep,371,5
15072,78469,Twinkle,371,5
15073,78478,twinkle,371,5
15074,78487,twinkle,371,5
15075,78496,twinkle,371,5
15076,78507,and,371,5
15077,78511,went,371,5
15078,78516,on,371,5
15079,78519,so,371,5
15080,78522,long,371,5
15081,78527,that,371,5
15082,78532,they,371,5
15083,78537,had,371,5
15084,78541,to,371,5
15085,78544,pinch,371,5
15086,78550,it,371,5
15087,78553,to,371,5
15088,78556,make,371,5
15089,78561,it,371,5
15090,78564,stop,371,5
15091,78572,Well,372,5
15092,78578,I,372,5
15093,78580,d,372,5
15094,78582,hardly,372,5
15095,78589,finished,372,5
15096,78598,the,372,5
15097,78602,first,372,5
15098,78608,verse,372,5
15099,78616,said,372,5
15100,78621,the,372,5
15101,78625,Hatter,372,5
15102,78634,when,372,5
15103,78639,the,372,5
15104,78643,Queen,372,5
15105,78649,jumped,372,5
15106,78656,up,372,5
15107,78659,and,372,5
15108,78663,bawled,372,5
15109,78670,out,372,5
15110,78676,He,372,5
15111,78679,s,372,5
15112,78681,murdering,372,5
15113,78691,the,372,5
15114,78695,time,372,5
15115,78701,Off,372,5
15116,78705,with,372,5
15117,78710,his,372,5
15118,78714,head,372,5
15119,78724,How,373,5
15120,78728,dreadfully,373,5
15121,78739,savage,373,5
15122,78748,exclaimed,373,5
15123,78758,Alice,373,5
15124,78767,And,374,5
15125,78771,ever,374,5
15126,78776,since,374,5
15127,78782,that,374,5
15128,78789,the,374,5
15129,78793,Hatter,374,5
15130,78800,went,374,5
15131,78805,on,374,5
15132,78808,in,374,5
15133,78811,a,374,5
15134,78813,mournful,374,5
15135,78822,tone,374,5
15136,78829,he,374,5
15137,78832,won,374,5
15138,78836,t,374,5
15139,78838,do,374,5
15140,78841,a,374,5
15141,78843,thing,374,5
15142,78849,I,374,5
15143,78851,ask,374,5
15144,78856,It,374,5
15145,78859,s,374,5
15146,78861,always,374,5
15147,78868,six,374,5
15148,78872,o,374,5
15149,78874,clock,374,5
15150,78880,now,374,5
15151,78887,A,375,5
15152,78889,bright,375,5
15153,78896,idea,375,5
15154,78901,came,375,5
15155,78906,into,375,5
15156,78911,Alice,375,5
15157,78917,s,375,5
15158,78919,head,375,5
15159,78926,Is,375,5
15160,78929,that,375,5
15161,78934,the,375,5
15162,78938,reason,375,5
15163,78945,so,375,5
15164,78948,many,375,5
15165,78953,tea,375,5
15166,78957,things,375,5
15167,78964,are,375,5
15168,78968,put,375,5
15169,78972,out,375,5
15170,78976,here,375,5
15171,78983,she,375,5
15172,78987,asked,375,5
15173,78996,Yes,376,5
15174,79001,that,376,5
15175,79006,s,376,5
15176,79008,it,376,5
15177,79013,said,376,5
15178,79018,the,376,5
15179,79022,Hatter,376,5
15180,79029,with,376,5
15181,79034,a,376,5
15182,79036,sigh,376,5
15183,79043,it,376,5
15184,79046,s,376,5
15185,79048,always,376,5
15186,79055,tea,376,5
15187,79059,time,376,5
15188,79065,and,376,5
15189,79069,we,376,5
15190,79072,ve,376,5
15191,79075,no,376,5
15192,79078,time,376,5
15193,79083,to,376,5
15194,79086,wash,376,5
15195,79091,the,376,5
15196,79095,things,376,5
15197,79102,between,376,5
15198,79110,whiles,376,5
15199,79121,Then,377,5
15200,79126,you,377,5
15201,79130,keep,377,5
15202,79135,moving,377,5
15203,79142,round,377,5
15204,79149,I,377,5
15205,79151,suppose,377,5
15206,79161,said,377,5
15207,79166,Alice,377,5
15208,79175,Exactly,378,5
15209,79183,so,378,5
15210,79188,said,378,5
15211,79193,the,378,5
15212,79197,Hatter,378,5
15213,79206,as,378,5
15214,79209,the,378,5
15215,79213,things,378,5
15216,79220,get,378,5
15217,79224,used,378,5
15218,79229,up,378,5
15219,79236,But,379,5
15220,79240,what,379,5
15221,79245,happens,379,5
15222,79253,when,379,5
15223,79258,you,379,5
15224,79262,come,379,5
15225,79267,to,379,5
15226,79270,the,379,5
15227,79274,beginning,379,5
15228,79284,again,379,5
15229,79292,Alice,379,5
15230,79298,ventured,379,5
15231,79307,to,379,5
15232,79310,ask,379,5
15233,79317,Suppose,380,5
15234,79325,we,380,5
15235,79328,change,380,5
15236,79335,the,380,5
15237,79339,subject,380,5
15238,79349,the,380,5
15239,79353,March,380,5
15240,79359,Hare,380,5
15241,79364,interrupted,380,5
15242,79377,yawning,380,5
15243,79387,I,380,5
15244,79389,m,380,5
15245,79391,getting,380,5
15246,79399,tired,380,5
15247,79405,of,380,5
15248,79408,this,380,5
15249,79414,I,380,5
15250,79416,vote,380,5
15251,79421,the,380,5
15252,79425,young,380,5
15253,79431,lady,380,5
15254,79436,tells,380,5
15255,79442,us,380,5
15256,79445,a,380,5
15257,79447,story,380,5
15258,79457,I,381,5
15259,79459,m,381,5
15260,79461,afraid,381,5
15261,79468,I,381,5
15262,79470,don,381,5
15263,79474,t,381,5
15264,79476,know,381,5
15265,79481,one,381,5
15266,79487,said,381,5
15267,79492,Alice,381,5
15268,79499,rather,381,5
15269,79506,alarmed,381,5
15270,79514,at,381,5
15271,79517,the,381,5
15272,79521,proposal,381,5
15273,79533,Then,382,5
15274,79538,the,382,5
15275,79542,Dormouse,382,5
15276,79551,shall,382,5
15277,79559,they,382,5
15278,79564,both,382,5
15279,79569,cried,382,5
15280,79577,Wake,382,5
15281,79582,up,382,5
15282,79586,Dormouse,382,5
15283,79597,And,382,5
15284,79601,they,382,5
15285,79606,pinched,382,5
15286,79614,it,382,5
15287,79617,on,382,5
15288,79620,both,382,5
15289,79625,sides,382,5
15290,79631,at,382,5
15291,79634,once,382,5
15292,79641,The,383,5
15293,79645,Dormouse,383,5
15294,79654,slowly,383,5
15295,79661,opened,383,5
15296,79668,his,383,5
15297,79672,eyes,383,5
15298,79679,I,383,5
15299,79681,wasn,383,5
15300,79686,t,383,5
15301,79688,asleep,383,5
15302,79697,he,383,5
15303,79700,said,383,5
15304,79705,in,383,5
15305,79708,a,383,5
15306,79710,hoarse,383,5
15307,79718,feeble,383,5
15308,79725,voice,383,5
15309,79733,I,383,5
15310,79735,heard,383,5
15311,79741,every,383,5
15312,79747,word,383,5
15313,79752,you,383,5
15314,79756,fellows,383,5
15315,79764,were,383,5
15316,79769,saying,383,5
15317,79780,Tell,384,5
15318,79785,us,384,5
15319,79788,a,384,5
15320,79790,story,384,5
15321,79798,said,384,5
15322,79803,the,384,5
15323,79807,March,384,5
15324,79813,Hare,384,5
15325,79821,Yes,385,5
15326,79826,please,385,5
15327,79833,do,385,5
15328,79838,pleaded,385,5
15329,79846,Alice,385,5
15330,79855,And,386,5
15331,79859,be,386,5
15332,79862,quick,386,5
15333,79868,about,386,5
15334,79874,it,386,5
15335,79879,added,386,5
15336,79885,the,386,5
15337,79889,Hatter,386,5
15338,79898,or,386,5
15339,79901,you,386,5
15340,79905,ll,386,5
15341,79908,be,386,5
15342,79911,asleep,386,5
15343,79918,again,386,5
15344,79924,before,386,5
15345,79931,it,386,5
15346,79934,s,386,5
15347,79936,done,386,5
15348,79945,Once,387,5
15349,79950,upon,387,5
15350,79955,a,387,5
15351,79957,time,387,5
15352,79962,there,387,5
15353,79968,were,387,5
15354,79973,three,387,5
15355,79979,little,387,5
15356,79986,sisters,387,5
15357,79996,the,387,5
15358,80000,Dormouse,387,5
15359,80009,began,387,5
15360,80015,in,387,5
15361,80018,a,387,5
15362,80020,great,387,5
15363,80026,hurry,387,5
15364,80034,and,387,5
15365,80038,their,387,5
15366,80044,names,387,5
15367,80050,were,387,5
15368,80055,Elsie,387,5
15369,80062,Lacie,387,5
15370,80069,and,387,5
15371,80073,Tillie,387,5
15372,80081,and,387,5
15373,80085,they,387,5
15374,80090,lived,387,5
15375,80096,at,387,5
15376,80099,the,387,5
15377,80103,bottom,387,5
15378,80110,of,387,5
15379,80113,a,387,5
15380,80115,well,387,5
15381,80124,What,388,5
15382,80129,did,388,5
15383,80133,they,388,5
15384,80138,live,388,5
15385,80143,on,388,5
15386,80148,said,388,5
15387,80153,Alice,388,5
15388,80160,who,388,5
15389,80164,always,388,5
15390,80171,took,388,5
15391,80176,a,388,5
15392,80178,great,388,5
15393,80184,interest,388,5
15394,80193,in,388,5
15395,80196,questions,388,5
15396,80206,of,388,5
15397,80209,eating,388,5
15398,80216,and,388,5
15399,80220,drinking,388,5
15400,80232,They,389,5
15401,80237,lived,389,5
15402,80243,on,389,5
15403,80246,treacle,389,5
15404,80256,said,389,5
15405,80261,the,389,5
15406,80265,Dormouse,389,5
15407,80275,after,389,5
15408,80281,thinking,389,5
15409,80290,a,389,5
15410,80292,minute,389,5
15411,80299,or,389,5
15412,80302,two,389,5
15413,80309,They,390,5
15414,80314,couldn,390,5
15415,80321,t,390,5
15416,80323,have,390,5
15417,80328,done,390,5
15418,80333,that,390,5
15419,80339,you,390,5
15420,80343,know,390,5
15421,80350,Alice,390,5
15422,80356,gently,390,5
15423,80363,remarked,390,5
15424,80374,they,390,5
15425,80379,d,390,5
15426,80381,have,390,5
15427,80386,been,390,5
15428,80391,ill,390,5
15429,80399,So,391,5
15430,80402,they,391,5
15431,80407,were,391,5
15432,80414,said,391,5
15433,80419,the,391,5
15434,80423,Dormouse,391,5
15435,80435,very,391,5
15436,80441,ill,391,5
15437,80448,Alice,392,5
15438,80454,tried,392,5
15439,80460,to,392,5
15440,80463,fancy,392,5
15441,80469,to,392,5
15442,80472,herself,392,5
15443,80480,what,392,5
15444,80485,such,392,5
15445,80490,an,392,5
15446,80493,extraordinary,392,5
15447,80507,way,392,5
15448,80511,of,392,5
15449,80514,living,392,5
15450,80521,would,392,5
15451,80527,be,392,5
15452,80530,like,392,5
15453,80536,but,392,5
15454,80540,it,392,5
15455,80543,puzzled,392,5
15456,80551,her,392,5
15457,80555,too,392,5
15458,80559,much,392,5
15459,80565,so,392,5
15460,80568,she,392,5
15461,80572,went,392,5
15462,80577,on,392,5
15463,80582,But,392,5
15464,80586,why,392,5
15465,80590,did,392,5
15466,80594,they,392,5
15467,80599,live,392,5
15468,80604,at,392,5
15469,80607,the,392,5
15470,80611,bottom,392,5
15471,80618,of,392,5
15472,80621,a,392,5
15473,80623,well,392,5
15474,80632,Take,393,5
15475,80637,some,393,5
15476,80642,more,393,5
15477,80647,tea,393,5
15478,80653,the,393,5
15479,80657,March,393,5
15480,80663,Hare,393,5
15481,80668,said,393,5
15482,80673,to,393,5
15483,80676,Alice,393,5
15484,80683,very,393,5
15485,80688,earnestly,393,5
15486,80701,I,394,5
15487,80703,ve,394,5
15488,80706,had,394,5
15489,80710,nothing,394,5
15490,80718,yet,394,5
15491,80724,Alice,394,5
15492,80730,replied,394,5
15493,80738,in,394,5
15494,80741,an,394,5
15495,80744,offended,394,5
15496,80753,tone,394,5
15497,80760,so,394,5
15498,80763,I,394,5
15499,80765,can,394,5
15500,80769,t,394,5
15501,80771,take,394,5
15502,80776,more,394,5
15503,80785,You,395,5
15504,80789,mean,395,5
15505,80794,you,395,5
15506,80798,can,395,5
15507,80802,t,395,5
15508,80804,take,395,5
15509,80810,less,395,5
15510,80818,said,395,5
15511,80823,the,395,5
15512,80827,Hatter,395,5
15513,80836,it,395,5
15514,80839,s,395,5
15515,80841,very,395,5
15516,80846,easy,395,5
15517,80851,to,395,5
15518,80854,take,395,5
15519,80860,more,395,5
15520,80866,than,395,5
15521,80871,nothing,395,5
15522,80883,Nobody,396,5
15523,80890,asked,396,5
15524,80897,your,396,5
15525,80903,opinion,396,5
15526,80913,said,396,5
15527,80918,Alice,396,5
15528,80927,Who,397,5
15529,80931,s,397,5
15530,80933,making,397,5
15531,80940,personal,397,5
15532,80949,remarks,397,5
15533,80957,now,397,5
15534,80963,the,397,5
15535,80967,Hatter,397,5
15536,80974,asked,397,5
15537,80980,triumphantly,397,5
15538,80995,Alice,398,5
15539,81001,did,398,5
15540,81005,not,398,5
15541,81009,quite,398,5
15542,81015,know,398,5
15543,81020,what,398,5
15544,81025,to,398,5
15545,81028,say,398,5
15546,81032,to,398,5
15547,81035,this,398,5
15548,81041,so,398,5
15549,81044,she,398,5
15550,81048,helped,398,5
15551,81055,herself,398,5
15552,81063,to,398,5
15553,81066,some,398,5
15554,81071,tea,398,5
15555,81075,and,398,5
15556,81079,bread,398,5
15557,81085,and,398,5
15558,81089,butter,398,5
15559,81097,and,398,5
15560,81101,then,398,5
15561,81106,turned,398,5
15562,81113,to,398,5
15563,81116,the,398,5
15564,81120,Dormouse,398,5
15565,81130,and,398,5
15566,81134,repeated,398,5
15567,81143,her,398,5
15568,81147,question,398,5
15569,81158,Why,398,5
15570,81162,did,398,5
15571,81166,they,398,5
15572,81171,live,398,5
15573,81176,at,398,5
15574,81179,the,398,5
15575,81183,bottom,398,5
15576,81190,of,398,5
15577,81193,a,398,5
15578,81195,well,398,5
15579,81203,The,399,5
15580,81207,Dormouse,399,5
15581,81216,again,399,5
15582,81222,took,399,5
15583,81227,a,399,5
15584,81229,minute,399,5
15585,81236,or,399,5
15586,81239,two,399,5
15587,81243,to,399,5
15588,81246,think,399,5
15589,81252,about,399,5
15590,81258,it,399,5
15591,81262,and,399,5
15592,81266,then,399,5
15593,81271,said,399,5
15594,81278,It,399,5
15595,81281,was,399,5
15596,81285,a,399,5
15597,81287,treacle,399,5
15598,81295,well,399,5
15599,81304,There,400,5
15600,81310,s,400,5
15601,81312,no,400,5
15602,81315,such,400,5
15603,81320,thing,400,5
15604,81328,Alice,400,5
15605,81334,was,400,5
15606,81338,beginning,400,5
15607,81348,very,400,5
15608,81353,angrily,400,5
15609,81362,but,400,5
15610,81366,the,400,5
15611,81370,Hatter,400,5
15612,81377,and,400,5
15613,81381,the,400,5
15614,81385,March,400,5
15615,81391,Hare,400,5
15616,81396,went,400,5
15617,81402,Sh,400,5
15618,81406,sh,400,5
15619,81411,and,400,5
15620,81415,the,400,5
15621,81419,Dormouse,400,5
15622,81428,sulkily,400,5
15623,81436,remarked,400,5
15624,81447,If,400,5
15625,81450,you,400,5
15626,81454,can,400,5
15627,81458,t,400,5
15628,81460,be,400,5
15629,81463,civil,400,5
15630,81470,you,400,5
15631,81474,d,400,5
15632,81476,better,400,5
15633,81483,finish,400,5
15634,81490,the,400,5
15635,81494,story,400,5
15636,81500,for,400,5
15637,81504,yourself,400,5
15638,81517,No,401,5
15639,81521,please,401,5
15640,81528,go,401,5
15641,81531,on,401,5
15642,81536,Alice,401,5
15643,81542,said,401,5
15644,81547,very,401,5
15645,81552,humbly,401,5
15646,81561,I,401,5
15647,81563,won,401,5
15648,81567,t,401,5
15649,81569,interrupt,401,5
15650,81579,again,401,5
15651,81586,I,401,5
15652,81588,dare,401,5
15653,81593,say,401,5
15654,81597,there,401,5
15655,81603,may,401,5
15656,81607,be,401,5
15657,81611,one,401,5
15658,81620,One,402,5
15659,81625,indeed,402,5
15660,81634,said,402,5
15661,81639,the,402,5
15662,81643,Dormouse,402,5
15663,81652,indignantly,402,5
15664,81665,However,402,5
15665,81674,he,402,5
15666,81677,consented,402,5
15667,81687,to,402,5
15668,81690,go,402,5
15669,81693,on,402,5
15670,81698,And,402,5
15671,81702,so,402,5
15672,81705,these,402,5
15673,81711,three,402,5
15674,81717,little,402,5
15675,81724,sisters,402,5
15676,81732,they,402,5
15677,81737,were,402,5
15678,81742,learning,402,5
15679,81751,to,402,5
15680,81754,draw,402,5
15681,81760,you,402,5
15682,81764,know,402,5
15683,81773,What,403,5
15684,81778,did,403,5
15685,81782,they,403,5
15686,81787,draw,403,5
15687,81794,said,403,5
15688,81799,Alice,403,5
15689,81806,quite,403,5
15690,81812,forgetting,403,5
15691,81823,her,403,5
15692,81827,promise,403,5
15693,81838,Treacle,404,5
15694,81848,said,404,5
15695,81853,the,404,5
15696,81857,Dormouse,404,5
15697,81867,without,404,5
15698,81875,considering,404,5
15699,81887,at,404,5
15700,81890,all,404,5
15701,81894,this,404,5
15702,81899,time,404,5
15703,81907,I,405,5
15704,81909,want,405,5
15705,81914,a,405,5
15706,81916,clean,405,5
15707,81922,cup,405,5
15708,81928,interrupted,405,5
15709,81940,the,405,5
15710,81944,Hatter,405,5
15711,81953,let,405,5
15712,81957,s,405,5
15713,81959,all,405,5
15714,81963,move,405,5
15715,81968,one,405,5
15716,81972,place,405,5
15717,81978,on,405,5
15718,81984,He,406,5
15719,81987,moved,406,5
15720,81993,on,406,5
15721,81996,as,406,5
15722,81999,he,406,5
15723,82002,spoke,406,5
15724,82009,and,406,5
15725,82013,the,406,5
15726,82017,Dormouse,406,5
15727,82026,followed,406,5
15728,82035,him,406,5
15729,82040,the,406,5
15730,82044,March,406,5
15731,82050,Hare,406,5
15732,82055,moved,406,5
15733,82061,into,406,5
15734,82066,the,406,5
15735,82070,Dormouse,406,5
15736,82079,s,406,5
15737,82081,place,406,5
15738,82088,and,406,5
15739,82092,Alice,406,5
15740,82098,rather,406,5
15741,82105,unwillingly,406,5
15742,82117,took,406,5
15743,82122,the,406,5
15744,82126,place,406,5
15745,82132,of,406,5
15746,82135,the,406,5
15747,82139,March,406,5
15748,82145,Hare,406,5
15749,82151,The,406,5
15750,82155,Hatter,406,5
15751,82162,was,406,5
15752,82166,the,406,5
15753,82170,only,406,5
15754,82175,one,406,5
15755,82179,who,406,5
15756,82183,got,406,5
15757,82187,any,406,5
15758,82191,advantage,406,5
15759,82201,from,406,5
15760,82206,the,406,5
15761,82210,change,406,5
15762,82218,and,406,5
15763,82222,Alice,406,5
15764,82228,was,406,5
15765,82232,a,406,5
15766,82234,good,406,5
15767,82239,deal,406,5
15768,82244,worse,406,5
15769,82250,off,406,5
15770,82254,than,406,5
15771,82259,before,406,5
15772,82267,as,406,5
15773,82270,the,406,5
15774,82274,March,406,5
15775,82280,Hare,406,5
15776,82285,had,406,5
15777,82289,just,406,5
15778,82294,upset,406,5
15779,82300,the,406,5
15780,82304,milk,406,5
15781,82309,jug,406,5
15782,82313,into,406,5
15783,82318,his,406,5
15784,82322,plate,406,5
15785,82330,Alice,407,5
15786,82336,did,407,5
15787,82340,not,407,5
15788,82344,wish,407,5
15789,82349,to,407,5
15790,82352,offend,407,5
15791,82359,the,407,5
15792,82363,Dormouse,407,5
15793,82372,again,407,5
15794,82379,so,407,5
15795,82382,she,407,5
15796,82386,began,407,5
15797,82392,very,407,5
15798,82397,cautiously,407,5
15799,82410,But,407,5
15800,82414,I,407,5
15801,82416,don,407,5
15802,82420,t,407,5
15803,82422,understand,407,5
15804,82434,Where,407,5
15805,82440,did,407,5
15806,82444,they,407,5
15807,82449,draw,407,5
15808,82454,the,407,5
15809,82458,treacle,407,5
15810,82466,from,407,5
15811,82475,You,408,5
15812,82479,can,408,5
15813,82483,draw,408,5
15814,82488,water,408,5
15815,82494,out,408,5
15816,82498,of,408,5
15817,82501,a,408,5
15818,82503,water,408,5
15819,82509,well,408,5
15820,82516,said,408,5
15821,82521,the,408,5
15822,82525,Hatter,408,5
15823,82534,so,408,5
15824,82537,I,408,5
15825,82539,should,408,5
15826,82546,think,408,5
15827,82552,you,408,5
15828,82556,could,408,5
15829,82562,draw,408,5
15830,82567,treacle,408,5
15831,82575,out,408,5
15832,82579,of,408,5
15833,82582,a,408,5
15834,82584,treacle,408,5
15835,82592,well,408,5
15836,82597,eh,408,5
15837,82601,stupid,408,5
15838,82612,But,409,5
15839,82616,they,409,5
15840,82621,were,409,5
15841,82627,in,409,5
15842,82631,the,409,5
15843,82635,well,409,5
15844,82642,Alice,409,5
15845,82648,said,409,5
15846,82653,to,409,5
15847,82656,the,409,5
15848,82660,Dormouse,409,5
15849,82670,not,409,5
15850,82674,choosing,409,5
15851,82683,to,409,5
15852,82686,notice,409,5
15853,82693,this,409,5
15854,82698,last,409,5
15855,82703,remark,409,5
15856,82713,Of,410,5
15857,82716,course,410,5
15858,82723,they,410,5
15859,82728,were,410,5
15860,82735,said,410,5
15861,82740,the,410,5
15862,82744,Dormouse,410,5
15863,82756,well,410,5
15864,82761,in,410,5
15865,82767,This,411,5
15866,82772,answer,411,5
15867,82779,so,411,5
15868,82782,confused,411,5
15869,82791,poor,411,5
15870,82796,Alice,411,5
15871,82803,that,411,5
15872,82808,she,411,5
15873,82812,let,411,5
15874,82816,the,411,5
15875,82820,Dormouse,411,5
15876,82829,go,411,5
15877,82832,on,411,5
15878,82835,for,411,5
15879,82839,some,411,5
15880,82844,time,411,5
15881,82849,without,411,5
15882,82857,interrupting,411,5
15883,82870,it,411,5
15884,82876,They,412,5
15885,82881,were,412,5
15886,82886,learning,412,5
15887,82895,to,412,5
15888,82898,draw,412,5
15889,82905,the,412,5
15890,82909,Dormouse,412,5
15891,82918,went,412,5
15892,82923,on,412,5
15893,82927,yawning,412,5
15894,82935,and,412,5
15895,82939,rubbing,412,5
15896,82947,its,412,5
15897,82951,eyes,412,5
15898,82957,for,412,5
15899,82961,it,412,5
15900,82964,was,412,5
15901,82968,getting,412,5
15902,82976,very,412,5
15903,82981,sleepy,412,5
15904,82990,and,412,5
15905,82994,they,412,5
15906,82999,drew,412,5
15907,83004,all,412,5
15908,83008,manner,412,5
15909,83015,of,412,5
15910,83018,things,412,5
15911,83025,everything,412,5
15912,83036,that,412,5
15913,83041,begins,412,5
15914,83048,with,412,5
15915,83053,an,412,5
15916,83056,M,412,5
15917,83062,Why,413,5
15918,83066,with,413,5
15919,83071,an,413,5
15920,83074,M,413,5
15921,83078,said,413,5
15922,83083,Alice,413,5
15923,83092,Why,414,5
15924,83096,not,414,5
15925,83102,said,414,5
15926,83107,the,414,5
15927,83111,March,414,5
15928,83117,Hare,414,5
15929,83124,Alice,415,5
15930,83130,was,415,5
15931,83134,silent,415,5
15932,83143,The,416,5
15933,83147,Dormouse,416,5
15934,83156,had,416,5
15935,83160,closed,416,5
15936,83167,its,416,5
15937,83171,eyes,416,5
15938,83176,by,416,5
15939,83179,this,416,5
15940,83184,time,416,5
15941,83190,and,416,5
15942,83194,was,416,5
15943,83198,going,416,5
15944,83204,off,416,5
15945,83208,into,416,5
15946,83213,a,416,5
15947,83215,doze,416,5
15948,83221,but,416,5
15949,83226,on,416,5
15950,83229,being,416,5
15951,83235,pinched,416,5
15952,83243,by,416,5
15953,83246,the,416,5
15954,83250,Hatter,416,5
15955,83258,it,416,5
15956,83261,woke,416,5
15957,83266,up,416,5
15958,83269,again,416,5
15959,83275,with,416,5
15960,83280,a,416,5
15961,83282,little,416,5
15962,83289,shriek,416,5
15963,83297,and,416,5
15964,83301,went,416,5
15965,83306,on,416,5
15966,83312,that,416,5
15967,83317,begins,416,5
15968,83324,with,416,5
15969,83329,an,416,5
15970,83332,M,416,5
15971,83335,such,416,5
15972,83340,as,416,5
15973,83343,mouse,416,5
15974,83349,traps,416,5
15975,83356,and,416,5
15976,83360,the,416,5
15977,83364,moon,416,5
15978,83370,and,416,5
15979,83374,memory,416,5
15980,83382,and,416,5
15981,83386,muchness,416,5
15982,83395,you,416,5
15983,83399,know,416,5
15984,83404,you,416,5
15985,83408,say,416,5
15986,83412,things,416,5
15987,83419,are,416,5
15988,83424,much,416,5
15989,83429,of,416,5
15990,83432,a,416,5
15991,83434,muchness,416,5
15992,83444,did,416,5
15993,83448,you,416,5
15994,83452,ever,416,5
15995,83457,see,416,5
15996,83461,such,416,5
15997,83466,a,416,5
15998,83468,thing,416,5
15999,83474,as,416,5
16000,83477,a,416,5
16001,83479,drawing,416,5
16002,83487,of,416,5
16003,83490,a,416,5
16004,83492,muchness,416,5
16005,83505,Really,417,5
16006,83513,now,417,5
16007,83517,you,417,5
16008,83521,ask,417,5
16009,83525,me,417,5
16010,83530,said,417,5
16011,83535,Alice,417,5
16012,83542,very,417,5
16013,83547,much,417,5
16014,83552,confused,417,5
16015,83563,I,417,5
16016,83565,don,417,5
16017,83569,t,417,5
16018,83571,think,417,5
16019,83581,Then,418,5
16020,83586,you,418,5
16021,83590,shouldn,418,5
16022,83598,t,418,5
16023,83600,talk,418,5
16024,83607,said,418,5
16025,83612,the,418,5
16026,83616,Hatter,418,5
16027,83625,This,419,5
16028,83630,piece,419,5
16029,83636,of,419,5
16030,83639,rudeness,419,5
16031,83648,was,419,5
16032,83652,more,419,5
16033,83657,than,419,5
16034,83662,Alice,419,5
16035,83668,could,419,5
16036,83674,bear,419,5
16037,83680,she,419,5
16038,83684,got,419,5
16039,83688,up,419,5
16040,83691,in,419,5
16041,83694,great,419,5
16042,83700,disgust,419,5
16043,83709,and,419,5
16044,83713,walked,419,5
16045,83720,off,419,5
16046,83725,the,419,5
16047,83729,Dormouse,419,5
16048,83738,fell,419,5
16049,83743,asleep,419,5
16050,83750,instantly,419,5
16051,83761,and,419,5
16052,83765,neither,419,5
16053,83773,of,419,5
16054,83776,the,419,5
16055,83780,others,419,5
16056,83787,took,419,5
16057,83792,the,419,5
16058,83796,least,419,5
16059,83802,notice,419,5
16060,83809,of,419,5
16061,83812,her,419,5
16062,83816,going,419,5
16063,83823,though,419,5
16064,83830,she,419,5
16065,83834,looked,419,5
16066,83841,back,419,5
16067,83846,once,419,5
16068,83851,or,419,5
16069,83854,twice,419,5
16070,83861,half,419,5
16071,83866,hoping,419,5
16072,83873,that,419,5
16073,83878,they,419,5
16074,83883,would,419,5
16075,83889,call,419,5
16076,83894,after,419,5
16077,83900,her,419,5
16078,83905,the,419,5
16079,83909,last,419,5
16080,83914,time,419,5
16081,83919,she,419,5
16082,83923,saw,419,5
16083,83927,them,419,5
16084,83933,they,419,5
16085,83938,were,419,5
16086,83943,trying,419,5
16087,83950,to,419,5
16088,83953,put,419,5
16089,83957,the,419,5
16090,83961,Dormouse,419,5
16091,83970,into,419,5
16092,83975,the,419,5
16093,83979,teapot,419,5
16094,83989,At,420,5
16095,83992,any,420,5
16096,83996,rate,420,5
16097,84001,I,420,5
16098,84003,ll,420,5
16099,84006,never,420,5
16100,84012,go,420,5
16101,84016,there,420,5
16102,84023,again,420,5
16103,84031,said,420,5
16104,84036,Alice,420,5
16105,84042,as,420,5
16106,84045,she,420,5
16107,84049,picked,420,5
16108,84056,her,420,5
16109,84060,way,420,5
16110,84064,through,420,5
16111,84072,the,420,5
16112,84076,wood,420,5
16113,84083,It,420,5
16114,84086,s,420,5
16115,84088,the,420,5
16116,84092,stupidest,420,5
16117,84102,tea,420,5
16118,84106,party,420,5
16119,84112,I,420,5
16120,84114,ever,420,5
16121,84119,was,420,5
16122,84123,at,420,5
16123,84126,in,420,5
16124,84129,all,420,5
16125,84133,my,420,5
16126,84136,life,420,5
16127,84144,Just,421,5
16128,84149,as,421,5
16129,84152,she,421,5
16130,84156,said,421,5
16131,84161,this,421,5
16132,84167,she,421,5
16133,84171,noticed,421,5
16134,84179,that,421,5
16135,84184,one,421,5
16136,84188,of,421,5
16137,84191,the,421,5
16138,84195,trees,421,5
16139,84201,had,421,5
16140,84205,a,421,5
16141,84207,door,421,5
16142,84212,leading,421,5
16143,84220,right,421,5
16144,84226,into,421,5
16145,84231,it,421,5
16146,84236,That,421,5
16147,84241,s,421,5
16148,84243,very,421,5
16149,84248,curious,421,5
16150,84258,she,421,5
16151,84262,thought,421,5
16152,84272,But,421,5
16153,84276,everything,421,5
16154,84287,s,421,5
16155,84289,curious,421,5
16156,84297,today,421,5
16157,84304,I,421,5
16158,84306,think,421,5
16159,84312,I,421,5
16160,84314,may,421,5
16161,84318,as,421,5
16162,84321,well,421,5
16163,84326,go,421,5
16164,84329,in,421,5
16165,84332,at,421,5
16166,84335,once,421,5
16167,84342,And,421,5
16168,84346,in,421,5
16169,84349,she,421,5
16170,84353,went,421,5
16171,84360,Once,422,5
16172,84365,more,422,5
16173,84370,she,422,5
16174,84374,found,422,5
16175,84380,herself,422,5
16176,84388,in,422,5
16177,84391,the,422,5
16178,84395,long,422,5
16179,84400,hall,422,5
16180,84406,and,422,5
16181,84410,close,422,5
16182,84416,to,422,5
16183,84419,the,422,5
16184,84423,little,422,5
16185,84430,glass,422,5
16186,84436,table,422,5
16187,84444,Now,422,5
16188,84449,I,422,5
16189,84451,ll,422,5
16190,84454,manage,422,5
16191,84461,better,422,5
16192,84468,this,422,5
16193,84473,time,422,5
16194,84480,she,422,5
16195,84484,said,422,5
16196,84489,to,422,5
16197,84492,herself,422,5
16198,84501,and,422,5
16199,84505,began,422,5
16200,84511,by,422,5
16201,84514,taking,422,5
16202,84521,the,422,5
16203,84525,little,422,5
16204,84532,golden,422,5
16205,84539,key,422,5
16206,84544,and,422,5
16207,84548,unlocking,422,5
16208,84558,the,422,5
16209,84562,door,422,5
16210,84567,that,422,5
16211,84572,led,422,5
16212,84576,into,422,5
16213,84581,the,422,5
16214,84585,garden,422,5
16215,84593,Then,422,5
16216,84598,she,422,5
16217,84602,went,422,5
16218,84607,to,422,5
16219,84610,work,422,5
16220,84615,nibbling,422,5
16221,84624,at,422,5
16222,84627,the,422,5
16223,84631,mushroom,422,5
16224,84641,she,422,5
16225,84645,had,422,5
16226,84649,kept,422,5
16227,84654,a,422,5
16228,84656,piece,422,5
16229,84662,of,422,5
16230,84665,it,422,5
16231,84668,in,422,5
16232,84671,her,422,5
16233,84675,pocket,422,5
16234,84683,till,422,5
16235,84688,she,422,5
16236,84692,was,422,5
16237,84696,about,422,5
16238,84702,a,422,5
16239,84704,foot,422,5
16240,84709,high,422,5
16241,84715,then,422,5
16242,84720,she,422,5
16243,84724,walked,422,5
16244,84731,down,422,5
16245,84736,the,422,5
16246,84740,little,422,5
16247,84747,passage,422,5
16248,84756,and,422,5
16249,84761,then,422,5
16250,84767,she,422,5
16251,84771,found,422,5
16252,84777,herself,422,5
16253,84785,at,422,5
16254,84788,last,422,5
16255,84793,in,422,5
16256,84796,the,422,5
16257,84800,beautiful,422,5
16258,84810,garden,422,5
16259,84818,among,422,5
16260,84824,the,422,5
16261,84828,bright,422,5
16262,84835,flower,422,5
16263,84842,beds,422,5
16264,84847,and,422,5
16265,84851,the,422,5
16266,84855,cool,422,5
16267,84860,fountains,422,5
16268,84875,CHAPTER,423,6
16269,84883,VIII,423,6
16270,84889,The,423,6
16271,84893,Queen,423,6
16272,84899,s,423,6
16273,84901,Croquet,423,6
16274,84909,Ground,423,6
16275,84918,A,424,6
16276,84920,large,424,6
16277,84926,rose,424,6
16278,84931,tree,424,6
16279,84936,stood,424,6
16280,84942,near,424,6
16281,84947,the,424,6
16282,84951,entrance,424,6
16283,84960,of,424,6
16284,84963,the,424,6
16285,84967,garden,424,6
16286,84975,the,424,6
16287,84979,roses,424,6
16288,84985,growing,424,6
16289,84993,on,424,6
16290,84996,it,424,6
16291,84999,were,424,6
16292,85004,white,424,6
16293,85011,but,424,6
16294,85015,there,424,6
16295,85021,were,424,6
16296,85026,three,424,6
16297,85032,gardeners,424,6
16298,85042,at,424,6
16299,85045,it,424,6
16300,85049,busily,424,6
16301,85056,painting,424,6
16302,85065,them,424,6
16303,85070,red,424,6
16304,85075,Alice,424,6
16305,85081,thought,424,6
16306,85089,this,424,6
16307,85094,a,424,6
16308,85096,very,424,6
16309,85101,curious,424,6
16310,85109,thing,424,6
16311,85116,and,424,6
16312,85120,she,424,6
16313,85124,went,424,6
16314,85129,nearer,424,6
16315,85136,to,424,6
16316,85139,watch,424,6
16317,85145,them,424,6
16318,85151,and,424,6
16319,85155,just,424,6
16320,85160,as,424,6
16321,85163,she,424,6
16322,85167,came,424,6
16323,85172,up,424,6
16324,85175,to,424,6
16325,85178,them,424,6
16326,85183,she,424,6
16327,85187,heard,424,6
16328,85193,one,424,6
16329,85197,of,424,6
16330,85200,them,424,6
16331,85205,say,424,6
16332,85211,Look,424,6
16333,85216,out,424,6
16334,85220,now,424,6
16335,85225,Five,424,6
16336,85231,Don,424,6
16337,85235,t,424,6
16338,85237,go,424,6
16339,85240,splashing,424,6
16340,85250,paint,424,6
16341,85256,over,424,6
16342,85261,me,424,6
16343,85264,like,424,6
16344,85269,that,424,6
16345,85278,I,425,6
16346,85280,couldn,425,6
16347,85287,t,425,6
16348,85289,help,425,6
16349,85294,it,425,6
16350,85299,said,425,6
16351,85304,Five,425,6
16352,85310,in,425,6
16353,85313,a,425,6
16354,85315,sulky,425,6
16355,85321,tone,425,6
16356,85328,Seven,425,6
16357,85334,jogged,425,6
16358,85341,my,425,6
16359,85344,elbow,425,6
16360,85353,On,426,6
16361,85356,which,426,6
16362,85362,Seven,426,6
16363,85368,looked,426,6
16364,85375,up,426,6
16365,85378,and,426,6
16366,85382,said,426,6
16367,85389,That,426,6
16368,85394,s,426,6
16369,85396,right,426,6
16370,85403,Five,426,6
16371,85409,Always,426,6
16372,85416,lay,426,6
16373,85420,the,426,6
16374,85424,blame,426,6
16375,85430,on,426,6
16376,85433,others,426,6
16377,85445,You,427,6
16378,85449,d,427,6
16379,85452,better,427,6
16380,85459,not,427,6
16381,85463,talk,427,6
16382,85470,said,427,6
16383,85475,Five,427,6
16384,85482,I,427,6
16385,85484,heard,427,6
16386,85490,the,427,6
16387,85494,Queen,427,6
16388,85500,say,427,6
16389,85504,only,427,6
16390,85509,yesterday,427,6
16391,85519,you,427,6
16392,85523,deserved,427,6
16393,85532,to,427,6
16394,85535,be,427,6
16395,85538,beheaded,427,6
16396,85551,What,428,6
16397,85556,for,428,6
16398,85562,said,428,6
16399,85567,the,428,6
16400,85571,one,428,6
16401,85575,who,428,6
16402,85579,had,428,6
16403,85583,spoken,428,6
16404,85590,first,428,6
16405,85599,That,429,6
16406,85604,s,429,6
16407,85606,none,429,6
16408,85611,of,429,6
16409,85615,your,429,6
16410,85621,business,429,6
16411,85631,Two,429,6
16412,85637,said,429,6
16413,85642,Seven,429,6
16414,85651,Yes,430,6
16415,85656,it,430,6
16416,85660,is,430,6
16417,85664,his,430,6
16418,85668,business,430,6
16419,85679,said,430,6
16420,85684,Five,430,6
16421,85691,and,430,6
16422,85695,I,430,6
16423,85697,ll,430,6
16424,85700,tell,430,6
16425,85705,him,430,6
16426,85709,it,430,6
16427,85712,was,430,6
16428,85716,for,430,6
16429,85720,bringing,430,6
16430,85729,the,430,6
16431,85733,cook,430,6
16432,85738,tulip,430,6
16433,85744,roots,430,6
16434,85750,instead,430,6
16435,85758,of,430,6
16436,85761,onions,430,6
16437,85771,Seven,431,6
16438,85777,flung,431,6
16439,85783,down,431,6
16440,85788,his,431,6
16441,85792,brush,431,6
16442,85799,and,431,6
16443,85803,had,431,6
16444,85807,just,431,6
16445,85812,begun,431,6
16446,85819,Well,431,6
16447,85825,of,431,6
16448,85828,all,431,6
16449,85832,the,431,6
16450,85836,unjust,431,6
16451,85843,things,431,6
16452,85852,when,431,6
16453,85857,his,431,6
16454,85861,eye,431,6
16455,85865,chanced,431,6
16456,85873,to,431,6
16457,85876,fall,431,6
16458,85881,upon,431,6
16459,85886,Alice,431,6
16460,85893,as,431,6
16461,85896,she,431,6
16462,85900,stood,431,6
16463,85906,watching,431,6
16464,85915,them,431,6
16465,85921,and,431,6
16466,85925,he,431,6
16467,85928,checked,431,6
16468,85936,himself,431,6
16469,85944,suddenly,431,6
16470,85954,the,431,6
16471,85958,others,431,6
16472,85965,looked,431,6
16473,85972,round,431,6
16474,85978,also,431,6
16475,85984,and,431,6
16476,85988,all,431,6
16477,85992,of,431,6
16478,85995,them,431,6
16479,86000,bowed,431,6
16480,86006,low,431,6
16481,86013,Would,432,6
16482,86019,you,432,6
16483,86023,tell,432,6
16484,86028,me,432,6
16485,86033,said,432,6
16486,86038,Alice,432,6
16487,86045,a,432,6
16488,86047,little,432,6
16489,86054,timidly,432,6
16490,86064,why,432,6
16491,86068,you,432,6
16492,86072,are,432,6
16493,86076,painting,432,6
16494,86085,those,432,6
16495,86091,roses,432,6
16496,86100,Five,433,6
16497,86105,and,433,6
16498,86109,Seven,433,6
16499,86115,said,433,6
16500,86120,nothing,433,6
16501,86129,but,433,6
16502,86133,looked,433,6
16503,86140,at,433,6
16504,86143,Two,433,6
16505,86148,Two,433,6
16506,86152,began,433,6
16507,86158,in,433,6
16508,86161,a,433,6
16509,86163,low,433,6
16510,86167,voice,433,6
16511,86175,Why,433,6
16512,86179,the,433,6
16513,86183,fact,433,6
16514,86188,is,433,6
16515,86192,you,433,6
16516,86196,see,433,6
16517,86201,Miss,433,6
16518,86207,this,433,6
16519,86212,here,433,6
16520,86217,ought,433,6
16521,86223,to,433,6
16522,86226,have,433,6
16523,86231,been,433,6
16524,86236,a,433,6
16525,86239,red,433,6
16526,86244,rose,433,6
16527,86249,tree,433,6
16528,86255,and,433,6
16529,86259,we,433,6
16530,86262,put,433,6
16531,86266,a,433,6
16532,86268,white,433,6
16533,86274,one,433,6
16534,86278,in,433,6
16535,86281,by,433,6
16536,86284,mistake,433,6
16537,86293,and,433,6
16538,86297,if,433,6
16539,86300,the,433,6
16540,86304,Queen,433,6
16541,86310,was,433,6
16542,86314,to,433,6
16543,86317,find,433,6
16544,86322,it,433,6
16545,86325,out,433,6
16546,86330,we,433,6
16547,86333,should,433,6
16548,86340,all,433,6
16549,86344,have,433,6
16550,86349,our,433,6
16551,86353,heads,433,6
16552,86359,cut,433,6
16553,86363,off,433,6
16554,86368,you,433,6
16555,86372,know,433,6
16556,86378,So,433,6
16557,86381,you,433,6
16558,86385,see,433,6
16559,86390,Miss,433,6
16560,86396,we,433,6
16561,86399,re,433,6
16562,86402,doing,433,6
16563,86408,our,433,6
16564,86412,best,433,6
16565,86418,afore,433,6
16566,86424,she,433,6
16567,86428,comes,433,6
16568,86435,to,433,6
16569,86440,At,433,6
16570,86443,this,433,6
16571,86448,moment,433,6
16572,86455,Five,433,6
16573,86461,who,433,6
16574,86465,had,433,6
16575,86469,been,433,6
16576,86474,anxiously,433,6
16577,86484,looking,433,6
16578,86492,across,433,6
16579,86499,the,433,6
16580,86503,garden,433,6
16581,86511,called,433,6
16582,86518,out,433,6
16583,86523,The,433,6
16584,86527,Queen,433,6
16585,86534,The,433,6
16586,86538,Queen,433,6
16587,86546,and,433,6
16588,86550,the,433,6
16589,86554,three,433,6
16590,86560,gardeners,433,6
16591,86570,instantly,433,6
16592,86580,threw,433,6
16593,86586,themselves,433,6
16594,86597,flat,433,6
16595,86602,upon,433,6
16596,86607,their,433,6
16597,86613,faces,433,6
16598,86620,There,433,6
16599,86626,was,433,6
16600,86630,a,433,6
16601,86632,sound,433,6
16602,86638,of,433,6
16603,86641,many,433,6
16604,86646,footsteps,433,6
16605,86657,and,433,6
16606,86661,Alice,433,6
16607,86667,looked,433,6
16608,86674,round,433,6
16609,86681,eager,433,6
16610,86687,to,433,6
16611,86690,see,433,6
16612,86694,the,433,6
16613,86698,Queen,433,6
16614,86706,First,434,6
16615,86712,came,434,6
16616,86717,ten,434,6
16617,86721,soldiers,434,6
16618,86730,carrying,434,6
16619,86739,clubs,434,6
16620,86746,these,434,6
16621,86752,were,434,6
16622,86757,all,434,6
16623,86761,shaped,434,6
16624,86768,like,434,6
16625,86773,the,434,6
16626,86777,three,434,6
16627,86783,gardeners,434,6
16628,86794,oblong,434,6
16629,86801,and,434,6
16630,86805,flat,434,6
16631,86811,with,434,6
16632,86816,their,434,6
16633,86822,hands,434,6
16634,86828,and,434,6
16635,86832,feet,434,6
16636,86837,at,434,6
16637,86840,the,434,6
16638,86844,corners,434,6
16639,86853,next,434,6
16640,86858,the,434,6
16641,86862,ten,434,6
16642,86866,courtiers,434,6
16643,86877,these,434,6
16644,86883,were,434,6
16645,86888,ornamented,434,6
16646,86899,all,434,6
16647,86903,over,434,6
16648,86908,with,434,6
16649,86913,diamonds,434,6
16650,86923,and,434,6
16651,86927,walked,434,6
16652,86934,two,434,6
16653,86938,and,434,6
16654,86942,two,434,6
16655,86947,as,434,6
16656,86950,the,434,6
16657,86954,soldiers,434,6
16658,86963,did,434,6
16659,86968,After,434,6
16660,86974,these,434,6
16661,86980,came,434,6
16662,86985,the,434,6
16663,86989,royal,434,6
16664,86995,children,434,6
16665,87005,there,434,6
16666,87011,were,434,6
16667,87016,ten,434,6
16668,87020,of,434,6
16669,87023,them,434,6
16670,87029,and,434,6
16671,87033,the,434,6
16672,87037,little,434,6
16673,87044,dears,434,6
16674,87050,came,434,6
16675,87055,jumping,434,6
16676,87063,merrily,434,6
16677,87071,along,434,6
16678,87077,hand,434,6
16679,87082,in,434,6
16680,87085,hand,434,6
16681,87091,in,434,6
16682,87094,couples,434,6
16683,87103,they,434,6
16684,87108,were,434,6
16685,87113,all,434,6
16686,87117,ornamented,434,6
16687,87128,with,434,6
16688,87133,hearts,434,6
16689,87141,Next,434,6
16690,87146,came,434,6
16691,87151,the,434,6
16692,87155,guests,434,6
16693,87163,mostly,434,6
16694,87170,Kings,434,6
16695,87176,and,434,6
16696,87180,Queens,434,6
16697,87188,and,434,6
16698,87192,among,434,6
16699,87198,them,434,6
16700,87203,Alice,434,6
16701,87209,recognised,434,6
16702,87220,the,434,6
16703,87224,White,434,6
16704,87230,Rabbit,434,6
16705,87238,it,434,6
16706,87241,was,434,6
16707,87245,talking,434,6
16708,87253,in,434,6
16709,87256,a,434,6
16710,87258,hurried,434,6
16711,87266,nervous,434,6
16712,87274,manner,434,6
16713,87282,smiling,434,6
16714,87290,at,434,6
16715,87293,everything,434,6
16716,87304,that,434,6
16717,87309,was,434,6
16718,87313,said,434,6
16719,87319,and,434,6
16720,87323,went,434,6
16721,87328,by,434,6
16722,87331,without,434,6
16723,87339,noticing,434,6
16724,87348,her,434,6
16725,87353,Then,434,6
16726,87358,followed,434,6
16727,87367,the,434,6
16728,87371,Knave,434,6
16729,87377,of,434,6
16730,87380,Hearts,434,6
16731,87388,carrying,434,6
16732,87397,the,434,6
16733,87401,King,434,6
16734,87406,s,434,6
16735,87408,crown,434,6
16736,87414,on,434,6
16737,87417,a,434,6
16738,87419,crimson,434,6
16739,87427,velvet,434,6
16740,87434,cushion,434,6
16741,87443,and,434,6
16742,87448,last,434,6
16743,87453,of,434,6
16744,87456,all,434,6
16745,87460,this,434,6
16746,87465,grand,434,6
16747,87471,procession,434,6
16748,87483,came,434,6
16749,87488,THE,434,6
16750,87492,KING,434,6
16751,87497,AND,434,6
16752,87501,QUEEN,434,6
16753,87507,OF,434,6
16754,87510,HEARTS,434,6
16755,87519,Alice,435,6
16756,87525,was,435,6
16757,87529,rather,435,6
16758,87536,doubtful,435,6
16759,87545,whether,435,6
16760,87553,she,435,6
16761,87557,ought,435,6
16762,87563,not,435,6
16763,87567,to,435,6
16764,87570,lie,435,6
16765,87574,down,435,6
16766,87579,on,435,6
16767,87582,her,435,6
16768,87586,face,435,6
16769,87591,like,435,6
16770,87596,the,435,6
16771,87600,three,435,6
16772,87606,gardeners,435,6
16773,87617,but,435,6
16774,87621,she,435,6
16775,87625,could,435,6
16776,87631,not,435,6
16777,87635,remember,435,6
16778,87644,ever,435,6
16779,87649,having,435,6
16780,87656,heard,435,6
16781,87662,of,435,6
16782,87665,such,435,6
16783,87670,a,435,6
16784,87672,rule,435,6
16785,87677,at,435,6
16786,87680,processions,435,6
16787,87694,and,435,6
16788,87698,besides,435,6
16789,87707,what,435,6
16790,87712,would,435,6
16791,87718,be,435,6
16792,87721,the,435,6
16793,87725,use,435,6
16794,87729,of,435,6
16795,87732,a,435,6
16796,87734,procession,435,6
16797,87747,thought,435,6
16798,87755,she,435,6
16799,87761,if,435,6
16800,87764,people,435,6
16801,87771,had,435,6
16802,87775,all,435,6
16803,87779,to,435,6
16804,87782,lie,435,6
16805,87786,down,435,6
16806,87791,upon,435,6
16807,87796,their,435,6
16808,87802,faces,435,6
16809,87809,so,435,6
16810,87812,that,435,6
16811,87817,they,435,6
16812,87822,couldn,435,6
16813,87829,t,435,6
16814,87831,see,435,6
16815,87835,it,435,6
16816,87840,So,435,6
16817,87843,she,435,6
16818,87847,stood,435,6
16819,87853,still,435,6
16820,87859,where,435,6
16821,87865,she,435,6
16822,87869,was,435,6
16823,87874,and,435,6
16824,87878,waited,435,6
16825,87887,When,436,6
16826,87892,the,436,6
16827,87896,procession,436,6
16828,87907,came,436,6
16829,87912,opposite,436,6
16830,87921,to,436,6
16831,87924,Alice,436,6
16832,87931,they,436,6
16833,87936,all,436,6
16834,87940,stopped,436,6
16835,87948,and,436,6
16836,87952,looked,436,6
16837,87959,at,436,6
16838,87962,her,436,6
16839,87967,and,436,6
16840,87971,the,436,6
16841,87975,Queen,436,6
16842,87981,said,436,6
16843,87986,severely,436,6
16844,87996,Who,436,6
16845,88000,is,436,6
16846,88003,this,436,6
16847,88010,She,436,6
16848,88014,said,436,6
16849,88019,it,436,6
16850,88022,to,436,6
16851,88025,the,436,6
16852,88029,Knave,436,6
16853,88035,of,436,6
16854,88038,Hearts,436,6
16855,88046,who,436,6
16856,88050,only,436,6
16857,88055,bowed,436,6
16858,88061,and,436,6
16859,88065,smiled,436,6
16860,88072,in,436,6
16861,88075,reply,436,6
16862,88084,Idiot,437,6
16863,88092,said,437,6
16864,88097,the,437,6
16865,88101,Queen,437,6
16866,88108,tossing,437,6
16867,88116,her,437,6
16868,88120,head,437,6
16869,88125,impatiently,437,6
16870,88138,and,437,6
16871,88143,turning,437,6
16872,88151,to,437,6
16873,88154,Alice,437,6
16874,88161,she,437,6
16875,88165,went,437,6
16876,88170,on,437,6
16877,88175,What,437,6
16878,88180,s,437,6
16879,88182,your,437,6
16880,88187,name,437,6
16881,88193,child,437,6
16882,88203,My,438,6
16883,88206,name,438,6
16884,88211,is,438,6
16885,88214,Alice,438,6
16886,88221,so,438,6
16887,88224,please,438,6
16888,88231,your,438,6
16889,88236,Majesty,438,6
16890,88246,said,438,6
16891,88251,Alice,438,6
16892,88257,very,438,6
16893,88262,politely,438,6
16894,88272,but,438,6
16895,88276,she,438,6
16896,88280,added,438,6
16897,88287,to,438,6
16898,88290,herself,438,6
16899,88300,Why,438,6
16900,88305,they,438,6
16901,88310,re,438,6
16902,88313,only,438,6
16903,88318,a,438,6
16904,88320,pack,438,6
16905,88325,of,438,6
16906,88328,cards,438,6
16907,88335,after,438,6
16908,88341,all,438,6
16909,88346,I,438,6
16910,88348,needn,438,6
16911,88354,t,438,6
16912,88356,be,438,6
16913,88359,afraid,438,6
16914,88366,of,438,6
16915,88369,them,438,6
16916,88378,And,439,6
16917,88382,who,439,6
16918,88386,are,439,6
16919,88391,these,439,6
16920,88400,said,439,6
16921,88405,the,439,6
16922,88409,Queen,439,6
16923,88416,pointing,439,6
16924,88425,to,439,6
16925,88428,the,439,6
16926,88432,three,439,6
16927,88438,gardeners,439,6
16928,88448,who,439,6
16929,88452,were,439,6
16930,88457,lying,439,6
16931,88463,round,439,6
16932,88469,the,439,6
16933,88473,rose,439,6
16934,88478,tree,439,6
16935,88484,for,439,6
16936,88489,you,439,6
16937,88493,see,439,6
16938,88498,as,439,6
16939,88501,they,439,6
16940,88506,were,439,6
16941,88511,lying,439,6
16942,88517,on,439,6
16943,88520,their,439,6
16944,88526,faces,439,6
16945,88533,and,439,6
16946,88537,the,439,6
16947,88541,pattern,439,6
16948,88549,on,439,6
16949,88552,their,439,6
16950,88558,backs,439,6
16951,88564,was,439,6
16952,88568,the,439,6
16953,88572,same,439,6
16954,88577,as,439,6
16955,88580,the,439,6
16956,88584,rest,439,6
16957,88589,of,439,6
16958,88592,the,439,6
16959,88596,pack,439,6
16960,88602,she,439,6
16961,88606,could,439,6
16962,88612,not,439,6
16963,88616,tell,439,6
16964,88621,whether,439,6
16965,88629,they,439,6
16966,88634,were,439,6
16967,88639,gardeners,439,6
16968,88650,or,439,6
16969,88653,soldiers,439,6
16970,88663,or,439,6
16971,88666,courtiers,439,6
16972,88677,or,439,6
16973,88680,three,439,6
16974,88686,of,439,6
16975,88689,her,439,6
16976,88693,own,439,6
16977,88697,children,439,6
16978,88709,How,440,6
16979,88713,should,440,6
16980,88721,I,440,6
16981,88724,know,440,6
16982,88731,said,440,6
16983,88736,Alice,440,6
16984,88743,surprised,440,6
16985,88753,at,440,6
16986,88756,her,440,6
16987,88760,own,440,6
16988,88764,courage,440,6
16989,88774,It,440,6
16990,88777,s,440,6
16991,88779,no,440,6
16992,88782,business,440,6
16993,88791,of,440,6
16994,88795,mine,440,6
16995,88804,The,441,6
16996,88808,Queen,441,6
16997,88814,turned,441,6
16998,88821,crimson,441,6
16999,88829,with,441,6
17000,88834,fury,441,6
17001,88840,and,441,6
17002,88845,after,441,6
17003,88851,glaring,441,6
17004,88859,at,441,6
17005,88862,her,441,6
17006,88866,for,441,6
17007,88870,a,441,6
17008,88872,moment,441,6
17009,88879,like,441,6
17010,88884,a,441,6
17011,88886,wild,441,6
17012,88891,beast,441,6
17013,88898,screamed,441,6
17014,88908,Off,441,6
17015,88912,with,441,6
17016,88917,her,441,6
17017,88921,head,441,6
17018,88927,Off,441,6
17019,88935,Nonsense,442,6
17020,88946,said,442,6
17021,88951,Alice,442,6
17022,88958,very,442,6
17023,88963,loudly,442,6
17024,88970,and,442,6
17025,88974,decidedly,442,6
17026,88985,and,442,6
17027,88989,the,442,6
17028,88993,Queen,442,6
17029,88999,was,442,6
17030,89003,silent,442,6
17031,89012,The,443,6
17032,89016,King,443,6
17033,89021,laid,443,6
17034,89026,his,443,6
17035,89030,hand,443,6
17036,89035,upon,443,6
17037,89040,her,443,6
17038,89044,arm,443,6
17039,89049,and,443,6
17040,89053,timidly,443,6
17041,89061,said,443,6
17042,89067,Consider,443,6
17043,89077,my,443,6
17044,89080,dear,443,6
17045,89086,she,443,6
17046,89090,is,443,6
17047,89093,only,443,6
17048,89098,a,443,6
17049,89100,child,443,6
17050,89109,The,444,6
17051,89113,Queen,444,6
17052,89119,turned,444,6
17053,89126,angrily,444,6
17054,89134,away,444,6
17055,89139,from,444,6
17056,89144,him,444,6
17057,89149,and,444,6
17058,89153,said,444,6
17059,89158,to,444,6
17060,89161,the,444,6
17061,89165,Knave,444,6
17062,89172,Turn,444,6
17063,89177,them,444,6
17064,89182,over,444,6
17065,89190,The,445,6
17066,89194,Knave,445,6
17067,89200,did,445,6
17068,89204,so,445,6
17069,89208,very,445,6
17070,89213,carefully,445,6
17071,89224,with,445,6
17072,89229,one,445,6
17073,89233,foot,445,6
17074,89241,Get,446,6
17075,89245,up,446,6
17076,89250,said,446,6
17077,89255,the,446,6
17078,89259,Queen,446,6
17079,89266,in,446,6
17080,89269,a,446,6
17081,89271,shrill,446,6
17082,89279,loud,446,6
17083,89284,voice,446,6
17084,89291,and,446,6
17085,89295,the,446,6
17086,89299,three,446,6
17087,89305,gardeners,446,6
17088,89315,instantly,446,6
17089,89325,jumped,446,6
17090,89332,up,446,6
17091,89336,and,446,6
17092,89340,began,446,6
17093,89346,bowing,446,6
17094,89353,to,446,6
17095,89356,the,446,6
17096,89360,King,446,6
17097,89366,the,446,6
17098,89370,Queen,446,6
17099,89377,the,446,6
17100,89381,royal,446,6
17101,89387,children,446,6
17102,89397,and,446,6
17103,89401,everybody,446,6
17104,89411,else,446,6
17105,89419,Leave,447,6
17106,89425,off,447,6
17107,89429,that,447,6
17108,89436,screamed,447,6
17109,89445,the,447,6
17110,89449,Queen,447,6
17111,89457,You,447,6
17112,89461,make,447,6
17113,89466,me,447,6
17114,89469,giddy,447,6
17115,89477,And,447,6
17116,89481,then,447,6
17117,89487,turning,447,6
17118,89495,to,447,6
17119,89498,the,447,6
17120,89502,rose,447,6
17121,89507,tree,447,6
17122,89513,she,447,6
17123,89517,went,447,6
17124,89522,on,447,6
17125,89527,What,447,6
17126,89533,have,447,6
17127,89539,you,447,6
17128,89543,been,447,6
17129,89548,doing,447,6
17130,89554,here,447,6
17131,89563,May,448,6
17132,89567,it,448,6
17133,89570,please,448,6
17134,89577,your,448,6
17135,89582,Majesty,448,6
17136,89592,said,448,6
17137,89597,Two,448,6
17138,89602,in,448,6
17139,89605,a,448,6
17140,89607,very,448,6
17141,89612,humble,448,6
17142,89619,tone,448,6
17143,89625,going,448,6
17144,89631,down,448,6
17145,89636,on,448,6
17146,89639,one,448,6
17147,89643,knee,448,6
17148,89648,as,448,6
17149,89651,he,448,6
17150,89654,spoke,448,6
17151,89662,we,448,6
17152,89665,were,448,6
17153,89670,trying,448,6
17154,89682,I,449,6
17155,89685,see,449,6
17156,89691,said,449,6
17157,89696,the,449,6
17158,89700,Queen,449,6
17159,89707,who,449,6
17160,89711,had,449,6
17161,89715,meanwhile,449,6
17162,89725,been,449,6
17163,89730,examining,449,6
17164,89740,the,449,6
17165,89744,roses,449,6
17166,89752,Off,449,6
17167,89756,with,449,6
17168,89761,their,449,6
17169,89767,heads,449,6
17170,89775,and,449,6
17171,89779,the,449,6
17172,89783,procession,449,6
17173,89794,moved,449,6
17174,89800,on,449,6
17175,89804,three,449,6
17176,89810,of,449,6
17177,89813,the,449,6
17178,89817,soldiers,449,6
17179,89826,remaining,449,6
17180,89836,behind,449,6
17181,89843,to,449,6
17182,89846,execute,449,6
17183,89854,the,449,6
17184,89858,unfortunate,449,6
17185,89870,gardeners,449,6
17186,89881,who,449,6
17187,89885,ran,449,6
17188,89889,to,449,6
17189,89892,Alice,449,6
17190,89898,for,449,6
17191,89902,protection,449,6
17192,89916,You,450,6
17193,89920,shan,450,6
17194,89925,t,450,6
17195,89927,be,450,6
17196,89930,beheaded,450,6
17197,89941,said,450,6
17198,89946,Alice,450,6
17199,89953,and,450,6
17200,89957,she,450,6
17201,89961,put,450,6
17202,89965,them,450,6
17203,89970,into,450,6
17204,89975,a,450,6
17205,89977,large,450,6
17206,89983,flower,450,6
17207,89990,pot,450,6
17208,89994,that,450,6
17209,89999,stood,450,6
17210,90005,near,450,6
17211,90011,The,450,6
17212,90015,three,450,6
17213,90021,soldiers,450,6
17214,90030,wandered,450,6
17215,90039,about,450,6
17216,90045,for,450,6
17217,90049,a,450,6
17218,90051,minute,450,6
17219,90058,or,450,6
17220,90061,two,450,6
17221,90066,looking,450,6
17222,90074,for,450,6
17223,90078,them,450,6
17224,90084,and,450,6
17225,90088,then,450,6
17226,90093,quietly,450,6
17227,90101,marched,450,6
17228,90109,off,450,6
17229,90113,after,450,6
17230,90119,the,450,6
17231,90123,others,450,6
17232,90133,Are,451,6
17233,90137,their,451,6
17234,90143,heads,451,6
17235,90149,off,451,6
17236,90155,shouted,451,6
17237,90163,the,451,6
17238,90167,Queen,451,6
17239,90176,Their,452,6
17240,90182,heads,452,6
17241,90188,are,452,6
17242,90192,gone,452,6
17243,90198,if,452,6
17244,90201,it,452,6
17245,90204,please,452,6
17246,90211,your,452,6
17247,90216,Majesty,452,6
17248,90226,the,452,6
17249,90230,soldiers,452,6
17250,90239,shouted,452,6
17251,90247,in,452,6
17252,90250,reply,452,6
17253,90259,That,453,6
17254,90264,s,453,6
17255,90266,right,453,6
17256,90274,shouted,453,6
17257,90282,the,453,6
17258,90286,Queen,453,6
17259,90294,Can,453,6
17260,90298,you,453,6
17261,90302,play,453,6
17262,90307,croquet,453,6
17263,90318,The,454,6
17264,90322,soldiers,454,6
17265,90331,were,454,6
17266,90336,silent,454,6
17267,90344,and,454,6
17268,90348,looked,454,6
17269,90355,at,454,6
17270,90358,Alice,454,6
17271,90365,as,454,6
17272,90368,the,454,6
17273,90372,question,454,6
17274,90381,was,454,6
17275,90385,evidently,454,6
17276,90395,meant,454,6
17277,90401,for,454,6
17278,90405,her,454,6
17279,90412,Yes,455,6
17280,90418,shouted,455,6
17281,90426,Alice,455,6
17282,90435,Come,456,6
17283,90440,on,456,6
17284,90444,then,456,6
17285,90451,roared,456,6
17286,90458,the,456,6
17287,90462,Queen,456,6
17288,90469,and,456,6
17289,90473,Alice,456,6
17290,90479,joined,456,6
17291,90486,the,456,6
17292,90490,procession,456,6
17293,90502,wondering,456,6
17294,90512,very,456,6
17295,90517,much,456,6
17296,90522,what,456,6
17297,90527,would,456,6
17298,90533,happen,456,6
17299,90540,next,456,6
17300,90548,It,457,6
17301,90551,s,457,6
17302,90553,it,457,6
17303,90556,s,457,6
17304,90558,a,457,6
17305,90560,very,457,6
17306,90565,fine,457,6
17307,90570,day,457,6
17308,90576,said,457,6
17309,90581,a,457,6
17310,90583,timid,457,6
17311,90589,voice,457,6
17312,90595,at,457,6
17313,90598,her,457,6
17314,90602,side,457,6
17315,90608,She,457,6
17316,90612,was,457,6
17317,90616,walking,457,6
17318,90624,by,457,6
17319,90627,the,457,6
17320,90631,White,457,6
17321,90637,Rabbit,457,6
17322,90645,who,457,6
17323,90649,was,457,6
17324,90653,peeping,457,6
17325,90661,anxiously,457,6
17326,90671,into,457,6
17327,90676,her,457,6
17328,90680,face,457,6
17329,90688,Very,458,6
17330,90695,said,458,6
17331,90700,Alice,458,6
17332,90709,where,458,6
17333,90715,s,458,6
17334,90717,the,458,6
17335,90721,Duchess,458,6
17336,90733,Hush,459,6
17337,90739,Hush,459,6
17338,90746,said,459,6
17339,90751,the,459,6
17340,90755,Rabbit,459,6
17341,90762,in,459,6
17342,90765,a,459,6
17343,90767,low,459,6
17344,90772,hurried,459,6
17345,90780,tone,459,6
17346,90786,He,459,6
17347,90789,looked,459,6
17348,90796,anxiously,459,6
17349,90806,over,459,6
17350,90811,his,459,6
17351,90815,shoulder,459,6
17352,90824,as,459,6
17353,90827,he,459,6
17354,90830,spoke,459,6
17355,90837,and,459,6
17356,90841,then,459,6
17357,90846,raised,459,6
17358,90853,himself,459,6
17359,90861,upon,459,6
17360,90866,tiptoe,459,6
17361,90874,put,459,6
17362,90878,his,459,6
17363,90882,mouth,459,6
17364,90888,close,459,6
17365,90894,to,459,6
17366,90897,her,459,6
17367,90901,ear,459,6
17368,90906,and,459,6
17369,90910,whispered,459,6
17370,90921,She,459,6
17371,90925,s,459,6
17372,90927,under,459,6
17373,90933,sentence,459,6
17374,90942,of,459,6
17375,90945,execution,459,6
17376,90959,What,460,6
17377,90964,for,460,6
17378,90970,said,460,6
17379,90975,Alice,460,6
17380,90984,Did,461,6
17381,90988,you,461,6
17382,90992,say,461,6
17383,90997,What,461,6
17384,91002,a,461,6
17385,91004,pity,461,6
17386,91013,the,461,6
17387,91017,Rabbit,461,6
17388,91024,asked,461,6
17389,91033,No,462,6
17390,91037,I,462,6
17391,91039,didn,462,6
17392,91044,t,462,6
17393,91048,said,462,6
17394,91053,Alice,462,6
17395,91061,I,462,6
17396,91063,don,462,6
17397,91067,t,462,6
17398,91069,think,462,6
17399,91075,it,462,6
17400,91078,s,462,6
17401,91080,at,462,6
17402,91083,all,462,6
17403,91087,a,462,6
17404,91089,pity,462,6
17405,91095,I,462,6
17406,91097,said,462,6
17407,91103,What,462,6
17408,91108,for,462,6
17409,91117,She,463,6
17410,91121,boxed,463,6
17411,91127,the,463,6
17412,91131,Queen,463,6
17413,91137,s,463,6
17414,91139,ears,463,6
17415,91146,the,463,6
17416,91150,Rabbit,463,6
17417,91157,began,463,6
17418,91164,Alice,463,6
17419,91170,gave,463,6
17420,91175,a,463,6
17421,91177,little,463,6
17422,91184,scream,463,6
17423,91191,of,463,6
17424,91194,laughter,463,6
17425,91205,Oh,463,6
17426,91209,hush,463,6
17427,91216,the,463,6
17428,91220,Rabbit,463,6
17429,91227,whispered,463,6
17430,91237,in,463,6
17431,91240,a,463,6
17432,91242,frightened,463,6
17433,91253,tone,463,6
17434,91260,The,463,6
17435,91264,Queen,463,6
17436,91270,will,463,6
17437,91275,hear,463,6
17438,91280,you,463,6
17439,91285,You,463,6
17440,91289,see,463,6
17441,91294,she,463,6
17442,91298,came,463,6
17443,91303,rather,463,6
17444,91310,late,463,6
17445,91316,and,463,6
17446,91320,the,463,6
17447,91324,Queen,463,6
17448,91330,said,463,6
17449,91339,Get,464,6
17450,91343,to,464,6
17451,91346,your,464,6
17452,91351,places,464,6
17453,91360,shouted,464,6
17454,91368,the,464,6
17455,91372,Queen,464,6
17456,91378,in,464,6
17457,91381,a,464,6
17458,91383,voice,464,6
17459,91389,of,464,6
17460,91392,thunder,464,6
17461,91401,and,464,6
17462,91405,people,464,6
17463,91412,began,464,6
17464,91418,running,464,6
17465,91426,about,464,6
17466,91432,in,464,6
17467,91435,all,464,6
17468,91439,directions,464,6
17469,91451,tumbling,464,6
17470,91460,up,464,6
17471,91463,against,464,6
17472,91471,each,464,6
17473,91476,other,464,6
17474,91483,however,464,6
17475,91492,they,464,6
17476,91497,got,464,6
17477,91501,settled,464,6
17478,91509,down,464,6
17479,91514,in,464,6
17480,91517,a,464,6
17481,91519,minute,464,6
17482,91526,or,464,6
17483,91529,two,464,6
17484,91534,and,464,6
17485,91538,the,464,6
17486,91542,game,464,6
17487,91547,began,464,6
17488,91554,Alice,464,6
17489,91560,thought,464,6
17490,91568,she,464,6
17491,91572,had,464,6
17492,91576,never,464,6
17493,91582,seen,464,6
17494,91587,such,464,6
17495,91592,a,464,6
17496,91594,curious,464,6
17497,91602,croquet,464,6
17498,91610,ground,464,6
17499,91617,in,464,6
17500,91620,her,464,6
17501,91624,life,464,6
17502,91630,it,464,6
17503,91633,was,464,6
17504,91637,all,464,6
17505,91641,ridges,464,6
17506,91648,and,464,6
17507,91652,furrows,464,6
17508,91661,the,464,6
17509,91665,balls,464,6
17510,91671,were,464,6
17511,91676,live,464,6
17512,91681,hedgehogs,464,6
17513,91692,the,464,6
17514,91696,mallets,464,6
17515,91704,live,464,6
17516,91709,flamingoes,464,6
17517,91721,and,464,6
17518,91725,the,464,6
17519,91729,soldiers,464,6
17520,91738,had,464,6
17521,91742,to,464,6
17522,91745,double,464,6
17523,91752,themselves,464,6
17524,91763,up,464,6
17525,91766,and,464,6
17526,91770,to,464,6
17527,91773,stand,464,6
17528,91779,on,464,6
17529,91782,their,464,6
17530,91788,hands,464,6
17531,91794,and,464,6
17532,91798,feet,464,6
17533,91804,to,464,6
17534,91807,make,464,6
17535,91812,the,464,6
17536,91816,arches,464,6
17537,91825,The,465,6
17538,91829,chief,465,6
17539,91835,difficulty,465,6
17540,91846,Alice,465,6
17541,91852,found,465,6
17542,91858,at,465,6
17543,91861,first,465,6
17544,91867,was,465,6
17545,91871,in,465,6
17546,91874,managing,465,6
17547,91883,her,465,6
17548,91887,flamingo,465,6
17549,91897,she,465,6
17550,91901,succeeded,465,6
17551,91911,in,465,6
17552,91914,getting,465,6
17553,91922,its,465,6
17554,91926,body,465,6
17555,91931,tucked,465,6
17556,91938,away,465,6
17557,91944,comfortably,465,6
17558,91956,enough,465,6
17559,91964,under,465,6
17560,91970,her,465,6
17561,91974,arm,465,6
17562,91979,with,465,6
17563,91984,its,465,6
17564,91988,legs,465,6
17565,91993,hanging,465,6
17566,92001,down,465,6
17567,92007,but,465,6
17568,92011,generally,465,6
17569,92022,just,465,6
17570,92027,as,465,6
17571,92030,she,465,6
17572,92034,had,465,6
17573,92038,got,465,6
17574,92042,its,465,6
17575,92046,neck,465,6
17576,92051,nicely,465,6
17577,92058,straightened,465,6
17578,92071,out,465,6
17579,92076,and,465,6
17580,92080,was,465,6
17581,92084,going,465,6
17582,92090,to,465,6
17583,92093,give,465,6
17584,92098,the,465,6
17585,92102,hedgehog,465,6
17586,92111,a,465,6
17587,92113,blow,465,6
17588,92118,with,465,6
17589,92123,its,465,6
17590,92127,head,465,6
17591,92133,it,465,6
17592,92137,would,465,6
17593,92144,twist,465,6
17594,92150,itself,465,6
17595,92157,round,465,6
17596,92163,and,465,6
17597,92167,look,465,6
17598,92172,up,465,6
17599,92175,in,465,6
17600,92178,her,465,6
17601,92182,face,465,6
17602,92188,with,465,6
17603,92193,such,465,6
17604,92198,a,465,6
17605,92200,puzzled,465,6
17606,92208,expression,465,6
17607,92219,that,465,6
17608,92224,she,465,6
17609,92228,could,465,6
17610,92234,not,465,6
17611,92238,help,465,6
17612,92243,bursting,465,6
17613,92252,out,465,6
17614,92256,laughing,465,6
17615,92266,and,465,6
17616,92270,when,465,6
17617,92275,she,465,6
17618,92279,had,465,6
17619,92283,got,465,6
17620,92287,its,465,6
17621,92291,head,465,6
17622,92296,down,465,6
17623,92302,and,465,6
17624,92306,was,465,6
17625,92310,going,465,6
17626,92316,to,465,6
17627,92319,begin,465,6
17628,92325,again,465,6
17629,92332,it,465,6
17630,92335,was,465,6
17631,92339,very,465,6
17632,92344,provoking,465,6
17633,92354,to,465,6
17634,92357,find,465,6
17635,92362,that,465,6
17636,92367,the,465,6
17637,92371,hedgehog,465,6
17638,92380,had,465,6
17639,92384,unrolled,465,6
17640,92393,itself,465,6
17641,92401,and,465,6
17642,92405,was,465,6
17643,92409,in,465,6
17644,92412,the,465,6
17645,92416,act,465,6
17646,92420,of,465,6
17647,92423,crawling,465,6
17648,92432,away,465,6
17649,92438,besides,465,6
17650,92446,all,465,6
17651,92450,this,465,6
17652,92456,there,465,6
17653,92462,was,465,6
17654,92466,generally,465,6
17655,92476,a,465,6
17656,92478,ridge,465,6
17657,92484,or,465,6
17658,92487,furrow,465,6
17659,92494,in,465,6
17660,92497,the,465,6
17661,92501,way,465,6
17662,92505,wherever,465,6
17663,92514,she,465,6
17664,92518,wanted,465,6
17665,92525,to,465,6
17666,92528,send,465,6
17667,92533,the,465,6
17668,92537,hedgehog,465,6
17669,92546,to,465,6
17670,92550,and,465,6
17671,92555,as,465,6
17672,92558,the,465,6
17673,92562,doubled,465,6
17674,92570,up,465,6
17675,92573,soldiers,465,6
17676,92582,were,465,6
17677,92587,always,465,6
17678,92594,getting,465,6
17679,92602,up,465,6
17680,92605,and,465,6
17681,92609,walking,465,6
17682,92617,off,465,6
17683,92621,to,465,6
17684,92624,other,465,6
17685,92630,parts,465,6
17686,92636,of,465,6
17687,92639,the,465,6
17688,92643,ground,465,6
17689,92651,Alice,465,6
17690,92657,soon,465,6
17691,92662,came,465,6
17692,92667,to,465,6
17693,92670,the,465,6
17694,92674,conclusion,465,6
17695,92685,that,465,6
17696,92690,it,465,6
17697,92693,was,465,6
17698,92697,a,465,6
17699,92699,very,465,6
17700,92704,difficult,465,6
17701,92714,game,465,6
17702,92719,indeed,465,6
17703,92728,The,466,6
17704,92732,players,466,6
17705,92740,all,466,6
17706,92744,played,466,6
17707,92751,at,466,6
17708,92754,once,466,6
17709,92759,without,466,6
17710,92767,waiting,466,6
17711,92775,for,466,6
17712,92779,turns,466,6
17713,92786,quarrelling,466,6
17714,92798,all,466,6
17715,92802,the,466,6
17716,92806,while,466,6
17717,92813,and,466,6
17718,92817,fighting,466,6
17719,92826,for,466,6
17720,92830,the,466,6
17721,92834,hedgehogs,466,6
17722,92845,and,466,6
17723,92849,in,466,6
17724,92852,a,466,6
17725,92854,very,466,6
17726,92859,short,466,6
17727,92865,time,466,6
17728,92870,the,466,6
17729,92874,Queen,466,6
17730,92880,was,466,6
17731,92884,in,466,6
17732,92887,a,466,6
17733,92889,furious,466,6
17734,92897,passion,466,6
17735,92906,and,466,6
17736,92910,went,466,6
17737,92915,stamping,466,6
17738,92924,about,466,6
17739,92931,and,466,6
17740,92935,shouting,466,6
17741,92945,Off,466,6
17742,92949,with,466,6
17743,92954,his,466,6
17744,92958,head,466,6
17745,92965,or,466,6
17746,92969,Off,466,6
17747,92973,with,466,6
17748,92978,her,466,6
17749,92982,head,466,6
17750,92989,about,466,6
17751,92995,once,466,6
17752,93000,in,466,6
17753,93003,a,466,6
17754,93005,minute,466,6
17755,93014,Alice,467,6
17756,93020,began,467,6
17757,93026,to,467,6
17758,93029,feel,467,6
17759,93034,very,467,6
17760,93039,uneasy,467,6
17761,93047,to,467,6
17762,93050,be,467,6
17763,93053,sure,467,6
17764,93059,she,467,6
17765,93063,had,467,6
17766,93067,not,467,6
17767,93071,as,467,6
17768,93074,yet,467,6
17769,93078,had,467,6
17770,93082,any,467,6
17771,93086,dispute,467,6
17772,93094,with,467,6
17773,93099,the,467,6
17774,93103,Queen,467,6
17775,93110,but,467,6
17776,93114,she,467,6
17777,93118,knew,467,6
17778,93123,that,467,6
17779,93128,it,467,6
17780,93131,might,467,6
17781,93137,happen,467,6
17782,93144,any,467,6
17783,93148,minute,467,6
17784,93157,and,467,6
17785,93161,then,467,6
17786,93168,thought,467,6
17787,93176,she,467,6
17788,93182,what,467,6
17789,93187,would,467,6
17790,93193,become,467,6
17791,93200,of,467,6
17792,93203,me,467,6
17793,93207,They,467,6
17794,93212,re,467,6
17795,93215,dreadfully,467,6
17796,93226,fond,467,6
17797,93231,of,467,6
17798,93234,beheading,467,6
17799,93244,people,467,6
17800,93251,here,467,6
17801,93257,the,467,6
17802,93261,great,467,6
17803,93267,wonder,467,6
17804,93274,is,467,6
17805,93278,that,467,6
17806,93283,there,467,6
17807,93289,s,467,6
17808,93291,any,467,6
17809,93295,one,467,6
17810,93299,left,467,6
17811,93304,alive,467,6
17812,93313,She,468,6
17813,93317,was,468,6
17814,93321,looking,468,6
17815,93329,about,468,6
17816,93335,for,468,6
17817,93339,some,468,6
17818,93344,way,468,6
17819,93348,of,468,6
17820,93351,escape,468,6
17821,93359,and,468,6
17822,93363,wondering,468,6
17823,93373,whether,468,6
17824,93381,she,468,6
17825,93385,could,468,6
17826,93391,get,468,6
17827,93395,away,468,6
17828,93400,without,468,6
17829,93408,being,468,6
17830,93414,seen,468,6
17831,93420,when,468,6
17832,93425,she,468,6
17833,93429,noticed,468,6
17834,93437,a,468,6
17835,93439,curious,468,6
17836,93447,appearance,468,6
17837,93458,in,468,6
17838,93461,the,468,6
17839,93465,air,468,6
17840,93470,it,468,6
17841,93473,puzzled,468,6
17842,93481,her,468,6
17843,93485,very,468,6
17844,93490,much,468,6
17845,93495,at,468,6
17846,93498,first,468,6
17847,93505,but,468,6
17848,93510,after,468,6
17849,93516,watching,468,6
17850,93525,it,468,6
17851,93528,a,468,6
17852,93530,minute,468,6
17853,93537,or,468,6
17854,93540,two,468,6
17855,93545,she,468,6
17856,93549,made,468,6
17857,93554,it,468,6
17858,93557,out,468,6
17859,93561,to,468,6
17860,93564,be,468,6
17861,93567,a,468,6
17862,93569,grin,468,6
17863,93575,and,468,6
17864,93579,she,468,6
17865,93583,said,468,6
17866,93588,to,468,6
17867,93591,herself,468,6
17868,93600,It,468,6
17869,93603,s,468,6
17870,93605,the,468,6
17871,93609,Cheshire,468,6
17872,93618,Cat,468,6
17873,93623,now,468,6
17874,93627,I,468,6
17875,93629,shall,468,6
17876,93635,have,468,6
17877,93640,somebody,468,6
17878,93649,to,468,6
17879,93652,talk,468,6
17880,93657,to,468,6
17881,93664,How,469,6
17882,93668,are,469,6
17883,93672,you,469,6
17884,93676,getting,469,6
17885,93684,on,469,6
17886,93689,said,469,6
17887,93694,the,469,6
17888,93698,Cat,469,6
17889,93703,as,469,6
17890,93706,soon,469,6
17891,93711,as,469,6
17892,93714,there,469,6
17893,93720,was,469,6
17894,93724,mouth,469,6
17895,93730,enough,469,6
17896,93737,for,469,6
17897,93741,it,469,6
17898,93744,to,469,6
17899,93747,speak,469,6
17900,93753,with,469,6
17901,93760,Alice,470,6
17902,93766,waited,470,6
17903,93773,till,470,6
17904,93778,the,470,6
17905,93782,eyes,470,6
17906,93787,appeared,470,6
17907,93797,and,470,6
17908,93801,then,470,6
17909,93806,nodded,470,6
17910,93815,It,470,6
17911,93818,s,470,6
17912,93820,no,470,6
17913,93823,use,470,6
17914,93827,speaking,470,6
17915,93836,to,470,6
17916,93839,it,470,6
17917,93844,she,470,6
17918,93848,thought,470,6
17919,93858,till,470,6
17920,93863,its,470,6
17921,93867,ears,470,6
17922,93872,have,470,6
17923,93877,come,470,6
17924,93883,or,470,6
17925,93886,at,470,6
17926,93889,least,470,6
17927,93895,one,470,6
17928,93899,of,470,6
17929,93902,them,470,6
17930,93909,In,470,6
17931,93912,another,470,6
17932,93920,minute,470,6
17933,93927,the,470,6
17934,93931,whole,470,6
17935,93937,head,470,6
17936,93942,appeared,470,6
17937,93952,and,470,6
17938,93956,then,470,6
17939,93961,Alice,470,6
17940,93967,put,470,6
17941,93971,down,470,6
17942,93976,her,470,6
17943,93980,flamingo,470,6
17944,93990,and,470,6
17945,93994,began,470,6
17946,94000,an,470,6
17947,94003,account,470,6
17948,94011,of,470,6
17949,94014,the,470,6
17950,94018,game,470,6
17951,94024,feeling,470,6
17952,94032,very,470,6
17953,94037,glad,470,6
17954,94042,she,470,6
17955,94046,had,470,6
17956,94050,someone,470,6
17957,94058,to,470,6
17958,94061,listen,470,6
17959,94068,to,470,6
17960,94071,her,470,6
17961,94076,The,470,6
17962,94080,Cat,470,6
17963,94084,seemed,470,6
17964,94091,to,470,6
17965,94094,think,470,6
17966,94100,that,470,6
17967,94105,there,470,6
17968,94111,was,470,6
17969,94115,enough,470,6
17970,94122,of,470,6
17971,94125,it,470,6
17972,94128,now,470,6
17973,94132,in,470,6
17974,94135,sight,470,6
17975,94142,and,470,6
17976,94146,no,470,6
17977,94149,more,470,6
17978,94154,of,470,6
17979,94157,it,470,6
17980,94160,appeared,470,6
17981,94172,I,471,6
17982,94174,don,471,6
17983,94178,t,471,6
17984,94180,think,471,6
17985,94186,they,471,6
17986,94191,play,471,6
17987,94196,at,471,6
17988,94199,all,471,6
17989,94203,fairly,471,6
17990,94212,Alice,471,6
17991,94218,began,471,6
17992,94225,in,471,6
17993,94228,rather,471,6
17994,94235,a,471,6
17995,94237,complaining,471,6
17996,94249,tone,471,6
17997,94256,and,471,6
17998,94260,they,471,6
17999,94265,all,471,6
18000,94269,quarrel,471,6
18001,94277,so,471,6
18002,94280,dreadfully,471,6
18003,94291,one,471,6
18004,94295,can,471,6
18005,94299,t,471,6
18006,94301,hear,471,6
18007,94306,oneself,471,6
18008,94314,speak,471,6
18009,94320,and,471,6
18010,94324,they,471,6
18011,94329,don,471,6
18012,94333,t,471,6
18013,94335,seem,471,6
18014,94340,to,471,6
18015,94343,have,471,6
18016,94348,any,471,6
18017,94352,rules,471,6
18018,94358,in,471,6
18019,94361,particular,471,6
18020,94373,at,471,6
18021,94376,least,471,6
18022,94383,if,471,6
18023,94386,there,471,6
18024,94392,are,471,6
18025,94397,nobody,471,6
18026,94404,attends,471,6
18027,94412,to,471,6
18028,94415,them,471,6
18029,94420,and,471,6
18030,94424,you,471,6
18031,94428,ve,471,6
18032,94431,no,471,6
18033,94434,idea,471,6
18034,94439,how,471,6
18035,94443,confusing,471,6
18036,94453,it,471,6
18037,94456,is,471,6
18038,94459,all,471,6
18039,94463,the,471,6
18040,94467,things,471,6
18041,94474,being,471,6
18042,94480,alive,471,6
18043,94487,for,471,6
18044,94491,instance,471,6
18045,94501,there,471,6
18046,94507,s,471,6
18047,94509,the,471,6
18048,94513,arch,471,6
18049,94518,I,471,6
18050,94520,ve,471,6
18051,94523,got,471,6
18052,94527,to,471,6
18053,94530,go,471,6
18054,94533,through,471,6
18055,94541,next,471,6
18056,94546,walking,471,6
18057,94554,about,471,6
18058,94560,at,471,6
18059,94563,the,471,6
18060,94567,other,471,6
18061,94573,end,471,6
18062,94577,of,471,6
18063,94580,the,471,6
18064,94584,ground,471,6
18065,94591,and,471,6
18066,94595,I,471,6
18067,94597,should,471,6
18068,94604,have,471,6
18069,94609,croqueted,471,6
18070,94619,the,471,6
18071,94623,Queen,471,6
18072,94629,s,471,6
18073,94631,hedgehog,471,6
18074,94640,just,471,6
18075,94645,now,471,6
18076,94650,only,471,6
18077,94655,it,471,6
18078,94658,ran,471,6
18079,94662,away,471,6
18080,94667,when,471,6
18081,94672,it,471,6
18082,94675,saw,471,6
18083,94679,mine,471,6
18084,94684,coming,471,6
18085,94695,How,472,6
18086,94699,do,472,6
18087,94702,you,472,6
18088,94706,like,472,6
18089,94711,the,472,6
18090,94715,Queen,472,6
18091,94723,said,472,6
18092,94728,the,472,6
18093,94732,Cat,472,6
18094,94736,in,472,6
18095,94739,a,472,6
18096,94741,low,472,6
18097,94745,voice,472,6
18098,94754,Not,473,6
18099,94758,at,473,6
18100,94761,all,473,6
18101,94767,said,473,6
18102,94772,Alice,473,6
18103,94780,she,473,6
18104,94784,s,473,6
18105,94786,so,473,6
18106,94789,extremely,473,6
18107,94801,Just,473,6
18108,94806,then,473,6
18109,94811,she,473,6
18110,94815,noticed,473,6
18111,94823,that,473,6
18112,94828,the,473,6
18113,94832,Queen,473,6
18114,94838,was,473,6
18115,94842,close,473,6
18116,94848,behind,473,6
18117,94855,her,473,6
18118,94860,listening,473,6
18119,94871,so,473,6
18120,94874,she,473,6
18121,94878,went,473,6
18122,94883,on,473,6
18123,94889,likely,473,6
18124,94896,to,473,6
18125,94899,win,473,6
18126,94904,that,473,6
18127,94909,it,473,6
18128,94912,s,473,6
18129,94914,hardly,473,6
18130,94921,worth,473,6
18131,94927,while,473,6
18132,94933,finishing,473,6
18133,94943,the,473,6
18134,94947,game,473,6
18135,94955,The,474,6
18136,94959,Queen,474,6
18137,94965,smiled,474,6
18138,94972,and,474,6
18139,94976,passed,474,6
18140,94983,on,474,6
18141,94989,Who,475,6
18142,94994,are,475,6
18143,94999,you,475,6
18144,95003,talking,475,6
18145,95011,to,475,6
18146,95016,said,475,6
18147,95021,the,475,6
18148,95025,King,475,6
18149,95031,going,475,6
18150,95037,up,475,6
18151,95040,to,475,6
18152,95043,Alice,475,6
18153,95050,and,475,6
18154,95054,looking,475,6
18155,95062,at,475,6
18156,95065,the,475,6
18157,95069,Cat,475,6
18158,95073,s,475,6
18159,95075,head,475,6
18160,95080,with,475,6
18161,95085,great,475,6
18162,95091,curiosity,475,6
18163,95104,It,476,6
18164,95107,s,476,6
18165,95109,a,476,6
18166,95111,friend,476,6
18167,95118,of,476,6
18168,95121,mine,476,6
18169,95126,a,476,6
18170,95128,Cheshire,476,6
18171,95137,Cat,476,6
18172,95143,said,476,6
18173,95148,Alice,476,6
18174,95156,allow,476,6
18175,95162,me,476,6
18176,95165,to,476,6
18177,95168,introduce,476,6
18178,95178,it,476,6
18179,95185,I,477,6
18180,95187,don,477,6
18181,95191,t,477,6
18182,95193,like,477,6
18183,95198,the,477,6
18184,95202,look,477,6
18185,95207,of,477,6
18186,95210,it,477,6
18187,95213,at,477,6
18188,95216,all,477,6
18189,95222,said,477,6
18190,95227,the,477,6
18191,95231,King,477,6
18192,95238,however,477,6
18193,95247,it,477,6
18194,95250,may,477,6
18195,95254,kiss,477,6
18196,95259,my,477,6
18197,95262,hand,477,6
18198,95267,if,477,6
18199,95270,it,477,6
18200,95273,likes,477,6
18201,95283,I,478,6
18202,95285,d,478,6
18203,95287,rather,478,6
18204,95294,not,478,6
18205,95300,the,478,6
18206,95304,Cat,478,6
18207,95308,remarked,478,6
18208,95320,Don,479,6
18209,95324,t,479,6
18210,95326,be,479,6
18211,95329,impertinent,479,6
18212,95343,said,479,6
18213,95348,the,479,6
18214,95352,King,479,6
18215,95359,and,479,6
18216,95363,don,479,6
18217,95367,t,479,6
18218,95369,look,479,6
18219,95374,at,479,6
18220,95377,me,479,6
18221,95380,like,479,6
18222,95385,that,479,6
18223,95392,He,479,6
18224,95395,got,479,6
18225,95399,behind,479,6
18226,95406,Alice,479,6
18227,95412,as,479,6
18228,95415,he,479,6
18229,95418,spoke,479,6
18230,95427,A,480,6
18231,95429,cat,480,6
18232,95433,may,480,6
18233,95437,look,480,6
18234,95442,at,480,6
18235,95445,a,480,6
18236,95447,king,480,6
18237,95454,said,480,6
18238,95459,Alice,480,6
18239,95467,I,480,6
18240,95469,ve,480,6
18241,95472,read,480,6
18242,95477,that,480,6
18243,95482,in,480,6
18244,95485,some,480,6
18245,95490,book,480,6
18246,95496,but,480,6
18247,95500,I,480,6
18248,95502,don,480,6
18249,95506,t,480,6
18250,95508,remember,480,6
18251,95517,where,480,6
18252,95527,Well,481,6
18253,95533,it,481,6
18254,95536,must,481,6
18255,95541,be,481,6
18256,95544,removed,481,6
18257,95554,said,481,6
18258,95559,the,481,6
18259,95563,King,481,6
18260,95568,very,481,6
18261,95573,decidedly,481,6
18262,95584,and,481,6
18263,95588,he,481,6
18264,95591,called,481,6
18265,95598,the,481,6
18266,95602,Queen,481,6
18267,95609,who,481,6
18268,95613,was,481,6
18269,95617,passing,481,6
18270,95625,at,481,6
18271,95628,the,481,6
18272,95632,moment,481,6
18273,95641,My,481,6
18274,95644,dear,481,6
18275,95650,I,481,6
18276,95652,wish,481,6
18277,95657,you,481,6
18278,95661,would,481,6
18279,95667,have,481,6
18280,95672,this,481,6
18281,95677,cat,481,6
18282,95681,removed,481,6
18283,95692,The,482,6
18284,95696,Queen,482,6
18285,95702,had,482,6
18286,95706,only,482,6
18287,95711,one,482,6
18288,95715,way,482,6
18289,95719,of,482,6
18290,95722,settling,482,6
18291,95731,all,482,6
18292,95735,difficulties,482,6
18293,95749,great,482,6
18294,95755,or,482,6
18295,95758,small,482,6
18296,95766,Off,482,6
18297,95770,with,482,6
18298,95775,his,482,6
18299,95779,head,482,6
18300,95786,she,482,6
18301,95790,said,482,6
18302,95796,without,482,6
18303,95804,even,482,6
18304,95809,looking,482,6
18305,95817,round,482,6
18306,95826,I,483,6
18307,95828,ll,483,6
18308,95831,fetch,483,6
18309,95837,the,483,6
18310,95841,executioner,483,6
18311,95853,myself,483,6
18312,95862,said,483,6
18313,95867,the,483,6
18314,95871,King,483,6
18315,95876,eagerly,483,6
18316,95885,and,483,6
18317,95889,he,483,6
18318,95892,hurried,483,6
18319,95900,off,483,6
18320,95906,Alice,484,6
18321,95912,thought,484,6
18322,95920,she,484,6
18323,95924,might,484,6
18324,95930,as,484,6
18325,95933,well,484,6
18326,95938,go,484,6
18327,95941,back,484,6
18328,95947,and,484,6
18329,95951,see,484,6
18330,95955,how,484,6
18331,95959,the,484,6
18332,95963,game,484,6
18333,95968,was,484,6
18334,95972,going,484,6
18335,95978,on,484,6
18336,95982,as,484,6
18337,95985,she,484,6
18338,95989,heard,484,6
18339,95995,the,484,6
18340,95999,Queen,484,6
18341,96005,s,484,6
18342,96007,voice,484,6
18343,96013,in,484,6
18344,96016,the,484,6
18345,96020,distance,484,6
18346,96030,screaming,484,6
18347,96040,with,484,6
18348,96045,passion,484,6
18349,96054,She,484,6
18350,96058,had,484,6
18351,96062,already,484,6
18352,96070,heard,484,6
18353,96076,her,484,6
18354,96080,sentence,484,6
18355,96089,three,484,6
18356,96095,of,484,6
18357,96098,the,484,6
18358,96102,players,484,6
18359,96110,to,484,6
18360,96113,be,484,6
18361,96116,executed,484,6
18362,96125,for,484,6
18363,96129,having,484,6
18364,96136,missed,484,6
18365,96143,their,484,6
18366,96149,turns,484,6
18367,96156,and,484,6
18368,96160,she,484,6
18369,96164,did,484,6
18370,96168,not,484,6
18371,96172,like,484,6
18372,96177,the,484,6
18373,96181,look,484,6
18374,96186,of,484,6
18375,96189,things,484,6
18376,96196,at,484,6
18377,96199,all,484,6
18378,96204,as,484,6
18379,96207,the,484,6
18380,96211,game,484,6
18381,96216,was,484,6
18382,96220,in,484,6
18383,96223,such,484,6
18384,96228,confusion,484,6
18385,96238,that,484,6
18386,96243,she,484,6
18387,96247,never,484,6
18388,96253,knew,484,6
18389,96258,whether,484,6
18390,96266,it,484,6
18391,96269,was,484,6
18392,96273,her,484,6
18393,96277,turn,484,6
18394,96282,or,484,6
18395,96285,not,484,6
18396,96290,So,484,6
18397,96293,she,484,6
18398,96297,went,484,6
18399,96302,in,484,6
18400,96305,search,484,6
18401,96312,of,484,6
18402,96315,her,484,6
18403,96319,hedgehog,484,6
18404,96330,The,485,6
18405,96334,hedgehog,485,6
18406,96343,was,485,6
18407,96347,engaged,485,6
18408,96355,in,485,6
18409,96358,a,485,6
18410,96360,fight,485,6
18411,96366,with,485,6
18412,96371,another,485,6
18413,96379,hedgehog,485,6
18414,96389,which,485,6
18415,96395,seemed,485,6
18416,96402,to,485,6
18417,96405,Alice,485,6
18418,96411,an,485,6
18419,96414,excellent,485,6
18420,96424,opportunity,485,6
18421,96436,for,485,6
18422,96440,croqueting,485,6
18423,96451,one,485,6
18424,96455,of,485,6
18425,96458,them,485,6
18426,96463,with,485,6
18427,96468,the,485,6
18428,96472,other,485,6
18429,96479,the,485,6
18430,96483,only,485,6
18431,96488,difficulty,485,6
18432,96499,was,485,6
18433,96504,that,485,6
18434,96509,her,485,6
18435,96513,flamingo,485,6
18436,96522,was,485,6
18437,96526,gone,485,6
18438,96531,across,485,6
18439,96538,to,485,6
18440,96541,the,485,6
18441,96545,other,485,6
18442,96551,side,485,6
18443,96556,of,485,6
18444,96559,the,485,6
18445,96563,garden,485,6
18446,96571,where,485,6
18447,96577,Alice,485,6
18448,96583,could,485,6
18449,96589,see,485,6
18450,96593,it,485,6
18451,96596,trying,485,6
18452,96603,in,485,6
18453,96606,a,485,6
18454,96608,helpless,485,6
18455,96617,sort,485,6
18456,96622,of,485,6
18457,96625,way,485,6
18458,96629,to,485,6
18459,96632,fly,485,6
18460,96636,up,485,6
18461,96639,into,485,6
18462,96644,a,485,6
18463,96646,tree,485,6
18464,96653,By,486,6
18465,96656,the,486,6
18466,96660,time,486,6
18467,96665,she,486,6
18468,96669,had,486,6
18469,96673,caught,486,6
18470,96680,the,486,6
18471,96684,flamingo,486,6
18472,96693,and,486,6
18473,96697,brought,486,6
18474,96705,it,486,6
18475,96708,back,486,6
18476,96714,the,486,6
18477,96718,fight,486,6
18478,96724,was,486,6
18479,96728,over,486,6
18480,96734,and,486,6
18481,96738,both,486,6
18482,96743,the,486,6
18483,96747,hedgehogs,486,6
18484,96757,were,486,6
18485,96762,out,486,6
18486,96766,of,486,6
18487,96769,sight,486,6
18488,96777,but,486,6
18489,96781,it,486,6
18490,96784,doesn,486,6
18491,96790,t,486,6
18492,96792,matter,486,6
18493,96799,much,486,6
18494,96806,thought,486,6
18495,96814,Alice,486,6
18496,96822,as,486,6
18497,96825,all,486,6
18498,96829,the,486,6
18499,96833,arches,486,6
18500,96840,are,486,6
18501,96844,gone,486,6
18502,96849,from,486,6
18503,96854,this,486,6
18504,96859,side,486,6
18505,96864,of,486,6
18506,96867,the,486,6
18507,96871,ground,486,6
18508,96880,So,486,6
18509,96883,she,486,6
18510,96887,tucked,486,6
18511,96894,it,486,6
18512,96897,away,486,6
18513,96902,under,486,6
18514,96908,her,486,6
18515,96912,arm,486,6
18516,96917,that,486,6
18517,96922,it,486,6
18518,96925,might,486,6
18519,96931,not,486,6
18520,96935,escape,486,6
18521,96942,again,486,6
18522,96949,and,486,6
18523,96953,went,486,6
18524,96958,back,486,6
18525,96963,for,486,6
18526,96967,a,486,6
18527,96969,little,486,6
18528,96976,more,486,6
18529,96981,conversation,486,6
18530,96994,with,486,6
18531,96999,her,486,6
18532,97003,friend,486,6
18533,97012,When,487,6
18534,97017,she,487,6
18535,97021,got,487,6
18536,97025,back,487,6
18537,97030,to,487,6
18538,97033,the,487,6
18539,97037,Cheshire,487,6
18540,97046,Cat,487,6
18541,97051,she,487,6
18542,97055,was,487,6
18543,97059,surprised,487,6
18544,97069,to,487,6
18545,97072,find,487,6
18546,97077,quite,487,6
18547,97083,a,487,6
18548,97085,large,487,6
18549,97091,crowd,487,6
18550,97097,collected,487,6
18551,97107,round,487,6
18552,97113,it,487,6
18553,97117,there,487,6
18554,97123,was,487,6
18555,97127,a,487,6
18556,97129,dispute,487,6
18557,97137,going,487,6
18558,97143,on,487,6
18559,97146,between,487,6
18560,97154,the,487,6
18561,97158,executioner,487,6
18562,97171,the,487,6
18563,97175,King,487,6
18564,97181,and,487,6
18565,97185,the,487,6
18566,97189,Queen,487,6
18567,97196,who,487,6
18568,97200,were,487,6
18569,97205,all,487,6
18570,97209,talking,487,6
18571,97217,at,487,6
18572,97220,once,487,6
18573,97226,while,487,6
18574,97232,all,487,6
18575,97236,the,487,6
18576,97240,rest,487,6
18577,97245,were,487,6
18578,97250,quite,487,6
18579,97256,silent,487,6
18580,97264,and,487,6
18581,97268,looked,487,6
18582,97275,very,487,6
18583,97280,uncomfortable,487,6
18584,97296,The,488,6
18585,97300,moment,488,6
18586,97307,Alice,488,6
18587,97313,appeared,488,6
18588,97323,she,488,6
18589,97327,was,488,6
18590,97331,appealed,488,6
18591,97340,to,488,6
18592,97343,by,488,6
18593,97346,all,488,6
18594,97350,three,488,6
18595,97356,to,488,6
18596,97359,settle,488,6
18597,97366,the,488,6
18598,97370,question,488,6
18599,97380,and,488,6
18600,97384,they,488,6
18601,97389,repeated,488,6
18602,97398,their,488,6
18603,97404,arguments,488,6
18604,97414,to,488,6
18605,97417,her,488,6
18606,97422,though,488,6
18607,97430,as,488,6
18608,97433,they,488,6
18609,97438,all,488,6
18610,97442,spoke,488,6
18611,97448,at,488,6
18612,97451,once,488,6
18613,97457,she,488,6
18614,97461,found,488,6
18615,97467,it,488,6
18616,97470,very,488,6
18617,97475,hard,488,6
18618,97480,indeed,488,6
18619,97487,to,488,6
18620,97490,make,488,6
18621,97495,out,488,6
18622,97499,exactly,488,6
18623,97507,what,488,6
18624,97512,they,488,6
18625,97517,said,488,6
18626,97524,The,489,6
18627,97528,executioner,489,6
18628,97540,s,489,6
18629,97542,argument,489,6
18630,97551,was,489,6
18631,97556,that,489,6
18632,97561,you,489,6
18633,97565,couldn,489,6
18634,97572,t,489,6
18635,97574,cut,489,6
18636,97578,off,489,6
18637,97582,a,489,6
18638,97584,head,489,6
18639,97589,unless,489,6
18640,97596,there,489,6
18641,97602,was,489,6
18642,97606,a,489,6
18643,97608,body,489,6
18644,97613,to,489,6
18645,97616,cut,489,6
18646,97620,it,489,6
18647,97623,off,489,6
18648,97627,from,489,6
18649,97633,that,489,6
18650,97638,he,489,6
18651,97641,had,489,6
18652,97645,never,489,6
18653,97651,had,489,6
18654,97655,to,489,6
18655,97658,do,489,6
18656,97661,such,489,6
18657,97666,a,489,6
18658,97668,thing,489,6
18659,97674,before,489,6
18660,97682,and,489,6
18661,97686,he,489,6
18662,97689,wasn,489,6
18663,97694,t,489,6
18664,97696,going,489,6
18665,97702,to,489,6
18666,97705,begin,489,6
18667,97711,at,489,6
18668,97715,his,489,6
18669,97720,time,489,6
18670,97725,of,489,6
18671,97728,life,489,6
18672,97735,The,490,6
18673,97739,King,490,6
18674,97744,s,490,6
18675,97746,argument,490,6
18676,97755,was,490,6
18677,97760,that,490,6
18678,97765,anything,490,6
18679,97774,that,490,6
18680,97779,had,490,6
18681,97783,a,490,6
18682,97785,head,490,6
18683,97790,could,490,6
18684,97796,be,490,6
18685,97799,beheaded,490,6
18686,97809,and,490,6
18687,97813,that,490,6
18688,97818,you,490,6
18689,97822,weren,490,6
18690,97828,t,490,6
18691,97830,to,490,6
18692,97833,talk,490,6
18693,97838,nonsense,490,6
18694,97849,The,491,6
18695,97853,Queen,491,6
18696,97859,s,491,6
18697,97861,argument,491,6
18698,97870,was,491,6
18699,97875,that,491,6
18700,97880,if,491,6
18701,97883,something,491,6
18702,97893,wasn,491,6
18703,97898,t,491,6
18704,97900,done,491,6
18705,97905,about,491,6
18706,97911,it,491,6
18707,97914,in,491,6
18708,97917,less,491,6
18709,97922,than,491,6
18710,97927,no,491,6
18711,97930,time,491,6
18712,97935,she,491,6
18713,97939,d,491,6
18714,97941,have,491,6
18715,97946,everybody,491,6
18716,97956,executed,491,6
18717,97966,all,491,6
18718,97970,round,491,6
18719,97978,It,491,6
18720,97981,was,491,6
18721,97985,this,491,6
18722,97990,last,491,6
18723,97995,remark,491,6
18724,98002,that,491,6
18725,98007,had,491,6
18726,98011,made,491,6
18727,98016,the,491,6
18728,98020,whole,491,6
18729,98026,party,491,6
18730,98032,look,491,6
18731,98037,so,491,6
18732,98040,grave,491,6
18733,98046,and,491,6
18734,98050,anxious,491,6
18735,98061,Alice,492,6
18736,98067,could,492,6
18737,98073,think,492,6
18738,98079,of,492,6
18739,98082,nothing,492,6
18740,98090,else,492,6
18741,98095,to,492,6
18742,98098,say,492,6
18743,98102,but,492,6
18744,98107,It,492,6
18745,98110,belongs,492,6
18746,98118,to,492,6
18747,98121,the,492,6
18748,98125,Duchess,492,6
18749,98134,you,492,6
18750,98138,d,492,6
18751,98140,better,492,6
18752,98147,ask,492,6
18753,98152,her,492,6
18754,98157,about,492,6
18755,98163,it,492,6
18756,98170,She,493,6
18757,98174,s,493,6
18758,98176,in,493,6
18759,98179,prison,493,6
18760,98188,the,493,6
18761,98192,Queen,493,6
18762,98198,said,493,6
18763,98203,to,493,6
18764,98206,the,493,6
18765,98210,executioner,493,6
18766,98224,fetch,493,6
18767,98230,her,493,6
18768,98234,here,493,6
18769,98241,And,493,6
18770,98245,the,493,6
18771,98249,executioner,493,6
18772,98261,went,493,6
18773,98266,off,493,6
18774,98270,like,493,6
18775,98275,an,493,6
18776,98278,arrow,493,6
18777,98286,The,494,6
18778,98290,Cat,494,6
18779,98294,s,494,6
18780,98296,head,494,6
18781,98301,began,494,6
18782,98307,fading,494,6
18783,98314,away,494,6
18784,98319,the,494,6
18785,98323,moment,494,6
18786,98330,he,494,6
18787,98333,was,494,6
18788,98337,gone,494,6
18789,98343,and,494,6
18790,98348,by,494,6
18791,98351,the,494,6
18792,98355,time,494,6
18793,98360,he,494,6
18794,98363,had,494,6
18795,98367,come,494,6
18796,98372,back,494,6
18797,98377,with,494,6
18798,98382,the,494,6
18799,98386,Duchess,494,6
18800,98395,it,494,6
18801,98398,had,494,6
18802,98402,entirely,494,6
18803,98411,disappeared,494,6
18804,98424,so,494,6
18805,98427,the,494,6
18806,98431,King,494,6
18807,98436,and,494,6
18808,98440,the,494,6
18809,98444,executioner,494,6
18810,98456,ran,494,6
18811,98460,wildly,494,6
18812,98467,up,494,6
18813,98470,and,494,6
18814,98474,down,494,6
18815,98479,looking,494,6
18816,98487,for,494,6
18817,98491,it,494,6
18818,98495,while,494,6
18819,98501,the,494,6
18820,98505,rest,494,6
18821,98510,of,494,6
18822,98513,the,494,6
18823,98517,party,494,6
18824,98523,went,494,6
18825,98528,back,494,6
18826,98533,to,494,6
18827,98536,the,494,6
18828,98540,game,494,6
18829,98550,CHAPTER,495,7
18830,98558,IX,495,7
18831,98562,The,495,7
18832,98566,Mock,495,7
18833,98571,Turtle,495,7
18834,98578,s,495,7
18835,98580,Story,495,7
18836,98589,You,496,7
18837,98593,can,496,7
18838,98597,t,496,7
18839,98599,think,496,7
18840,98605,how,496,7
18841,98609,glad,496,7
18842,98614,I,496,7
18843,98616,am,496,7
18844,98619,to,496,7
18845,98622,see,496,7
18846,98626,you,496,7
18847,98630,again,496,7
18848,98637,you,496,7
18849,98641,dear,496,7
18850,98646,old,496,7
18851,98650,thing,496,7
18852,98658,said,496,7
18853,98663,the,496,7
18854,98667,Duchess,496,7
18855,98676,as,496,7
18856,98679,she,496,7
18857,98683,tucked,496,7
18858,98690,her,496,7
18859,98694,arm,496,7
18860,98698,affectionately,496,7
18861,98713,into,496,7
18862,98718,Alice,496,7
18863,98724,s,496,7
18864,98727,and,496,7
18865,98731,they,496,7
18866,98736,walked,496,7
18867,98743,off,496,7
18868,98747,together,496,7
18869,98758,Alice,497,7
18870,98764,was,497,7
18871,98768,very,497,7
18872,98773,glad,497,7
18873,98778,to,497,7
18874,98781,find,497,7
18875,98786,her,497,7
18876,98790,in,497,7
18877,98793,such,497,7
18878,98798,a,497,7
18879,98800,pleasant,497,7
18880,98809,temper,497,7
18881,98817,and,497,7
18882,98821,thought,497,7
18883,98829,to,497,7
18884,98832,herself,497,7
18885,98840,that,497,7
18886,98845,perhaps,497,7
18887,98853,it,497,7
18888,98856,was,497,7
18889,98860,only,497,7
18890,98865,the,497,7
18891,98869,pepper,497,7
18892,98876,that,497,7
18893,98881,had,497,7
18894,98885,made,497,7
18895,98890,her,497,7
18896,98894,so,497,7
18897,98897,savage,497,7
18898,98904,when,497,7
18899,98909,they,497,7
18900,98914,met,497,7
18901,98918,in,497,7
18902,98921,the,497,7
18903,98925,kitchen,497,7
18904,98936,When,498,7
18905,98942,I,498,7
18906,98944,m,498,7
18907,98947,a,498,7
18908,98949,Duchess,498,7
18909,98959,she,498,7
18910,98963,said,498,7
18911,98968,to,498,7
18912,98971,herself,498,7
18913,98981,not,498,7
18914,98985,in,498,7
18915,98988,a,498,7
18916,98990,very,498,7
18917,98995,hopeful,498,7
18918,99003,tone,498,7
18919,99008,though,498,7
18920,99018,I,498,7
18921,99020,won,498,7
18922,99024,t,498,7
18923,99026,have,498,7
18924,99031,any,498,7
18925,99035,pepper,498,7
18926,99042,in,498,7
18927,99045,my,498,7
18928,99048,kitchen,498,7
18929,99057,at,498,7
18930,99060,all,498,7
18931,99066,Soup,498,7
18932,99071,does,498,7
18933,99076,very,498,7
18934,99081,well,498,7
18935,99086,without,498,7
18936,99094,Maybe,498,7
18937,99100,it,498,7
18938,99103,s,498,7
18939,99105,always,498,7
18940,99112,pepper,498,7
18941,99119,that,498,7
18942,99124,makes,498,7
18943,99130,people,498,7
18944,99137,hot,498,7
18945,99141,tempered,498,7
18946,99152,she,498,7
18947,99156,went,498,7
18948,99161,on,498,7
18949,99165,very,498,7
18950,99170,much,498,7
18951,99175,pleased,498,7
18952,99183,at,498,7
18953,99186,having,498,7
18954,99193,found,498,7
18955,99199,out,498,7
18956,99203,a,498,7
18957,99205,new,498,7
18958,99209,kind,498,7
18959,99214,of,498,7
18960,99217,rule,498,7
18961,99224,and,498,7
18962,99228,vinegar,498,7
18963,99236,that,498,7
18964,99241,makes,498,7
18965,99247,them,498,7
18966,99252,sour,498,7
18967,99257,and,498,7
18968,99261,camomile,498,7
18969,99270,that,498,7
18970,99275,makes,498,7
18971,99281,them,498,7
18972,99286,bitter,498,7
18973,99293,and,498,7
18974,99297,and,498,7
18975,99301,barley,498,7
18976,99308,sugar,498,7
18977,99314,and,498,7
18978,99318,such,498,7
18979,99323,things,498,7
18980,99330,that,498,7
18981,99335,make,498,7
18982,99340,children,498,7
18983,99349,sweet,498,7
18984,99355,tempered,498,7
18985,99365,I,498,7
18986,99367,only,498,7
18987,99372,wish,498,7
18988,99377,people,498,7
18989,99384,knew,498,7
18990,99390,that,498,7
18991,99397,then,498,7
18992,99402,they,498,7
18993,99407,wouldn,498,7
18994,99414,t,498,7
18995,99416,be,498,7
18996,99419,so,498,7
18997,99422,stingy,498,7
18998,99429,about,498,7
18999,99435,it,498,7
19000,99439,you,498,7
19001,99443,know,498,7
19002,99451,She,499,7
19003,99455,had,499,7
19004,99459,quite,499,7
19005,99465,forgotten,499,7
19006,99475,the,499,7
19007,99479,Duchess,499,7
19008,99487,by,499,7
19009,99490,this,499,7
19010,99495,time,499,7
19011,99501,and,499,7
19012,99505,was,499,7
19013,99509,a,499,7
19014,99511,little,499,7
19015,99518,startled,499,7
19016,99527,when,499,7
19017,99532,she,499,7
19018,99536,heard,499,7
19019,99542,her,499,7
19020,99546,voice,499,7
19021,99552,close,499,7
19022,99558,to,499,7
19023,99561,her,499,7
19024,99565,ear,499,7
19025,99571,You,499,7
19026,99575,re,499,7
19027,99578,thinking,499,7
19028,99587,about,499,7
19029,99593,something,499,7
19030,99604,my,499,7
19031,99607,dear,499,7
19032,99613,and,499,7
19033,99617,that,499,7
19034,99622,makes,499,7
19035,99628,you,499,7
19036,99632,forget,499,7
19037,99639,to,499,7
19038,99642,talk,499,7
19039,99648,I,499,7
19040,99650,can,499,7
19041,99654,t,499,7
19042,99656,tell,499,7
19043,99661,you,499,7
19044,99665,just,499,7
19045,99670,now,499,7
19046,99674,what,499,7
19047,99679,the,499,7
19048,99683,moral,499,7
19049,99689,of,499,7
19050,99692,that,499,7
19051,99697,is,499,7
19052,99701,but,499,7
19053,99705,I,499,7
19054,99707,shall,499,7
19055,99713,remember,499,7
19056,99722,it,499,7
19057,99725,in,499,7
19058,99728,a,499,7
19059,99730,bit,499,7
19060,99738,Perhaps,500,7
19061,99746,it,500,7
19062,99749,hasn,500,7
19063,99754,t,500,7
19064,99756,one,500,7
19065,99762,Alice,500,7
19066,99768,ventured,500,7
19067,99777,to,500,7
19068,99780,remark,500,7
19069,99790,Tut,501,7
19070,99795,tut,501,7
19071,99800,child,501,7
19072,99808,said,501,7
19073,99813,the,501,7
19074,99817,Duchess,501,7
19075,99827,Everything,501,7
19076,99838,s,501,7
19077,99840,got,501,7
19078,99844,a,501,7
19079,99846,moral,501,7
19080,99853,if,501,7
19081,99856,only,501,7
19082,99861,you,501,7
19083,99865,can,501,7
19084,99869,find,501,7
19085,99874,it,501,7
19086,99879,And,501,7
19087,99883,she,501,7
19088,99887,squeezed,501,7
19089,99896,herself,501,7
19090,99904,up,501,7
19091,99907,closer,501,7
19092,99914,to,501,7
19093,99917,Alice,501,7
19094,99923,s,501,7
19095,99925,side,501,7
19096,99930,as,501,7
19097,99933,she,501,7
19098,99937,spoke,501,7
19099,99945,Alice,502,7
19100,99951,did,502,7
19101,99955,not,502,7
19102,99959,much,502,7
19103,99964,like,502,7
19104,99969,keeping,502,7
19105,99977,so,502,7
19106,99980,close,502,7
19107,99986,to,502,7
19108,99989,her,502,7
19109,99994,first,502,7
19110,100001,because,502,7
19111,100009,the,502,7
19112,100013,Duchess,502,7
19113,100021,was,502,7
19114,100026,very,502,7
19115,100032,ugly,502,7
19116,100038,and,502,7
19117,100042,secondly,502,7
19118,100052,because,502,7
19119,100060,she,502,7
19120,100064,was,502,7
19121,100068,exactly,502,7
19122,100076,the,502,7
19123,100080,right,502,7
19124,100086,height,502,7
19125,100093,to,502,7
19126,100096,rest,502,7
19127,100101,her,502,7
19128,100105,chin,502,7
19129,100110,upon,502,7
19130,100115,Alice,502,7
19131,100121,s,502,7
19132,100123,shoulder,502,7
19133,100133,and,502,7
19134,100137,it,502,7
19135,100140,was,502,7
19136,100144,an,502,7
19137,100147,uncomfortably,502,7
19138,100161,sharp,502,7
19139,100167,chin,502,7
19140,100173,However,502,7
19141,100182,she,502,7
19142,100186,did,502,7
19143,100190,not,502,7
19144,100194,like,502,7
19145,100199,to,502,7
19146,100202,be,502,7
19147,100205,rude,502,7
19148,100211,so,502,7
19149,100214,she,502,7
19150,100218,bore,502,7
19151,100223,it,502,7
19152,100226,as,502,7
19153,100229,well,502,7
19154,100234,as,502,7
19155,100237,she,502,7
19156,100241,could,502,7
19157,100250,The,503,7
19158,100254,game,503,7
19159,100259,s,503,7
19160,100261,going,503,7
19161,100267,on,503,7
19162,100270,rather,503,7
19163,100277,better,503,7
19164,100284,now,503,7
19165,100290,she,503,7
19166,100294,said,503,7
19167,100300,by,503,7
19168,100303,way,503,7
19169,100307,of,503,7
19170,100310,keeping,503,7
19171,100318,up,503,7
19172,100321,the,503,7
19173,100325,conversation,503,7
19174,100338,a,503,7
19175,100340,little,503,7
19176,100351,Tis,504,7
19177,100355,so,504,7
19178,100360,said,504,7
19179,100365,the,504,7
19180,100369,Duchess,504,7
19181,100379,and,504,7
19182,100383,the,504,7
19183,100387,moral,504,7
19184,100393,of,504,7
19185,100396,that,504,7
19186,100401,is,504,7
19187,100405,Oh,504,7
19188,100410,tis,504,7
19189,100414,love,504,7
19190,100421,tis,504,7
19191,100425,love,504,7
19192,100431,that,504,7
19193,100436,makes,504,7
19194,100442,the,504,7
19195,100446,world,504,7
19196,100452,go,504,7
19197,100455,round,504,7
19198,100466,Somebody,505,7
19199,100475,said,505,7
19200,100482,Alice,505,7
19201,100488,whispered,505,7
19202,100500,that,505,7
19203,100505,it,505,7
19204,100508,s,505,7
19205,100510,done,505,7
19206,100515,by,505,7
19207,100518,everybody,505,7
19208,100528,minding,505,7
19209,100536,their,505,7
19210,100542,own,505,7
19211,100546,business,505,7
19212,100559,Ah,506,7
19213,100563,well,506,7
19214,100569,It,506,7
19215,100572,means,506,7
19216,100578,much,506,7
19217,100583,the,506,7
19218,100587,same,506,7
19219,100592,thing,506,7
19220,100600,said,506,7
19221,100605,the,506,7
19222,100609,Duchess,506,7
19223,100618,digging,506,7
19224,100626,her,506,7
19225,100630,sharp,506,7
19226,100636,little,506,7
19227,100643,chin,506,7
19228,100648,into,506,7
19229,100653,Alice,506,7
19230,100659,s,506,7
19231,100661,shoulder,506,7
19232,100670,as,506,7
19233,100673,she,506,7
19234,100677,added,506,7
19235,100685,and,506,7
19236,100689,the,506,7
19237,100693,moral,506,7
19238,100699,of,506,7
19239,100703,that,506,7
19240,100709,is,506,7
19241,100713,Take,506,7
19242,100718,care,506,7
19243,100723,of,506,7
19244,100726,the,506,7
19245,100730,sense,506,7
19246,100737,and,506,7
19247,100741,the,506,7
19248,100745,sounds,506,7
19249,100752,will,506,7
19250,100757,take,506,7
19251,100762,care,506,7
19252,100767,of,506,7
19253,100770,themselves,506,7
19254,100786,How,507,7
19255,100790,fond,507,7
19256,100795,she,507,7
19257,100799,is,507,7
19258,100802,of,507,7
19259,100805,finding,507,7
19260,100813,morals,507,7
19261,100820,in,507,7
19262,100823,things,507,7
19263,100832,Alice,507,7
19264,100838,thought,507,7
19265,100846,to,507,7
19266,100849,herself,507,7
19267,100860,I,508,7
19268,100862,dare,508,7
19269,100867,say,508,7
19270,100871,you,508,7
19271,100875,re,508,7
19272,100878,wondering,508,7
19273,100888,why,508,7
19274,100892,I,508,7
19275,100894,don,508,7
19276,100898,t,508,7
19277,100900,put,508,7
19278,100904,my,508,7
19279,100907,arm,508,7
19280,100911,round,508,7
19281,100917,your,508,7
19282,100922,waist,508,7
19283,100930,the,508,7
19284,100934,Duchess,508,7
19285,100942,said,508,7
19286,100947,after,508,7
19287,100953,a,508,7
19288,100955,pause,508,7
19289,100963,the,508,7
19290,100967,reason,508,7
19291,100974,is,508,7
19292,100978,that,508,7
19293,100983,I,508,7
19294,100985,m,508,7
19295,100987,doubtful,508,7
19296,100996,about,508,7
19297,101002,the,508,7
19298,101006,temper,508,7
19299,101013,of,508,7
19300,101016,your,508,7
19301,101021,flamingo,508,7
19302,101031,Shall,508,7
19303,101037,I,508,7
19304,101039,try,508,7
19305,101043,the,508,7
19306,101047,experiment,508,7
19307,101062,He,509,7
19308,101065,might,509,7
19309,101071,bite,509,7
19310,101078,Alice,509,7
19311,101084,cautiously,509,7
19312,101095,replied,509,7
19313,101104,not,509,7
19314,101108,feeling,509,7
19315,101116,at,509,7
19316,101119,all,509,7
19317,101123,anxious,509,7
19318,101131,to,509,7
19319,101134,have,509,7
19320,101139,the,509,7
19321,101143,experiment,509,7
19322,101154,tried,509,7
19323,101163,Very,510,7
19324,101168,true,510,7
19325,101175,said,510,7
19326,101180,the,510,7
19327,101184,Duchess,510,7
19328,101194,flamingoes,510,7
19329,101205,and,510,7
19330,101209,mustard,510,7
19331,101217,both,510,7
19332,101222,bite,510,7
19333,101228,And,510,7
19334,101232,the,510,7
19335,101236,moral,510,7
19336,101242,of,510,7
19337,101245,that,510,7
19338,101250,is,510,7
19339,101254,Birds,510,7
19340,101260,of,510,7
19341,101263,a,510,7
19342,101265,feather,510,7
19343,101273,flock,510,7
19344,101279,together,510,7
19345,101293,Only,511,7
19346,101298,mustard,511,7
19347,101306,isn,511,7
19348,101310,t,511,7
19349,101312,a,511,7
19350,101314,bird,511,7
19351,101321,Alice,511,7
19352,101327,remarked,511,7
19353,101339,Right,512,7
19354,101346,as,512,7
19355,101349,usual,512,7
19356,101357,said,512,7
19357,101362,the,512,7
19358,101366,Duchess,512,7
19359,101376,what,512,7
19360,101381,a,512,7
19361,101383,clear,512,7
19362,101389,way,512,7
19363,101393,you,512,7
19364,101397,have,512,7
19365,101402,of,512,7
19366,101405,putting,512,7
19367,101413,things,512,7
19368,101424,It,513,7
19369,101427,s,513,7
19370,101429,a,513,7
19371,101431,mineral,513,7
19372,101440,I,513,7
19373,101443,think,513,7
19374,101452,said,513,7
19375,101457,Alice,513,7
19376,101466,Of,514,7
19377,101469,course,514,7
19378,101476,it,514,7
19379,101479,is,514,7
19380,101484,said,514,7
19381,101489,the,514,7
19382,101493,Duchess,514,7
19383,101502,who,514,7
19384,101506,seemed,514,7
19385,101513,ready,514,7
19386,101519,to,514,7
19387,101522,agree,514,7
19388,101528,to,514,7
19389,101531,everything,514,7
19390,101542,that,514,7
19391,101547,Alice,514,7
19392,101553,said,514,7
19393,101560,there,514,7
19394,101566,s,514,7
19395,101568,a,514,7
19396,101570,large,514,7
19397,101576,mustard,514,7
19398,101584,mine,514,7
19399,101589,near,514,7
19400,101594,here,514,7
19401,101600,And,514,7
19402,101604,the,514,7
19403,101608,moral,514,7
19404,101614,of,514,7
19405,101617,that,514,7
19406,101622,is,514,7
19407,101626,The,514,7
19408,101630,more,514,7
19409,101635,there,514,7
19410,101641,is,514,7
19411,101644,of,514,7
19412,101647,mine,514,7
19413,101653,the,514,7
19414,101657,less,514,7
19415,101662,there,514,7
19416,101668,is,514,7
19417,101671,of,514,7
19418,101674,yours,514,7
19419,101685,Oh,515,7
19420,101689,I,515,7
19421,101691,know,515,7
19422,101698,exclaimed,515,7
19423,101708,Alice,515,7
19424,101715,who,515,7
19425,101719,had,515,7
19426,101723,not,515,7
19427,101727,attended,515,7
19428,101736,to,515,7
19429,101739,this,515,7
19430,101744,last,515,7
19431,101749,remark,515,7
19432,101758,it,515,7
19433,101761,s,515,7
19434,101763,a,515,7
19435,101765,vegetable,515,7
19436,101776,It,515,7
19437,101779,doesn,515,7
19438,101785,t,515,7
19439,101787,look,515,7
19440,101792,like,515,7
19441,101797,one,515,7
19442,101802,but,515,7
19443,101806,it,515,7
19444,101809,is,515,7
19445,101816,I,516,7
19446,101818,quite,516,7
19447,101824,agree,516,7
19448,101830,with,516,7
19449,101835,you,516,7
19450,101841,said,516,7
19451,101846,the,516,7
19452,101850,Duchess,516,7
19453,101860,and,516,7
19454,101864,the,516,7
19455,101868,moral,516,7
19456,101874,of,516,7
19457,101877,that,516,7
19458,101882,is,516,7
19459,101886,Be,516,7
19460,101889,what,516,7
19461,101894,you,516,7
19462,101898,would,516,7
19463,101904,seem,516,7
19464,101909,to,516,7
19465,101912,be,516,7
19466,101916,or,516,7
19467,101919,if,516,7
19468,101922,you,516,7
19469,101926,d,516,7
19470,101928,like,516,7
19471,101933,it,516,7
19472,101936,put,516,7
19473,101940,more,516,7
19474,101945,simply,516,7
19475,101953,Never,516,7
19476,101959,imagine,516,7
19477,101967,yourself,516,7
19478,101976,not,516,7
19479,101980,to,516,7
19480,101983,be,516,7
19481,101986,otherwise,516,7
19482,101996,than,516,7
19483,102001,what,516,7
19484,102006,it,516,7
19485,102009,might,516,7
19486,102015,appear,516,7
19487,102022,to,516,7
19488,102025,others,516,7
19489,102032,that,516,7
19490,102037,what,516,7
19491,102042,you,516,7
19492,102046,were,516,7
19493,102051,or,516,7
19494,102054,might,516,7
19495,102060,have,516,7
19496,102065,been,516,7
19497,102070,was,516,7
19498,102074,not,516,7
19499,102078,otherwise,516,7
19500,102088,than,516,7
19501,102093,what,516,7
19502,102098,you,516,7
19503,102102,had,516,7
19504,102106,been,516,7
19505,102111,would,516,7
19506,102117,have,516,7
19507,102122,appeared,516,7
19508,102131,to,516,7
19509,102134,them,516,7
19510,102139,to,516,7
19511,102142,be,516,7
19512,102145,otherwise,516,7
19513,102160,I,517,7
19514,102162,think,517,7
19515,102168,I,517,7
19516,102170,should,517,7
19517,102177,understand,517,7
19518,102188,that,517,7
19519,102193,better,517,7
19520,102202,Alice,517,7
19521,102208,said,517,7
19522,102213,very,517,7
19523,102218,politely,517,7
19524,102229,if,517,7
19525,102232,I,517,7
19526,102234,had,517,7
19527,102238,it,517,7
19528,102241,written,517,7
19529,102249,down,517,7
19530,102255,but,517,7
19531,102259,I,517,7
19532,102261,can,517,7
19533,102265,t,517,7
19534,102267,quite,517,7
19535,102273,follow,517,7
19536,102280,it,517,7
19537,102283,as,517,7
19538,102286,you,517,7
19539,102290,say,517,7
19540,102294,it,517,7
19541,102301,That,518,7
19542,102306,s,518,7
19543,102308,nothing,518,7
19544,102316,to,518,7
19545,102319,what,518,7
19546,102324,I,518,7
19547,102326,could,518,7
19548,102332,say,518,7
19549,102336,if,518,7
19550,102339,I,518,7
19551,102341,chose,518,7
19552,102349,the,518,7
19553,102353,Duchess,518,7
19554,102361,replied,518,7
19555,102370,in,518,7
19556,102373,a,518,7
19557,102375,pleased,518,7
19558,102383,tone,518,7
19559,102391,Pray,519,7
19560,102396,don,519,7
19561,102400,t,519,7
19562,102402,trouble,519,7
19563,102410,yourself,519,7
19564,102419,to,519,7
19565,102422,say,519,7
19566,102426,it,519,7
19567,102429,any,519,7
19568,102433,longer,519,7
19569,102440,than,519,7
19570,102445,that,519,7
19571,102452,said,519,7
19572,102457,Alice,519,7
19573,102466,Oh,520,7
19574,102470,don,520,7
19575,102474,t,520,7
19576,102476,talk,520,7
19577,102481,about,520,7
19578,102487,trouble,520,7
19579,102497,said,520,7
19580,102502,the,520,7
19581,102506,Duchess,520,7
19582,102516,I,520,7
19583,102518,make,520,7
19584,102523,you,520,7
19585,102527,a,520,7
19586,102529,present,520,7
19587,102537,of,520,7
19588,102540,everything,520,7
19589,102551,I,520,7
19590,102553,ve,520,7
19591,102556,said,520,7
19592,102561,as,520,7
19593,102564,yet,520,7
19594,102572,A,521,7
19595,102574,cheap,521,7
19596,102580,sort,521,7
19597,102585,of,521,7
19598,102588,present,521,7
19599,102598,thought,521,7
19600,102606,Alice,521,7
19601,102614,I,521,7
19602,102616,m,521,7
19603,102618,glad,521,7
19604,102623,they,521,7
19605,102628,don,521,7
19606,102632,t,521,7
19607,102634,give,521,7
19608,102639,birthday,521,7
19609,102648,presents,521,7
19610,102657,like,521,7
19611,102662,that,521,7
19612,102669,But,521,7
19613,102673,she,521,7
19614,102677,did,521,7
19615,102681,not,521,7
19616,102685,venture,521,7
19617,102693,to,521,7
19618,102696,say,521,7
19619,102700,it,521,7
19620,102703,out,521,7
19621,102707,loud,521,7
19622,102715,Thinking,522,7
19623,102724,again,522,7
19624,102732,the,522,7
19625,102736,Duchess,522,7
19626,102744,asked,522,7
19627,102751,with,522,7
19628,102756,another,522,7
19629,102764,dig,522,7
19630,102768,of,522,7
19631,102771,her,522,7
19632,102775,sharp,522,7
19633,102781,little,522,7
19634,102788,chin,522,7
19635,102796,I,523,7
19636,102798,ve,523,7
19637,102801,a,523,7
19638,102803,right,523,7
19639,102809,to,523,7
19640,102812,think,523,7
19641,102820,said,523,7
19642,102825,Alice,523,7
19643,102831,sharply,523,7
19644,102840,for,523,7
19645,102844,she,523,7
19646,102848,was,523,7
19647,102852,beginning,523,7
19648,102862,to,523,7
19649,102865,feel,523,7
19650,102870,a,523,7
19651,102872,little,523,7
19652,102879,worried,523,7
19653,102890,Just,524,7
19654,102895,about,524,7
19655,102901,as,524,7
19656,102904,much,524,7
19657,102909,right,524,7
19658,102917,said,524,7
19659,102922,the,524,7
19660,102926,Duchess,524,7
19661,102936,as,524,7
19662,102939,pigs,524,7
19663,102944,have,524,7
19664,102949,to,524,7
19665,102952,fly,524,7
19666,102957,and,524,7
19667,102961,the,524,7
19668,102965,m,524,7
19669,102970,But,525,7
19670,102974,here,525,7
19671,102980,to,525,7
19672,102983,Alice,525,7
19673,102989,s,525,7
19674,102991,great,525,7
19675,102997,surprise,525,7
19676,103007,the,525,7
19677,103011,Duchess,525,7
19678,103019,s,525,7
19679,103021,voice,525,7
19680,103027,died,525,7
19681,103032,away,525,7
19682,103038,even,525,7
19683,103043,in,525,7
19684,103046,the,525,7
19685,103050,middle,525,7
19686,103057,of,525,7
19687,103060,her,525,7
19688,103064,favourite,525,7
19689,103074,word,525,7
19690,103080,moral,525,7
19691,103088,and,525,7
19692,103092,the,525,7
19693,103096,arm,525,7
19694,103100,that,525,7
19695,103105,was,525,7
19696,103109,linked,525,7
19697,103116,into,525,7
19698,103121,hers,525,7
19699,103126,began,525,7
19700,103132,to,525,7
19701,103135,tremble,525,7
19702,103144,Alice,525,7
19703,103150,looked,525,7
19704,103157,up,525,7
19705,103161,and,525,7
19706,103165,there,525,7
19707,103171,stood,525,7
19708,103177,the,525,7
19709,103181,Queen,525,7
19710,103187,in,525,7
19711,103190,front,525,7
19712,103196,of,525,7
19713,103199,them,525,7
19714,103205,with,525,7
19715,103210,her,525,7
19716,103214,arms,525,7
19717,103219,folded,525,7
19718,103227,frowning,525,7
19719,103236,like,525,7
19720,103241,a,525,7
19721,103243,thunderstorm,525,7
19722,103259,A,526,7
19723,103261,fine,526,7
19724,103266,day,526,7
19725,103271,your,526,7
19726,103276,Majesty,526,7
19727,103286,the,526,7
19728,103290,Duchess,526,7
19729,103298,began,526,7
19730,103304,in,526,7
19731,103307,a,526,7
19732,103309,low,526,7
19733,103314,weak,526,7
19734,103319,voice,526,7
19735,103328,Now,527,7
19736,103333,I,527,7
19737,103335,give,527,7
19738,103340,you,527,7
19739,103344,fair,527,7
19740,103349,warning,527,7
19741,103359,shouted,527,7
19742,103367,the,527,7
19743,103371,Queen,527,7
19744,103378,stamping,527,7
19745,103387,on,527,7
19746,103390,the,527,7
19747,103394,ground,527,7
19748,103401,as,527,7
19749,103404,she,527,7
19750,103408,spoke,527,7
19751,103416,either,527,7
19752,103423,you,527,7
19753,103427,or,527,7
19754,103430,your,527,7
19755,103435,head,527,7
19756,103440,must,527,7
19757,103445,be,527,7
19758,103448,off,527,7
19759,103453,and,527,7
19760,103457,that,527,7
19761,103462,in,527,7
19762,103465,about,527,7
19763,103471,half,527,7
19764,103476,no,527,7
19765,103479,time,527,7
19766,103485,Take,527,7
19767,103490,your,527,7
19768,103495,choice,527,7
19769,103505,The,528,7
19770,103509,Duchess,528,7
19771,103517,took,528,7
19772,103522,her,528,7
19773,103526,choice,528,7
19774,103534,and,528,7
19775,103538,was,528,7
19776,103542,gone,528,7
19777,103547,in,528,7
19778,103550,a,528,7
19779,103552,moment,528,7
19780,103562,Let,529,7
19781,103566,s,529,7
19782,103568,go,529,7
19783,103571,on,529,7
19784,103574,with,529,7
19785,103579,the,529,7
19786,103583,game,529,7
19787,103590,the,529,7
19788,103594,Queen,529,7
19789,103600,said,529,7
19790,103605,to,529,7
19791,103608,Alice,529,7
19792,103615,and,529,7
19793,103619,Alice,529,7
19794,103625,was,529,7
19795,103629,too,529,7
19796,103633,much,529,7
19797,103638,frightened,529,7
19798,103649,to,529,7
19799,103652,say,529,7
19800,103656,a,529,7
19801,103658,word,529,7
19802,103664,but,529,7
19803,103668,slowly,529,7
19804,103675,followed,529,7
19805,103684,her,529,7
19806,103688,back,529,7
19807,103693,to,529,7
19808,103696,the,529,7
19809,103700,croquet,529,7
19810,103708,ground,529,7
19811,103717,The,530,7
19812,103721,other,530,7
19813,103727,guests,530,7
19814,103734,had,530,7
19815,103738,taken,530,7
19816,103744,advantage,530,7
19817,103754,of,530,7
19818,103757,the,530,7
19819,103761,Queen,530,7
19820,103767,s,530,7
19821,103769,absence,530,7
19822,103778,and,530,7
19823,103782,were,530,7
19824,103787,resting,530,7
19825,103795,in,530,7
19826,103798,the,530,7
19827,103802,shade,530,7
19828,103809,however,530,7
19829,103818,the,530,7
19830,103822,moment,530,7
19831,103829,they,530,7
19832,103834,saw,530,7
19833,103838,her,530,7
19834,103843,they,530,7
19835,103848,hurried,530,7
19836,103856,back,530,7
19837,103861,to,530,7
19838,103864,the,530,7
19839,103868,game,530,7
19840,103874,the,530,7
19841,103878,Queen,530,7
19842,103884,merely,530,7
19843,103891,remarking,530,7
19844,103901,that,530,7
19845,103906,a,530,7
19846,103908,moment,530,7
19847,103915,s,530,7
19848,103917,delay,530,7
19849,103923,would,530,7
19850,103929,cost,530,7
19851,103934,them,530,7
19852,103939,their,530,7
19853,103945,lives,530,7
19854,103953,All,531,7
19855,103957,the,531,7
19856,103961,time,531,7
19857,103966,they,531,7
19858,103971,were,531,7
19859,103976,playing,531,7
19860,103984,the,531,7
19861,103988,Queen,531,7
19862,103994,never,531,7
19863,104000,left,531,7
19864,104005,off,531,7
19865,104009,quarrelling,531,7
19866,104021,with,531,7
19867,104026,the,531,7
19868,104030,other,531,7
19869,104036,players,531,7
19870,104045,and,531,7
19871,104049,shouting,531,7
19872,104059,Off,531,7
19873,104063,with,531,7
19874,104068,his,531,7
19875,104072,head,531,7
19876,104079,or,531,7
19877,104083,Off,531,7
19878,104087,with,531,7
19879,104092,her,531,7
19880,104096,head,531,7
19881,104103,Those,531,7
19882,104109,whom,531,7
19883,104114,she,531,7
19884,104118,sentenced,531,7
19885,104128,were,531,7
19886,104133,taken,531,7
19887,104139,into,531,7
19888,104144,custody,531,7
19889,104152,by,531,7
19890,104155,the,531,7
19891,104159,soldiers,531,7
19892,104169,who,531,7
19893,104173,of,531,7
19894,104176,course,531,7
19895,104183,had,531,7
19896,104187,to,531,7
19897,104190,leave,531,7
19898,104196,off,531,7
19899,104200,being,531,7
19900,104206,arches,531,7
19901,104213,to,531,7
19902,104216,do,531,7
19903,104219,this,531,7
19904,104225,so,531,7
19905,104228,that,531,7
19906,104233,by,531,7
19907,104236,the,531,7
19908,104240,end,531,7
19909,104244,of,531,7
19910,104247,half,531,7
19911,104252,an,531,7
19912,104255,hour,531,7
19913,104260,or,531,7
19914,104263,so,531,7
19915,104266,there,531,7
19916,104272,were,531,7
19917,104277,no,531,7
19918,104280,arches,531,7
19919,104287,left,531,7
19920,104293,and,531,7
19921,104297,all,531,7
19922,104301,the,531,7
19923,104305,players,531,7
19924,104314,except,531,7
19925,104321,the,531,7
19926,104325,King,531,7
19927,104331,the,531,7
19928,104335,Queen,531,7
19929,104342,and,531,7
19930,104346,Alice,531,7
19931,104353,were,531,7
19932,104358,in,531,7
19933,104361,custody,531,7
19934,104369,and,531,7
19935,104373,under,531,7
19936,104379,sentence,531,7
19937,104388,of,531,7
19938,104391,execution,531,7
19939,104403,Then,532,7
19940,104408,the,532,7
19941,104412,Queen,532,7
19942,104418,left,532,7
19943,104423,off,532,7
19944,104428,quite,532,7
19945,104434,out,532,7
19946,104438,of,532,7
19947,104441,breath,532,7
19948,104449,and,532,7
19949,104453,said,532,7
19950,104458,to,532,7
19951,104461,Alice,532,7
19952,104469,Have,532,7
19953,104474,you,532,7
19954,104478,seen,532,7
19955,104483,the,532,7
19956,104487,Mock,532,7
19957,104492,Turtle,532,7
19958,104499,yet,532,7
19959,104507,No,533,7
19960,104512,said,533,7
19961,104517,Alice,533,7
19962,104525,I,533,7
19963,104527,don,533,7
19964,104531,t,533,7
19965,104533,even,533,7
19966,104538,know,533,7
19967,104543,what,533,7
19968,104548,a,533,7
19969,104550,Mock,533,7
19970,104555,Turtle,533,7
19971,104562,is,533,7
19972,104569,It,534,7
19973,104572,s,534,7
19974,104574,the,534,7
19975,104578,thing,534,7
19976,104584,Mock,534,7
19977,104589,Turtle,534,7
19978,104596,Soup,534,7
19979,104601,is,534,7
19980,104604,made,534,7
19981,104609,from,534,7
19982,104616,said,534,7
19983,104621,the,534,7
19984,104625,Queen,534,7
19985,104634,I,535,7
19986,104636,never,535,7
19987,104642,saw,535,7
19988,104646,one,535,7
19989,104651,or,535,7
19990,104654,heard,535,7
19991,104660,of,535,7
19992,104663,one,535,7
19993,104669,said,535,7
19994,104674,Alice,535,7
19995,104683,Come,536,7
19996,104688,on,536,7
19997,104692,then,536,7
19998,104699,said,536,7
19999,104704,the,536,7
20000,104708,Queen,536,7
20001,104716,and,536,7
20002,104720,he,536,7
20003,104723,shall,536,7
20004,104729,tell,536,7
20005,104734,you,536,7
20006,104738,his,536,7
20007,104742,history,536,7
20008,104753,As,537,7
20009,104756,they,537,7
20010,104761,walked,537,7
20011,104768,off,537,7
20012,104772,together,537,7
20013,104782,Alice,537,7
20014,104788,heard,537,7
20015,104794,the,537,7
20016,104798,King,537,7
20017,104803,say,537,7
20018,104807,in,537,7
20019,104810,a,537,7
20020,104812,low,537,7
20021,104816,voice,537,7
20022,104823,to,537,7
20023,104826,the,537,7
20024,104830,company,537,7
20025,104838,generally,537,7
20026,104850,You,537,7
20027,104854,are,537,7
20028,104858,all,537,7
20029,104862,pardoned,537,7
20030,104874,Come,537,7
20031,104881,that,537,7
20032,104886,s,537,7
20033,104889,a,537,7
20034,104891,good,537,7
20035,104896,thing,537,7
20036,104904,she,537,7
20037,104908,said,537,7
20038,104913,to,537,7
20039,104916,herself,537,7
20040,104925,for,537,7
20041,104929,she,537,7
20042,104933,had,537,7
20043,104937,felt,537,7
20044,104942,quite,537,7
20045,104948,unhappy,537,7
20046,104956,at,537,7
20047,104959,the,537,7
20048,104963,number,537,7
20049,104970,of,537,7
20050,104973,executions,537,7
20051,104984,the,537,7
20052,104988,Queen,537,7
20053,104994,had,537,7
20054,104998,ordered,537,7
20055,105008,They,538,7
20056,105013,very,538,7
20057,105018,soon,538,7
20058,105023,came,538,7
20059,105028,upon,538,7
20060,105033,a,538,7
20061,105035,Gryphon,538,7
20062,105044,lying,538,7
20063,105050,fast,538,7
20064,105055,asleep,538,7
20065,105062,in,538,7
20066,105065,the,538,7
20067,105069,sun,538,7
20068,105075,If,538,7
20069,105078,you,538,7
20070,105082,don,538,7
20071,105086,t,538,7
20072,105088,know,538,7
20073,105093,what,538,7
20074,105098,a,538,7
20075,105100,Gryphon,538,7
20076,105108,is,538,7
20077,105112,look,538,7
20078,105117,at,538,7
20079,105120,the,538,7
20080,105124,picture,538,7
20081,105135,Up,538,7
20082,105139,lazy,538,7
20083,105144,thing,538,7
20084,105152,said,538,7
20085,105157,the,538,7
20086,105161,Queen,538,7
20087,105169,and,538,7
20088,105173,take,538,7
20089,105178,this,538,7
20090,105183,young,538,7
20091,105189,lady,538,7
20092,105194,to,538,7
20093,105197,see,538,7
20094,105201,the,538,7
20095,105205,Mock,538,7
20096,105210,Turtle,538,7
20097,105218,and,538,7
20098,105222,to,538,7
20099,105225,hear,538,7
20100,105230,his,538,7
20101,105234,history,538,7
20102,105243,I,538,7
20103,105245,must,538,7
20104,105250,go,538,7
20105,105253,back,538,7
20106,105258,and,538,7
20107,105262,see,538,7
20108,105266,after,538,7
20109,105272,some,538,7
20110,105277,executions,538,7
20111,105288,I,538,7
20112,105290,have,538,7
20113,105295,ordered,538,7
20114,105305,and,538,7
20115,105309,she,538,7
20116,105313,walked,538,7
20117,105320,off,538,7
20118,105325,leaving,538,7
20119,105333,Alice,538,7
20120,105339,alone,538,7
20121,105345,with,538,7
20122,105350,the,538,7
20123,105354,Gryphon,538,7
20124,105363,Alice,538,7
20125,105369,did,538,7
20126,105373,not,538,7
20127,105377,quite,538,7
20128,105383,like,538,7
20129,105388,the,538,7
20130,105392,look,538,7
20131,105397,of,538,7
20132,105400,the,538,7
20133,105404,creature,538,7
20134,105414,but,538,7
20135,105418,on,538,7
20136,105421,the,538,7
20137,105425,whole,538,7
20138,105431,she,538,7
20139,105435,thought,538,7
20140,105443,it,538,7
20141,105446,would,538,7
20142,105452,be,538,7
20143,105455,quite,538,7
20144,105461,as,538,7
20145,105464,safe,538,7
20146,105469,to,538,7
20147,105472,stay,538,7
20148,105477,with,538,7
20149,105482,it,538,7
20150,105485,as,538,7
20151,105488,to,538,7
20152,105491,go,538,7
20153,105494,after,538,7
20154,105500,that,538,7
20155,105505,savage,538,7
20156,105512,Queen,538,7
20157,105519,so,538,7
20158,105522,she,538,7
20159,105526,waited,538,7
20160,105535,The,539,7
20161,105539,Gryphon,539,7
20162,105547,sat,539,7
20163,105551,up,539,7
20164,105554,and,539,7
20165,105558,rubbed,539,7
20166,105565,its,539,7
20167,105569,eyes,539,7
20168,105575,then,539,7
20169,105580,it,539,7
20170,105583,watched,539,7
20171,105591,the,539,7
20172,105595,Queen,539,7
20173,105601,till,539,7
20174,105606,she,539,7
20175,105610,was,539,7
20176,105614,out,539,7
20177,105618,of,539,7
20178,105621,sight,539,7
20179,105628,then,539,7
20180,105633,it,539,7
20181,105636,chuckled,539,7
20182,105647,What,539,7
20183,105652,fun,539,7
20184,105658,said,539,7
20185,105663,the,539,7
20186,105667,Gryphon,539,7
20187,105676,half,539,7
20188,105681,to,539,7
20189,105684,itself,539,7
20190,105692,half,539,7
20191,105697,to,539,7
20192,105700,Alice,539,7
20193,105709,What,540,7
20194,105715,is,540,7
20195,105719,the,540,7
20196,105723,fun,540,7
20197,105729,said,540,7
20198,105734,Alice,540,7
20199,105743,Why,541,7
20200,105749,she,541,7
20201,105756,said,541,7
20202,105761,the,541,7
20203,105765,Gryphon,541,7
20204,105775,It,541,7
20205,105778,s,541,7
20206,105780,all,541,7
20207,105784,her,541,7
20208,105788,fancy,541,7
20209,105795,that,541,7
20210,105801,they,541,7
20211,105806,never,541,7
20212,105812,executes,541,7
20213,105821,nobody,541,7
20214,105829,you,541,7
20215,105833,know,541,7
20216,105839,Come,541,7
20217,105844,on,541,7
20218,105851,Everybody,542,7
20219,105861,says,542,7
20220,105867,come,542,7
20221,105872,on,542,7
20222,105877,here,542,7
20223,105884,thought,542,7
20224,105892,Alice,542,7
20225,105899,as,542,7
20226,105902,she,542,7
20227,105906,went,542,7
20228,105911,slowly,542,7
20229,105918,after,542,7
20230,105924,it,542,7
20231,105929,I,542,7
20232,105931,never,542,7
20233,105937,was,542,7
20234,105941,so,542,7
20235,105944,ordered,542,7
20236,105952,about,542,7
20237,105958,in,542,7
20238,105961,all,542,7
20239,105965,my,542,7
20240,105968,life,542,7
20241,105974,never,542,7
20242,105983,They,543,7
20243,105988,had,543,7
20244,105992,not,543,7
20245,105996,gone,543,7
20246,106001,far,543,7
20247,106005,before,543,7
20248,106012,they,543,7
20249,106017,saw,543,7
20250,106021,the,543,7
20251,106025,Mock,543,7
20252,106030,Turtle,543,7
20253,106037,in,543,7
20254,106040,the,543,7
20255,106044,distance,543,7
20256,106054,sitting,543,7
20257,106062,sad,543,7
20258,106066,and,543,7
20259,106070,lonely,543,7
20260,106077,on,543,7
20261,106080,a,543,7
20262,106082,little,543,7
20263,106089,ledge,543,7
20264,106095,of,543,7
20265,106098,rock,543,7
20266,106104,and,543,7
20267,106109,as,543,7
20268,106112,they,543,7
20269,106117,came,543,7
20270,106122,nearer,543,7
20271,106130,Alice,543,7
20272,106136,could,543,7
20273,106142,hear,543,7
20274,106147,him,543,7
20275,106151,sighing,543,7
20276,106159,as,543,7
20277,106162,if,543,7
20278,106165,his,543,7
20279,106169,heart,543,7
20280,106175,would,543,7
20281,106181,break,543,7
20282,106188,She,543,7
20283,106192,pitied,543,7
20284,106199,him,543,7
20285,106203,deeply,543,7
20286,106212,What,543,7
20287,106217,is,543,7
20288,106220,his,543,7
20289,106224,sorrow,543,7
20290,106233,she,543,7
20291,106237,asked,543,7
20292,106243,the,543,7
20293,106247,Gryphon,543,7
20294,106256,and,543,7
20295,106260,the,543,7
20296,106264,Gryphon,543,7
20297,106272,answered,543,7
20298,106282,very,543,7
20299,106287,nearly,543,7
20300,106294,in,543,7
20301,106297,the,543,7
20302,106301,same,543,7
20303,106306,words,543,7
20304,106312,as,543,7
20305,106315,before,543,7
20306,106324,It,543,7
20307,106327,s,543,7
20308,106329,all,543,7
20309,106333,his,543,7
20310,106337,fancy,543,7
20311,106344,that,543,7
20312,106350,he,543,7
20313,106353,hasn,543,7
20314,106358,t,543,7
20315,106360,got,543,7
20316,106364,no,543,7
20317,106367,sorrow,543,7
20318,106375,you,543,7
20319,106379,know,543,7
20320,106385,Come,543,7
20321,106390,on,543,7
20322,106396,So,544,7
20323,106399,they,544,7
20324,106404,went,544,7
20325,106409,up,544,7
20326,106412,to,544,7
20327,106415,the,544,7
20328,106419,Mock,544,7
20329,106424,Turtle,544,7
20330,106432,who,544,7
20331,106436,looked,544,7
20332,106443,at,544,7
20333,106446,them,544,7
20334,106451,with,544,7
20335,106456,large,544,7
20336,106462,eyes,544,7
20337,106467,full,544,7
20338,106472,of,544,7
20339,106475,tears,544,7
20340,106482,but,544,7
20341,106486,said,544,7
20342,106491,nothing,544,7
20343,106502,This,545,7
20344,106507,here,545,7
20345,106512,young,545,7
20346,106518,lady,545,7
20347,106525,said,545,7
20348,106530,the,545,7
20349,106534,Gryphon,545,7
20350,106544,she,545,7
20351,106548,wants,545,7
20352,106554,for,545,7
20353,106558,to,545,7
20354,106561,know,545,7
20355,106566,your,545,7
20356,106571,history,545,7
20357,106580,she,545,7
20358,106584,do,545,7
20359,106591,I,546,7
20360,106593,ll,546,7
20361,106596,tell,546,7
20362,106601,it,546,7
20363,106604,her,546,7
20364,106610,said,546,7
20365,106615,the,546,7
20366,106619,Mock,546,7
20367,106624,Turtle,546,7
20368,106631,in,546,7
20369,106634,a,546,7
20370,106636,deep,546,7
20371,106642,hollow,546,7
20372,106649,tone,546,7
20373,106656,sit,546,7
20374,106660,down,546,7
20375,106666,both,546,7
20376,106671,of,546,7
20377,106674,you,546,7
20378,106679,and,546,7
20379,106683,don,546,7
20380,106687,t,546,7
20381,106689,speak,546,7
20382,106695,a,546,7
20383,106697,word,546,7
20384,106702,till,546,7
20385,106707,I,546,7
20386,106709,ve,546,7
20387,106712,finished,546,7
20388,106724,So,547,7
20389,106727,they,547,7
20390,106732,sat,547,7
20391,106736,down,547,7
20392,106742,and,547,7
20393,106746,nobody,547,7
20394,106753,spoke,547,7
20395,106759,for,547,7
20396,106763,some,547,7
20397,106768,minutes,547,7
20398,106777,Alice,547,7
20399,106783,thought,547,7
20400,106791,to,547,7
20401,106794,herself,547,7
20402,106804,I,547,7
20403,106806,don,547,7
20404,106810,t,547,7
20405,106812,see,547,7
20406,106816,how,547,7
20407,106820,he,547,7
20408,106823,can,547,7
20409,106828,ever,547,7
20410,106834,finish,547,7
20411,106842,if,547,7
20412,106845,he,547,7
20413,106848,doesn,547,7
20414,106854,t,547,7
20415,106856,begin,547,7
20416,106864,But,547,7
20417,106868,she,547,7
20418,106872,waited,547,7
20419,106879,patiently,547,7
20420,106892,Once,548,7
20421,106899,said,548,7
20422,106904,the,548,7
20423,106908,Mock,548,7
20424,106913,Turtle,548,7
20425,106920,at,548,7
20426,106923,last,548,7
20427,106929,with,548,7
20428,106934,a,548,7
20429,106936,deep,548,7
20430,106941,sigh,548,7
20431,106948,I,548,7
20432,106950,was,548,7
20433,106954,a,548,7
20434,106956,real,548,7
20435,106961,Turtle,548,7
20436,106971,These,549,7
20437,106977,words,549,7
20438,106983,were,549,7
20439,106988,followed,549,7
20440,106997,by,549,7
20441,107000,a,549,7
20442,107002,very,549,7
20443,107007,long,549,7
20444,107012,silence,549,7
20445,107021,broken,549,7
20446,107028,only,549,7
20447,107033,by,549,7
20448,107036,an,549,7
20449,107039,occasional,549,7
20450,107050,exclamation,549,7
20451,107062,of,549,7
20452,107066,Hjckrrh,549,7
20453,107076,from,549,7
20454,107081,the,549,7
20455,107085,Gryphon,549,7
20456,107094,and,549,7
20457,107098,the,549,7
20458,107102,constant,549,7
20459,107111,heavy,549,7
20460,107117,sobbing,549,7
20461,107125,of,549,7
20462,107128,the,549,7
20463,107132,Mock,549,7
20464,107137,Turtle,549,7
20465,107145,Alice,549,7
20466,107151,was,549,7
20467,107155,very,549,7
20468,107160,nearly,549,7
20469,107167,getting,549,7
20470,107175,up,549,7
20471,107178,and,549,7
20472,107182,saying,549,7
20473,107191,Thank,549,7
20474,107197,you,549,7
20475,107202,sir,549,7
20476,107207,for,549,7
20477,107211,your,549,7
20478,107216,interesting,549,7
20479,107228,story,549,7
20480,107236,but,549,7
20481,107240,she,549,7
20482,107244,could,549,7
20483,107250,not,549,7
20484,107254,help,549,7
20485,107259,thinking,549,7
20486,107268,there,549,7
20487,107275,must,549,7
20488,107281,be,549,7
20489,107284,more,549,7
20490,107289,to,549,7
20491,107292,come,549,7
20492,107298,so,549,7
20493,107301,she,549,7
20494,107305,sat,549,7
20495,107309,still,549,7
20496,107315,and,549,7
20497,107319,said,549,7
20498,107324,nothing,549,7
20499,107335,When,550,7
20500,107340,we,550,7
20501,107343,were,550,7
20502,107348,little,550,7
20503,107357,the,550,7
20504,107361,Mock,550,7
20505,107366,Turtle,550,7
20506,107373,went,550,7
20507,107378,on,550,7
20508,107381,at,550,7
20509,107384,last,550,7
20510,107390,more,550,7
20511,107395,calmly,550,7
20512,107403,though,550,7
20513,107410,still,550,7
20514,107416,sobbing,550,7
20515,107424,a,550,7
20516,107426,little,550,7
20517,107433,now,550,7
20518,107437,and,550,7
20519,107441,then,550,7
20520,107448,we,550,7
20521,107451,went,550,7
20522,107456,to,550,7
20523,107459,school,550,7
20524,107466,in,550,7
20525,107469,the,550,7
20526,107473,sea,550,7
20527,107478,The,550,7
20528,107482,master,550,7
20529,107489,was,550,7
20530,107493,an,550,7
20531,107496,old,550,7
20532,107500,Turtle,550,7
20533,107507,we,550,7
20534,107510,used,550,7
20535,107515,to,550,7
20536,107518,call,550,7
20537,107523,him,550,7
20538,107527,Tortoise,550,7
20539,107540,Why,551,7
20540,107544,did,551,7
20541,107548,you,551,7
20542,107552,call,551,7
20543,107557,him,551,7
20544,107561,Tortoise,551,7
20545,107571,if,551,7
20546,107574,he,551,7
20547,107577,wasn,551,7
20548,107582,t,551,7
20549,107584,one,551,7
20550,107590,Alice,551,7
20551,107596,asked,551,7
20552,107605,We,552,7
20553,107608,called,552,7
20554,107615,him,552,7
20555,107619,Tortoise,552,7
20556,107628,because,552,7
20557,107636,he,552,7
20558,107639,taught,552,7
20559,107646,us,552,7
20560,107651,said,552,7
20561,107656,the,552,7
20562,107660,Mock,552,7
20563,107665,Turtle,552,7
20564,107672,angrily,552,7
20565,107682,really,552,7
20566,107689,you,552,7
20567,107693,are,552,7
20568,107697,very,552,7
20569,107702,dull,552,7
20570,107711,You,553,7
20571,107715,ought,553,7
20572,107721,to,553,7
20573,107724,be,553,7
20574,107727,ashamed,553,7
20575,107735,of,553,7
20576,107738,yourself,553,7
20577,107747,for,553,7
20578,107751,asking,553,7
20579,107758,such,553,7
20580,107763,a,553,7
20581,107765,simple,553,7
20582,107772,question,553,7
20583,107783,added,553,7
20584,107789,the,553,7
20585,107793,Gryphon,553,7
20586,107802,and,553,7
20587,107806,then,553,7
20588,107811,they,553,7
20589,107816,both,553,7
20590,107821,sat,553,7
20591,107825,silent,553,7
20592,107832,and,553,7
20593,107836,looked,553,7
20594,107843,at,553,7
20595,107846,poor,553,7
20596,107851,Alice,553,7
20597,107858,who,553,7
20598,107862,felt,553,7
20599,107867,ready,553,7
20600,107873,to,553,7
20601,107876,sink,553,7
20602,107881,into,553,7
20603,107886,the,553,7
20604,107890,earth,553,7
20605,107897,At,553,7
20606,107900,last,553,7
20607,107905,the,553,7
20608,107909,Gryphon,553,7
20609,107917,said,553,7
20610,107922,to,553,7
20611,107925,the,553,7
20612,107929,Mock,553,7
20613,107934,Turtle,553,7
20614,107943,Drive,553,7
20615,107949,on,553,7
20616,107953,old,553,7
20617,107957,fellow,553,7
20618,107965,Don,553,7
20619,107969,t,553,7
20620,107971,be,553,7
20621,107974,all,553,7
20622,107978,day,553,7
20623,107982,about,553,7
20624,107988,it,553,7
20625,107993,and,553,7
20626,107997,he,553,7
20627,108000,went,553,7
20628,108005,on,553,7
20629,108008,in,553,7
20630,108011,these,553,7
20631,108017,words,553,7
20632,108026,Yes,554,7
20633,108031,we,554,7
20634,108034,went,554,7
20635,108039,to,554,7
20636,108042,school,554,7
20637,108049,in,554,7
20638,108052,the,554,7
20639,108056,sea,554,7
20640,108061,though,554,7
20641,108068,you,554,7
20642,108072,mayn,554,7
20643,108077,t,554,7
20644,108079,believe,554,7
20645,108087,it,554,7
20646,108094,I,555,7
20647,108096,never,555,7
20648,108102,said,555,7
20649,108107,I,555,7
20650,108109,didn,555,7
20651,108114,t,555,7
20652,108118,interrupted,555,7
20653,108130,Alice,555,7
20654,108139,You,556,7
20655,108143,did,556,7
20656,108149,said,556,7
20657,108154,the,556,7
20658,108158,Mock,556,7
20659,108163,Turtle,556,7
20660,108173,Hold,557,7
20661,108178,your,557,7
20662,108183,tongue,557,7
20663,108192,added,557,7
20664,108198,the,557,7
20665,108202,Gryphon,557,7
20666,108211,before,557,7
20667,108218,Alice,557,7
20668,108224,could,557,7
20669,108230,speak,557,7
20670,108236,again,557,7
20671,108243,The,557,7
20672,108247,Mock,557,7
20673,108252,Turtle,557,7
20674,108259,went,557,7
20675,108264,on,557,7
20676,108270,We,558,7
20677,108273,had,558,7
20678,108277,the,558,7
20679,108281,best,558,7
20680,108286,of,558,7
20681,108289,educations,558,7
20682,108300,in,558,7
20683,108303,fact,558,7
20684,108309,we,558,7
20685,108312,went,558,7
20686,108317,to,558,7
20687,108320,school,558,7
20688,108327,every,558,7
20689,108333,day,558,7
20690,108342,I,559,7
20691,108344,ve,559,7
20692,108348,been,559,7
20693,108353,to,559,7
20694,108356,a,559,7
20695,108358,day,559,7
20696,108362,school,559,7
20697,108370,too,559,7
20698,108376,said,559,7
20699,108381,Alice,559,7
20700,108389,you,559,7
20701,108393,needn,559,7
20702,108399,t,559,7
20703,108401,be,559,7
20704,108404,so,559,7
20705,108407,proud,559,7
20706,108413,as,559,7
20707,108416,all,559,7
20708,108420,that,559,7
20709,108429,With,560,7
20710,108434,extras,560,7
20711,108443,asked,560,7
20712,108449,the,560,7
20713,108453,Mock,560,7
20714,108458,Turtle,560,7
20715,108465,a,560,7
20716,108467,little,560,7
20717,108474,anxiously,560,7
20718,108487,Yes,561,7
20719,108493,said,561,7
20720,108498,Alice,561,7
20721,108506,we,561,7
20722,108509,learned,561,7
20723,108517,French,561,7
20724,108524,and,561,7
20725,108528,music,561,7
20726,108538,And,562,7
20727,108542,washing,562,7
20728,108552,said,562,7
20729,108557,the,562,7
20730,108561,Mock,562,7
20731,108566,Turtle,562,7
20732,108576,Certainly,563,7
20733,108586,not,563,7
20734,108592,said,563,7
20735,108597,Alice,563,7
20736,108603,indignantly,563,7
20737,108618,Ah,564,7
20738,108622,then,564,7
20739,108627,yours,564,7
20740,108633,wasn,564,7
20741,108638,t,564,7
20742,108640,a,564,7
20743,108642,really,564,7
20744,108649,good,564,7
20745,108654,school,564,7
20746,108663,said,564,7
20747,108668,the,564,7
20748,108672,Mock,564,7
20749,108677,Turtle,564,7
20750,108684,in,564,7
20751,108687,a,564,7
20752,108689,tone,564,7
20753,108694,of,564,7
20754,108697,great,564,7
20755,108703,relief,564,7
20756,108712,Now,564,7
20757,108716,at,564,7
20758,108720,ours,564,7
20759,108726,they,564,7
20760,108731,had,564,7
20761,108735,at,564,7
20762,108738,the,564,7
20763,108742,end,564,7
20764,108746,of,564,7
20765,108749,the,564,7
20766,108753,bill,564,7
20767,108760,French,564,7
20768,108768,music,564,7
20769,108776,and,564,7
20770,108780,washing,564,7
20771,108789,extra,564,7
20772,108800,You,565,7
20773,108804,couldn,565,7
20774,108811,t,565,7
20775,108813,have,565,7
20776,108818,wanted,565,7
20777,108825,it,565,7
20778,108828,much,565,7
20779,108835,said,565,7
20780,108840,Alice,565,7
20781,108848,living,565,7
20782,108855,at,565,7
20783,108858,the,565,7
20784,108862,bottom,565,7
20785,108869,of,565,7
20786,108872,the,565,7
20787,108876,sea,565,7
20788,108884,I,566,7
20789,108886,couldn,566,7
20790,108893,t,566,7
20791,108895,afford,566,7
20792,108902,to,566,7
20793,108905,learn,566,7
20794,108911,it,566,7
20795,108916,said,566,7
20796,108921,the,566,7
20797,108925,Mock,566,7
20798,108930,Turtle,566,7
20799,108937,with,566,7
20800,108942,a,566,7
20801,108944,sigh,566,7
20802,108951,I,566,7
20803,108953,only,566,7
20804,108958,took,566,7
20805,108963,the,566,7
20806,108967,regular,566,7
20807,108975,course,566,7
20808,108986,What,567,7
20809,108991,was,567,7
20810,108995,that,567,7
20811,109002,inquired,567,7
20812,109011,Alice,567,7
20813,109020,Reeling,568,7
20814,109028,and,568,7
20815,109032,Writhing,568,7
20816,109042,of,568,7
20817,109045,course,568,7
20818,109053,to,568,7
20819,109056,begin,568,7
20820,109062,with,568,7
20821,109069,the,568,7
20822,109073,Mock,568,7
20823,109078,Turtle,568,7
20824,109085,replied,568,7
20825,109095,and,568,7
20826,109099,then,568,7
20827,109104,the,568,7
20828,109108,different,568,7
20829,109118,branches,568,7
20830,109127,of,568,7
20831,109130,Arithmetic,568,7
20832,109141,Ambition,568,7
20833,109151,Distraction,568,7
20834,109164,Uglification,568,7
20835,109178,and,568,7
20836,109182,Derision,568,7
20837,109195,I,569,7
20838,109197,never,569,7
20839,109203,heard,569,7
20840,109209,of,569,7
20841,109213,Uglification,569,7
20842,109229,Alice,569,7
20843,109235,ventured,569,7
20844,109244,to,569,7
20845,109247,say,569,7
20846,109253,What,569,7
20847,109258,is,569,7
20848,109261,it,569,7
20849,109267,The,570,7
20850,109271,Gryphon,570,7
20851,109279,lifted,570,7
20852,109286,up,570,7
20853,109289,both,570,7
20854,109294,its,570,7
20855,109298,paws,570,7
20856,109303,in,570,7
20857,109306,surprise,570,7
20858,109317,What,570,7
20859,109323,Never,570,7
20860,109329,heard,570,7
20861,109335,of,570,7
20862,109338,uglifying,570,7
20863,109350,it,570,7
20864,109353,exclaimed,570,7
20865,109365,You,570,7
20866,109369,know,570,7
20867,109374,what,570,7
20868,109379,to,570,7
20869,109382,beautify,570,7
20870,109391,is,570,7
20871,109395,I,570,7
20872,109397,suppose,570,7
20873,109409,Yes,571,7
20874,109415,said,571,7
20875,109420,Alice,571,7
20876,109426,doubtfully,571,7
20877,109439,it,571,7
20878,109442,means,571,7
20879,109448,to,571,7
20880,109451,make,571,7
20881,109456,anything,571,7
20882,109465,prettier,571,7
20883,109478,Well,572,7
20884,109484,then,572,7
20885,109491,the,572,7
20886,109495,Gryphon,572,7
20887,109503,went,572,7
20888,109508,on,572,7
20889,109513,if,572,7
20890,109516,you,572,7
20891,109520,don,572,7
20892,109524,t,572,7
20893,109526,know,572,7
20894,109531,what,572,7
20895,109536,to,572,7
20896,109539,uglify,572,7
20897,109546,is,572,7
20898,109550,you,572,7
20899,109555,are,572,7
20900,109560,a,572,7
20901,109562,simpleton,572,7
20902,109575,Alice,573,7
20903,109581,did,573,7
20904,109585,not,573,7
20905,109589,feel,573,7
20906,109594,encouraged,573,7
20907,109605,to,573,7
20908,109608,ask,573,7
20909,109612,any,573,7
20910,109616,more,573,7
20911,109621,questions,573,7
20912,109631,about,573,7
20913,109637,it,573,7
20914,109641,so,573,7
20915,109644,she,573,7
20916,109648,turned,573,7
20917,109655,to,573,7
20918,109658,the,573,7
20919,109662,Mock,573,7
20920,109667,Turtle,573,7
20921,109675,and,573,7
20922,109679,said,573,7
20923,109685,What,573,7
20924,109690,else,573,7
20925,109695,had,573,7
20926,109699,you,573,7
20927,109703,to,573,7
20928,109706,learn,573,7
20929,109716,Well,574,7
20930,109722,there,574,7
20931,109728,was,574,7
20932,109732,Mystery,574,7
20933,109742,the,574,7
20934,109746,Mock,574,7
20935,109751,Turtle,574,7
20936,109758,replied,574,7
20937,109767,counting,574,7
20938,109776,off,574,7
20939,109780,the,574,7
20940,109784,subjects,574,7
20941,109793,on,574,7
20942,109796,his,574,7
20943,109800,flappers,574,7
20944,109812,Mystery,574,7
20945,109821,ancient,574,7
20946,109829,and,574,7
20947,109833,modern,574,7
20948,109841,with,574,7
20949,109846,Seaography,574,7
20950,109858,then,574,7
20951,109863,Drawling,574,7
20952,109872,the,574,7
20953,109876,Drawling,574,7
20954,109885,master,574,7
20955,109892,was,574,7
20956,109896,an,574,7
20957,109899,old,574,7
20958,109903,conger,574,7
20959,109910,eel,574,7
20960,109915,that,574,7
20961,109920,used,574,7
20962,109925,to,574,7
20963,109928,come,574,7
20964,109933,once,574,7
20965,109938,a,574,7
20966,109940,week,574,7
20967,109947,he,574,7
20968,109951,taught,574,7
20969,109958,us,574,7
20970,109961,Drawling,574,7
20971,109971,Stretching,574,7
20972,109983,and,574,7
20973,109987,Fainting,574,7
20974,109996,in,574,7
20975,109999,Coils,574,7
20976,110009,What,575,7
20977,110014,was,575,7
20978,110019,that,575,7
20979,110025,like,575,7
20980,110032,said,575,7
20981,110037,Alice,575,7
20982,110046,Well,576,7
20983,110052,I,576,7
20984,110054,can,576,7
20985,110058,t,576,7
20986,110060,show,576,7
20987,110065,it,576,7
20988,110068,you,576,7
20989,110072,myself,576,7
20990,110081,the,576,7
20991,110085,Mock,576,7
20992,110090,Turtle,576,7
20993,110097,said,576,7
20994,110104,I,576,7
20995,110106,m,576,7
20996,110108,too,576,7
20997,110112,stiff,576,7
20998,110119,And,576,7
20999,110123,the,576,7
21000,110127,Gryphon,576,7
21001,110135,never,576,7
21002,110141,learnt,576,7
21003,110148,it,576,7
21004,110155,Hadn,577,7
21005,110160,t,577,7
21006,110162,time,577,7
21007,110169,said,577,7
21008,110174,the,577,7
21009,110178,Gryphon,577,7
21010,110188,I,577,7
21011,110190,went,577,7
21012,110195,to,577,7
21013,110198,the,577,7
21014,110202,Classics,577,7
21015,110211,master,577,7
21016,110219,though,577,7
21017,110227,He,577,7
21018,110230,was,577,7
21019,110234,an,577,7
21020,110237,old,577,7
21021,110241,crab,577,7
21022,110248,he,577,7
21023,110252,was,577,7
21024,110260,I,578,7
21025,110262,never,578,7
21026,110268,went,578,7
21027,110273,to,578,7
21028,110276,him,578,7
21029,110282,the,578,7
21030,110286,Mock,578,7
21031,110291,Turtle,578,7
21032,110298,said,578,7
21033,110303,with,578,7
21034,110308,a,578,7
21035,110310,sigh,578,7
21036,110317,he,578,7
21037,110320,taught,578,7
21038,110327,Laughing,578,7
21039,110336,and,578,7
21040,110340,Grief,578,7
21041,110347,they,578,7
21042,110352,used,578,7
21043,110357,to,578,7
21044,110360,say,578,7
21045,110368,So,579,7
21046,110371,he,579,7
21047,110374,did,579,7
21048,110379,so,579,7
21049,110382,he,579,7
21050,110385,did,579,7
21051,110391,said,579,7
21052,110396,the,579,7
21053,110400,Gryphon,579,7
21054,110409,sighing,579,7
21055,110417,in,579,7
21056,110420,his,579,7
21057,110424,turn,579,7
21058,110430,and,579,7
21059,110434,both,579,7
21060,110439,creatures,579,7
21061,110449,hid,579,7
21062,110453,their,579,7
21063,110459,faces,579,7
21064,110465,in,579,7
21065,110468,their,579,7
21066,110474,paws,579,7
21067,110482,And,580,7
21068,110486,how,580,7
21069,110490,many,580,7
21070,110495,hours,580,7
21071,110501,a,580,7
21072,110503,day,580,7
21073,110507,did,580,7
21074,110511,you,580,7
21075,110515,do,580,7
21076,110518,lessons,580,7
21077,110528,said,580,7
21078,110533,Alice,580,7
21079,110540,in,580,7
21080,110543,a,580,7
21081,110545,hurry,580,7
21082,110551,to,580,7
21083,110554,change,580,7
21084,110561,the,580,7
21085,110565,subject,580,7
21086,110576,Ten,581,7
21087,110580,hours,581,7
21088,110586,the,581,7
21089,110590,first,581,7
21090,110596,day,581,7
21091,110602,said,581,7
21092,110607,the,581,7
21093,110611,Mock,581,7
21094,110616,Turtle,581,7
21095,110625,nine,581,7
21096,110630,the,581,7
21097,110634,next,581,7
21098,110640,and,581,7
21099,110644,so,581,7
21100,110647,on,581,7
21101,110654,What,582,7
21102,110659,a,582,7
21103,110661,curious,582,7
21104,110669,plan,582,7
21105,110676,exclaimed,582,7
21106,110686,Alice,582,7
21107,110695,That,583,7
21108,110700,s,583,7
21109,110702,the,583,7
21110,110706,reason,583,7
21111,110713,they,583,7
21112,110718,re,583,7
21113,110721,called,583,7
21114,110728,lessons,583,7
21115,110738,the,583,7
21116,110742,Gryphon,583,7
21117,110750,remarked,583,7
21118,110761,because,583,7
21119,110769,they,583,7
21120,110774,lessen,583,7
21121,110781,from,583,7
21122,110786,day,583,7
21123,110790,to,583,7
21124,110793,day,583,7
21125,110800,This,584,7
21126,110805,was,584,7
21127,110809,quite,584,7
21128,110815,a,584,7
21129,110817,new,584,7
21130,110821,idea,584,7
21131,110826,to,584,7
21132,110829,Alice,584,7
21133,110836,and,584,7
21134,110840,she,584,7
21135,110844,thought,584,7
21136,110852,it,584,7
21137,110855,over,584,7
21138,110860,a,584,7
21139,110862,little,584,7
21140,110869,before,584,7
21141,110876,she,584,7
21142,110880,made,584,7
21143,110885,her,584,7
21144,110889,next,584,7
21145,110894,remark,584,7
21146,110903,Then,584,7
21147,110908,the,584,7
21148,110912,eleventh,584,7
21149,110921,day,584,7
21150,110925,must,584,7
21151,110930,have,584,7
21152,110935,been,584,7
21153,110940,a,584,7
21154,110942,holiday,584,7
21155,110954,Of,585,7
21156,110957,course,585,7
21157,110964,it,585,7
21158,110967,was,585,7
21159,110973,said,585,7
21160,110978,the,585,7
21161,110982,Mock,585,7
21162,110987,Turtle,585,7
21163,110997,And,586,7
21164,111001,how,586,7
21165,111005,did,586,7
21166,111009,you,586,7
21167,111013,manage,586,7
21168,111020,on,586,7
21169,111023,the,586,7
21170,111027,twelfth,586,7
21171,111037,Alice,586,7
21172,111043,went,586,7
21173,111048,on,586,7
21174,111051,eagerly,586,7
21175,111062,That,587,7
21176,111067,s,587,7
21177,111069,enough,587,7
21178,111076,about,587,7
21179,111082,lessons,587,7
21180,111092,the,587,7
21181,111096,Gryphon,587,7
21182,111104,interrupted,587,7
21183,111116,in,587,7
21184,111119,a,587,7
21185,111121,very,587,7
21186,111126,decided,587,7
21187,111134,tone,587,7
21188,111141,tell,587,7
21189,111146,her,587,7
21190,111150,something,587,7
21191,111160,about,587,7
21192,111166,the,587,7
21193,111170,games,587,7
21194,111176,now,587,7
21195,111186,CHAPTER,588,8
21196,111194,X,588,8
21197,111197,The,588,8
21198,111201,Lobster,588,8
21199,111209,Quadrille,588,8
21200,111221,The,589,8
21201,111225,Mock,589,8
21202,111230,Turtle,589,8
21203,111237,sighed,589,8
21204,111244,deeply,589,8
21205,111252,and,589,8
21206,111256,drew,589,8
21207,111261,the,589,8
21208,111265,back,589,8
21209,111270,of,589,8
21210,111273,one,589,8
21211,111277,flapper,589,8
21212,111285,across,589,8
21213,111292,his,589,8
21214,111296,eyes,589,8
21215,111302,He,589,8
21216,111305,looked,589,8
21217,111312,at,589,8
21218,111315,Alice,589,8
21219,111322,and,589,8
21220,111326,tried,589,8
21221,111332,to,589,8
21222,111335,speak,589,8
21223,111342,but,589,8
21224,111346,for,589,8
21225,111350,a,589,8
21226,111352,minute,589,8
21227,111359,or,589,8
21228,111362,two,589,8
21229,111366,sobs,589,8
21230,111371,choked,589,8
21231,111378,his,589,8
21232,111382,voice,589,8
21233,111390,Same,589,8
21234,111395,as,589,8
21235,111398,if,589,8
21236,111401,he,589,8
21237,111404,had,589,8
21238,111408,a,589,8
21239,111410,bone,589,8
21240,111415,in,589,8
21241,111418,his,589,8
21242,111422,throat,589,8
21243,111431,said,589,8
21244,111436,the,589,8
21245,111440,Gryphon,589,8
21246,111449,and,589,8
21247,111453,it,589,8
21248,111456,set,589,8
21249,111460,to,589,8
21250,111463,work,589,8
21251,111468,shaking,589,8
21252,111476,him,589,8
21253,111480,and,589,8
21254,111484,punching,589,8
21255,111493,him,589,8
21256,111497,in,589,8
21257,111500,the,589,8
21258,111504,back,589,8
21259,111510,At,589,8
21260,111513,last,589,8
21261,111518,the,589,8
21262,111522,Mock,589,8
21263,111527,Turtle,589,8
21264,111534,recovered,589,8
21265,111544,his,589,8
21266,111548,voice,589,8
21267,111555,and,589,8
21268,111560,with,589,8
21269,111565,tears,589,8
21270,111571,running,589,8
21271,111579,down,589,8
21272,111584,his,589,8
21273,111588,cheeks,589,8
21274,111596,he,589,8
21275,111599,went,589,8
21276,111604,on,589,8
21277,111607,again,589,8
21278,111617,You,590,8
21279,111621,may,590,8
21280,111625,not,590,8
21281,111629,have,590,8
21282,111634,lived,590,8
21283,111640,much,590,8
21284,111645,under,590,8
21285,111651,the,590,8
21286,111655,sea,590,8
21287,111663,I,590,8
21288,111665,haven,590,8
21289,111671,t,590,8
21290,111675,said,590,8
21291,111680,Alice,590,8
21292,111688,and,590,8
21293,111692,perhaps,590,8
21294,111700,you,590,8
21295,111704,were,590,8
21296,111709,never,590,8
21297,111715,even,590,8
21298,111720,introduced,590,8
21299,111731,to,590,8
21300,111734,a,590,8
21301,111736,lobster,590,8
21302,111747,Alice,590,8
21303,111753,began,590,8
21304,111759,to,590,8
21305,111762,say,590,8
21306,111767,I,590,8
21307,111769,once,590,8
21308,111774,tasted,590,8
21309,111783,but,590,8
21310,111787,checked,590,8
21311,111795,herself,590,8
21312,111803,hastily,590,8
21313,111812,and,590,8
21314,111816,said,590,8
21315,111822,No,590,8
21316,111826,never,590,8
21317,111836,so,590,8
21318,111839,you,590,8
21319,111843,can,590,8
21320,111847,have,590,8
21321,111852,no,590,8
21322,111855,idea,590,8
21323,111860,what,590,8
21324,111865,a,590,8
21325,111867,delightful,590,8
21326,111878,thing,590,8
21327,111884,a,590,8
21328,111886,Lobster,590,8
21329,111894,Quadrille,590,8
21330,111904,is,590,8
21331,111911,No,591,8
21332,111915,indeed,591,8
21333,111924,said,591,8
21334,111929,Alice,591,8
21335,111937,What,591,8
21336,111942,sort,591,8
21337,111947,of,591,8
21338,111950,a,591,8
21339,111952,dance,591,8
21340,111958,is,591,8
21341,111961,it,591,8
21342,111968,Why,592,8
21343,111974,said,592,8
21344,111979,the,592,8
21345,111983,Gryphon,592,8
21346,111993,you,592,8
21347,111997,first,592,8
21348,112003,form,592,8
21349,112008,into,592,8
21350,112013,a,592,8
21351,112015,line,592,8
21352,112020,along,592,8
21353,112026,the,592,8
21354,112030,sea,592,8
21355,112034,shore,592,8
21356,112044,Two,593,8
21357,112048,lines,593,8
21358,112056,cried,593,8
21359,112062,the,593,8
21360,112066,Mock,593,8
21361,112071,Turtle,593,8
21362,112080,Seals,593,8
21363,112087,turtles,593,8
21364,112096,salmon,593,8
21365,112104,and,593,8
21366,112108,so,593,8
21367,112111,on,593,8
21368,112115,then,593,8
21369,112121,when,593,8
21370,112126,you,593,8
21371,112130,ve,593,8
21372,112133,cleared,593,8
21373,112141,all,593,8
21374,112145,the,593,8
21375,112149,jelly,593,8
21376,112155,fish,593,8
21377,112160,out,593,8
21378,112164,of,593,8
21379,112167,the,593,8
21380,112171,way,593,8
21381,112180,That,594,8
21382,112186,generally,594,8
21383,112196,takes,594,8
21384,112202,some,594,8
21385,112207,time,594,8
21386,112214,interrupted,594,8
21387,112226,the,594,8
21388,112230,Gryphon,594,8
21389,112242,you,595,8
21390,112246,advance,595,8
21391,112254,twice,595,8
21392,112264,Each,596,8
21393,112269,with,596,8
21394,112274,a,596,8
21395,112276,lobster,596,8
21396,112284,as,596,8
21397,112287,a,596,8
21398,112289,partner,596,8
21399,112299,cried,596,8
21400,112305,the,596,8
21401,112309,Gryphon,596,8
21402,112320,Of,597,8
21403,112323,course,597,8
21404,112332,the,597,8
21405,112336,Mock,597,8
21406,112341,Turtle,597,8
21407,112348,said,597,8
21408,112355,advance,597,8
21409,112363,twice,597,8
21410,112370,set,597,8
21411,112374,to,597,8
21412,112377,partners,597,8
21413,112391,change,598,8
21414,112398,lobsters,598,8
21415,112408,and,598,8
21416,112412,retire,598,8
21417,112419,in,598,8
21418,112422,same,598,8
21419,112427,order,598,8
21420,112435,continued,598,8
21421,112445,the,598,8
21422,112449,Gryphon,598,8
21423,112460,Then,599,8
21424,112466,you,599,8
21425,112470,know,599,8
21426,112477,the,599,8
21427,112481,Mock,599,8
21428,112486,Turtle,599,8
21429,112493,went,599,8
21430,112498,on,599,8
21431,112503,you,599,8
21432,112507,throw,599,8
21433,112513,the,599,8
21434,112521,The,600,8
21435,112525,lobsters,600,8
21436,112536,shouted,600,8
21437,112544,the,600,8
21438,112548,Gryphon,600,8
21439,112557,with,600,8
21440,112562,a,600,8
21441,112564,bound,600,8
21442,112570,into,600,8
21443,112575,the,600,8
21444,112579,air,600,8
21445,112587,as,601,8
21446,112590,far,601,8
21447,112594,out,601,8
21448,112598,to,601,8
21449,112601,sea,601,8
21450,112605,as,601,8
21451,112608,you,601,8
21452,112612,can,601,8
21453,112620,Swim,602,8
21454,112625,after,602,8
21455,112631,them,602,8
21456,112638,screamed,602,8
21457,112647,the,602,8
21458,112651,Gryphon,602,8
21459,112662,Turn,603,8
21460,112667,a,603,8
21461,112669,somersault,603,8
21462,112680,in,603,8
21463,112683,the,603,8
21464,112687,sea,603,8
21465,112693,cried,603,8
21466,112699,the,603,8
21467,112703,Mock,603,8
21468,112708,Turtle,603,8
21469,112716,capering,603,8
21470,112725,wildly,603,8
21471,112732,about,603,8
21472,112741,Change,604,8
21473,112748,lobsters,604,8
21474,112757,again,604,8
21475,112765,yelled,604,8
21476,112772,the,604,8
21477,112776,Gryphon,604,8
21478,112784,at,604,8
21479,112787,the,604,8
21480,112791,top,604,8
21481,112795,of,604,8
21482,112798,its,604,8
21483,112802,voice,604,8
21484,112811,Back,605,8
21485,112816,to,605,8
21486,112819,land,605,8
21487,112824,again,605,8
21488,112831,and,605,8
21489,112835,that,605,8
21490,112840,s,605,8
21491,112842,all,605,8
21492,112846,the,605,8
21493,112850,first,605,8
21494,112856,figure,605,8
21495,112865,said,605,8
21496,112870,the,605,8
21497,112874,Mock,605,8
21498,112879,Turtle,605,8
21499,112887,suddenly,605,8
21500,112896,dropping,605,8
21501,112905,his,605,8
21502,112909,voice,605,8
21503,112916,and,605,8
21504,112920,the,605,8
21505,112924,two,605,8
21506,112928,creatures,605,8
21507,112939,who,605,8
21508,112943,had,605,8
21509,112947,been,605,8
21510,112952,jumping,605,8
21511,112960,about,605,8
21512,112966,like,605,8
21513,112971,mad,605,8
21514,112975,things,605,8
21515,112982,all,605,8
21516,112986,this,605,8
21517,112991,time,605,8
21518,112997,sat,605,8
21519,113001,down,605,8
21520,113006,again,605,8
21521,113012,very,605,8
21522,113017,sadly,605,8
21523,113023,and,605,8
21524,113027,quietly,605,8
21525,113036,and,605,8
21526,113040,looked,605,8
21527,113047,at,605,8
21528,113050,Alice,605,8
21529,113059,It,606,8
21530,113062,must,606,8
21531,113067,be,606,8
21532,113070,a,606,8
21533,113072,very,606,8
21534,113077,pretty,606,8
21535,113084,dance,606,8
21536,113092,said,606,8
21537,113097,Alice,606,8
21538,113103,timidly,606,8
21539,113114,Would,607,8
21540,113120,you,607,8
21541,113124,like,607,8
21542,113129,to,607,8
21543,113132,see,607,8
21544,113136,a,607,8
21545,113138,little,607,8
21546,113145,of,607,8
21547,113148,it,607,8
21548,113153,said,607,8
21549,113158,the,607,8
21550,113162,Mock,607,8
21551,113167,Turtle,607,8
21552,113177,Very,608,8
21553,113182,much,608,8
21554,113187,indeed,608,8
21555,113196,said,608,8
21556,113201,Alice,608,8
21557,113210,Come,609,8
21558,113216,let,609,8
21559,113220,s,609,8
21560,113222,try,609,8
21561,113226,the,609,8
21562,113230,first,609,8
21563,113236,figure,609,8
21564,113245,said,609,8
21565,113250,the,609,8
21566,113254,Mock,609,8
21567,113259,Turtle,609,8
21568,113266,to,609,8
21569,113269,the,609,8
21570,113273,Gryphon,609,8
21571,113283,We,609,8
21572,113286,can,609,8
21573,113290,do,609,8
21574,113293,without,609,8
21575,113301,lobsters,609,8
21576,113311,you,609,8
21577,113315,know,609,8
21578,113321,Which,609,8
21579,113327,shall,609,8
21580,113333,sing,609,8
21581,113342,Oh,610,8
21582,113347,you,610,8
21583,113352,sing,610,8
21584,113359,said,610,8
21585,113364,the,610,8
21586,113368,Gryphon,610,8
21587,113378,I,610,8
21588,113380,ve,610,8
21589,113383,forgotten,610,8
21590,113393,the,610,8
21591,113397,words,610,8
21592,113406,So,611,8
21593,113409,they,611,8
21594,113414,began,611,8
21595,113420,solemnly,611,8
21596,113429,dancing,611,8
21597,113437,round,611,8
21598,113443,and,611,8
21599,113447,round,611,8
21600,113453,Alice,611,8
21601,113460,every,611,8
21602,113466,now,611,8
21603,113470,and,611,8
21604,113474,then,611,8
21605,113479,treading,611,8
21606,113488,on,611,8
21607,113491,her,611,8
21608,113495,toes,611,8
21609,113500,when,611,8
21610,113505,they,611,8
21611,113510,passed,611,8
21612,113517,too,611,8
21613,113521,close,611,8
21614,113528,and,611,8
21615,113532,waving,611,8
21616,113539,their,611,8
21617,113545,forepaws,611,8
21618,113554,to,611,8
21619,113557,mark,611,8
21620,113562,the,611,8
21621,113566,time,611,8
21622,113572,while,611,8
21623,113578,the,611,8
21624,113582,Mock,611,8
21625,113587,Turtle,611,8
21626,113594,sang,611,8
21627,113599,this,611,8
21628,113605,very,611,8
21629,113610,slowly,611,8
21630,113617,and,611,8
21631,113621,sadly,611,8
21632,113631,Will,612,8
21633,113636,you,612,8
21634,113640,walk,612,8
21635,113645,a,612,8
21636,113647,little,612,8
21637,113654,faster,612,8
21638,113663,said,612,8
21639,113668,a,612,8
21640,113670,whiting,612,8
21641,113678,to,612,8
21642,113681,a,612,8
21643,113683,snail,612,8
21644,113691,There,612,8
21645,113697,s,612,8
21646,113699,a,612,8
21647,113701,porpoise,612,8
21648,113710,close,612,8
21649,113716,behind,612,8
21650,113723,us,612,8
21651,113727,and,612,8
21652,113731,he,612,8
21653,113734,s,612,8
21654,113736,treading,612,8
21655,113745,on,612,8
21656,113748,my,612,8
21657,113751,tail,612,8
21658,113757,See,612,8
21659,113761,how,612,8
21660,113765,eagerly,612,8
21661,113773,the,612,8
21662,113777,lobsters,612,8
21663,113786,and,612,8
21664,113790,the,612,8
21665,113794,turtles,612,8
21666,113802,all,612,8
21667,113806,advance,612,8
21668,113815,They,612,8
21669,113820,are,612,8
21670,113824,waiting,612,8
21671,113832,on,612,8
21672,113835,the,612,8
21673,113839,shingle,612,8
21674,113847,will,612,8
21675,113852,you,612,8
21676,113856,come,612,8
21677,113861,and,612,8
21678,113865,join,612,8
21679,113870,the,612,8
21680,113874,dance,612,8
21681,113881,Will,612,8
21682,113886,you,612,8
21683,113891,won,612,8
21684,113895,t,612,8
21685,113897,you,612,8
21686,113902,will,612,8
21687,113907,you,612,8
21688,113912,won,612,8
21689,113916,t,612,8
21690,113918,you,612,8
21691,113923,will,612,8
21692,113928,you,612,8
21693,113932,join,612,8
21694,113937,the,612,8
21695,113941,dance,612,8
21696,113948,Will,612,8
21697,113953,you,612,8
21698,113958,won,612,8
21699,113962,t,612,8
21700,113964,you,612,8
21701,113969,will,612,8
21702,113974,you,612,8
21703,113979,won,612,8
21704,113983,t,612,8
21705,113985,you,612,8
21706,113990,won,612,8
21707,113994,t,612,8
21708,113996,you,612,8
21709,114000,join,612,8
21710,114005,the,612,8
21711,114009,dance,612,8
21712,114018,You,613,8
21713,114022,can,613,8
21714,114026,really,613,8
21715,114033,have,613,8
21716,114038,no,613,8
21717,114041,notion,613,8
21718,114048,how,613,8
21719,114052,delightful,613,8
21720,114063,it,613,8
21721,114066,will,613,8
21722,114071,be,613,8
21723,114074,When,613,8
21724,114079,they,613,8
21725,114084,take,613,8
21726,114089,us,613,8
21727,114092,up,613,8
21728,114095,and,613,8
21729,114099,throw,613,8
21730,114105,us,613,8
21731,114109,with,613,8
21732,114114,the,613,8
21733,114118,lobsters,613,8
21734,114128,out,613,8
21735,114132,to,613,8
21736,114135,sea,613,8
21737,114141,But,613,8
21738,114145,the,613,8
21739,114149,snail,613,8
21740,114155,replied,613,8
21741,114164,Too,613,8
21742,114168,far,613,8
21743,114173,too,613,8
21744,114177,far,613,8
21745,114183,and,613,8
21746,114187,gave,613,8
21747,114192,a,613,8
21748,114194,look,613,8
21749,114199,askance,613,8
21750,114208,Said,613,8
21751,114213,he,613,8
21752,114216,thanked,613,8
21753,114224,the,613,8
21754,114228,whiting,613,8
21755,114236,kindly,613,8
21756,114244,but,613,8
21757,114248,he,613,8
21758,114251,would,613,8
21759,114257,not,613,8
21760,114261,join,613,8
21761,114266,the,613,8
21762,114270,dance,613,8
21763,114277,Would,613,8
21764,114283,not,613,8
21765,114288,could,613,8
21766,114294,not,613,8
21767,114299,would,613,8
21768,114305,not,613,8
21769,114310,could,613,8
21770,114316,not,613,8
21771,114321,would,613,8
21772,114327,not,613,8
21773,114331,join,613,8
21774,114336,the,613,8
21775,114340,dance,613,8
21776,114347,Would,613,8
21777,114353,not,613,8
21778,114358,could,613,8
21779,114364,not,613,8
21780,114369,would,613,8
21781,114375,not,613,8
21782,114380,could,613,8
21783,114386,not,613,8
21784,114391,could,613,8
21785,114397,not,613,8
21786,114401,join,613,8
21787,114406,the,613,8
21788,114410,dance,613,8
21789,114419,What,614,8
21790,114424,matters,614,8
21791,114432,it,614,8
21792,114435,how,614,8
21793,114439,far,614,8
21794,114443,we,614,8
21795,114446,go,614,8
21796,114451,his,614,8
21797,114455,scaly,614,8
21798,114461,friend,614,8
21799,114468,replied,614,8
21800,114478,There,614,8
21801,114484,is,614,8
21802,114487,another,614,8
21803,114495,shore,614,8
21804,114502,you,614,8
21805,114506,know,614,8
21806,114512,upon,614,8
21807,114517,the,614,8
21808,114521,other,614,8
21809,114527,side,614,8
21810,114533,The,614,8
21811,114537,further,614,8
21812,114545,off,614,8
21813,114549,from,614,8
21814,114554,England,614,8
21815,114562,the,614,8
21816,114566,nearer,614,8
21817,114573,is,614,8
21818,114576,to,614,8
21819,114579,France,614,8
21820,114587,Then,614,8
21821,114592,turn,614,8
21822,114597,not,614,8
21823,114601,pale,614,8
21824,114607,beloved,614,8
21825,114615,snail,614,8
21826,114622,but,614,8
21827,114626,come,614,8
21828,114631,and,614,8
21829,114635,join,614,8
21830,114640,the,614,8
21831,114644,dance,614,8
21832,114651,Will,614,8
21833,114656,you,614,8
21834,114661,won,614,8
21835,114665,t,614,8
21836,114667,you,614,8
21837,114672,will,614,8
21838,114677,you,614,8
21839,114682,won,614,8
21840,114686,t,614,8
21841,114688,you,614,8
21842,114693,will,614,8
21843,114698,you,614,8
21844,114702,join,614,8
21845,114707,the,614,8
21846,114711,dance,614,8
21847,114718,Will,614,8
21848,114723,you,614,8
21849,114728,won,614,8
21850,114732,t,614,8
21851,114734,you,614,8
21852,114739,will,614,8
21853,114744,you,614,8
21854,114749,won,614,8
21855,114753,t,614,8
21856,114755,you,614,8
21857,114760,won,614,8
21858,114764,t,614,8
21859,114766,you,614,8
21860,114770,join,614,8
21861,114775,the,614,8
21862,114779,dance,614,8
21863,114790,Thank,615,8
21864,114796,you,615,8
21865,114801,it,615,8
21866,114804,s,615,8
21867,114806,a,615,8
21868,114808,very,615,8
21869,114813,interesting,615,8
21870,114825,dance,615,8
21871,114831,to,615,8
21872,114834,watch,615,8
21873,114842,said,615,8
21874,114847,Alice,615,8
21875,114854,feeling,615,8
21876,114862,very,615,8
21877,114867,glad,615,8
21878,114872,that,615,8
21879,114877,it,615,8
21880,114880,was,615,8
21881,114884,over,615,8
21882,114889,at,615,8
21883,114892,last,615,8
21884,114899,and,615,8
21885,114903,I,615,8
21886,114905,do,615,8
21887,114908,so,615,8
21888,114911,like,615,8
21889,114916,that,615,8
21890,114921,curious,615,8
21891,114929,song,615,8
21892,114934,about,615,8
21893,114940,the,615,8
21894,114944,whiting,615,8
21895,114956,Oh,616,8
21896,114960,as,616,8
21897,114963,to,616,8
21898,114966,the,616,8
21899,114970,whiting,616,8
21900,114980,said,616,8
21901,114985,the,616,8
21902,114989,Mock,616,8
21903,114994,Turtle,616,8
21904,115003,they,616,8
21905,115008,you,616,8
21906,115012,ve,616,8
21907,115015,seen,616,8
21908,115020,them,616,8
21909,115026,of,616,8
21910,115029,course,616,8
21911,115040,Yes,617,8
21912,115046,said,617,8
21913,115051,Alice,617,8
21914,115059,I,617,8
21915,115061,ve,617,8
21916,115064,often,617,8
21917,115070,seen,617,8
21918,115075,them,617,8
21919,115080,at,617,8
21920,115083,dinn,617,8
21921,115090,she,617,8
21922,115094,checked,617,8
21923,115102,herself,617,8
21924,115110,hastily,617,8
21925,115121,I,618,8
21926,115123,don,618,8
21927,115127,t,618,8
21928,115129,know,618,8
21929,115134,where,618,8
21930,115140,Dinn,618,8
21931,115145,may,618,8
21932,115149,be,618,8
21933,115154,said,618,8
21934,115159,the,618,8
21935,115163,Mock,618,8
21936,115168,Turtle,618,8
21937,115177,but,618,8
21938,115181,if,618,8
21939,115184,you,618,8
21940,115188,ve,618,8
21941,115191,seen,618,8
21942,115196,them,618,8
21943,115201,so,618,8
21944,115204,often,618,8
21945,115211,of,618,8
21946,115214,course,618,8
21947,115221,you,618,8
21948,115225,know,618,8
21949,115230,what,618,8
21950,115235,they,618,8
21951,115240,re,618,8
21952,115243,like,618,8
21953,115252,I,619,8
21954,115254,believe,619,8
21955,115262,so,619,8
21956,115267,Alice,619,8
21957,115273,replied,619,8
21958,115281,thoughtfully,619,8
21959,115296,They,619,8
21960,115301,have,619,8
21961,115306,their,619,8
21962,115312,tails,619,8
21963,115318,in,619,8
21964,115321,their,619,8
21965,115327,mouths,619,8
21966,115334,and,619,8
21967,115338,they,619,8
21968,115343,re,619,8
21969,115346,all,619,8
21970,115350,over,619,8
21971,115355,crumbs,619,8
21972,115366,You,620,8
21973,115370,re,620,8
21974,115373,wrong,620,8
21975,115379,about,620,8
21976,115385,the,620,8
21977,115389,crumbs,620,8
21978,115398,said,620,8
21979,115403,the,620,8
21980,115407,Mock,620,8
21981,115412,Turtle,620,8
21982,115421,crumbs,620,8
21983,115428,would,620,8
21984,115434,all,620,8
21985,115438,wash,620,8
21986,115443,off,620,8
21987,115447,in,620,8
21988,115450,the,620,8
21989,115454,sea,620,8
21990,115459,But,620,8
21991,115463,they,620,8
21992,115469,have,620,8
21993,115475,their,620,8
21994,115481,tails,620,8
21995,115487,in,620,8
21996,115490,their,620,8
21997,115496,mouths,620,8
21998,115504,and,620,8
21999,115508,the,620,8
22000,115512,reason,620,8
22001,115519,is,620,8
22002,115524,here,620,8
22003,115529,the,620,8
22004,115533,Mock,620,8
22005,115538,Turtle,620,8
22006,115545,yawned,620,8
22007,115552,and,620,8
22008,115556,shut,620,8
22009,115561,his,620,8
22010,115565,eyes,620,8
22011,115572,Tell,620,8
22012,115577,her,620,8
22013,115581,about,620,8
22014,115587,the,620,8
22015,115591,reason,620,8
22016,115598,and,620,8
22017,115602,all,620,8
22018,115606,that,620,8
22019,115613,he,620,8
22020,115616,said,620,8
22021,115621,to,620,8
22022,115624,the,620,8
22023,115628,Gryphon,620,8
22024,115639,The,621,8
22025,115643,reason,621,8
22026,115650,is,621,8
22027,115655,said,621,8
22028,115660,the,621,8
22029,115664,Gryphon,621,8
22030,115674,that,621,8
22031,115679,they,621,8
22032,115685,would,621,8
22033,115692,go,621,8
22034,115695,with,621,8
22035,115700,the,621,8
22036,115704,lobsters,621,8
22037,115713,to,621,8
22038,115716,the,621,8
22039,115720,dance,621,8
22040,115727,So,621,8
22041,115730,they,621,8
22042,115735,got,621,8
22043,115739,thrown,621,8
22044,115746,out,621,8
22045,115750,to,621,8
22046,115753,sea,621,8
22047,115758,So,621,8
22048,115761,they,621,8
22049,115766,had,621,8
22050,115770,to,621,8
22051,115773,fall,621,8
22052,115778,a,621,8
22053,115780,long,621,8
22054,115785,way,621,8
22055,115790,So,621,8
22056,115793,they,621,8
22057,115798,got,621,8
22058,115802,their,621,8
22059,115808,tails,621,8
22060,115814,fast,621,8
22061,115819,in,621,8
22062,115822,their,621,8
22063,115828,mouths,621,8
22064,115836,So,621,8
22065,115839,they,621,8
22066,115844,couldn,621,8
22067,115851,t,621,8
22068,115853,get,621,8
22069,115857,them,621,8
22070,115862,out,621,8
22071,115866,again,621,8
22072,115873,That,621,8
22073,115878,s,621,8
22074,115880,all,621,8
22075,115888,Thank,622,8
22076,115894,you,622,8
22077,115900,said,622,8
22078,115905,Alice,622,8
22079,115913,it,622,8
22080,115916,s,622,8
22081,115918,very,622,8
22082,115923,interesting,622,8
22083,115936,I,622,8
22084,115938,never,622,8
22085,115944,knew,622,8
22086,115949,so,622,8
22087,115952,much,622,8
22088,115957,about,622,8
22089,115963,a,622,8
22090,115965,whiting,622,8
22091,115973,before,622,8
22092,115984,I,623,8
22093,115986,can,623,8
22094,115990,tell,623,8
22095,115995,you,623,8
22096,115999,more,623,8
22097,116004,than,623,8
22098,116009,that,623,8
22099,116015,if,623,8
22100,116018,you,623,8
22101,116022,like,623,8
22102,116029,said,623,8
22103,116034,the,623,8
22104,116038,Gryphon,623,8
22105,116048,Do,623,8
22106,116051,you,623,8
22107,116055,know,623,8
22108,116060,why,623,8
22109,116064,it,623,8
22110,116067,s,623,8
22111,116069,called,623,8
22112,116076,a,623,8
22113,116078,whiting,623,8
22114,116090,I,624,8
22115,116092,never,624,8
22116,116098,thought,624,8
22117,116106,about,624,8
22118,116112,it,624,8
22119,116117,said,624,8
22120,116122,Alice,624,8
22121,116130,Why,624,8
22122,116139,It,625,8
22123,116142,does,625,8
22124,116147,the,625,8
22125,116151,boots,625,8
22126,116157,and,625,8
22127,116161,shoes,625,8
22128,116170,the,625,8
22129,116174,Gryphon,625,8
22130,116182,replied,625,8
22131,116190,very,625,8
22132,116195,solemnly,625,8
22133,116206,Alice,626,8
22134,116212,was,626,8
22135,116216,thoroughly,626,8
22136,116227,puzzled,626,8
22137,116237,Does,626,8
22138,116242,the,626,8
22139,116246,boots,626,8
22140,116252,and,626,8
22141,116256,shoes,626,8
22142,116264,she,626,8
22143,116268,repeated,626,8
22144,116277,in,626,8
22145,116280,a,626,8
22146,116282,wondering,626,8
22147,116292,tone,626,8
22148,116300,Why,627,8
22149,116305,what,627,8
22150,116310,are,627,8
22151,116315,your,627,8
22152,116321,shoes,627,8
22153,116327,done,627,8
22154,116332,with,627,8
22155,116339,said,627,8
22156,116344,the,627,8
22157,116348,Gryphon,627,8
22158,116358,I,627,8
22159,116360,mean,627,8
22160,116366,what,627,8
22161,116371,makes,627,8
22162,116377,them,627,8
22163,116382,so,627,8
22164,116385,shiny,627,8
22165,116394,Alice,628,8
22166,116400,looked,628,8
22167,116407,down,628,8
22168,116412,at,628,8
22169,116415,them,628,8
22170,116421,and,628,8
22171,116425,considered,628,8
22172,116436,a,628,8
22173,116438,little,628,8
22174,116445,before,628,8
22175,116452,she,628,8
22176,116456,gave,628,8
22177,116461,her,628,8
22178,116465,answer,628,8
22179,116474,They,628,8
22180,116479,re,628,8
22181,116482,done,628,8
22182,116487,with,628,8
22183,116492,blacking,628,8
22184,116502,I,628,8
22185,116504,believe,628,8
22186,116516,Boots,629,8
22187,116522,and,629,8
22188,116526,shoes,629,8
22189,116532,under,629,8
22190,116538,the,629,8
22191,116542,sea,629,8
22192,116548,the,629,8
22193,116552,Gryphon,629,8
22194,116560,went,629,8
22195,116565,on,629,8
22196,116568,in,629,8
22197,116571,a,629,8
22198,116573,deep,629,8
22199,116578,voice,629,8
22200,116586,are,629,8
22201,116590,done,629,8
22202,116595,with,629,8
22203,116600,a,629,8
22204,116602,whiting,629,8
22205,116611,Now,629,8
22206,116615,you,629,8
22207,116619,know,629,8
22208,116628,And,630,8
22209,116632,what,630,8
22210,116637,are,630,8
22211,116641,they,630,8
22212,116646,made,630,8
22213,116651,of,630,8
22214,116656,Alice,630,8
22215,116662,asked,630,8
22216,116668,in,630,8
22217,116671,a,630,8
22218,116673,tone,630,8
22219,116678,of,630,8
22220,116681,great,630,8
22221,116687,curiosity,630,8
22222,116700,Soles,631,8
22223,116706,and,631,8
22224,116710,eels,631,8
22225,116716,of,631,8
22226,116719,course,631,8
22227,116728,the,631,8
22228,116732,Gryphon,631,8
22229,116740,replied,631,8
22230,116748,rather,631,8
22231,116755,impatiently,631,8
22232,116769,any,631,8
22233,116773,shrimp,631,8
22234,116780,could,631,8
22235,116786,have,631,8
22236,116791,told,631,8
22237,116796,you,631,8
22238,116800,that,631,8
22239,116809,If,632,8
22240,116812,I,632,8
22241,116814,d,632,8
22242,116816,been,632,8
22243,116821,the,632,8
22244,116825,whiting,632,8
22245,116835,said,632,8
22246,116840,Alice,632,8
22247,116847,whose,632,8
22248,116853,thoughts,632,8
22249,116862,were,632,8
22250,116867,still,632,8
22251,116873,running,632,8
22252,116881,on,632,8
22253,116884,the,632,8
22254,116888,song,632,8
22255,116895,I,632,8
22256,116897,d,632,8
22257,116899,have,632,8
22258,116904,said,632,8
22259,116909,to,632,8
22260,116912,the,632,8
22261,116916,porpoise,632,8
22262,116927,Keep,632,8
22263,116932,back,632,8
22264,116938,please,632,8
22265,116946,we,632,8
22266,116949,don,632,8
22267,116953,t,632,8
22268,116955,want,632,8
22269,116961,you,632,8
22270,116966,with,632,8
22271,116971,us,632,8
22272,116979,They,633,8
22273,116984,were,633,8
22274,116989,obliged,633,8
22275,116997,to,633,8
22276,117000,have,633,8
22277,117005,him,633,8
22278,117009,with,633,8
22279,117014,them,633,8
22280,117021,the,633,8
22281,117025,Mock,633,8
22282,117030,Turtle,633,8
22283,117037,said,633,8
22284,117044,no,633,8
22285,117047,wise,633,8
22286,117052,fish,633,8
22287,117057,would,633,8
22288,117063,go,633,8
22289,117066,anywhere,633,8
22290,117075,without,633,8
22291,117083,a,633,8
22292,117085,porpoise,633,8
22293,117098,Wouldn,634,8
22294,117105,t,634,8
22295,117107,it,634,8
22296,117110,really,634,8
22297,117119,said,634,8
22298,117124,Alice,634,8
22299,117130,in,634,8
22300,117133,a,634,8
22301,117135,tone,634,8
22302,117140,of,634,8
22303,117143,great,634,8
22304,117149,surprise,634,8
22305,117161,Of,635,8
22306,117164,course,635,8
22307,117171,not,635,8
22308,117177,said,635,8
22309,117182,the,635,8
22310,117186,Mock,635,8
22311,117191,Turtle,635,8
22312,117200,why,635,8
22313,117205,if,635,8
22314,117208,a,635,8
22315,117210,fish,635,8
22316,117215,came,635,8
22317,117220,to,635,8
22318,117224,me,635,8
22319,117229,and,635,8
22320,117233,told,635,8
22321,117238,me,635,8
22322,117241,he,635,8
22323,117244,was,635,8
22324,117248,going,635,8
22325,117254,a,635,8
22326,117256,journey,635,8
22327,117265,I,635,8
22328,117267,should,635,8
22329,117274,say,635,8
22330,117279,With,635,8
22331,117284,what,635,8
22332,117289,porpoise,635,8
22333,117303,Don,636,8
22334,117307,t,636,8
22335,117309,you,636,8
22336,117313,mean,636,8
22337,117319,purpose,636,8
22338,117330,said,636,8
22339,117335,Alice,636,8
22340,117344,I,637,8
22341,117346,mean,637,8
22342,117351,what,637,8
22343,117356,I,637,8
22344,117358,say,637,8
22345,117364,the,637,8
22346,117368,Mock,637,8
22347,117373,Turtle,637,8
22348,117380,replied,637,8
22349,117388,in,637,8
22350,117391,an,637,8
22351,117394,offended,637,8
22352,117403,tone,637,8
22353,117409,And,637,8
22354,117413,the,637,8
22355,117417,Gryphon,637,8
22356,117425,added,637,8
22357,117432,Come,637,8
22358,117438,let,637,8
22359,117442,s,637,8
22360,117444,hear,637,8
22361,117449,some,637,8
22362,117454,of,637,8
22363,117458,your,637,8
22364,117464,adventures,637,8
22365,117479,I,638,8
22366,117481,could,638,8
22367,117487,tell,638,8
22368,117492,you,638,8
22369,117496,my,638,8
22370,117499,adventures,638,8
22371,117510,beginning,638,8
22372,117520,from,638,8
22373,117525,this,638,8
22374,117530,morning,638,8
22375,117540,said,638,8
22376,117545,Alice,638,8
22377,117551,a,638,8
22378,117553,little,638,8
22379,117560,timidly,638,8
22380,117570,but,638,8
22381,117574,it,638,8
22382,117577,s,638,8
22383,117579,no,638,8
22384,117582,use,638,8
22385,117586,going,638,8
22386,117592,back,638,8
22387,117597,to,638,8
22388,117600,yesterday,638,8
22389,117611,because,638,8
22390,117619,I,638,8
22391,117621,was,638,8
22392,117625,a,638,8
22393,117627,different,638,8
22394,117637,person,638,8
22395,117644,then,638,8
22396,117653,Explain,639,8
22397,117661,all,639,8
22398,117665,that,639,8
22399,117672,said,639,8
22400,117677,the,639,8
22401,117681,Mock,639,8
22402,117686,Turtle,639,8
22403,117696,No,640,8
22404,117700,no,640,8
22405,117704,The,640,8
22406,117708,adventures,640,8
22407,117719,first,640,8
22408,117727,said,640,8
22409,117732,the,640,8
22410,117736,Gryphon,640,8
22411,117744,in,640,8
22412,117747,an,640,8
22413,117750,impatient,640,8
22414,117760,tone,640,8
22415,117767,explanations,640,8
22416,117780,take,640,8
22417,117785,such,640,8
22418,117790,a,640,8
22419,117792,dreadful,640,8
22420,117801,time,640,8
22421,117809,So,641,8
22422,117812,Alice,641,8
22423,117818,began,641,8
22424,117824,telling,641,8
22425,117832,them,641,8
22426,117837,her,641,8
22427,117841,adventures,641,8
22428,117852,from,641,8
22429,117857,the,641,8
22430,117861,time,641,8
22431,117866,when,641,8
22432,117871,she,641,8
22433,117875,first,641,8
22434,117881,saw,641,8
22435,117885,the,641,8
22436,117889,White,641,8
22437,117895,Rabbit,641,8
22438,117903,She,641,8
22439,117907,was,641,8
22440,117911,a,641,8
22441,117913,little,641,8
22442,117920,nervous,641,8
22443,117928,about,641,8
22444,117934,it,641,8
22445,117937,just,641,8
22446,117942,at,641,8
22447,117945,first,641,8
22448,117952,the,641,8
22449,117956,two,641,8
22450,117960,creatures,641,8
22451,117970,got,641,8
22452,117974,so,641,8
22453,117977,close,641,8
22454,117983,to,641,8
22455,117986,her,641,8
22456,117991,one,641,8
22457,117995,on,641,8
22458,117998,each,641,8
22459,118003,side,641,8
22460,118009,and,641,8
22461,118013,opened,641,8
22462,118020,their,641,8
22463,118026,eyes,641,8
22464,118031,and,641,8
22465,118035,mouths,641,8
22466,118042,so,641,8
22467,118046,very,641,8
22468,118052,wide,641,8
22469,118058,but,641,8
22470,118062,she,641,8
22471,118066,gained,641,8
22472,118073,courage,641,8
22473,118081,as,641,8
22474,118084,she,641,8
22475,118088,went,641,8
22476,118093,on,641,8
22477,118097,Her,641,8
22478,118101,listeners,641,8
22479,118111,were,641,8
22480,118116,perfectly,641,8
22481,118126,quiet,641,8
22482,118132,till,641,8
22483,118137,she,641,8
22484,118141,got,641,8
22485,118145,to,641,8
22486,118148,the,641,8
22487,118152,part,641,8
22488,118157,about,641,8
22489,118163,her,641,8
22490,118167,repeating,641,8
22491,118179,You,641,8
22492,118183,are,641,8
22493,118187,old,641,8
22494,118192,Father,641,8
22495,118199,William,641,8
22496,118210,to,641,8
22497,118213,the,641,8
22498,118217,Caterpillar,641,8
22499,118230,and,641,8
22500,118234,the,641,8
22501,118238,words,641,8
22502,118244,all,641,8
22503,118248,coming,641,8
22504,118255,different,641,8
22505,118266,and,641,8
22506,118270,then,641,8
22507,118275,the,641,8
22508,118279,Mock,641,8
22509,118284,Turtle,641,8
22510,118291,drew,641,8
22511,118296,a,641,8
22512,118298,long,641,8
22513,118303,breath,641,8
22514,118311,and,641,8
22515,118315,said,641,8
22516,118321,That,641,8
22517,118326,s,641,8
22518,118328,very,641,8
22519,118333,curious,641,8
22520,118345,It,642,8
22521,118348,s,642,8
22522,118350,all,642,8
22523,118354,about,642,8
22524,118360,as,642,8
22525,118363,curious,642,8
22526,118371,as,642,8
22527,118374,it,642,8
22528,118377,can,642,8
22529,118381,be,642,8
22530,118386,said,642,8
22531,118391,the,642,8
22532,118395,Gryphon,642,8
22533,118406,It,643,8
22534,118409,all,643,8
22535,118413,came,643,8
22536,118418,different,643,8
22537,118430,the,643,8
22538,118434,Mock,643,8
22539,118439,Turtle,643,8
22540,118446,repeated,643,8
22541,118455,thoughtfully,643,8
22542,118470,I,643,8
22543,118472,should,643,8
22544,118479,like,643,8
22545,118484,to,643,8
22546,118487,hear,643,8
22547,118492,her,643,8
22548,118496,try,643,8
22549,118500,and,643,8
22550,118504,repeat,643,8
22551,118511,something,643,8
22552,118521,now,643,8
22553,118526,Tell,643,8
22554,118531,her,643,8
22555,118535,to,643,8
22556,118538,begin,643,8
22557,118546,He,643,8
22558,118549,looked,643,8
22559,118556,at,643,8
22560,118559,the,643,8
22561,118563,Gryphon,643,8
22562,118571,as,643,8
22563,118574,if,643,8
22564,118577,he,643,8
22565,118580,thought,643,8
22566,118588,it,643,8
22567,118591,had,643,8
22568,118595,some,643,8
22569,118600,kind,643,8
22570,118605,of,643,8
22571,118608,authority,643,8
22572,118618,over,643,8
22573,118623,Alice,643,8
22574,118632,Stand,644,8
22575,118638,up,644,8
22576,118641,and,644,8
22577,118645,repeat,644,8
22578,118655,Tis,644,8
22579,118659,the,644,8
22580,118663,voice,644,8
22581,118669,of,644,8
22582,118672,the,644,8
22583,118676,sluggard,644,8
22584,118689,said,644,8
22585,118694,the,644,8
22586,118698,Gryphon,644,8
22587,118709,How,645,8
22588,118713,the,645,8
22589,118717,creatures,645,8
22590,118727,order,645,8
22591,118733,one,645,8
22592,118737,about,645,8
22593,118744,and,645,8
22594,118748,make,645,8
22595,118753,one,645,8
22596,118757,repeat,645,8
22597,118764,lessons,645,8
22598,118774,thought,645,8
22599,118782,Alice,645,8
22600,118790,I,645,8
22601,118792,might,645,8
22602,118798,as,645,8
22603,118801,well,645,8
22604,118806,be,645,8
22605,118809,at,645,8
22606,118812,school,645,8
22607,118819,at,645,8
22608,118822,once,645,8
22609,118829,However,645,8
22610,118838,she,645,8
22611,118842,got,645,8
22612,118846,up,645,8
22613,118850,and,645,8
22614,118854,began,645,8
22615,118860,to,645,8
22616,118863,repeat,645,8
22617,118870,it,645,8
22618,118874,but,645,8
22619,118878,her,645,8
22620,118882,head,645,8
22621,118887,was,645,8
22622,118891,so,645,8
22623,118894,full,645,8
22624,118899,of,645,8
22625,118902,the,645,8
22626,118906,Lobster,645,8
22627,118914,Quadrille,645,8
22628,118925,that,645,8
22629,118930,she,645,8
22630,118934,hardly,645,8
22631,118941,knew,645,8
22632,118946,what,645,8
22633,118951,she,645,8
22634,118955,was,645,8
22635,118959,saying,645,8
22636,118967,and,645,8
22637,118971,the,645,8
22638,118975,words,645,8
22639,118981,came,645,8
22640,118986,very,645,8
22641,118991,queer,645,8
22642,118997,indeed,645,8
22643,119009,Tis,646,8
22644,119013,the,646,8
22645,119017,voice,646,8
22646,119023,of,646,8
22647,119026,the,646,8
22648,119030,Lobster,646,8
22649,119039,I,646,8
22650,119041,heard,646,8
22651,119047,him,646,8
22652,119051,declare,646,8
22653,119061,You,646,8
22654,119065,have,646,8
22655,119070,baked,646,8
22656,119076,me,646,8
22657,119079,too,646,8
22658,119083,brown,646,8
22659,119090,I,646,8
22660,119092,must,646,8
22661,119097,sugar,646,8
22662,119103,my,646,8
22663,119106,hair,646,8
22664,119113,As,646,8
22665,119116,a,646,8
22666,119118,duck,646,8
22667,119123,with,646,8
22668,119128,its,646,8
22669,119132,eyelids,646,8
22670,119141,so,646,8
22671,119144,he,646,8
22672,119147,with,646,8
22673,119152,his,646,8
22674,119156,nose,646,8
22675,119161,Trims,646,8
22676,119167,his,646,8
22677,119171,belt,646,8
22678,119176,and,646,8
22679,119180,his,646,8
22680,119184,buttons,646,8
22681,119193,and,646,8
22682,119197,turns,646,8
22683,119203,out,646,8
22684,119207,his,646,8
22685,119211,toes,646,8
22686,119220,later,647,8
22687,119226,editions,647,8
22688,119235,continued,647,8
22689,119245,as,647,8
22690,119248,follows,647,8
22691,119256,When,647,8
22692,119261,the,647,8
22693,119265,sands,647,8
22694,119271,are,647,8
22695,119275,all,647,8
22696,119279,dry,647,8
22697,119284,he,647,8
22698,119287,is,647,8
22699,119290,gay,647,8
22700,119294,as,647,8
22701,119297,a,647,8
22702,119299,lark,647,8
22703,119305,And,647,8
22704,119309,will,647,8
22705,119314,talk,647,8
22706,119319,in,647,8
22707,119322,contemptuous,647,8
22708,119335,tones,647,8
22709,119341,of,647,8
22710,119344,the,647,8
22711,119348,Shark,647,8
22712,119355,But,647,8
22713,119360,when,647,8
22714,119365,the,647,8
22715,119369,tide,647,8
22716,119374,rises,647,8
22717,119380,and,647,8
22718,119384,sharks,647,8
22719,119391,are,647,8
22720,119395,around,647,8
22721,119403,His,647,8
22722,119407,voice,647,8
22723,119413,has,647,8
22724,119417,a,647,8
22725,119419,timid,647,8
22726,119425,and,647,8
22727,119429,tremulous,647,8
22728,119439,sound,647,8
22729,119450,That,648,8
22730,119455,s,648,8
22731,119457,different,648,8
22732,119467,from,648,8
22733,119472,what,648,8
22734,119478,I,648,8
22735,119481,used,648,8
22736,119486,to,648,8
22737,119489,say,648,8
22738,119493,when,648,8
22739,119498,I,648,8
22740,119500,was,648,8
22741,119504,a,648,8
22742,119506,child,648,8
22743,119514,said,648,8
22744,119519,the,648,8
22745,119523,Gryphon,648,8
22746,119534,Well,649,8
22747,119540,I,649,8
22748,119542,never,649,8
22749,119548,heard,649,8
22750,119554,it,649,8
22751,119557,before,649,8
22752,119566,said,649,8
22753,119571,the,649,8
22754,119575,Mock,649,8
22755,119580,Turtle,649,8
22756,119589,but,649,8
22757,119593,it,649,8
22758,119596,sounds,649,8
22759,119603,uncommon,649,8
22760,119612,nonsense,649,8
22761,119624,Alice,650,8
22762,119630,said,650,8
22763,119635,nothing,650,8
22764,119644,she,650,8
22765,119648,had,650,8
22766,119652,sat,650,8
22767,119656,down,650,8
22768,119661,with,650,8
22769,119666,her,650,8
22770,119670,face,650,8
22771,119675,in,650,8
22772,119678,her,650,8
22773,119682,hands,650,8
22774,119689,wondering,650,8
22775,119699,if,650,8
22776,119702,anything,650,8
22777,119711,would,650,8
22778,119718,ever,650,8
22779,119724,happen,650,8
22780,119731,in,650,8
22781,119734,a,650,8
22782,119736,natural,650,8
22783,119744,way,650,8
22784,119748,again,650,8
22785,119757,I,651,8
22786,119759,should,651,8
22787,119766,like,651,8
22788,119771,to,651,8
22789,119774,have,651,8
22790,119779,it,651,8
22791,119782,explained,651,8
22792,119794,said,651,8
22793,119799,the,651,8
22794,119803,Mock,651,8
22795,119808,Turtle,651,8
22796,119818,She,652,8
22797,119822,can,652,8
22798,119826,t,652,8
22799,119828,explain,652,8
22800,119836,it,652,8
22801,119841,said,652,8
22802,119846,the,652,8
22803,119850,Gryphon,652,8
22804,119858,hastily,652,8
22805,119868,Go,652,8
22806,119871,on,652,8
22807,119874,with,652,8
22808,119879,the,652,8
22809,119883,next,652,8
22810,119888,verse,652,8
22811,119898,But,653,8
22812,119902,about,653,8
22813,119908,his,653,8
22814,119912,toes,653,8
22815,119919,the,653,8
22816,119923,Mock,653,8
22817,119928,Turtle,653,8
22818,119935,persisted,653,8
22819,119947,How,653,8
22820,119952,could,653,8
22821,119959,he,653,8
22822,119962,turn,653,8
22823,119967,them,653,8
22824,119972,out,653,8
22825,119976,with,653,8
22826,119981,his,653,8
22827,119985,nose,653,8
22828,119991,you,653,8
22829,119995,know,653,8
22830,120004,It,654,8
22831,120007,s,654,8
22832,120009,the,654,8
22833,120013,first,654,8
22834,120019,position,654,8
22835,120028,in,654,8
22836,120031,dancing,654,8
22837,120041,Alice,654,8
22838,120047,said,654,8
22839,120053,but,654,8
22840,120057,was,654,8
22841,120061,dreadfully,654,8
22842,120072,puzzled,654,8
22843,120080,by,654,8
22844,120083,the,654,8
22845,120087,whole,654,8
22846,120093,thing,654,8
22847,120100,and,654,8
22848,120104,longed,654,8
22849,120111,to,654,8
22850,120114,change,654,8
22851,120121,the,654,8
22852,120125,subject,654,8
22853,120136,Go,655,8
22854,120139,on,655,8
22855,120142,with,655,8
22856,120147,the,655,8
22857,120151,next,655,8
22858,120156,verse,655,8
22859,120164,the,655,8
22860,120168,Gryphon,655,8
22861,120176,repeated,655,8
22862,120185,impatiently,655,8
22863,120199,it,655,8
22864,120202,begins,655,8
22865,120211,I,655,8
22866,120213,passed,655,8
22867,120220,by,655,8
22868,120223,his,655,8
22869,120227,garden,655,8
22870,120239,Alice,656,8
22871,120245,did,656,8
22872,120249,not,656,8
22873,120253,dare,656,8
22874,120258,to,656,8
22875,120261,disobey,656,8
22876,120270,though,656,8
22877,120277,she,656,8
22878,120281,felt,656,8
22879,120286,sure,656,8
22880,120291,it,656,8
22881,120294,would,656,8
22882,120300,all,656,8
22883,120304,come,656,8
22884,120309,wrong,656,8
22885,120316,and,656,8
22886,120320,she,656,8
22887,120324,went,656,8
22888,120329,on,656,8
22889,120332,in,656,8
22890,120335,a,656,8
22891,120337,trembling,656,8
22892,120347,voice,656,8
22893,120357,I,657,8
22894,120359,passed,657,8
22895,120366,by,657,8
22896,120369,his,657,8
22897,120373,garden,657,8
22898,120381,and,657,8
22899,120385,marked,657,8
22900,120393,with,657,8
22901,120398,one,657,8
22902,120402,eye,657,8
22903,120407,How,657,8
22904,120411,the,657,8
22905,120415,Owl,657,8
22906,120419,and,657,8
22907,120423,the,657,8
22908,120427,Panther,657,8
22909,120435,were,657,8
22910,120440,sharing,657,8
22911,120448,a,657,8
22912,120450,pie,657,8
22913,120458,later,658,8
22914,120464,editions,658,8
22915,120473,continued,658,8
22916,120483,as,658,8
22917,120486,follows,658,8
22918,120494,The,658,8
22919,120498,Panther,658,8
22920,120506,took,658,8
22921,120511,pie,658,8
22922,120515,crust,658,8
22923,120522,and,658,8
22924,120526,gravy,658,8
22925,120533,and,658,8
22926,120537,meat,658,8
22927,120543,While,658,8
22928,120549,the,658,8
22929,120553,Owl,658,8
22930,120557,had,658,8
22931,120561,the,658,8
22932,120565,dish,658,8
22933,120570,as,658,8
22934,120573,its,658,8
22935,120577,share,658,8
22936,120583,of,658,8
22937,120586,the,658,8
22938,120590,treat,658,8
22939,120597,When,658,8
22940,120602,the,658,8
22941,120606,pie,658,8
22942,120610,was,658,8
22943,120614,all,658,8
22944,120618,finished,658,8
22945,120628,the,658,8
22946,120632,Owl,658,8
22947,120637,as,658,8
22948,120640,a,658,8
22949,120642,boon,658,8
22950,120648,Was,658,8
22951,120652,kindly,658,8
22952,120659,permitted,658,8
22953,120669,to,658,8
22954,120672,pocket,658,8
22955,120679,the,658,8
22956,120683,spoon,658,8
22957,120690,While,658,8
22958,120696,the,658,8
22959,120700,Panther,658,8
22960,120708,received,658,8
22961,120717,knife,658,8
22962,120723,and,658,8
22963,120727,fork,658,8
22964,120732,with,658,8
22965,120737,a,658,8
22966,120739,growl,658,8
22967,120746,And,658,8
22968,120750,concluded,658,8
22969,120760,the,658,8
22970,120764,banquet,658,8
22971,120777,What,659,8
22972,120783,is,659,8
22973,120787,the,659,8
22974,120791,use,659,8
22975,120795,of,659,8
22976,120798,repeating,659,8
22977,120808,all,659,8
22978,120812,that,659,8
22979,120817,stuff,659,8
22980,120825,the,659,8
22981,120829,Mock,659,8
22982,120834,Turtle,659,8
22983,120841,interrupted,659,8
22984,120855,if,659,8
22985,120858,you,659,8
22986,120862,don,659,8
22987,120866,t,659,8
22988,120868,explain,659,8
22989,120876,it,659,8
22990,120879,as,659,8
22991,120882,you,659,8
22992,120886,go,659,8
22993,120889,on,659,8
22994,120893,It,659,8
22995,120896,s,659,8
22996,120898,by,659,8
22997,120901,far,659,8
22998,120905,the,659,8
22999,120909,most,659,8
23000,120914,confusing,659,8
23001,120924,thing,659,8
23002,120931,I,659,8
23003,120934,ever,659,8
23004,120939,heard,659,8
23005,120949,Yes,660,8
23006,120954,I,660,8
23007,120956,think,660,8
23008,120962,you,660,8
23009,120966,d,660,8
23010,120968,better,660,8
23011,120975,leave,660,8
23012,120981,off,660,8
23013,120987,said,660,8
23014,120992,the,660,8
23015,120996,Gryphon,660,8
23016,121005,and,660,8
23017,121009,Alice,660,8
23018,121015,was,660,8
23019,121019,only,660,8
23020,121024,too,660,8
23021,121028,glad,660,8
23022,121033,to,660,8
23023,121036,do,660,8
23024,121039,so,660,8
23025,121045,Shall,661,8
23026,121051,we,661,8
23027,121054,try,661,8
23028,121058,another,661,8
23029,121066,figure,661,8
23030,121073,of,661,8
23031,121076,the,661,8
23032,121080,Lobster,661,8
23033,121088,Quadrille,661,8
23034,121100,the,661,8
23035,121104,Gryphon,661,8
23036,121112,went,661,8
23037,121117,on,661,8
23038,121122,Or,661,8
23039,121125,would,661,8
23040,121131,you,661,8
23041,121135,like,661,8
23042,121140,the,661,8
23043,121144,Mock,661,8
23044,121149,Turtle,661,8
23045,121156,to,661,8
23046,121159,sing,661,8
23047,121164,you,661,8
23048,121168,a,661,8
23049,121170,song,661,8
23050,121179,Oh,662,8
23051,121183,a,662,8
23052,121185,song,662,8
23053,121191,please,662,8
23054,121199,if,662,8
23055,121202,the,662,8
23056,121206,Mock,662,8
23057,121211,Turtle,662,8
23058,121218,would,662,8
23059,121224,be,662,8
23060,121227,so,662,8
23061,121230,kind,662,8
23062,121237,Alice,662,8
23063,121243,replied,662,8
23064,121252,so,662,8
23065,121255,eagerly,662,8
23066,121263,that,662,8
23067,121268,the,662,8
23068,121272,Gryphon,662,8
23069,121280,said,662,8
23070,121286,in,662,8
23071,121289,a,662,8
23072,121291,rather,662,8
23073,121298,offended,662,8
23074,121307,tone,662,8
23075,121314,Hm,662,8
23076,121318,No,662,8
23077,121321,accounting,662,8
23078,121332,for,662,8
23079,121336,tastes,662,8
23080,121344,Sing,662,8
23081,121349,her,662,8
23082,121355,Turtle,662,8
23083,121362,Soup,662,8
23084,121370,will,662,8
23085,121375,you,662,8
23086,121380,old,662,8
23087,121384,fellow,662,8
23088,121394,The,663,8
23089,121398,Mock,663,8
23090,121403,Turtle,663,8
23091,121410,sighed,663,8
23092,121417,deeply,663,8
23093,121425,and,663,8
23094,121429,began,663,8
23095,121436,in,663,8
23096,121439,a,663,8
23097,121441,voice,663,8
23098,121447,sometimes,663,8
23099,121457,choked,663,8
23100,121464,with,663,8
23101,121469,sobs,663,8
23102,121475,to,663,8
23103,121478,sing,663,8
23104,121483,this,663,8
23105,121492,Beautiful,664,8
23106,121502,Soup,664,8
23107,121508,so,664,8
23108,121511,rich,664,8
23109,121516,and,664,8
23110,121520,green,664,8
23111,121527,Waiting,664,8
23112,121535,in,664,8
23113,121538,a,664,8
23114,121540,hot,664,8
23115,121544,tureen,664,8
23116,121552,Who,664,8
23117,121556,for,664,8
23118,121560,such,664,8
23119,121565,dainties,664,8
23120,121574,would,664,8
23121,121580,not,664,8
23122,121584,stoop,664,8
23123,121591,Soup,664,8
23124,121596,of,664,8
23125,121599,the,664,8
23126,121603,evening,664,8
23127,121612,beautiful,664,8
23128,121622,Soup,664,8
23129,121628,Soup,664,8
23130,121633,of,664,8
23131,121636,the,664,8
23132,121640,evening,664,8
23133,121649,beautiful,664,8
23134,121659,Soup,664,8
23135,121669,Beau,664,8
23136,121674,ootiful,664,8
23137,121682,Soo,664,8
23138,121686,oop,664,8
23139,121695,Beau,664,8
23140,121700,ootiful,664,8
23141,121708,Soo,664,8
23142,121712,oop,664,8
23143,121717,Soo,664,8
23144,121721,oop,664,8
23145,121725,of,664,8
23146,121728,the,664,8
23147,121732,e,664,8
23148,121734,e,664,8
23149,121736,evening,664,8
23150,121749,Beautiful,664,8
23151,121760,beautiful,664,8
23152,121770,Soup,664,8
23153,121778,Beautiful,665,8
23154,121788,Soup,665,8
23155,121794,Who,665,8
23156,121798,cares,665,8
23157,121804,for,665,8
23158,121808,fish,665,8
23159,121814,Game,665,8
23160,121820,or,665,8
23161,121823,any,665,8
23162,121827,other,665,8
23163,121833,dish,665,8
23164,121839,Who,665,8
23165,121843,would,665,8
23166,121849,not,665,8
23167,121853,give,665,8
23168,121858,all,665,8
23169,121862,else,665,8
23170,121867,for,665,8
23171,121871,two,665,8
23172,121875,p,665,8
23173,121877,ennyworth,665,8
23174,121887,only,665,8
23175,121892,of,665,8
23176,121895,beautiful,665,8
23177,121905,Soup,665,8
23178,121911,Pennyworth,665,8
23179,121922,only,665,8
23180,121927,of,665,8
23181,121930,beautiful,665,8
23182,121940,Soup,665,8
23183,121950,Beau,665,8
23184,121955,ootiful,665,8
23185,121963,Soo,665,8
23186,121967,oop,665,8
23187,121976,Beau,665,8
23188,121981,ootiful,665,8
23189,121989,Soo,665,8
23190,121993,oop,665,8
23191,121998,Soo,665,8
23192,122002,oop,665,8
23193,122006,of,665,8
23194,122009,the,665,8
23195,122013,e,665,8
23196,122015,e,665,8
23197,122017,evening,665,8
23198,122030,Beautiful,665,8
23199,122041,beauti,665,8
23200,122048,FUL,665,8
23201,122052,SOUP,665,8
23202,122062,Chorus,666,8
23203,122069,again,666,8
23204,122077,cried,666,8
23205,122083,the,666,8
23206,122087,Gryphon,666,8
23207,122096,and,666,8
23208,122100,the,666,8
23209,122104,Mock,666,8
23210,122109,Turtle,666,8
23211,122116,had,666,8
23212,122120,just,666,8
23213,122125,begun,666,8
23214,122131,to,666,8
23215,122134,repeat,666,8
23216,122141,it,666,8
23217,122145,when,666,8
23218,122150,a,666,8
23219,122152,cry,666,8
23220,122156,of,666,8
23221,122160,The,666,8
23222,122164,trial,666,8
23223,122170,s,666,8
23224,122172,beginning,666,8
23225,122184,was,666,8
23226,122188,heard,666,8
23227,122194,in,666,8
23228,122197,the,666,8
23229,122201,distance,666,8
23230,122213,Come,667,8
23231,122218,on,667,8
23232,122223,cried,667,8
23233,122229,the,667,8
23234,122233,Gryphon,667,8
23235,122242,and,667,8
23236,122247,taking,667,8
23237,122254,Alice,667,8
23238,122260,by,667,8
23239,122263,the,667,8
23240,122267,hand,667,8
23241,122273,it,667,8
23242,122276,hurried,667,8
23243,122284,off,667,8
23244,122289,without,667,8
23245,122297,waiting,667,8
23246,122305,for,667,8
23247,122309,the,667,8
23248,122313,end,667,8
23249,122317,of,667,8
23250,122320,the,667,8
23251,122324,song,667,8
23252,122332,What,668,8
23253,122337,trial,668,8
23254,122343,is,668,8
23255,122346,it,668,8
23256,122351,Alice,668,8
23257,122357,panted,668,8
23258,122364,as,668,8
23259,122367,she,668,8
23260,122371,ran,668,8
23261,122376,but,668,8
23262,122380,the,668,8
23263,122384,Gryphon,668,8
23264,122392,only,668,8
23265,122397,answered,668,8
23266,122407,Come,668,8
23267,122412,on,668,8
23268,122417,and,668,8
23269,122421,ran,668,8
23270,122425,the,668,8
23271,122429,faster,668,8
23272,122437,while,668,8
23273,122443,more,668,8
23274,122448,and,668,8
23275,122452,more,668,8
23276,122457,faintly,668,8
23277,122465,came,668,8
23278,122471,carried,668,8
23279,122479,on,668,8
23280,122482,the,668,8
23281,122486,breeze,668,8
23282,122493,that,668,8
23283,122498,followed,668,8
23284,122507,them,668,8
23285,122513,the,668,8
23286,122517,melancholy,668,8
23287,122528,words,668,8
23288,122538,Soo,669,8
23289,122542,oop,669,8
23290,122546,of,669,8
23291,122549,the,669,8
23292,122553,e,669,8
23293,122555,e,669,8
23294,122557,evening,669,8
23295,122570,Beautiful,669,8
23296,122581,beautiful,669,8
23297,122591,Soup,669,8
23298,122602,CHAPTER,670,9
23299,122610,XI,670,9
23300,122614,Who,670,9
23301,122618,Stole,670,9
23302,122624,the,670,9
23303,122628,Tarts,670,9
23304,122637,The,671,9
23305,122641,King,671,9
23306,122646,and,671,9
23307,122650,Queen,671,9
23308,122656,of,671,9
23309,122659,Hearts,671,9
23310,122666,were,671,9
23311,122671,seated,671,9
23312,122678,on,671,9
23313,122681,their,671,9
23314,122687,throne,671,9
23315,122694,when,671,9
23316,122699,they,671,9
23317,122704,arrived,671,9
23318,122713,with,671,9
23319,122718,a,671,9
23320,122720,great,671,9
23321,122726,crowd,671,9
23322,122732,assembled,671,9
23323,122742,about,671,9
23324,122748,them,671,9
23325,122753,all,671,9
23326,122757,sorts,671,9
23327,122763,of,671,9
23328,122766,little,671,9
23329,122773,birds,671,9
23330,122779,and,671,9
23331,122783,beasts,671,9
23332,122791,as,671,9
23333,122794,well,671,9
23334,122799,as,671,9
23335,122802,the,671,9
23336,122806,whole,671,9
23337,122812,pack,671,9
23338,122817,of,671,9
23339,122820,cards,671,9
23340,122827,the,671,9
23341,122831,Knave,671,9
23342,122837,was,671,9
23343,122841,standing,671,9
23344,122850,before,671,9
23345,122857,them,671,9
23346,122863,in,671,9
23347,122866,chains,671,9
23348,122874,with,671,9
23349,122879,a,671,9
23350,122881,soldier,671,9
23351,122889,on,671,9
23352,122892,each,671,9
23353,122897,side,671,9
23354,122902,to,671,9
23355,122905,guard,671,9
23356,122911,him,671,9
23357,122916,and,671,9
23358,122920,near,671,9
23359,122925,the,671,9
23360,122929,King,671,9
23361,122934,was,671,9
23362,122938,the,671,9
23363,122942,White,671,9
23364,122948,Rabbit,671,9
23365,122956,with,671,9
23366,122961,a,671,9
23367,122963,trumpet,671,9
23368,122971,in,671,9
23369,122974,one,671,9
23370,122978,hand,671,9
23371,122984,and,671,9
23372,122988,a,671,9
23373,122990,scroll,671,9
23374,122997,of,671,9
23375,123000,parchment,671,9
23376,123010,in,671,9
23377,123013,the,671,9
23378,123017,other,671,9
23379,123024,In,671,9
23380,123027,the,671,9
23381,123031,very,671,9
23382,123036,middle,671,9
23383,123043,of,671,9
23384,123046,the,671,9
23385,123050,court,671,9
23386,123056,was,671,9
23387,123060,a,671,9
23388,123062,table,671,9
23389,123069,with,671,9
23390,123074,a,671,9
23391,123076,large,671,9
23392,123082,dish,671,9
23393,123087,of,671,9
23394,123090,tarts,671,9
23395,123096,upon,671,9
23396,123101,it,671,9
23397,123105,they,671,9
23398,123110,looked,671,9
23399,123117,so,671,9
23400,123120,good,671,9
23401,123126,that,671,9
23402,123131,it,671,9
23403,123134,made,671,9
23404,123139,Alice,671,9
23405,123145,quite,671,9
23406,123151,hungry,671,9
23407,123158,to,671,9
23408,123161,look,671,9
23409,123166,at,671,9
23410,123169,them,671,9
23411,123175,I,671,9
23412,123177,wish,671,9
23413,123182,they,671,9
23414,123187,d,671,9
23415,123189,get,671,9
23416,123193,the,671,9
23417,123197,trial,671,9
23418,123203,done,671,9
23419,123210,she,671,9
23420,123214,thought,671,9
23421,123224,and,671,9
23422,123228,hand,671,9
23423,123233,round,671,9
23424,123239,the,671,9
23425,123243,refreshments,671,9
23426,123258,But,671,9
23427,123262,there,671,9
23428,123268,seemed,671,9
23429,123275,to,671,9
23430,123278,be,671,9
23431,123281,no,671,9
23432,123284,chance,671,9
23433,123291,of,671,9
23434,123294,this,671,9
23435,123300,so,671,9
23436,123303,she,671,9
23437,123307,began,671,9
23438,123313,looking,671,9
23439,123321,at,671,9
23440,123324,everything,671,9
23441,123335,about,671,9
23442,123341,her,671,9
23443,123346,to,671,9
23444,123349,pass,671,9
23445,123354,away,671,9
23446,123359,the,671,9
23447,123363,time,671,9
23448,123370,Alice,672,9
23449,123376,had,672,9
23450,123380,never,672,9
23451,123386,been,672,9
23452,123391,in,672,9
23453,123394,a,672,9
23454,123396,court,672,9
23455,123402,of,672,9
23456,123405,justice,672,9
23457,123413,before,672,9
23458,123421,but,672,9
23459,123425,she,672,9
23460,123429,had,672,9
23461,123433,read,672,9
23462,123438,about,672,9
23463,123444,them,672,9
23464,123449,in,672,9
23465,123452,books,672,9
23466,123459,and,672,9
23467,123463,she,672,9
23468,123467,was,672,9
23469,123471,quite,672,9
23470,123477,pleased,672,9
23471,123485,to,672,9
23472,123488,find,672,9
23473,123493,that,672,9
23474,123498,she,672,9
23475,123502,knew,672,9
23476,123507,the,672,9
23477,123511,name,672,9
23478,123516,of,672,9
23479,123519,nearly,672,9
23480,123526,everything,672,9
23481,123537,there,672,9
23482,123545,That,672,9
23483,123550,s,672,9
23484,123552,the,672,9
23485,123556,judge,672,9
23486,123564,she,672,9
23487,123568,said,672,9
23488,123573,to,672,9
23489,123576,herself,672,9
23490,123586,because,672,9
23491,123594,of,672,9
23492,123597,his,672,9
23493,123601,great,672,9
23494,123607,wig,672,9
23495,123614,The,673,9
23496,123618,judge,673,9
23497,123625,by,673,9
23498,123628,the,673,9
23499,123632,way,673,9
23500,123637,was,673,9
23501,123641,the,673,9
23502,123645,King,673,9
23503,123651,and,673,9
23504,123655,as,673,9
23505,123658,he,673,9
23506,123661,wore,673,9
23507,123666,his,673,9
23508,123670,crown,673,9
23509,123676,over,673,9
23510,123681,the,673,9
23511,123685,wig,673,9
23512,123691,look,673,9
23513,123696,at,673,9
23514,123699,the,673,9
23515,123703,frontispiece,673,9
23516,123716,if,673,9
23517,123719,you,673,9
23518,123723,want,673,9
23519,123728,to,673,9
23520,123731,see,673,9
23521,123735,how,673,9
23522,123739,he,673,9
23523,123742,did,673,9
23524,123746,it,673,9
23525,123751,he,673,9
23526,123754,did,673,9
23527,123758,not,673,9
23528,123762,look,673,9
23529,123767,at,673,9
23530,123770,all,673,9
23531,123774,comfortable,673,9
23532,123787,and,673,9
23533,123791,it,673,9
23534,123794,was,673,9
23535,123798,certainly,673,9
23536,123808,not,673,9
23537,123812,becoming,673,9
23538,123824,And,674,9
23539,123828,that,674,9
23540,123833,s,674,9
23541,123835,the,674,9
23542,123839,jury,674,9
23543,123844,box,674,9
23544,123850,thought,674,9
23545,123858,Alice,674,9
23546,123866,and,674,9
23547,123870,those,674,9
23548,123876,twelve,674,9
23549,123883,creatures,674,9
23550,123896,she,674,9
23551,123900,was,674,9
23552,123904,obliged,674,9
23553,123912,to,674,9
23554,123915,say,674,9
23555,123920,creatures,674,9
23556,123932,you,674,9
23557,123936,see,674,9
23558,123941,because,674,9
23559,123949,some,674,9
23560,123954,of,674,9
23561,123957,them,674,9
23562,123962,were,674,9
23563,123967,animals,674,9
23564,123976,and,674,9
23565,123980,some,674,9
23566,123985,were,674,9
23567,123990,birds,674,9
23568,123999,I,674,9
23569,124001,suppose,674,9
23570,124009,they,674,9
23571,124014,are,674,9
23572,124018,the,674,9
23573,124022,jurors,674,9
23574,124031,She,674,9
23575,124035,said,674,9
23576,124040,this,674,9
23577,124045,last,674,9
23578,124050,word,674,9
23579,124055,two,674,9
23580,124059,or,674,9
23581,124062,three,674,9
23582,124068,times,674,9
23583,124074,over,674,9
23584,124079,to,674,9
23585,124082,herself,674,9
23586,124091,being,674,9
23587,124097,rather,674,9
23588,124104,proud,674,9
23589,124110,of,674,9
23590,124113,it,674,9
23591,124117,for,674,9
23592,124121,she,674,9
23593,124125,thought,674,9
23594,124134,and,674,9
23595,124138,rightly,674,9
23596,124146,too,674,9
23597,124151,that,674,9
23598,124156,very,674,9
23599,124161,few,674,9
23600,124165,little,674,9
23601,124172,girls,674,9
23602,124178,of,674,9
23603,124181,her,674,9
23604,124185,age,674,9
23605,124189,knew,674,9
23606,124194,the,674,9
23607,124198,meaning,674,9
23608,124206,of,674,9
23609,124209,it,674,9
23610,124212,at,674,9
23611,124215,all,674,9
23612,124220,However,674,9
23613,124230,jury,674,9
23614,124235,men,674,9
23615,124240,would,674,9
23616,124246,have,674,9
23617,124251,done,674,9
23618,124256,just,674,9
23619,124261,as,674,9
23620,124264,well,674,9
23621,124271,The,675,9
23622,124275,twelve,675,9
23623,124282,jurors,675,9
23624,124289,were,675,9
23625,124294,all,675,9
23626,124298,writing,675,9
23627,124306,very,675,9
23628,124311,busily,675,9
23629,124318,on,675,9
23630,124321,slates,675,9
23631,124330,What,675,9
23632,124335,are,675,9
23633,124339,they,675,9
23634,124344,doing,675,9
23635,124352,Alice,675,9
23636,124358,whispered,675,9
23637,124368,to,675,9
23638,124371,the,675,9
23639,124375,Gryphon,675,9
23640,124385,They,675,9
23641,124390,can,675,9
23642,124394,t,675,9
23643,124396,have,675,9
23644,124401,anything,675,9
23645,124410,to,675,9
23646,124413,put,675,9
23647,124417,down,675,9
23648,124422,yet,675,9
23649,124427,before,675,9
23650,124434,the,675,9
23651,124438,trial,675,9
23652,124444,s,675,9
23653,124446,begun,675,9
23654,124456,They,676,9
23655,124461,re,676,9
23656,124464,putting,676,9
23657,124472,down,676,9
23658,124477,their,676,9
23659,124483,names,676,9
23660,124491,the,676,9
23661,124495,Gryphon,676,9
23662,124503,whispered,676,9
23663,124513,in,676,9
23664,124516,reply,676,9
23665,124524,for,676,9
23666,124528,fear,676,9
23667,124533,they,676,9
23668,124538,should,676,9
23669,124545,forget,676,9
23670,124552,them,676,9
23671,124557,before,676,9
23672,124564,the,676,9
23673,124568,end,676,9
23674,124572,of,676,9
23675,124575,the,676,9
23676,124579,trial,676,9
23677,124589,Stupid,677,9
23678,124596,things,677,9
23679,124605,Alice,677,9
23680,124611,began,677,9
23681,124617,in,677,9
23682,124620,a,677,9
23683,124622,loud,677,9
23684,124628,indignant,677,9
23685,124638,voice,677,9
23686,124645,but,677,9
23687,124649,she,677,9
23688,124653,stopped,677,9
23689,124661,hastily,677,9
23690,124670,for,677,9
23691,124674,the,677,9
23692,124678,White,677,9
23693,124684,Rabbit,677,9
23694,124691,cried,677,9
23695,124697,out,677,9
23696,124703,Silence,677,9
23697,124711,in,677,9
23698,124714,the,677,9
23699,124718,court,677,9
23700,124726,and,677,9
23701,124730,the,677,9
23702,124734,King,677,9
23703,124739,put,677,9
23704,124743,on,677,9
23705,124746,his,677,9
23706,124750,spectacles,677,9
23707,124761,and,677,9
23708,124765,looked,677,9
23709,124772,anxiously,677,9
23710,124782,round,677,9
23711,124789,to,677,9
23712,124792,make,677,9
23713,124797,out,677,9
23714,124801,who,677,9
23715,124805,was,677,9
23716,124809,talking,677,9
23717,124819,Alice,678,9
23718,124825,could,678,9
23719,124831,see,678,9
23720,124836,as,678,9
23721,124839,well,678,9
23722,124844,as,678,9
23723,124847,if,678,9
23724,124850,she,678,9
23725,124854,were,678,9
23726,124859,looking,678,9
23727,124867,over,678,9
23728,124872,their,678,9
23729,124878,shoulders,678,9
23730,124889,that,678,9
23731,124894,all,678,9
23732,124898,the,678,9
23733,124902,jurors,678,9
23734,124909,were,678,9
23735,124914,writing,678,9
23736,124922,down,678,9
23737,124928,stupid,678,9
23738,124935,things,678,9
23739,124944,on,678,9
23740,124947,their,678,9
23741,124953,slates,678,9
23742,124961,and,678,9
23743,124965,she,678,9
23744,124969,could,678,9
23745,124975,even,678,9
23746,124980,make,678,9
23747,124985,out,678,9
23748,124989,that,678,9
23749,124994,one,678,9
23750,124998,of,678,9
23751,125001,them,678,9
23752,125006,didn,678,9
23753,125011,t,678,9
23754,125013,know,678,9
23755,125018,how,678,9
23756,125022,to,678,9
23757,125025,spell,678,9
23758,125032,stupid,678,9
23759,125041,and,678,9
23760,125045,that,678,9
23761,125050,he,678,9
23762,125053,had,678,9
23763,125057,to,678,9
23764,125060,ask,678,9
23765,125064,his,678,9
23766,125068,neighbour,678,9
23767,125078,to,678,9
23768,125081,tell,678,9
23769,125086,him,678,9
23770,125092,A,678,9
23771,125094,nice,678,9
23772,125099,muddle,678,9
23773,125106,their,678,9
23774,125112,slates,678,9
23775,125119,ll,678,9
23776,125122,be,678,9
23777,125125,in,678,9
23778,125128,before,678,9
23779,125135,the,678,9
23780,125139,trial,678,9
23781,125145,s,678,9
23782,125147,over,678,9
23783,125154,thought,678,9
23784,125162,Alice,678,9
23785,125170,One,679,9
23786,125174,of,679,9
23787,125177,the,679,9
23788,125181,jurors,679,9
23789,125188,had,679,9
23790,125192,a,679,9
23791,125194,pencil,679,9
23792,125201,that,679,9
23793,125206,squeaked,679,9
23794,125216,This,679,9
23795,125221,of,679,9
23796,125224,course,679,9
23797,125232,Alice,679,9
23798,125238,could,679,9
23799,125245,not,679,9
23800,125250,stand,679,9
23801,125257,and,679,9
23802,125261,she,679,9
23803,125265,went,679,9
23804,125270,round,679,9
23805,125276,the,679,9
23806,125280,court,679,9
23807,125286,and,679,9
23808,125290,got,679,9
23809,125294,behind,679,9
23810,125301,him,679,9
23811,125306,and,679,9
23812,125310,very,679,9
23813,125315,soon,679,9
23814,125320,found,679,9
23815,125326,an,679,9
23816,125329,opportunity,679,9
23817,125341,of,679,9
23818,125344,taking,679,9
23819,125351,it,679,9
23820,125354,away,679,9
23821,125360,She,679,9
23822,125364,did,679,9
23823,125368,it,679,9
23824,125371,so,679,9
23825,125374,quickly,679,9
23826,125382,that,679,9
23827,125387,the,679,9
23828,125391,poor,679,9
23829,125396,little,679,9
23830,125403,juror,679,9
23831,125410,it,679,9
23832,125413,was,679,9
23833,125417,Bill,679,9
23834,125423,the,679,9
23835,125427,Lizard,679,9
23836,125435,could,679,9
23837,125441,not,679,9
23838,125445,make,679,9
23839,125450,out,679,9
23840,125454,at,679,9
23841,125457,all,679,9
23842,125461,what,679,9
23843,125466,had,679,9
23844,125470,become,679,9
23845,125477,of,679,9
23846,125480,it,679,9
23847,125484,so,679,9
23848,125488,after,679,9
23849,125494,hunting,679,9
23850,125502,all,679,9
23851,125506,about,679,9
23852,125512,for,679,9
23853,125516,it,679,9
23854,125520,he,679,9
23855,125523,was,679,9
23856,125527,obliged,679,9
23857,125535,to,679,9
23858,125538,write,679,9
23859,125544,with,679,9
23860,125549,one,679,9
23861,125553,finger,679,9
23862,125560,for,679,9
23863,125564,the,679,9
23864,125568,rest,679,9
23865,125573,of,679,9
23866,125576,the,679,9
23867,125580,day,679,9
23868,125585,and,679,9
23869,125589,this,679,9
23870,125594,was,679,9
23871,125598,of,679,9
23872,125601,very,679,9
23873,125606,little,679,9
23874,125613,use,679,9
23875,125618,as,679,9
23876,125621,it,679,9
23877,125624,left,679,9
23878,125629,no,679,9
23879,125632,mark,679,9
23880,125637,on,679,9
23881,125640,the,679,9
23882,125644,slate,679,9
23883,125653,Herald,680,9
23884,125661,read,680,9
23885,125666,the,680,9
23886,125670,accusation,680,9
23887,125683,said,680,9
23888,125688,the,680,9
23889,125692,King,680,9
23890,125699,On,681,9
23891,125702,this,681,9
23892,125707,the,681,9
23893,125711,White,681,9
23894,125717,Rabbit,681,9
23895,125724,blew,681,9
23896,125729,three,681,9
23897,125735,blasts,681,9
23898,125742,on,681,9
23899,125745,the,681,9
23900,125749,trumpet,681,9
23901,125758,and,681,9
23902,125762,then,681,9
23903,125767,unrolled,681,9
23904,125776,the,681,9
23905,125780,parchment,681,9
23906,125790,scroll,681,9
23907,125798,and,681,9
23908,125802,read,681,9
23909,125807,as,681,9
23910,125810,follows,681,9
23911,125822,The,682,9
23912,125826,Queen,682,9
23913,125832,of,682,9
23914,125835,Hearts,682,9
23915,125843,she,682,9
23916,125847,made,682,9
23917,125852,some,682,9
23918,125857,tarts,682,9
23919,125868,All,682,9
23920,125872,on,682,9
23921,125875,a,682,9
23922,125877,summer,682,9
23923,125884,day,682,9
23924,125889,The,682,9
23925,125893,Knave,682,9
23926,125899,of,682,9
23927,125902,Hearts,682,9
23928,125910,he,682,9
23929,125913,stole,682,9
23930,125919,those,682,9
23931,125925,tarts,682,9
23932,125936,And,682,9
23933,125940,took,682,9
23934,125945,them,682,9
23935,125950,quite,682,9
23936,125956,away,682,9
23937,125966,Consider,683,9
23938,125975,your,683,9
23939,125980,verdict,683,9
23940,125990,the,683,9
23941,125994,King,683,9
23942,125999,said,683,9
23943,126004,to,683,9
23944,126007,the,683,9
23945,126011,jury,683,9
23946,126019,Not,684,9
23947,126023,yet,684,9
23948,126028,not,684,9
23949,126032,yet,684,9
23950,126038,the,684,9
23951,126042,Rabbit,684,9
23952,126049,hastily,684,9
23953,126057,interrupted,684,9
23954,126071,There,684,9
23955,126077,s,684,9
23956,126079,a,684,9
23957,126081,great,684,9
23958,126087,deal,684,9
23959,126092,to,684,9
23960,126095,come,684,9
23961,126100,before,684,9
23962,126107,that,684,9
23963,126116,Call,685,9
23964,126121,the,685,9
23965,126125,first,685,9
23966,126131,witness,685,9
23967,126141,said,685,9
23968,126146,the,685,9
23969,126150,King,685,9
23970,126156,and,685,9
23971,126160,the,685,9
23972,126164,White,685,9
23973,126170,Rabbit,685,9
23974,126177,blew,685,9
23975,126182,three,685,9
23976,126188,blasts,685,9
23977,126195,on,685,9
23978,126198,the,685,9
23979,126202,trumpet,685,9
23980,126211,and,685,9
23981,126215,called,685,9
23982,126222,out,685,9
23983,126228,First,685,9
23984,126234,witness,685,9
23985,126245,The,686,9
23986,126249,first,686,9
23987,126255,witness,686,9
23988,126263,was,686,9
23989,126267,the,686,9
23990,126271,Hatter,686,9
23991,126279,He,686,9
23992,126282,came,686,9
23993,126287,in,686,9
23994,126290,with,686,9
23995,126295,a,686,9
23996,126297,teacup,686,9
23997,126304,in,686,9
23998,126307,one,686,9
23999,126311,hand,686,9
24000,126316,and,686,9
24001,126320,a,686,9
24002,126322,piece,686,9
24003,126328,of,686,9
24004,126331,bread,686,9
24005,126337,and,686,9
24006,126341,butter,686,9
24007,126348,in,686,9
24008,126351,the,686,9
24009,126355,other,686,9
24010,126363,I,686,9
24011,126365,beg,686,9
24012,126369,pardon,686,9
24013,126377,your,686,9
24014,126382,Majesty,686,9
24015,126392,he,686,9
24016,126395,began,686,9
24017,126403,for,686,9
24018,126407,bringing,686,9
24019,126416,these,686,9
24020,126422,in,686,9
24021,126426,but,686,9
24022,126430,I,686,9
24023,126432,hadn,686,9
24024,126437,t,686,9
24025,126439,quite,686,9
24026,126445,finished,686,9
24027,126454,my,686,9
24028,126457,tea,686,9
24029,126461,when,686,9
24030,126466,I,686,9
24031,126468,was,686,9
24032,126472,sent,686,9
24033,126477,for,686,9
24034,126485,You,687,9
24035,126489,ought,687,9
24036,126495,to,687,9
24037,126498,have,687,9
24038,126503,finished,687,9
24039,126514,said,687,9
24040,126519,the,687,9
24041,126523,King,687,9
24042,126530,When,687,9
24043,126535,did,687,9
24044,126539,you,687,9
24045,126543,begin,687,9
24046,126552,The,688,9
24047,126556,Hatter,688,9
24048,126563,looked,688,9
24049,126570,at,688,9
24050,126573,the,688,9
24051,126577,March,688,9
24052,126583,Hare,688,9
24053,126589,who,688,9
24054,126593,had,688,9
24055,126597,followed,688,9
24056,126606,him,688,9
24057,126610,into,688,9
24058,126615,the,688,9
24059,126619,court,688,9
24060,126626,arm,688,9
24061,126630,in,688,9
24062,126633,arm,688,9
24063,126637,with,688,9
24064,126642,the,688,9
24065,126646,Dormouse,688,9
24066,126657,Fourteenth,688,9
24067,126668,of,688,9
24068,126671,March,688,9
24069,126678,I,688,9
24070,126681,think,688,9
24071,126688,it,688,9
24072,126691,was,688,9
24073,126697,he,688,9
24074,126700,said,688,9
24075,126708,Fifteenth,689,9
24076,126720,said,689,9
24077,126725,the,689,9
24078,126729,March,689,9
24079,126735,Hare,689,9
24080,126743,Sixteenth,690,9
24081,126755,added,690,9
24082,126761,the,690,9
24083,126765,Dormouse,690,9
24084,126777,Write,691,9
24085,126783,that,691,9
24086,126788,down,691,9
24087,126795,the,691,9
24088,126799,King,691,9
24089,126804,said,691,9
24090,126809,to,691,9
24091,126812,the,691,9
24092,126816,jury,691,9
24093,126822,and,691,9
24094,126826,the,691,9
24095,126830,jury,691,9
24096,126835,eagerly,691,9
24097,126843,wrote,691,9
24098,126849,down,691,9
24099,126854,all,691,9
24100,126858,three,691,9
24101,126864,dates,691,9
24102,126870,on,691,9
24103,126873,their,691,9
24104,126879,slates,691,9
24105,126887,and,691,9
24106,126891,then,691,9
24107,126896,added,691,9
24108,126902,them,691,9
24109,126907,up,691,9
24110,126911,and,691,9
24111,126915,reduced,691,9
24112,126923,the,691,9
24113,126927,answer,691,9
24114,126934,to,691,9
24115,126937,shillings,691,9
24116,126947,and,691,9
24117,126951,pence,691,9
24118,126960,Take,692,9
24119,126965,off,692,9
24120,126969,your,692,9
24121,126974,hat,692,9
24122,126980,the,692,9
24123,126984,King,692,9
24124,126989,said,692,9
24125,126994,to,692,9
24126,126997,the,692,9
24127,127001,Hatter,692,9
24128,127011,It,693,9
24129,127014,isn,693,9
24130,127018,t,693,9
24131,127020,mine,693,9
24132,127027,said,693,9
24133,127032,the,693,9
24134,127036,Hatter,693,9
24135,127047,Stolen,694,9
24136,127057,the,694,9
24137,127061,King,694,9
24138,127066,exclaimed,694,9
24139,127077,turning,694,9
24140,127085,to,694,9
24141,127088,the,694,9
24142,127092,jury,694,9
24143,127098,who,694,9
24144,127102,instantly,694,9
24145,127112,made,694,9
24146,127117,a,694,9
24147,127119,memorandum,694,9
24148,127130,of,694,9
24149,127133,the,694,9
24150,127137,fact,694,9
24151,127145,I,695,9
24152,127147,keep,695,9
24153,127152,them,695,9
24154,127157,to,695,9
24155,127160,sell,695,9
24156,127167,the,695,9
24157,127171,Hatter,695,9
24158,127178,added,695,9
24159,127184,as,695,9
24160,127187,an,695,9
24161,127190,explanation,695,9
24162,127204,I,695,9
24163,127206,ve,695,9
24164,127209,none,695,9
24165,127214,of,695,9
24166,127217,my,695,9
24167,127220,own,695,9
24168,127225,I,695,9
24169,127227,m,695,9
24170,127229,a,695,9
24171,127231,hatter,695,9
24172,127241,Here,696,9
24173,127246,the,696,9
24174,127250,Queen,696,9
24175,127256,put,696,9
24176,127260,on,696,9
24177,127263,her,696,9
24178,127267,spectacles,696,9
24179,127279,and,696,9
24180,127283,began,696,9
24181,127289,staring,696,9
24182,127297,at,696,9
24183,127300,the,696,9
24184,127304,Hatter,696,9
24185,127312,who,696,9
24186,127316,turned,696,9
24187,127323,pale,696,9
24188,127328,and,696,9
24189,127332,fidgeted,696,9
24190,127344,Give,697,9
24191,127349,your,697,9
24192,127354,evidence,697,9
24193,127365,said,697,9
24194,127370,the,697,9
24195,127374,King,697,9
24196,127381,and,697,9
24197,127385,don,697,9
24198,127389,t,697,9
24199,127391,be,697,9
24200,127394,nervous,697,9
24201,127403,or,697,9
24202,127406,I,697,9
24203,127408,ll,697,9
24204,127411,have,697,9
24205,127416,you,697,9
24206,127420,executed,697,9
24207,127429,on,697,9
24208,127432,the,697,9
24209,127436,spot,697,9
24210,127444,This,698,9
24211,127449,did,698,9
24212,127453,not,698,9
24213,127457,seem,698,9
24214,127462,to,698,9
24215,127465,encourage,698,9
24216,127475,the,698,9
24217,127479,witness,698,9
24218,127487,at,698,9
24219,127490,all,698,9
24220,127495,he,698,9
24221,127498,kept,698,9
24222,127503,shifting,698,9
24223,127512,from,698,9
24224,127517,one,698,9
24225,127521,foot,698,9
24226,127526,to,698,9
24227,127529,the,698,9
24228,127533,other,698,9
24229,127540,looking,698,9
24230,127548,uneasily,698,9
24231,127557,at,698,9
24232,127560,the,698,9
24233,127564,Queen,698,9
24234,127571,and,698,9
24235,127575,in,698,9
24236,127578,his,698,9
24237,127582,confusion,698,9
24238,127592,he,698,9
24239,127595,bit,698,9
24240,127599,a,698,9
24241,127601,large,698,9
24242,127607,piece,698,9
24243,127613,out,698,9
24244,127617,of,698,9
24245,127620,his,698,9
24246,127624,teacup,698,9
24247,127631,instead,698,9
24248,127639,of,698,9
24249,127642,the,698,9
24250,127646,bread,698,9
24251,127652,and,698,9
24252,127656,butter,698,9
24253,127665,Just,699,9
24254,127670,at,699,9
24255,127673,this,699,9
24256,127678,moment,699,9
24257,127685,Alice,699,9
24258,127691,felt,699,9
24259,127696,a,699,9
24260,127698,very,699,9
24261,127703,curious,699,9
24262,127711,sensation,699,9
24263,127722,which,699,9
24264,127728,puzzled,699,9
24265,127736,her,699,9
24266,127740,a,699,9
24267,127742,good,699,9
24268,127747,deal,699,9
24269,127752,until,699,9
24270,127758,she,699,9
24271,127762,made,699,9
24272,127767,out,699,9
24273,127771,what,699,9
24274,127776,it,699,9
24275,127779,was,699,9
24276,127784,she,699,9
24277,127788,was,699,9
24278,127792,beginning,699,9
24279,127802,to,699,9
24280,127805,grow,699,9
24281,127810,larger,699,9
24282,127817,again,699,9
24283,127824,and,699,9
24284,127828,she,699,9
24285,127832,thought,699,9
24286,127840,at,699,9
24287,127843,first,699,9
24288,127849,she,699,9
24289,127853,would,699,9
24290,127859,get,699,9
24291,127863,up,699,9
24292,127866,and,699,9
24293,127870,leave,699,9
24294,127876,the,699,9
24295,127880,court,699,9
24296,127887,but,699,9
24297,127891,on,699,9
24298,127894,second,699,9
24299,127901,thoughts,699,9
24300,127910,she,699,9
24301,127914,decided,699,9
24302,127922,to,699,9
24303,127925,remain,699,9
24304,127932,where,699,9
24305,127938,she,699,9
24306,127942,was,699,9
24307,127946,as,699,9
24308,127949,long,699,9
24309,127954,as,699,9
24310,127957,there,699,9
24311,127963,was,699,9
24312,127967,room,699,9
24313,127972,for,699,9
24314,127976,her,699,9
24315,127983,I,700,9
24316,127985,wish,700,9
24317,127990,you,700,9
24318,127994,wouldn,700,9
24319,128001,t,700,9
24320,128003,squeeze,700,9
24321,128011,so,700,9
24322,128016,said,700,9
24323,128021,the,700,9
24324,128025,Dormouse,700,9
24325,128035,who,700,9
24326,128039,was,700,9
24327,128043,sitting,700,9
24328,128051,next,700,9
24329,128056,to,700,9
24330,128059,her,700,9
24331,128065,I,700,9
24332,128067,can,700,9
24333,128071,hardly,700,9
24334,128078,breathe,700,9
24335,128090,I,701,9
24336,128092,can,701,9
24337,128096,t,701,9
24338,128098,help,701,9
24339,128103,it,701,9
24340,128108,said,701,9
24341,128113,Alice,701,9
24342,128119,very,701,9
24343,128124,meekly,701,9
24344,128133,I,701,9
24345,128135,m,701,9
24346,128137,growing,701,9
24347,128149,You,702,9
24348,128153,ve,702,9
24349,128156,no,702,9
24350,128159,right,702,9
24351,128165,to,702,9
24352,128168,grow,702,9
24353,128174,here,702,9
24354,128182,said,702,9
24355,128187,the,702,9
24356,128191,Dormouse,702,9
24357,128203,Don,703,9
24358,128207,t,703,9
24359,128209,talk,703,9
24360,128214,nonsense,703,9
24361,128225,said,703,9
24362,128230,Alice,703,9
24363,128236,more,703,9
24364,128241,boldly,703,9
24365,128250,you,703,9
24366,128254,know,703,9
24367,128259,you,703,9
24368,128263,re,703,9
24369,128266,growing,703,9
24370,128274,too,703,9
24371,128282,Yes,704,9
24372,128287,but,704,9
24373,128292,I,704,9
24374,128295,grow,704,9
24375,128300,at,704,9
24376,128303,a,704,9
24377,128305,reasonable,704,9
24378,128316,pace,704,9
24379,128323,said,704,9
24380,128328,the,704,9
24381,128332,Dormouse,704,9
24382,128343,not,704,9
24383,128347,in,704,9
24384,128350,that,704,9
24385,128355,ridiculous,704,9
24386,128366,fashion,704,9
24387,128376,And,704,9
24388,128380,he,704,9
24389,128383,got,704,9
24390,128387,up,704,9
24391,128390,very,704,9
24392,128395,sulkily,704,9
24393,128403,and,704,9
24394,128407,crossed,704,9
24395,128415,over,704,9
24396,128420,to,704,9
24397,128423,the,704,9
24398,128427,other,704,9
24399,128433,side,704,9
24400,128438,of,704,9
24401,128441,the,704,9
24402,128445,court,704,9
24403,128453,All,705,9
24404,128457,this,705,9
24405,128462,time,705,9
24406,128467,the,705,9
24407,128471,Queen,705,9
24408,128477,had,705,9
24409,128481,never,705,9
24410,128487,left,705,9
24411,128492,off,705,9
24412,128496,staring,705,9
24413,128504,at,705,9
24414,128507,the,705,9
24415,128511,Hatter,705,9
24416,128519,and,705,9
24417,128524,just,705,9
24418,128529,as,705,9
24419,128532,the,705,9
24420,128536,Dormouse,705,9
24421,128545,crossed,705,9
24422,128553,the,705,9
24423,128557,court,705,9
24424,128564,she,705,9
24425,128568,said,705,9
24426,128573,to,705,9
24427,128576,one,705,9
24428,128580,of,705,9
24429,128583,the,705,9
24430,128587,officers,705,9
24431,128596,of,705,9
24432,128599,the,705,9
24433,128603,court,705,9
24434,128611,Bring,705,9
24435,128617,me,705,9
24436,128620,the,705,9
24437,128624,list,705,9
24438,128629,of,705,9
24439,128632,the,705,9
24440,128636,singers,705,9
24441,128644,in,705,9
24442,128647,the,705,9
24443,128651,last,705,9
24444,128656,concert,705,9
24445,128666,on,705,9
24446,128669,which,705,9
24447,128675,the,705,9
24448,128679,wretched,705,9
24449,128688,Hatter,705,9
24450,128695,trembled,705,9
24451,128704,so,705,9
24452,128708,that,705,9
24453,128713,he,705,9
24454,128716,shook,705,9
24455,128722,both,705,9
24456,128727,his,705,9
24457,128731,shoes,705,9
24458,128737,off,705,9
24459,128744,Give,706,9
24460,128749,your,706,9
24461,128754,evidence,706,9
24462,128765,the,706,9
24463,128769,King,706,9
24464,128774,repeated,706,9
24465,128783,angrily,706,9
24466,128793,or,706,9
24467,128796,I,706,9
24468,128798,ll,706,9
24469,128801,have,706,9
24470,128806,you,706,9
24471,128810,executed,706,9
24472,128820,whether,706,9
24473,128828,you,706,9
24474,128832,re,706,9
24475,128835,nervous,706,9
24476,128843,or,706,9
24477,128846,not,706,9
24478,128854,I,707,9
24479,128856,m,707,9
24480,128858,a,707,9
24481,128860,poor,707,9
24482,128865,man,707,9
24483,128870,your,707,9
24484,128875,Majesty,707,9
24485,128885,the,707,9
24486,128889,Hatter,707,9
24487,128896,began,707,9
24488,128903,in,707,9
24489,128906,a,707,9
24490,128908,trembling,707,9
24491,128918,voice,707,9
24492,128927,and,707,9
24493,128931,I,707,9
24494,128933,hadn,707,9
24495,128938,t,707,9
24496,128940,begun,707,9
24497,128946,my,707,9
24498,128949,tea,707,9
24499,128953,not,707,9
24500,128957,above,707,9
24501,128963,a,707,9
24502,128965,week,707,9
24503,128970,or,707,9
24504,128973,so,707,9
24505,128976,and,707,9
24506,128980,what,707,9
24507,128985,with,707,9
24508,128990,the,707,9
24509,128994,bread,707,9
24510,129000,and,707,9
24511,129004,butter,707,9
24512,129011,getting,707,9
24513,129019,so,707,9
24514,129022,thin,707,9
24515,129027,and,707,9
24516,129031,the,707,9
24517,129035,twinkling,707,9
24518,129045,of,707,9
24519,129048,the,707,9
24520,129052,tea,707,9
24521,129060,The,708,9
24522,129064,twinkling,708,9
24523,129074,of,708,9
24524,129077,the,708,9
24525,129082,what,708,9
24526,129090,said,708,9
24527,129095,the,708,9
24528,129099,King,708,9
24529,129107,It,709,9
24530,129111,began,709,9
24531,129118,with,709,9
24532,129123,the,709,9
24533,129127,tea,709,9
24534,129133,the,709,9
24535,129137,Hatter,709,9
24536,129144,replied,709,9
24537,129155,Of,710,9
24538,129158,course,710,9
24539,129165,twinkling,710,9
24540,129175,begins,710,9
24541,129182,with,710,9
24542,129187,a,710,9
24543,129189,T,710,9
24544,129193,said,710,9
24545,129198,the,710,9
24546,129202,King,710,9
24547,129207,sharply,710,9
24548,129217,Do,710,9
24549,129220,you,710,9
24550,129224,take,710,9
24551,129229,me,710,9
24552,129232,for,710,9
24553,129236,a,710,9
24554,129238,dunce,710,9
24555,129245,Go,710,9
24556,129248,on,710,9
24557,129255,I,711,9
24558,129257,m,711,9
24559,129259,a,711,9
24560,129261,poor,711,9
24561,129266,man,711,9
24562,129272,the,711,9
24563,129276,Hatter,711,9
24564,129283,went,711,9
24565,129288,on,711,9
24566,129293,and,711,9
24567,129297,most,711,9
24568,129302,things,711,9
24569,129309,twinkled,711,9
24570,129318,after,711,9
24571,129324,that,711,9
24572,129329,only,711,9
24573,129334,the,711,9
24574,129338,March,711,9
24575,129344,Hare,711,9
24576,129349,said,711,9
24577,129358,I,712,9
24578,129360,didn,712,9
24579,129365,t,712,9
24580,129369,the,712,9
24581,129373,March,712,9
24582,129379,Hare,712,9
24583,129384,interrupted,712,9
24584,129396,in,712,9
24585,129399,a,712,9
24586,129401,great,712,9
24587,129407,hurry,712,9
24588,129416,You,713,9
24589,129420,did,713,9
24590,129426,said,713,9
24591,129431,the,713,9
24592,129435,Hatter,713,9
24593,129445,I,714,9
24594,129447,deny,714,9
24595,129452,it,714,9
24596,129457,said,714,9
24597,129462,the,714,9
24598,129466,March,714,9
24599,129472,Hare,714,9
24600,129480,He,715,9
24601,129483,denies,715,9
24602,129490,it,715,9
24603,129495,said,715,9
24604,129500,the,715,9
24605,129504,King,715,9
24606,129511,leave,715,9
24607,129517,out,715,9
24608,129521,that,715,9
24609,129526,part,715,9
24610,129535,Well,716,9
24611,129541,at,716,9
24612,129544,any,716,9
24613,129548,rate,716,9
24614,129554,the,716,9
24615,129558,Dormouse,716,9
24616,129567,said,716,9
24617,129574,the,716,9
24618,129578,Hatter,716,9
24619,129585,went,716,9
24620,129590,on,716,9
24621,129594,looking,716,9
24622,129602,anxiously,716,9
24623,129612,round,716,9
24624,129618,to,716,9
24625,129621,see,716,9
24626,129625,if,716,9
24627,129628,he,716,9
24628,129631,would,716,9
24629,129637,deny,716,9
24630,129642,it,716,9
24631,129645,too,716,9
24632,129650,but,716,9
24633,129654,the,716,9
24634,129658,Dormouse,716,9
24635,129667,denied,716,9
24636,129674,nothing,716,9
24637,129683,being,716,9
24638,129689,fast,716,9
24639,129694,asleep,716,9
24640,129704,After,717,9
24641,129710,that,717,9
24642,129717,continued,717,9
24643,129727,the,717,9
24644,129731,Hatter,717,9
24645,129740,I,717,9
24646,129742,cut,717,9
24647,129746,some,717,9
24648,129751,more,717,9
24649,129756,bread,717,9
24650,129762,and,717,9
24651,129766,butter,717,9
24652,129777,But,718,9
24653,129781,what,718,9
24654,129786,did,718,9
24655,129790,the,718,9
24656,129794,Dormouse,718,9
24657,129803,say,718,9
24658,129809,one,718,9
24659,129813,of,718,9
24660,129816,the,718,9
24661,129820,jury,718,9
24662,129825,asked,718,9
24663,129834,That,719,9
24664,129839,I,719,9
24665,129841,can,719,9
24666,129845,t,719,9
24667,129847,remember,719,9
24668,129858,said,719,9
24669,129863,the,719,9
24670,129867,Hatter,719,9
24671,129877,You,720,9
24672,129882,must,720,9
24673,129888,remember,720,9
24674,129899,remarked,720,9
24675,129908,the,720,9
24676,129912,King,720,9
24677,129919,or,720,9
24678,129922,I,720,9
24679,129924,ll,720,9
24680,129927,have,720,9
24681,129932,you,720,9
24682,129936,executed,720,9
24683,129948,The,721,9
24684,129952,miserable,721,9
24685,129962,Hatter,721,9
24686,129969,dropped,721,9
24687,129977,his,721,9
24688,129981,teacup,721,9
24689,129988,and,721,9
24690,129992,bread,721,9
24691,129998,and,721,9
24692,130002,butter,721,9
24693,130010,and,721,9
24694,130014,went,721,9
24695,130019,down,721,9
24696,130024,on,721,9
24697,130027,one,721,9
24698,130031,knee,721,9
24699,130038,I,721,9
24700,130040,m,721,9
24701,130042,a,721,9
24702,130044,poor,721,9
24703,130049,man,721,9
24704,130054,your,721,9
24705,130059,Majesty,721,9
24706,130069,he,721,9
24707,130072,began,721,9
24708,130081,You,722,9
24709,130085,re,722,9
24710,130088,a,722,9
24711,130091,very,722,9
24712,130097,poor,722,9
24713,130103,speaker,722,9
24714,130114,said,722,9
24715,130119,the,722,9
24716,130123,King,722,9
24717,130130,Here,723,9
24718,130135,one,723,9
24719,130139,of,723,9
24720,130142,the,723,9
24721,130146,guinea,723,9
24722,130153,pigs,723,9
24723,130158,cheered,723,9
24724,130167,and,723,9
24725,130171,was,723,9
24726,130175,immediately,723,9
24727,130187,suppressed,723,9
24728,130198,by,723,9
24729,130201,the,723,9
24730,130205,officers,723,9
24731,130214,of,723,9
24732,130217,the,723,9
24733,130221,court,723,9
24734,130229,As,723,9
24735,130232,that,723,9
24736,130237,is,723,9
24737,130240,rather,723,9
24738,130247,a,723,9
24739,130249,hard,723,9
24740,130254,word,723,9
24741,130260,I,723,9
24742,130262,will,723,9
24743,130267,just,723,9
24744,130272,explain,723,9
24745,130280,to,723,9
24746,130283,you,723,9
24747,130287,how,723,9
24748,130291,it,723,9
24749,130294,was,723,9
24750,130298,done,723,9
24751,130304,They,723,9
24752,130309,had,723,9
24753,130313,a,723,9
24754,130315,large,723,9
24755,130321,canvas,723,9
24756,130328,bag,723,9
24757,130333,which,723,9
24758,130339,tied,723,9
24759,130344,up,723,9
24760,130347,at,723,9
24761,130350,the,723,9
24762,130354,mouth,723,9
24763,130360,with,723,9
24764,130365,strings,723,9
24765,130374,into,723,9
24766,130379,this,723,9
24767,130384,they,723,9
24768,130389,slipped,723,9
24769,130397,the,723,9
24770,130401,guinea,723,9
24771,130408,pig,723,9
24772,130413,head,723,9
24773,130418,first,723,9
24774,130425,and,723,9
24775,130429,then,723,9
24776,130434,sat,723,9
24777,130438,upon,723,9
24778,130443,it,723,9
24779,130450,I,724,9
24780,130452,m,724,9
24781,130454,glad,724,9
24782,130459,I,724,9
24783,130461,ve,724,9
24784,130464,seen,724,9
24785,130469,that,724,9
24786,130474,done,724,9
24787,130481,thought,724,9
24788,130489,Alice,724,9
24789,130497,I,724,9
24790,130499,ve,724,9
24791,130502,so,724,9
24792,130505,often,724,9
24793,130511,read,724,9
24794,130516,in,724,9
24795,130519,the,724,9
24796,130523,newspapers,724,9
24797,130535,at,724,9
24798,130538,the,724,9
24799,130542,end,724,9
24800,130546,of,724,9
24801,130549,trials,724,9
24802,130558,There,724,9
24803,130564,was,724,9
24804,130568,some,724,9
24805,130573,attempts,724,9
24806,130582,at,724,9
24807,130585,applause,724,9
24808,130595,which,724,9
24809,130601,was,724,9
24810,130605,immediately,724,9
24811,130617,suppressed,724,9
24812,130628,by,724,9
24813,130631,the,724,9
24814,130635,officers,724,9
24815,130644,of,724,9
24816,130647,the,724,9
24817,130651,court,724,9
24818,130659,and,724,9
24819,130663,I,724,9
24820,130665,never,724,9
24821,130671,understood,724,9
24822,130682,what,724,9
24823,130687,it,724,9
24824,130690,meant,724,9
24825,130696,till,724,9
24826,130701,now,724,9
24827,130709,If,725,9
24828,130712,that,725,9
24829,130717,s,725,9
24830,130719,all,725,9
24831,130723,you,725,9
24832,130727,know,725,9
24833,130732,about,725,9
24834,130738,it,725,9
24835,130742,you,725,9
24836,130746,may,725,9
24837,130750,stand,725,9
24838,130756,down,725,9
24839,130763,continued,725,9
24840,130773,the,725,9
24841,130777,King,725,9
24842,130785,I,726,9
24843,130787,can,726,9
24844,130791,t,726,9
24845,130793,go,726,9
24846,130796,no,726,9
24847,130799,lower,726,9
24848,130807,said,726,9
24849,130812,the,726,9
24850,130816,Hatter,726,9
24851,130825,I,726,9
24852,130827,m,726,9
24853,130829,on,726,9
24854,130832,the,726,9
24855,130836,floor,726,9
24856,130843,as,726,9
24857,130846,it,726,9
24858,130849,is,726,9
24859,130856,Then,727,9
24860,130861,you,727,9
24861,130865,may,727,9
24862,130870,sit,727,9
24863,130875,down,727,9
24864,130882,the,727,9
24865,130886,King,727,9
24866,130891,replied,727,9
24867,130901,Here,728,9
24868,130906,the,728,9
24869,130910,other,728,9
24870,130916,guinea,728,9
24871,130923,pig,728,9
24872,130927,cheered,728,9
24873,130936,and,728,9
24874,130940,was,728,9
24875,130944,suppressed,728,9
24876,130958,Come,729,9
24877,130964,that,729,9
24878,130969,finished,729,9
24879,130978,the,729,9
24880,130982,guinea,729,9
24881,130989,pigs,729,9
24882,130996,thought,729,9
24883,131004,Alice,729,9
24884,131012,Now,729,9
24885,131016,we,729,9
24886,131019,shall,729,9
24887,131025,get,729,9
24888,131029,on,729,9
24889,131032,better,729,9
24890,131043,I,730,9
24891,131045,d,730,9
24892,131047,rather,730,9
24893,131054,finish,730,9
24894,131061,my,730,9
24895,131064,tea,730,9
24896,131070,said,730,9
24897,131075,the,730,9
24898,131079,Hatter,730,9
24899,131087,with,730,9
24900,131092,an,730,9
24901,131095,anxious,730,9
24902,131103,look,730,9
24903,131108,at,730,9
24904,131111,the,730,9
24905,131115,Queen,730,9
24906,131122,who,730,9
24907,131126,was,730,9
24908,131130,reading,730,9
24909,131138,the,730,9
24910,131142,list,730,9
24911,131147,of,730,9
24912,131150,singers,730,9
24913,131161,You,731,9
24914,131165,may,731,9
24915,131169,go,731,9
24916,131174,said,731,9
24917,131179,the,731,9
24918,131183,King,731,9
24919,131189,and,731,9
24920,131193,the,731,9
24921,131197,Hatter,731,9
24922,131204,hurriedly,731,9
24923,131214,left,731,9
24924,131219,the,731,9
24925,131223,court,731,9
24926,131230,without,731,9
24927,131238,even,731,9
24928,131243,waiting,731,9
24929,131251,to,731,9
24930,131254,put,731,9
24931,131258,his,731,9
24932,131262,shoes,731,9
24933,131268,on,731,9
24934,131275,and,732,9
24935,131279,just,732,9
24936,131284,take,732,9
24937,131289,his,732,9
24938,131293,head,732,9
24939,131298,off,732,9
24940,131302,outside,732,9
24941,131312,the,732,9
24942,131316,Queen,732,9
24943,131322,added,732,9
24944,131328,to,732,9
24945,131331,one,732,9
24946,131335,of,732,9
24947,131338,the,732,9
24948,131342,officers,732,9
24949,131352,but,732,9
24950,131356,the,732,9
24951,131360,Hatter,732,9
24952,131367,was,732,9
24953,131371,out,732,9
24954,131375,of,732,9
24955,131378,sight,732,9
24956,131384,before,732,9
24957,131391,the,732,9
24958,131395,officer,732,9
24959,131403,could,732,9
24960,131409,get,732,9
24961,131413,to,732,9
24962,131416,the,732,9
24963,131420,door,732,9
24964,131428,Call,733,9
24965,131433,the,733,9
24966,131437,next,733,9
24967,131442,witness,733,9
24968,131452,said,733,9
24969,131457,the,733,9
24970,131461,King,733,9
24971,131468,The,734,9
24972,131472,next,734,9
24973,131477,witness,734,9
24974,131485,was,734,9
24975,131489,the,734,9
24976,131493,Duchess,734,9
24977,131501,s,734,9
24978,131503,cook,734,9
24979,131509,She,734,9
24980,131513,carried,734,9
24981,131521,the,734,9
24982,131525,pepper,734,9
24983,131532,box,734,9
24984,131536,in,734,9
24985,131539,her,734,9
24986,131543,hand,734,9
24987,131549,and,734,9
24988,131553,Alice,734,9
24989,131559,guessed,734,9
24990,131567,who,734,9
24991,131571,it,734,9
24992,131574,was,734,9
24993,131579,even,734,9
24994,131584,before,734,9
24995,131591,she,734,9
24996,131595,got,734,9
24997,131599,into,734,9
24998,131604,the,734,9
24999,131608,court,734,9
25000,131615,by,734,9
25001,131618,the,734,9
25002,131622,way,734,9
25003,131626,the,734,9
25004,131630,people,734,9
25005,131637,near,734,9
25006,131642,the,734,9
25007,131646,door,734,9
25008,131651,began,734,9
25009,131657,sneezing,734,9
25010,131666,all,734,9
25011,131670,at,734,9
25012,131673,once,734,9
25013,131681,Give,735,9
25014,131686,your,735,9
25015,131691,evidence,735,9
25016,131702,said,735,9
25017,131707,the,735,9
25018,131711,King,735,9
25019,131719,Shan,736,9
25020,131724,t,736,9
25021,131728,said,736,9
25022,131733,the,736,9
25023,131737,cook,736,9
25024,131744,The,737,9
25025,131748,King,737,9
25026,131753,looked,737,9
25027,131760,anxiously,737,9
25028,131770,at,737,9
25029,131773,the,737,9
25030,131777,White,737,9
25031,131783,Rabbit,737,9
25032,131791,who,737,9
25033,131795,said,737,9
25034,131800,in,737,9
25035,131803,a,737,9
25036,131805,low,737,9
25037,131809,voice,737,9
25038,131817,Your,737,9
25039,131822,Majesty,737,9
25040,131830,must,737,9
25041,131835,cross,737,9
25042,131841,examine,737,9
25043,131850,this,737,9
25044,131856,witness,737,9
25045,131868,Well,738,9
25046,131874,if,738,9
25047,131877,I,738,9
25048,131879,must,738,9
25049,131885,I,738,9
25050,131887,must,738,9
25051,131894,the,738,9
25052,131898,King,738,9
25053,131903,said,738,9
25054,131909,with,738,9
25055,131914,a,738,9
25056,131916,melancholy,738,9
25057,131927,air,738,9
25058,131932,and,738,9
25059,131937,after,738,9
25060,131943,folding,738,9
25061,131951,his,738,9
25062,131955,arms,738,9
25063,131960,and,738,9
25064,131964,frowning,738,9
25065,131973,at,738,9
25066,131976,the,738,9
25067,131980,cook,738,9
25068,131985,till,738,9
25069,131990,his,738,9
25070,131994,eyes,738,9
25071,131999,were,738,9
25072,132004,nearly,738,9
25073,132011,out,738,9
25074,132015,of,738,9
25075,132018,sight,738,9
25076,132025,he,738,9
25077,132028,said,738,9
25078,132033,in,738,9
25079,132036,a,738,9
25080,132038,deep,738,9
25081,132043,voice,738,9
25082,132051,What,738,9
25083,132056,are,738,9
25084,132060,tarts,738,9
25085,132066,made,738,9
25086,132071,of,738,9
25087,132078,Pepper,739,9
25088,132086,mostly,739,9
25089,132095,said,739,9
25090,132100,the,739,9
25091,132104,cook,739,9
25092,132112,Treacle,740,9
25093,132122,said,740,9
25094,132127,a,740,9
25095,132129,sleepy,740,9
25096,132136,voice,740,9
25097,132142,behind,740,9
25098,132149,her,740,9
25099,132156,Collar,741,9
25100,132163,that,741,9
25101,132168,Dormouse,741,9
25102,132179,the,741,9
25103,132183,Queen,741,9
25104,132189,shrieked,741,9
25105,132198,out,741,9
25106,132204,Behead,741,9
25107,132211,that,741,9
25108,132216,Dormouse,741,9
25109,132226,Turn,741,9
25110,132231,that,741,9
25111,132236,Dormouse,741,9
25112,132245,out,741,9
25113,132249,of,741,9
25114,132252,court,741,9
25115,132259,Suppress,741,9
25116,132268,him,741,9
25117,132273,Pinch,741,9
25118,132279,him,741,9
25119,132284,Off,741,9
25120,132288,with,741,9
25121,132293,his,741,9
25122,132297,whiskers,741,9
25123,132309,For,742,9
25124,132313,some,742,9
25125,132318,minutes,742,9
25126,132326,the,742,9
25127,132330,whole,742,9
25128,132336,court,742,9
25129,132342,was,742,9
25130,132346,in,742,9
25131,132349,confusion,742,9
25132,132360,getting,742,9
25133,132368,the,742,9
25134,132372,Dormouse,742,9
25135,132381,turned,742,9
25136,132388,out,742,9
25137,132393,and,742,9
25138,132398,by,742,9
25139,132401,the,742,9
25140,132405,time,742,9
25141,132410,they,742,9
25142,132415,had,742,9
25143,132419,settled,742,9
25144,132427,down,742,9
25145,132432,again,742,9
25146,132439,the,742,9
25147,132443,cook,742,9
25148,132448,had,742,9
25149,132452,disappeared,742,9
25150,132467,Never,743,9
25151,132473,mind,743,9
25152,132480,said,743,9
25153,132485,the,743,9
25154,132489,King,743,9
25155,132495,with,743,9
25156,132500,an,743,9
25157,132503,air,743,9
25158,132507,of,743,9
25159,132510,great,743,9
25160,132516,relief,743,9
25161,132525,Call,743,9
25162,132530,the,743,9
25163,132534,next,743,9
25164,132539,witness,743,9
25165,132549,And,743,9
25166,132553,he,743,9
25167,132556,added,743,9
25168,132562,in,743,9
25169,132565,an,743,9
25170,132568,undertone,743,9
25171,132578,to,743,9
25172,132581,the,743,9
25173,132585,Queen,743,9
25174,132593,Really,743,9
25175,132601,my,743,9
25176,132604,dear,743,9
25177,132611,you,743,9
25178,132616,must,743,9
25179,132621,cross,743,9
25180,132627,examine,743,9
25181,132635,the,743,9
25182,132639,next,743,9
25183,132644,witness,743,9
25184,132653,It,743,9
25185,132656,quite,743,9
25186,132662,makes,743,9
25187,132668,my,743,9
25188,132671,forehead,743,9
25189,132680,ache,743,9
25190,132688,Alice,744,9
25191,132694,watched,744,9
25192,132702,the,744,9
25193,132706,White,744,9
25194,132712,Rabbit,744,9
25195,132719,as,744,9
25196,132722,he,744,9
25197,132725,fumbled,744,9
25198,132733,over,744,9
25199,132738,the,744,9
25200,132742,list,744,9
25201,132748,feeling,744,9
25202,132756,very,744,9
25203,132761,curious,744,9
25204,132769,to,744,9
25205,132772,see,744,9
25206,132776,what,744,9
25207,132781,the,744,9
25208,132785,next,744,9
25209,132790,witness,744,9
25210,132798,would,744,9
25211,132804,be,744,9
25212,132807,like,744,9
25213,132815,for,744,9
25214,132819,they,744,9
25215,132824,haven,744,9
25216,132830,t,744,9
25217,132832,got,744,9
25218,132836,much,744,9
25219,132841,evidence,744,9
25220,132851,yet,744,9
25221,132858,she,744,9
25222,132862,said,744,9
25223,132867,to,744,9
25224,132870,herself,744,9
25225,132879,Imagine,744,9
25226,132887,her,744,9
25227,132891,surprise,744,9
25228,132901,when,744,9
25229,132906,the,744,9
25230,132910,White,744,9
25231,132916,Rabbit,744,9
25232,132923,read,744,9
25233,132928,out,744,9
25234,132933,at,744,9
25235,132936,the,744,9
25236,132940,top,744,9
25237,132944,of,744,9
25238,132947,his,744,9
25239,132951,shrill,744,9
25240,132958,little,744,9
25241,132965,voice,744,9
25242,132972,the,744,9
25243,132976,name,744,9
25244,132982,Alice,744,9
25245,132994,CHAPTER,745,10
25246,133002,XII,745,10
25247,133007,Alice,745,10
25248,133013,s,745,10
25249,133015,Evidence,745,10
25250,133027,Here,746,10
25251,133034,cried,746,10
25252,133040,Alice,746,10
25253,133047,quite,746,10
25254,133053,forgetting,746,10
25255,133064,in,746,10
25256,133067,the,746,10
25257,133071,flurry,746,10
25258,133078,of,746,10
25259,133081,the,746,10
25260,133085,moment,746,10
25261,133092,how,746,10
25262,133096,large,746,10
25263,133102,she,746,10
25264,133106,had,746,10
25265,133110,grown,746,10
25266,133116,in,746,10
25267,133119,the,746,10
25268,133123,last,746,10
25269,133128,few,746,10
25270,133132,minutes,746,10
25271,133141,and,746,10
25272,133145,she,746,10
25273,133149,jumped,746,10
25274,133156,up,746,10
25275,133159,in,746,10
25276,133162,such,746,10
25277,133167,a,746,10
25278,133169,hurry,746,10
25279,133175,that,746,10
25280,133180,she,746,10
25281,133184,tipped,746,10
25282,133191,over,746,10
25283,133196,the,746,10
25284,133200,jury,746,10
25285,133205,box,746,10
25286,133209,with,746,10
25287,133214,the,746,10
25288,133218,edge,746,10
25289,133223,of,746,10
25290,133226,her,746,10
25291,133230,skirt,746,10
25292,133237,upsetting,746,10
25293,133247,all,746,10
25294,133251,the,746,10
25295,133255,jurymen,746,10
25296,133263,on,746,10
25297,133266,to,746,10
25298,133269,the,746,10
25299,133273,heads,746,10
25300,133279,of,746,10
25301,133282,the,746,10
25302,133286,crowd,746,10
25303,133292,below,746,10
25304,133299,and,746,10
25305,133303,there,746,10
25306,133309,they,746,10
25307,133314,lay,746,10
25308,133318,sprawling,746,10
25309,133328,about,746,10
25310,133335,reminding,746,10
25311,133345,her,746,10
25312,133349,very,746,10
25313,133354,much,746,10
25314,133359,of,746,10
25315,133362,a,746,10
25316,133364,globe,746,10
25317,133370,of,746,10
25318,133373,goldfish,746,10
25319,133382,she,746,10
25320,133386,had,746,10
25321,133390,accidentally,746,10
25322,133403,upset,746,10
25323,133409,the,746,10
25324,133413,week,746,10
25325,133418,before,746,10
25326,133428,Oh,747,10
25327,133432,I,747,10
25328,133435,beg,747,10
25329,133440,your,747,10
25330,133445,pardon,747,10
25331,133454,she,747,10
25332,133458,exclaimed,747,10
25333,133468,in,747,10
25334,133471,a,747,10
25335,133473,tone,747,10
25336,133478,of,747,10
25337,133481,great,747,10
25338,133487,dismay,747,10
25339,133495,and,747,10
25340,133499,began,747,10
25341,133505,picking,747,10
25342,133513,them,747,10
25343,133518,up,747,10
25344,133521,again,747,10
25345,133527,as,747,10
25346,133530,quickly,747,10
25347,133538,as,747,10
25348,133541,she,747,10
25349,133545,could,747,10
25350,133552,for,747,10
25351,133556,the,747,10
25352,133560,accident,747,10
25353,133569,of,747,10
25354,133572,the,747,10
25355,133576,goldfish,747,10
25356,133585,kept,747,10
25357,133590,running,747,10
25358,133598,in,747,10
25359,133601,her,747,10
25360,133605,head,747,10
25361,133611,and,747,10
25362,133615,she,747,10
25363,133619,had,747,10
25364,133623,a,747,10
25365,133625,vague,747,10
25366,133631,sort,747,10
25367,133636,of,747,10
25368,133639,idea,747,10
25369,133644,that,747,10
25370,133649,they,747,10
25371,133654,must,747,10
25372,133659,be,747,10
25373,133662,collected,747,10
25374,133672,at,747,10
25375,133675,once,747,10
25376,133680,and,747,10
25377,133684,put,747,10
25378,133688,back,747,10
25379,133693,into,747,10
25380,133698,the,747,10
25381,133702,jury,747,10
25382,133707,box,747,10
25383,133712,or,747,10
25384,133715,they,747,10
25385,133720,would,747,10
25386,133726,die,747,10
25387,133733,The,748,10
25388,133737,trial,748,10
25389,133743,cannot,748,10
25390,133750,proceed,748,10
25391,133760,said,748,10
25392,133765,the,748,10
25393,133769,King,748,10
25394,133774,in,748,10
25395,133777,a,748,10
25396,133779,very,748,10
25397,133784,grave,748,10
25398,133790,voice,748,10
25399,133798,until,748,10
25400,133804,all,748,10
25401,133808,the,748,10
25402,133812,jurymen,748,10
25403,133820,are,748,10
25404,133824,back,748,10
25405,133829,in,748,10
25406,133832,their,748,10
25407,133838,proper,748,10
25408,133845,places,748,10
25409,133853,all,748,10
25410,133860,he,748,10
25411,133863,repeated,748,10
25412,133872,with,748,10
25413,133877,great,748,10
25414,133883,emphasis,748,10
25415,133893,looking,748,10
25416,133901,hard,748,10
25417,133906,at,748,10
25418,133909,Alice,748,10
25419,133915,as,748,10
25420,133918,he,748,10
25421,133921,said,748,10
25422,133926,so,748,10
25423,133931,Alice,749,10
25424,133937,looked,749,10
25425,133944,at,749,10
25426,133947,the,749,10
25427,133951,jury,749,10
25428,133956,box,749,10
25429,133961,and,749,10
25430,133965,saw,749,10
25431,133969,that,749,10
25432,133975,in,749,10
25433,133978,her,749,10
25434,133982,haste,749,10
25435,133989,she,749,10
25436,133993,had,749,10
25437,133997,put,749,10
25438,134001,the,749,10
25439,134005,Lizard,749,10
25440,134012,in,749,10
25441,134015,head,749,10
25442,134020,downwards,749,10
25443,134031,and,749,10
25444,134035,the,749,10
25445,134039,poor,749,10
25446,134044,little,749,10
25447,134051,thing,749,10
25448,134057,was,749,10
25449,134061,waving,749,10
25450,134068,its,749,10
25451,134072,tail,749,10
25452,134077,about,749,10
25453,134083,in,749,10
25454,134086,a,749,10
25455,134088,melancholy,749,10
25456,134099,way,749,10
25457,134104,being,749,10
25458,134110,quite,749,10
25459,134116,unable,749,10
25460,134123,to,749,10
25461,134126,move,749,10
25462,134132,She,749,10
25463,134136,soon,749,10
25464,134141,got,749,10
25465,134145,it,749,10
25466,134148,out,749,10
25467,134152,again,749,10
25468,134159,and,749,10
25469,134163,put,749,10
25470,134167,it,749,10
25471,134170,right,749,10
25472,134178,not,749,10
25473,134182,that,749,10
25474,134187,it,749,10
25475,134190,signifies,749,10
25476,134200,much,749,10
25477,134207,she,749,10
25478,134211,said,749,10
25479,134216,to,749,10
25480,134219,herself,749,10
25481,134229,I,749,10
25482,134231,should,749,10
25483,134238,think,749,10
25484,134244,it,749,10
25485,134247,would,749,10
25486,134253,be,749,10
25487,134257,quite,749,10
25488,134264,as,749,10
25489,134267,much,749,10
25490,134272,use,749,10
25491,134276,in,749,10
25492,134279,the,749,10
25493,134283,trial,749,10
25494,134289,one,749,10
25495,134293,way,749,10
25496,134297,up,749,10
25497,134300,as,749,10
25498,134303,the,749,10
25499,134307,other,749,10
25500,134316,As,750,10
25501,134319,soon,750,10
25502,134324,as,750,10
25503,134327,the,750,10
25504,134331,jury,750,10
25505,134336,had,750,10
25506,134340,a,750,10
25507,134342,little,750,10
25508,134349,recovered,750,10
25509,134359,from,750,10
25510,134364,the,750,10
25511,134368,shock,750,10
25512,134374,of,750,10
25513,134377,being,750,10
25514,134383,upset,750,10
25515,134390,and,750,10
25516,134394,their,750,10
25517,134400,slates,750,10
25518,134407,and,750,10
25519,134411,pencils,750,10
25520,134419,had,750,10
25521,134423,been,750,10
25522,134428,found,750,10
25523,134434,and,750,10
25524,134438,handed,750,10
25525,134445,back,750,10
25526,134450,to,750,10
25527,134453,them,750,10
25528,134459,they,750,10
25529,134464,set,750,10
25530,134468,to,750,10
25531,134471,work,750,10
25532,134476,very,750,10
25533,134481,diligently,750,10
25534,134492,to,750,10
25535,134495,write,750,10
25536,134501,out,750,10
25537,134505,a,750,10
25538,134507,history,750,10
25539,134515,of,750,10
25540,134518,the,750,10
25541,134522,accident,750,10
25542,134532,all,750,10
25543,134536,except,750,10
25544,134543,the,750,10
25545,134547,Lizard,750,10
25546,134555,who,750,10
25547,134559,seemed,750,10
25548,134566,too,750,10
25549,134570,much,750,10
25550,134575,overcome,750,10
25551,134584,to,750,10
25552,134587,do,750,10
25553,134590,anything,750,10
25554,134599,but,750,10
25555,134603,sit,750,10
25556,134607,with,750,10
25557,134612,its,750,10
25558,134616,mouth,750,10
25559,134622,open,750,10
25560,134628,gazing,750,10
25561,134635,up,750,10
25562,134638,into,750,10
25563,134643,the,750,10
25564,134647,roof,750,10
25565,134652,of,750,10
25566,134655,the,750,10
25567,134659,court,750,10
25568,134668,What,751,10
25569,134673,do,751,10
25570,134676,you,751,10
25571,134680,know,751,10
25572,134685,about,751,10
25573,134691,this,751,10
25574,134696,business,751,10
25575,134707,the,751,10
25576,134711,King,751,10
25577,134716,said,751,10
25578,134721,to,751,10
25579,134724,Alice,751,10
25580,134733,Nothing,752,10
25581,134743,said,752,10
25582,134748,Alice,752,10
25583,134757,Nothing,753,10
25584,134766,whatever,753,10
25585,134778,persisted,753,10
25586,134788,the,753,10
25587,134792,King,753,10
25588,134800,Nothing,754,10
25589,134808,whatever,754,10
25590,134819,said,754,10
25591,134824,Alice,754,10
25592,134833,That,755,10
25593,134838,s,755,10
25594,134840,very,755,10
25595,134845,important,755,10
25596,134857,the,755,10
25597,134861,King,755,10
25598,134866,said,755,10
25599,134872,turning,755,10
25600,134880,to,755,10
25601,134883,the,755,10
25602,134887,jury,755,10
25603,134893,They,755,10
25604,134898,were,755,10
25605,134903,just,755,10
25606,134908,beginning,755,10
25607,134918,to,755,10
25608,134921,write,755,10
25609,134927,this,755,10
25610,134932,down,755,10
25611,134937,on,755,10
25612,134940,their,755,10
25613,134946,slates,755,10
25614,134954,when,755,10
25615,134959,the,755,10
25616,134963,White,755,10
25617,134969,Rabbit,755,10
25618,134976,interrupted,755,10
25619,134991,Un,755,10
25620,134994,important,755,10
25621,135005,your,755,10
25622,135010,Majesty,755,10
25623,135018,means,755,10
25624,135025,of,755,10
25625,135028,course,755,10
25626,135037,he,755,10
25627,135040,said,755,10
25628,135045,in,755,10
25629,135048,a,755,10
25630,135050,very,755,10
25631,135055,respectful,755,10
25632,135066,tone,755,10
25633,135072,but,755,10
25634,135076,frowning,755,10
25635,135085,and,755,10
25636,135089,making,755,10
25637,135096,faces,755,10
25638,135102,at,755,10
25639,135105,him,755,10
25640,135109,as,755,10
25641,135112,he,755,10
25642,135115,spoke,755,10
25643,135125,Un,756,10
25644,135128,important,756,10
25645,135139,of,756,10
25646,135142,course,756,10
25647,135150,I,756,10
25648,135152,meant,756,10
25649,135160,the,756,10
25650,135164,King,756,10
25651,135169,hastily,756,10
25652,135177,said,756,10
25653,135183,and,756,10
25654,135187,went,756,10
25655,135192,on,756,10
25656,135195,to,756,10
25657,135198,himself,756,10
25658,135206,in,756,10
25659,135209,an,756,10
25660,135212,undertone,756,10
25661,135225,important,757,10
25662,135235,unimportant,757,10
25663,135247,unimportant,757,10
25664,135259,important,757,10
25665,135271,as,757,10
25666,135274,if,757,10
25667,135277,he,757,10
25668,135280,were,757,10
25669,135285,trying,757,10
25670,135292,which,757,10
25671,135298,word,757,10
25672,135303,sounded,757,10
25673,135311,best,757,10
25674,135318,Some,758,10
25675,135323,of,758,10
25676,135326,the,758,10
25677,135330,jury,758,10
25678,135335,wrote,758,10
25679,135341,it,758,10
25680,135344,down,758,10
25681,135350,important,758,10
25682,135362,and,758,10
25683,135366,some,758,10
25684,135372,unimportant,758,10
25685,135386,Alice,758,10
25686,135392,could,758,10
25687,135398,see,758,10
25688,135402,this,758,10
25689,135408,as,758,10
25690,135411,she,758,10
25691,135415,was,758,10
25692,135419,near,758,10
25693,135424,enough,758,10
25694,135431,to,758,10
25695,135434,look,758,10
25696,135439,over,758,10
25697,135444,their,758,10
25698,135450,slates,758,10
25699,135459,but,758,10
25700,135463,it,758,10
25701,135466,doesn,758,10
25702,135472,t,758,10
25703,135474,matter,758,10
25704,135481,a,758,10
25705,135483,bit,758,10
25706,135489,she,758,10
25707,135493,thought,758,10
25708,135501,to,758,10
25709,135504,herself,758,10
25710,135514,At,759,10
25711,135517,this,759,10
25712,135522,moment,759,10
25713,135529,the,759,10
25714,135533,King,759,10
25715,135539,who,759,10
25716,135543,had,759,10
25717,135547,been,759,10
25718,135552,for,759,10
25719,135556,some,759,10
25720,135561,time,759,10
25721,135566,busily,759,10
25722,135573,writing,759,10
25723,135581,in,759,10
25724,135584,his,759,10
25725,135588,note,759,10
25726,135593,book,759,10
25727,135599,cackled,759,10
25728,135607,out,759,10
25729,135612,Silence,759,10
25730,135622,and,759,10
25731,135626,read,759,10
25732,135631,out,759,10
25733,135635,from,759,10
25734,135640,his,759,10
25735,135644,book,759,10
25736,135651,Rule,759,10
25737,135656,Forty,759,10
25738,135662,two,759,10
25739,135668,All,759,10
25740,135672,persons,759,10
25741,135680,more,759,10
25742,135685,than,759,10
25743,135690,a,759,10
25744,135692,mile,759,10
25745,135697,high,759,10
25746,135702,to,759,10
25747,135705,leave,759,10
25748,135711,the,759,10
25749,135715,court,759,10
25750,135725,Everybody,760,10
25751,135735,looked,760,10
25752,135742,at,760,10
25753,135745,Alice,760,10
25754,135755,I,761,10
25755,135757,m,761,10
25756,135760,not,761,10
25757,135764,a,761,10
25758,135766,mile,761,10
25759,135771,high,761,10
25760,135778,said,761,10
25761,135783,Alice,761,10
25762,135792,You,762,10
25763,135796,are,762,10
25764,135802,said,762,10
25765,135807,the,762,10
25766,135811,King,762,10
25767,135819,Nearly,763,10
25768,135826,two,763,10
25769,135830,miles,763,10
25770,135836,high,763,10
25771,135843,added,763,10
25772,135849,the,763,10
25773,135853,Queen,763,10
25774,135862,Well,764,10
25775,135868,I,764,10
25776,135870,shan,764,10
25777,135875,t,764,10
25778,135877,go,764,10
25779,135881,at,764,10
25780,135884,any,764,10
25781,135888,rate,764,10
25782,135895,said,764,10
25783,135900,Alice,764,10
25784,135908,besides,764,10
25785,135917,that,764,10
25786,135922,s,764,10
25787,135924,not,764,10
25788,135928,a,764,10
25789,135930,regular,764,10
25790,135938,rule,764,10
25791,135944,you,764,10
25792,135948,invented,764,10
25793,135957,it,764,10
25794,135960,just,764,10
25795,135965,now,764,10
25796,135973,It,765,10
25797,135976,s,765,10
25798,135978,the,765,10
25799,135982,oldest,765,10
25800,135989,rule,765,10
25801,135994,in,765,10
25802,135997,the,765,10
25803,136001,book,765,10
25804,136008,said,765,10
25805,136013,the,765,10
25806,136017,King,765,10
25807,136025,Then,766,10
25808,136030,it,766,10
25809,136033,ought,766,10
25810,136039,to,766,10
25811,136042,be,766,10
25812,136045,Number,766,10
25813,136052,One,766,10
25814,136058,said,766,10
25815,136063,Alice,766,10
25816,136071,The,767,10
25817,136075,King,767,10
25818,136080,turned,767,10
25819,136087,pale,767,10
25820,136093,and,767,10
25821,136097,shut,767,10
25822,136102,his,767,10
25823,136106,note,767,10
25824,136111,book,767,10
25825,136116,hastily,767,10
25826,136126,Consider,767,10
25827,136135,your,767,10
25828,136140,verdict,767,10
25829,136150,he,767,10
25830,136153,said,767,10
25831,136158,to,767,10
25832,136161,the,767,10
25833,136165,jury,767,10
25834,136171,in,767,10
25835,136174,a,767,10
25836,136176,low,767,10
25837,136181,trembling,767,10
25838,136191,voice,767,10
25839,136200,There,768,10
25840,136206,s,768,10
25841,136208,more,768,10
25842,136213,evidence,768,10
25843,136222,to,768,10
25844,136225,come,768,10
25845,136230,yet,768,10
25846,136235,please,768,10
25847,136242,your,768,10
25848,136247,Majesty,768,10
25849,136257,said,768,10
25850,136262,the,768,10
25851,136266,White,768,10
25852,136272,Rabbit,768,10
25853,136280,jumping,768,10
25854,136288,up,768,10
25855,136291,in,768,10
25856,136294,a,768,10
25857,136296,great,768,10
25858,136302,hurry,768,10
25859,136310,this,768,10
25860,136315,paper,768,10
25861,136321,has,768,10
25862,136325,just,768,10
25863,136330,been,768,10
25864,136335,picked,768,10
25865,136342,up,768,10
25866,136349,What,769,10
25867,136354,s,769,10
25868,136356,in,769,10
25869,136359,it,769,10
25870,136364,said,769,10
25871,136369,the,769,10
25872,136373,Queen,769,10
25873,136382,I,770,10
25874,136384,haven,770,10
25875,136390,t,770,10
25876,136392,opened,770,10
25877,136399,it,770,10
25878,136402,yet,770,10
25879,136408,said,770,10
25880,136413,the,770,10
25881,136417,White,770,10
25882,136423,Rabbit,770,10
25883,136432,but,770,10
25884,136436,it,770,10
25885,136439,seems,770,10
25886,136445,to,770,10
25887,136448,be,770,10
25888,136451,a,770,10
25889,136453,letter,770,10
25890,136461,written,770,10
25891,136469,by,770,10
25892,136472,the,770,10
25893,136476,prisoner,770,10
25894,136485,to,770,10
25895,136488,to,770,10
25896,136491,somebody,770,10
25897,136504,It,771,10
25898,136507,must,771,10
25899,136512,have,771,10
25900,136517,been,771,10
25901,136522,that,771,10
25902,136529,said,771,10
25903,136534,the,771,10
25904,136538,King,771,10
25905,136545,unless,771,10
25906,136552,it,771,10
25907,136555,was,771,10
25908,136559,written,771,10
25909,136567,to,771,10
25910,136570,nobody,771,10
25911,136578,which,771,10
25912,136584,isn,771,10
25913,136588,t,771,10
25914,136590,usual,771,10
25915,136597,you,771,10
25916,136601,know,771,10
25917,136610,Who,772,10
25918,136614,is,772,10
25919,136617,it,772,10
25920,136620,directed,772,10
25921,136629,to,772,10
25922,136634,said,772,10
25923,136639,one,772,10
25924,136643,of,772,10
25925,136646,the,772,10
25926,136650,jurymen,772,10
25927,136661,It,773,10
25928,136664,isn,773,10
25929,136668,t,773,10
25930,136670,directed,773,10
25931,136679,at,773,10
25932,136682,all,773,10
25933,136688,said,773,10
25934,136693,the,773,10
25935,136697,White,773,10
25936,136703,Rabbit,773,10
25937,136712,in,773,10
25938,136715,fact,773,10
25939,136721,there,773,10
25940,136727,s,773,10
25941,136729,nothing,773,10
25942,136737,written,773,10
25943,136745,on,773,10
25944,136748,the,773,10
25945,136753,outside,773,10
25946,136764,He,773,10
25947,136767,unfolded,773,10
25948,136776,the,773,10
25949,136780,paper,773,10
25950,136786,as,773,10
25951,136789,he,773,10
25952,136792,spoke,773,10
25953,136799,and,773,10
25954,136803,added,773,10
25955,136810,It,773,10
25956,136813,isn,773,10
25957,136817,t,773,10
25958,136819,a,773,10
25959,136821,letter,773,10
25960,136829,after,773,10
25961,136835,all,773,10
25962,136840,it,773,10
25963,136843,s,773,10
25964,136845,a,773,10
25965,136847,set,773,10
25966,136851,of,773,10
25967,136854,verses,773,10
25968,136865,Are,774,10
25969,136869,they,774,10
25970,136874,in,774,10
25971,136877,the,774,10
25972,136881,prisoner,774,10
25973,136890,s,774,10
25974,136892,handwriting,774,10
25975,136906,asked,774,10
25976,136912,another,774,10
25977,136920,of,774,10
25978,136923,the,774,10
25979,136927,jurymen,774,10
25980,136938,No,775,10
25981,136942,they,775,10
25982,136947,re,775,10
25983,136950,not,775,10
25984,136956,said,775,10
25985,136961,the,775,10
25986,136965,White,775,10
25987,136971,Rabbit,775,10
25988,136980,and,775,10
25989,136984,that,775,10
25990,136989,s,775,10
25991,136991,the,775,10
25992,136995,queerest,775,10
25993,137004,thing,775,10
25994,137010,about,775,10
25995,137016,it,775,10
25996,137022,The,775,10
25997,137026,jury,775,10
25998,137031,all,775,10
25999,137035,looked,775,10
26000,137042,puzzled,775,10
26001,137054,He,776,10
26002,137057,must,776,10
26003,137062,have,776,10
26004,137067,imitated,776,10
26005,137076,somebody,776,10
26006,137085,else,776,10
26007,137090,s,776,10
26008,137092,hand,776,10
26009,137099,said,776,10
26010,137104,the,776,10
26011,137108,King,776,10
26012,137115,The,776,10
26013,137119,jury,776,10
26014,137124,all,776,10
26015,137128,brightened,776,10
26016,137139,up,776,10
26017,137142,again,776,10
26018,137152,Please,777,10
26019,137159,your,777,10
26020,137164,Majesty,777,10
26021,137174,said,777,10
26022,137179,the,777,10
26023,137183,Knave,777,10
26024,137191,I,777,10
26025,137193,didn,777,10
26026,137198,t,777,10
26027,137200,write,777,10
26028,137206,it,777,10
26029,137210,and,777,10
26030,137214,they,777,10
26031,137219,can,777,10
26032,137223,t,777,10
26033,137225,prove,777,10
26034,137231,I,777,10
26035,137233,did,777,10
26036,137238,there,777,10
26037,137244,s,777,10
26038,137246,no,777,10
26039,137249,name,777,10
26040,137254,signed,777,10
26041,137261,at,777,10
26042,137264,the,777,10
26043,137268,end,777,10
26044,137276,If,778,10
26045,137279,you,778,10
26046,137283,didn,778,10
26047,137288,t,778,10
26048,137290,sign,778,10
26049,137295,it,778,10
26050,137300,said,778,10
26051,137305,the,778,10
26052,137309,King,778,10
26053,137316,that,778,10
26054,137321,only,778,10
26055,137326,makes,778,10
26056,137332,the,778,10
26057,137336,matter,778,10
26058,137343,worse,778,10
26059,137350,You,778,10
26060,137355,must,778,10
26061,137361,have,778,10
26062,137366,meant,778,10
26063,137372,some,778,10
26064,137377,mischief,778,10
26065,137387,or,778,10
26066,137390,else,778,10
26067,137395,you,778,10
26068,137399,d,778,10
26069,137401,have,778,10
26070,137406,signed,778,10
26071,137413,your,778,10
26072,137418,name,778,10
26073,137423,like,778,10
26074,137428,an,778,10
26075,137431,honest,778,10
26076,137438,man,778,10
26077,137445,There,779,10
26078,137451,was,779,10
26079,137455,a,779,10
26080,137457,general,779,10
26081,137465,clapping,779,10
26082,137474,of,779,10
26083,137477,hands,779,10
26084,137483,at,779,10
26085,137486,this,779,10
26086,137492,it,779,10
26087,137495,was,779,10
26088,137499,the,779,10
26089,137503,first,779,10
26090,137509,really,779,10
26091,137516,clever,779,10
26092,137523,thing,779,10
26093,137529,the,779,10
26094,137533,King,779,10
26095,137538,had,779,10
26096,137542,said,779,10
26097,137547,that,779,10
26098,137552,day,779,10
26099,137559,That,780,10
26100,137565,proves,780,10
26101,137573,his,780,10
26102,137577,guilt,780,10
26103,137585,said,780,10
26104,137590,the,780,10
26105,137594,Queen,780,10
26106,137603,It,781,10
26107,137606,proves,781,10
26108,137613,nothing,781,10
26109,137621,of,781,10
26110,137624,the,781,10
26111,137628,sort,781,10
26112,137635,said,781,10
26113,137640,Alice,781,10
26114,137648,Why,781,10
26115,137653,you,781,10
26116,137657,don,781,10
26117,137661,t,781,10
26118,137663,even,781,10
26119,137668,know,781,10
26120,137673,what,781,10
26121,137678,they,781,10
26122,137683,re,781,10
26123,137686,about,781,10
26124,137696,Read,782,10
26125,137701,them,782,10
26126,137708,said,782,10
26127,137713,the,782,10
26128,137717,King,782,10
26129,137724,The,783,10
26130,137728,White,783,10
26131,137734,Rabbit,783,10
26132,137741,put,783,10
26133,137745,on,783,10
26134,137748,his,783,10
26135,137752,spectacles,783,10
26136,137765,Where,783,10
26137,137771,shall,783,10
26138,137777,I,783,10
26139,137779,begin,783,10
26140,137786,please,783,10
26141,137793,your,783,10
26142,137798,Majesty,783,10
26143,137808,he,783,10
26144,137811,asked,783,10
26145,137820,Begin,784,10
26146,137826,at,784,10
26147,137829,the,784,10
26148,137833,beginning,784,10
26149,137845,the,784,10
26150,137849,King,784,10
26151,137854,said,784,10
26152,137859,gravely,784,10
26153,137869,and,784,10
26154,137873,go,784,10
26155,137876,on,784,10
26156,137879,till,784,10
26157,137884,you,784,10
26158,137888,come,784,10
26159,137893,to,784,10
26160,137896,the,784,10
26161,137900,end,784,10
26162,137905,then,784,10
26163,137910,stop,784,10
26164,137918,These,785,10
26165,137924,were,785,10
26166,137929,the,785,10
26167,137933,verses,785,10
26168,137940,the,785,10
26169,137944,White,785,10
26170,137950,Rabbit,785,10
26171,137957,read,785,10
26172,137966,They,786,10
26173,137971,told,786,10
26174,137976,me,786,10
26175,137979,you,786,10
26176,137983,had,786,10
26177,137987,been,786,10
26178,137992,to,786,10
26179,137995,her,786,10
26180,138004,And,786,10
26181,138008,mentioned,786,10
26182,138018,me,786,10
26183,138021,to,786,10
26184,138024,him,786,10
26185,138029,She,786,10
26186,138033,gave,786,10
26187,138038,me,786,10
26188,138041,a,786,10
26189,138043,good,786,10
26190,138048,character,786,10
26191,138063,But,786,10
26192,138067,said,786,10
26193,138072,I,786,10
26194,138074,could,786,10
26195,138080,not,786,10
26196,138084,swim,786,10
26197,138091,He,787,10
26198,138094,sent,787,10
26199,138099,them,787,10
26200,138104,word,787,10
26201,138109,I,787,10
26202,138111,had,787,10
26203,138115,not,787,10
26204,138119,gone,787,10
26205,138129,We,787,10
26206,138132,know,787,10
26207,138137,it,787,10
26208,138140,to,787,10
26209,138143,be,787,10
26210,138146,true,787,10
26211,138153,If,787,10
26212,138156,she,787,10
26213,138160,should,787,10
26214,138167,push,787,10
26215,138172,the,787,10
26216,138176,matter,787,10
26217,138183,on,787,10
26218,138191,What,787,10
26219,138196,would,787,10
26220,138202,become,787,10
26221,138209,of,787,10
26222,138212,you,787,10
26223,138218,I,788,10
26224,138220,gave,788,10
26225,138225,her,788,10
26226,138229,one,788,10
26227,138234,they,788,10
26228,138239,gave,788,10
26229,138244,him,788,10
26230,138248,two,788,10
26231,138257,You,788,10
26232,138261,gave,788,10
26233,138266,us,788,10
26234,138269,three,788,10
26235,138275,or,788,10
26236,138278,more,788,10
26237,138284,They,788,10
26238,138289,all,788,10
26239,138293,returned,788,10
26240,138302,from,788,10
26241,138307,him,788,10
26242,138311,to,788,10
26243,138314,you,788,10
26244,138323,Though,788,10
26245,138330,they,788,10
26246,138335,were,788,10
26247,138340,mine,788,10
26248,138345,before,788,10
26249,138354,If,789,10
26250,138357,I,789,10
26251,138359,or,789,10
26252,138362,she,789,10
26253,138366,should,789,10
26254,138373,chance,789,10
26255,138380,to,789,10
26256,138383,be,789,10
26257,138390,Involved,789,10
26258,138399,in,789,10
26259,138402,this,789,10
26260,138407,affair,789,10
26261,138415,He,789,10
26262,138418,trusts,789,10
26263,138425,to,789,10
26264,138428,you,789,10
26265,138432,to,789,10
26266,138435,set,789,10
26267,138439,them,789,10
26268,138444,free,789,10
26269,138454,Exactly,789,10
26270,138462,as,789,10
26271,138465,we,789,10
26272,138468,were,789,10
26273,138475,My,790,10
26274,138478,notion,790,10
26275,138485,was,790,10
26276,138489,that,790,10
26277,138494,you,790,10
26278,138498,had,790,10
26279,138502,been,790,10
26280,138512,Before,790,10
26281,138519,she,790,10
26282,138523,had,790,10
26283,138527,this,790,10
26284,138532,fit,790,10
26285,138537,An,790,10
26286,138540,obstacle,790,10
26287,138549,that,790,10
26288,138554,came,790,10
26289,138559,between,790,10
26290,138571,Him,790,10
26291,138576,and,790,10
26292,138580,ourselves,790,10
26293,138591,and,790,10
26294,138595,it,790,10
26295,138600,Don,791,10
26296,138604,t,791,10
26297,138606,let,791,10
26298,138610,him,791,10
26299,138614,know,791,10
26300,138619,she,791,10
26301,138623,liked,791,10
26302,138629,them,791,10
26303,138634,best,791,10
26304,138644,For,791,10
26305,138648,this,791,10
26306,138653,must,791,10
26307,138658,ever,791,10
26308,138663,be,791,10
26309,138666,A,791,10
26310,138668,secret,791,10
26311,138676,kept,791,10
26312,138681,from,791,10
26313,138686,all,791,10
26314,138690,the,791,10
26315,138694,rest,791,10
26316,138704,Between,791,10
26317,138712,yourself,791,10
26318,138721,and,791,10
26319,138725,me,791,10
26320,138733,That,792,10
26321,138738,s,792,10
26322,138740,the,792,10
26323,138744,most,792,10
26324,138749,important,792,10
26325,138759,piece,792,10
26326,138765,of,792,10
26327,138768,evidence,792,10
26328,138777,we,792,10
26329,138780,ve,792,10
26330,138783,heard,792,10
26331,138789,yet,792,10
26332,138795,said,792,10
26333,138800,the,792,10
26334,138804,King,792,10
26335,138810,rubbing,792,10
26336,138818,his,792,10
26337,138822,hands,792,10
26338,138830,so,792,10
26339,138833,now,792,10
26340,138837,let,792,10
26341,138841,the,792,10
26342,138845,jury,792,10
26343,138854,If,793,10
26344,138857,any,793,10
26345,138861,one,793,10
26346,138865,of,793,10
26347,138868,them,793,10
26348,138873,can,793,10
26349,138877,explain,793,10
26350,138885,it,793,10
26351,138890,said,793,10
26352,138895,Alice,793,10
26353,138903,she,793,10
26354,138907,had,793,10
26355,138911,grown,793,10
26356,138917,so,793,10
26357,138920,large,793,10
26358,138926,in,793,10
26359,138929,the,793,10
26360,138933,last,793,10
26361,138938,few,793,10
26362,138942,minutes,793,10
26363,138950,that,793,10
26364,138955,she,793,10
26365,138959,wasn,793,10
26366,138964,t,793,10
26367,138966,a,793,10
26368,138968,bit,793,10
26369,138972,afraid,793,10
26370,138979,of,793,10
26371,138982,interrupting,793,10
26372,138995,him,793,10
26373,139002,I,793,10
26374,139004,ll,793,10
26375,139007,give,793,10
26376,139012,him,793,10
26377,139016,sixpence,793,10
26378,139027,I,793,10
26379,139030,don,793,10
26380,139034,t,793,10
26381,139036,believe,793,10
26382,139044,there,793,10
26383,139050,s,793,10
26384,139052,an,793,10
26385,139055,atom,793,10
26386,139060,of,793,10
26387,139063,meaning,793,10
26388,139071,in,793,10
26389,139074,it,793,10
26390,139080,The,794,10
26391,139084,jury,794,10
26392,139089,all,794,10
26393,139093,wrote,794,10
26394,139099,down,794,10
26395,139104,on,794,10
26396,139107,their,794,10
26397,139113,slates,794,10
26398,139123,She,794,10
26399,139128,doesn,794,10
26400,139134,t,794,10
26401,139136,believe,794,10
26402,139144,there,794,10
26403,139150,s,794,10
26404,139152,an,794,10
26405,139155,atom,794,10
26406,139160,of,794,10
26407,139163,meaning,794,10
26408,139171,in,794,10
26409,139174,it,794,10
26410,139179,but,794,10
26411,139183,none,794,10
26412,139188,of,794,10
26413,139191,them,794,10
26414,139196,attempted,794,10
26415,139206,to,794,10
26416,139209,explain,794,10
26417,139217,the,794,10
26418,139221,paper,794,10
26419,139230,If,795,10
26420,139233,there,795,10
26421,139239,s,795,10
26422,139241,no,795,10
26423,139244,meaning,795,10
26424,139252,in,795,10
26425,139255,it,795,10
26426,139260,said,795,10
26427,139265,the,795,10
26428,139269,King,795,10
26429,139276,that,795,10
26430,139281,saves,795,10
26431,139287,a,795,10
26432,139289,world,795,10
26433,139295,of,795,10
26434,139298,trouble,795,10
26435,139307,you,795,10
26436,139311,know,795,10
26437,139317,as,795,10
26438,139320,we,795,10
26439,139323,needn,795,10
26440,139329,t,795,10
26441,139331,try,795,10
26442,139335,to,795,10
26443,139338,find,795,10
26444,139343,any,795,10
26445,139348,And,795,10
26446,139352,yet,795,10
26447,139356,I,795,10
26448,139358,don,795,10
26449,139362,t,795,10
26450,139364,know,795,10
26451,139371,he,795,10
26452,139374,went,795,10
26453,139379,on,795,10
26454,139383,spreading,795,10
26455,139393,out,795,10
26456,139397,the,795,10
26457,139401,verses,795,10
26458,139408,on,795,10
26459,139411,his,795,10
26460,139415,knee,795,10
26461,139421,and,795,10
26462,139425,looking,795,10
26463,139433,at,795,10
26464,139436,them,795,10
26465,139441,with,795,10
26466,139446,one,795,10
26467,139450,eye,795,10
26468,139456,I,795,10
26469,139458,seem,795,10
26470,139463,to,795,10
26471,139466,see,795,10
26472,139470,some,795,10
26473,139475,meaning,795,10
26474,139483,in,795,10
26475,139486,them,795,10
26476,139492,after,795,10
26477,139498,all,795,10
26478,139506,said,795,10
26479,139511,I,795,10
26480,139513,could,795,10
26481,139519,not,795,10
26482,139523,swim,795,10
26483,139531,you,795,10
26484,139535,can,795,10
26485,139539,t,795,10
26486,139541,swim,795,10
26487,139547,can,795,10
26488,139551,you,795,10
26489,139557,he,795,10
26490,139560,added,795,10
26491,139567,turning,795,10
26492,139575,to,795,10
26493,139578,the,795,10
26494,139582,Knave,795,10
26495,139590,The,796,10
26496,139594,Knave,796,10
26497,139600,shook,796,10
26498,139606,his,796,10
26499,139610,head,796,10
26500,139615,sadly,796,10
26501,139623,Do,796,10
26502,139626,I,796,10
26503,139628,look,796,10
26504,139633,like,796,10
26505,139638,it,796,10
26506,139643,he,796,10
26507,139646,said,796,10
26508,139653,Which,796,10
26509,139659,he,796,10
26510,139662,certainly,796,10
26511,139672,did,796,10
26512,139677,not,796,10
26513,139683,being,796,10
26514,139689,made,796,10
26515,139694,entirely,796,10
26516,139703,of,796,10
26517,139706,cardboard,796,10
26518,139720,All,797,10
26519,139724,right,797,10
26520,139731,so,797,10
26521,139734,far,797,10
26522,139740,said,797,10
26523,139745,the,797,10
26524,139749,King,797,10
26525,139755,and,797,10
26526,139759,he,797,10
26527,139762,went,797,10
26528,139767,on,797,10
26529,139770,muttering,797,10
26530,139780,over,797,10
26531,139785,the,797,10
26532,139789,verses,797,10
26533,139796,to,797,10
26534,139799,himself,797,10
26535,139811,We,797,10
26536,139814,know,797,10
26537,139819,it,797,10
26538,139822,to,797,10
26539,139825,be,797,10
26540,139828,true,797,10
26541,139836,that,797,10
26542,139841,s,797,10
26543,139843,the,797,10
26544,139847,jury,797,10
26545,139853,of,797,10
26546,139856,course,797,10
26547,139865,I,797,10
26548,139867,gave,797,10
26549,139872,her,797,10
26550,139876,one,797,10
26551,139881,they,797,10
26552,139886,gave,797,10
26553,139891,him,797,10
26554,139895,two,797,10
26555,139902,why,797,10
26556,139907,that,797,10
26557,139912,must,797,10
26558,139917,be,797,10
26559,139920,what,797,10
26560,139925,he,797,10
26561,139928,did,797,10
26562,139932,with,797,10
26563,139937,the,797,10
26564,139941,tarts,797,10
26565,139948,you,797,10
26566,139952,know,797,10
26567,139961,But,798,10
26568,139966,it,798,10
26569,139969,goes,798,10
26570,139974,on,798,10
26571,139979,they,798,10
26572,139984,all,798,10
26573,139988,returned,798,10
26574,139997,from,798,10
26575,140002,him,798,10
26576,140006,to,798,10
26577,140009,you,798,10
26578,140017,said,798,10
26579,140022,Alice,798,10
26580,140031,Why,799,10
26581,140036,there,799,10
26582,140042,they,799,10
26583,140047,are,799,10
26584,140053,said,799,10
26585,140058,the,799,10
26586,140062,King,799,10
26587,140067,triumphantly,799,10
26588,140081,pointing,799,10
26589,140090,to,799,10
26590,140093,the,799,10
26591,140097,tarts,799,10
26592,140103,on,799,10
26593,140106,the,799,10
26594,140110,table,799,10
26595,140118,Nothing,799,10
26596,140126,can,799,10
26597,140130,be,799,10
26598,140133,clearer,799,10
26599,140141,than,799,10
26600,140147,that,799,10
26601,140154,Then,799,10
26602,140159,again,799,10
26603,140167,before,799,10
26604,140174,she,799,10
26605,140178,had,799,10
26606,140182,this,799,10
26607,140187,fit,799,10
26608,140194,you,799,10
26609,140198,never,799,10
26610,140204,had,799,10
26611,140208,fits,799,10
26612,140214,my,799,10
26613,140217,dear,799,10
26614,140223,I,799,10
26615,140225,think,799,10
26616,140233,he,799,10
26617,140236,said,799,10
26618,140241,to,799,10
26619,140244,the,799,10
26620,140248,Queen,799,10
26621,140257,Never,800,10
26622,140265,said,800,10
26623,140270,the,800,10
26624,140274,Queen,800,10
26625,140280,furiously,800,10
26626,140291,throwing,800,10
26627,140300,an,800,10
26628,140303,inkstand,800,10
26629,140312,at,800,10
26630,140315,the,800,10
26631,140319,Lizard,800,10
26632,140326,as,800,10
26633,140329,she,800,10
26634,140333,spoke,800,10
26635,140341,The,800,10
26636,140345,unfortunate,800,10
26637,140357,little,800,10
26638,140364,Bill,800,10
26639,140369,had,800,10
26640,140373,left,800,10
26641,140378,off,800,10
26642,140382,writing,800,10
26643,140390,on,800,10
26644,140393,his,800,10
26645,140397,slate,800,10
26646,140403,with,800,10
26647,140408,one,800,10
26648,140412,finger,800,10
26649,140420,as,800,10
26650,140423,he,800,10
26651,140426,found,800,10
26652,140432,it,800,10
26653,140435,made,800,10
26654,140440,no,800,10
26655,140443,mark,800,10
26656,140449,but,800,10
26657,140453,he,800,10
26658,140456,now,800,10
26659,140460,hastily,800,10
26660,140468,began,800,10
26661,140474,again,800,10
26662,140481,using,800,10
26663,140487,the,800,10
26664,140491,ink,800,10
26665,140496,that,800,10
26666,140501,was,800,10
26667,140505,trickling,800,10
26668,140515,down,800,10
26669,140520,his,800,10
26670,140524,face,800,10
26671,140530,as,800,10
26672,140533,long,800,10
26673,140538,as,800,10
26674,140541,it,800,10
26675,140544,lasted,800,10
26676,140555,Then,801,10
26677,140560,the,801,10
26678,140564,words,801,10
26679,140570,don,801,10
26680,140574,t,801,10
26681,140577,fit,801,10
26682,140582,you,801,10
26683,140588,said,801,10
26684,140593,the,801,10
26685,140597,King,801,10
26686,140603,looking,801,10
26687,140611,round,801,10
26688,140617,the,801,10
26689,140621,court,801,10
26690,140627,with,801,10
26691,140632,a,801,10
26692,140634,smile,801,10
26693,140641,There,801,10
26694,140647,was,801,10
26695,140651,a,801,10
26696,140653,dead,801,10
26697,140658,silence,801,10
26698,140669,It,802,10
26699,140672,s,802,10
26700,140674,a,802,10
26701,140676,pun,802,10
26702,140682,the,802,10
26703,140686,King,802,10
26704,140691,added,802,10
26705,140697,in,802,10
26706,140700,an,802,10
26707,140703,offended,802,10
26708,140712,tone,802,10
26709,140718,and,802,10
26710,140722,everybody,802,10
26711,140732,laughed,802,10
26712,140742,Let,802,10
26713,140746,the,802,10
26714,140750,jury,802,10
26715,140755,consider,802,10
26716,140764,their,802,10
26717,140770,verdict,802,10
26718,140780,the,802,10
26719,140784,King,802,10
26720,140789,said,802,10
26721,140795,for,802,10
26722,140799,about,802,10
26723,140805,the,802,10
26724,140809,twentieth,802,10
26725,140819,time,802,10
26726,140824,that,802,10
26727,140829,day,802,10
26728,140836,No,803,10
26729,140840,no,803,10
26730,140845,said,803,10
26731,140850,the,803,10
26732,140854,Queen,803,10
26733,140862,Sentence,803,10
26734,140871,first,803,10
26735,140877,verdict,803,10
26736,140885,afterwards,803,10
26737,140900,Stuff,804,10
26738,140906,and,804,10
26739,140910,nonsense,804,10
26740,140921,said,804,10
26741,140926,Alice,804,10
26742,140932,loudly,804,10
26743,140941,The,804,10
26744,140945,idea,804,10
26745,140950,of,804,10
26746,140953,having,804,10
26747,140960,the,804,10
26748,140964,sentence,804,10
26749,140973,first,804,10
26750,140983,Hold,805,10
26751,140988,your,805,10
26752,140993,tongue,805,10
26753,141002,said,805,10
26754,141007,the,805,10
26755,141011,Queen,805,10
26756,141018,turning,805,10
26757,141026,purple,805,10
26758,141036,I,806,10
26759,141038,won,806,10
26760,141042,t,806,10
26761,141046,said,806,10
26762,141051,Alice,806,10
26763,141060,Off,807,10
26764,141064,with,807,10
26765,141069,her,807,10
26766,141073,head,807,10
26767,141080,the,807,10
26768,141084,Queen,807,10
26769,141090,shouted,807,10
26770,141098,at,807,10
26771,141101,the,807,10
26772,141105,top,807,10
26773,141109,of,807,10
26774,141112,her,807,10
26775,141116,voice,807,10
26776,141123,Nobody,807,10
26777,141130,moved,807,10
26778,141139,Who,808,10
26779,141143,cares,808,10
26780,141149,for,808,10
26781,141153,you,808,10
26782,141159,said,808,10
26783,141164,Alice,808,10
26784,141172,she,808,10
26785,141176,had,808,10
26786,141180,grown,808,10
26787,141186,to,808,10
26788,141189,her,808,10
26789,141193,full,808,10
26790,141198,size,808,10
26791,141203,by,808,10
26792,141206,this,808,10
26793,141211,time,808,10
26794,141219,You,808,10
26795,141223,re,808,10
26796,141226,nothing,808,10
26797,141234,but,808,10
26798,141238,a,808,10
26799,141240,pack,808,10
26800,141245,of,808,10
26801,141248,cards,808,10
26802,141257,At,809,10
26803,141260,this,809,10
26804,141265,the,809,10
26805,141269,whole,809,10
26806,141275,pack,809,10
26807,141280,rose,809,10
26808,141285,up,809,10
26809,141288,into,809,10
26810,141293,the,809,10
26811,141297,air,809,10
26812,141302,and,809,10
26813,141306,came,809,10
26814,141311,flying,809,10
26815,141318,down,809,10
26816,141323,upon,809,10
26817,141328,her,809,10
26818,141333,she,809,10
26819,141337,gave,809,10
26820,141342,a,809,10
26821,141344,little,809,10
26822,141351,scream,809,10
26823,141359,half,809,10
26824,141364,of,809,10
26825,141367,fright,809,10
26826,141374,and,809,10
26827,141378,half,809,10
26828,141383,of,809,10
26829,141386,anger,809,10
26830,141393,and,809,10
26831,141397,tried,809,10
26832,141403,to,809,10
26833,141406,beat,809,10
26834,141411,them,809,10
26835,141416,off,809,10
26836,141421,and,809,10
26837,141425,found,809,10
26838,141431,herself,809,10
26839,141439,lying,809,10
26840,141445,on,809,10
26841,141448,the,809,10
26842,141452,bank,809,10
26843,141458,with,809,10
26844,141463,her,809,10
26845,141467,head,809,10
26846,141472,in,809,10
26847,141475,the,809,10
26848,141479,lap,809,10
26849,141483,of,809,10
26850,141486,her,809,10
26851,141490,sister,809,10
26852,141498,who,809,10
26853,141502,was,809,10
26854,141506,gently,809,10
26855,141513,brushing,809,10
26856,141522,away,809,10
26857,141527,some,809,10
26858,141532,dead,809,10
26859,141537,leaves,809,10
26860,141544,that,809,10
26861,141549,had,809,10
26862,141553,fluttered,809,10
26863,141563,down,809,10
26864,141568,from,809,10
26865,141573,the,809,10
26866,141577,trees,809,10
26867,141583,upon,809,10
26868,141588,her,809,10
26869,141592,face,809,10
26870,141600,Wake,810,10
26871,141605,up,810,10
26872,141609,Alice,810,10
26873,141615,dear,810,10
26874,141622,said,810,10
26875,141627,her,810,10
26876,141631,sister,810,10
26877,141640,Why,810,10
26878,141645,what,810,10
26879,141650,a,810,10
26880,141652,long,810,10
26881,141657,sleep,810,10
26882,141663,you,810,10
26883,141667,ve,810,10
26884,141670,had,810,10
26885,141678,Oh,811,10
26886,141682,I,811,10
26887,141684,ve,811,10
26888,141687,had,811,10
26889,141691,such,811,10
26890,141696,a,811,10
26891,141698,curious,811,10
26892,141706,dream,811,10
26893,141714,said,811,10
26894,141719,Alice,811,10
26895,141726,and,811,10
26896,141730,she,811,10
26897,141734,told,811,10
26898,141739,her,811,10
26899,141743,sister,811,10
26900,141751,as,811,10
26901,141754,well,811,10
26902,141759,as,811,10
26903,141762,she,811,10
26904,141766,could,811,10
26905,141772,remember,811,10
26906,141781,them,811,10
26907,141787,all,811,10
26908,141791,these,811,10
26909,141797,strange,811,10
26910,141805,Adventures,811,10
26911,141816,of,811,10
26912,141819,hers,811,10
26913,141824,that,811,10
26914,141829,you,811,10
26915,141833,have,811,10
26916,141838,just,811,10
26917,141843,been,811,10
26918,141848,reading,811,10
26919,141856,about,811,10
26920,141863,and,811,10
26921,141867,when,811,10
26922,141872,she,811,10
26923,141876,had,811,10
26924,141880,finished,811,10
26925,141890,her,811,10
26926,141894,sister,811,10
26927,141901,kissed,811,10
26928,141908,her,811,10
26929,141913,and,811,10
26930,141917,said,811,10
26931,141924,It,811,10
26932,141928,was,811,10
26933,141933,a,811,10
26934,141935,curious,811,10
26935,141943,dream,811,10
26936,141950,dear,811,10
26937,141956,certainly,811,10
26938,141967,but,811,10
26939,141971,now,811,10
26940,141975,run,811,10
26941,141979,in,811,10
26942,141982,to,811,10
26943,141985,your,811,10
26944,141990,tea,811,10
26945,141995,it,811,10
26946,141998,s,811,10
26947,142000,getting,811,10
26948,142008,late,811,10
26949,142015,So,811,10
26950,142018,Alice,811,10
26951,142024,got,811,10
26952,142028,up,811,10
26953,142031,and,811,10
26954,142035,ran,811,10
26955,142039,off,811,10
26956,142044,thinking,811,10
26957,142053,while,811,10
26958,142059,she,811,10
26959,142063,ran,811,10
26960,142068,as,811,10
26961,142071,well,811,10
26962,142076,she,811,10
26963,142080,might,811,10
26964,142087,what,811,10
26965,142092,a,811,10
26966,142094,wonderful,811,10
26967,142104,dream,811,10
26968,142110,it,811,10
26969,142113,had,811,10
26970,142117,been,811,10
26971,142125,But,812,10
26972,142129,her,812,10
26973,142133,sister,812,10
26974,142140,sat,812,10
26975,142144,still,812,10
26976,142150,just,812,10
26977,142155,as,812,10
26978,142158,she,812,10
26979,142162,left,812,10
26980,142167,her,812,10
26981,142172,leaning,812,10
26982,142180,her,812,10
26983,142184,head,812,10
26984,142189,on,812,10
26985,142192,her,812,10
26986,142196,hand,812,10
26987,142202,watching,812,10
26988,142211,the,812,10
26989,142215,setting,812,10
26990,142223,sun,812,10
26991,142228,and,812,10
26992,142232,thinking,812,10
26993,142241,of,812,10
26994,142244,little,812,10
26995,142251,Alice,812,10
26996,142257,and,812,10
26997,142261,all,812,10
26998,142265,her,812,10
26999,142269,wonderful,812,10
27000,142279,Adventures,812,10
27001,142291,till,812,10
27002,142296,she,812,10
27003,142300,too,812,10
27004,142304,began,812,10
27005,142310,dreaming,812,10
27006,142319,after,812,10
27007,142325,a,812,10
27008,142327,fashion,812,10
27009,142336,and,812,10
27010,142340,this,812,10
27011,142345,was,812,10
27012,142349,her,812,10
27013,142353,dream,812,10
27014,142362,First,813,10
27015,142369,she,813,10
27016,142373,dreamed,813,10
27017,142381,of,813,10
27018,142384,little,813,10
27019,142391,Alice,813,10
27020,142397,herself,813,10
27021,142406,and,813,10
27022,142410,once,813,10
27023,142415,again,813,10
27024,142421,the,813,10
27025,142425,tiny,813,10
27026,142430,hands,813,10
27027,142436,were,813,10
27028,142441,clasped,813,10
27029,142449,upon,813,10
27030,142454,her,813,10
27031,142458,knee,813,10
27032,142464,and,813,10
27033,142468,the,813,10
27034,142472,bright,813,10
27035,142479,eager,813,10
27036,142485,eyes,813,10
27037,142490,were,813,10
27038,142495,looking,813,10
27039,142503,up,813,10
27040,142506,into,813,10
27041,142511,hers,813,10
27042,142516,she,813,10
27043,142520,could,813,10
27044,142526,hear,813,10
27045,142531,the,813,10
27046,142535,very,813,10
27047,142540,tones,813,10
27048,142546,of,813,10
27049,142549,her,813,10
27050,142553,voice,813,10
27051,142560,and,813,10
27052,142564,see,813,10
27053,142568,that,813,10
27054,142573,queer,813,10
27055,142579,little,813,10
27056,142586,toss,813,10
27057,142591,of,813,10
27058,142594,her,813,10
27059,142598,head,813,10
27060,142603,to,813,10
27061,142606,keep,813,10
27062,142611,back,813,10
27063,142616,the,813,10
27064,142620,wandering,813,10
27065,142630,hair,813,10
27066,142635,that,813,10
27067,142641,would,813,10
27068,142648,always,813,10
27069,142655,get,813,10
27070,142659,into,813,10
27071,142664,her,813,10
27072,142668,eyes,813,10
27073,142673,and,813,10
27074,142677,still,813,10
27075,142683,as,813,10
27076,142686,she,813,10
27077,142690,listened,813,10
27078,142700,or,813,10
27079,142703,seemed,813,10
27080,142710,to,813,10
27081,142713,listen,813,10
27082,142721,the,813,10
27083,142725,whole,813,10
27084,142731,place,813,10
27085,142737,around,813,10
27086,142744,her,813,10
27087,142748,became,813,10
27088,142755,alive,813,10
27089,142761,with,813,10
27090,142766,the,813,10
27091,142770,strange,813,10
27092,142778,creatures,813,10
27093,142788,of,813,10
27094,142791,her,813,10
27095,142795,little,813,10
27096,142802,sister,813,10
27097,142809,s,813,10
27098,142811,dream,813,10
27099,142819,The,814,10
27100,142823,long,814,10
27101,142828,grass,814,10
27102,142834,rustled,814,10
27103,142842,at,814,10
27104,142845,her,814,10
27105,142849,feet,814,10
27106,142854,as,814,10
27107,142857,the,814,10
27108,142861,White,814,10
27109,142867,Rabbit,814,10
27110,142874,hurried,814,10
27111,142882,by,814,10
27112,142885,the,814,10
27113,142889,frightened,814,10
27114,142900,Mouse,814,10
27115,142906,splashed,814,10
27116,142915,his,814,10
27117,142919,way,814,10
27118,142923,through,814,10
27119,142931,the,814,10
27120,142935,neighbouring,814,10
27121,142948,pool,814,10
27122,142953,she,814,10
27123,142957,could,814,10
27124,142963,hear,814,10
27125,142968,the,814,10
27126,142972,rattle,814,10
27127,142979,of,814,10
27128,142982,the,814,10
27129,142986,teacups,814,10
27130,142994,as,814,10
27131,142997,the,814,10
27132,143001,March,814,10
27133,143007,Hare,814,10
27134,143012,and,814,10
27135,143016,his,814,10
27136,143020,friends,814,10
27137,143028,shared,814,10
27138,143035,their,814,10
27139,143041,never,814,10
27140,143047,ending,814,10
27141,143054,meal,814,10
27142,143060,and,814,10
27143,143064,the,814,10
27144,143068,shrill,814,10
27145,143075,voice,814,10
27146,143081,of,814,10
27147,143084,the,814,10
27148,143088,Queen,814,10
27149,143094,ordering,814,10
27150,143103,off,814,10
27151,143107,her,814,10
27152,143111,unfortunate,814,10
27153,143123,guests,814,10
27154,143130,to,814,10
27155,143133,execution,814,10
27156,143143,once,814,10
27157,143148,more,814,10
27158,143153,the,814,10
27159,143157,pig,814,10
27160,143161,baby,814,10
27161,143166,was,814,10
27162,143170,sneezing,814,10
27163,143179,on,814,10
27164,143182,the,814,10
27165,143186,Duchess,814,10
27166,143194,s,814,10
27167,143196,knee,814,10
27168,143202,while,814,10
27169,143208,plates,814,10
27170,143215,and,814,10
27171,143219,dishes,814,10
27172,143226,crashed,814,10
27173,143234,around,814,10
27174,143241,it,814,10
27175,143244,once,814,10
27176,143249,more,814,10
27177,143254,the,814,10
27178,143258,shriek,814,10
27179,143265,of,814,10
27180,143268,the,814,10
27181,143272,Gryphon,814,10
27182,143281,the,814,10
27183,143285,squeaking,814,10
27184,143295,of,814,10
27185,143298,the,814,10
27186,143302,Lizard,814,10
27187,143309,s,814,10
27188,143311,slate,814,10
27189,143317,pencil,814,10
27190,143325,and,814,10
27191,143329,the,814,10
27192,143333,choking,814,10
27193,143341,of,814,10
27194,143344,the,814,10
27195,143348,suppressed,814,10
27196,143359,guinea,814,10
27197,143366,pigs,814,10
27198,143372,filled,814,10
27199,143379,the,814,10
27200,143383,air,814,10
27201,143388,mixed,814,10
27202,143394,up,814,10
27203,143397,with,814,10
27204,143402,the,814,10
27205,143406,distant,814,10
27206,143414,sobs,814,10
27207,143419,of,814,10
27208,143422,the,814,10
27209,143426,miserable,814,10
27210,143436,Mock,814,10
27211,143441,Turtle,814,10
27212,143450,So,815,10
27213,143453,she,815,10
27214,143457,sat,815,10
27215,143461,on,815,10
27216,143465,with,815,10
27217,143470,closed,815,10
27218,143477,eyes,815,10
27219,143483,and,815,10
27220,143487,half,815,10
27221,143492,believed,815,10
27222,143501,herself,815,10
27223,143509,in,815,10
27224,143512,Wonderland,815,10
27225,143524,though,815,10
27226,143531,she,815,10
27227,143535,knew,815,10
27228,143540,she,815,10
27229,143544,had,815,10
27230,143548,but,815,10
27231,143552,to,815,10
27232,143555,open,815,10
27233,143560,them,815,10
27234,143565,again,815,10
27235,143572,and,815,10
27236,143576,all,815,10
27237,143580,would,815,10
27238,143586,change,815,10
27239,143593,to,815,10
27240,143596,dull,815,10
27241,143601,reality,815,10
27242,143609,the,815,10
27243,143613,grass,815,10
27244,143619,would,815,10
27245,143625,be,815,10
27246,143628,only,815,10
27247,143633,rustling,815,10
27248,143642,in,815,10
27249,143645,the,815,10
27250,143649,wind,815,10
27251,143655,and,815,10
27252,143659,the,815,10
27253,143663,pool,815,10
27254,143668,rippling,815,10
27255,143677,to,815,10
27256,143680,the,815,10
27257,143684,waving,815,10
27258,143691,of,815,10
27259,143694,the,815,10
27260,143698,reeds,815,10
27261,143704,the,815,10
27262,143708,rattling,815,10
27263,143717,teacups,815,10
27264,143725,would,815,10
27265,143731,change,815,10
27266,143738,to,815,10
27267,143741,tinkling,815,10
27268,143750,sheep,815,10
27269,143756,bells,815,10
27270,143763,and,815,10
27271,143767,the,815,10
27272,143771,Queen,815,10
27273,143777,s,815,10
27274,143779,shrill,815,10
27275,143786,cries,815,10
27276,143792,to,815,10
27277,143795,the,815,10
27278,143799,voice,815,10
27279,143805,of,815,10
27280,143808,the,815,10
27281,143812,shepherd,815,10
27282,143821,boy,815,10
27283,143825,and,815,10
27284,143829,the,815,10
27285,143833,sneeze,815,10
27286,143840,of,815,10
27287,143843,the,815,10
27288,143847,baby,815,10
27289,143853,the,815,10
27290,143857,shriek,815,10
27291,143864,of,815,10
27292,143867,the,815,10
27293,143871,Gryphon,815,10
27294,143880,and,815,10
27295,143884,all,815,10
27296,143888,the,815,10
27297,143892,other,815,10
27298,143898,queer,815,10
27299,143904,noises,815,10
27300,143912,would,815,10
27301,143918,change,815,10
27302,143926,she,815,10
27303,143930,knew,815,10
27304,143936,to,815,10
27305,143939,the,815,10
27306,143943,confused,815,10
27307,143952,clamour,815,10
27308,143960,of,815,10
27309,143963,the,815,10
27310,143967,busy,815,10
27311,143972,farm,815,10
27312,143977,yard,815,10
27313,143982,while,815,10
27314,143988,the,815,10
27315,143992,lowing,815,10
27316,143999,of,815,10
27317,144002,the,815,10
27318,144006,cattle,815,10
27319,144013,in,815,10
27320,144016,the,815,10
27321,144020,distance,815,10
27322,144029,would,815,10
27323,144035,take,815,10
27324,144040,the,815,10
27325,144044,place,815,10
27326,144050,of,815,10
27327,144053,the,815,10
27328,144057,Mock,815,10
27329,144062,Turtle,815,10
27330,144069,s,815,10
27331,144071,heavy,815,10
27332,144077,sobs,815,10
27333,144084,Lastly,816,10
27334,144092,she,816,10
27335,144096,pictured,816,10
27336,144105,to,816,10
27337,144108,herself,816,10
27338,144116,how,816,10
27339,144120,this,816,10
27340,144125,same,816,10
27341,144130,little,816,10
27342,144137,sister,816,10
27343,144144,of,816,10
27344,144147,hers,816,10
27345,144152,would,816,10
27346,144159,in,816,10
27347,144162,the,816,10
27348,144166,after,816,10
27349,144172,time,816,10
27350,144178,be,816,10
27351,144181,herself,816,10
27352,144189,a,816,10
27353,144191,grown,816,10
27354,144197,woman,816,10
27355,144204,and,816,10
27356,144208,how,816,10
27357,144212,she,816,10
27358,144216,would,816,10
27359,144222,keep,816,10
27360,144228,through,816,10
27361,144236,all,816,10
27362,144240,her,816,10
27363,144244,riper,816,10
27364,144250,years,816,10
27365,144257,the,816,10
27366,144261,simple,816,10
27367,144268,and,816,10
27368,144272,loving,816,10
27369,144279,heart,816,10
27370,144285,of,816,10
27371,144288,her,816,10
27372,144292,childhood,816,10
27373,144303,and,816,10
27374,144307,how,816,10
27375,144311,she,816,10
27376,144315,would,816,10
27377,144321,gather,816,10
27378,144328,about,816,10
27379,144334,her,816,10
27380,144338,other,816,10
27381,144344,little,816,10
27382,144351,children,816,10
27383,144361,and,816,10
27384,144365,make,816,10
27385,144371,their,816,10
27386,144378,eyes,816,10
27387,144383,bright,816,10
27388,144390,and,816,10
27389,144394,eager,816,10
27390,144400,with,816,10
27391,144405,many,816,10
27392,144410,a,816,10
27393,144412,strange,816,10
27394,144420,tale,816,10
27395,144426,perhaps,816,10
27396,144434,even,816,10
27397,144439,with,816,10
27398,144444,the,816,10
27399,144448,dream,816,10
27400,144454,of,816,10
27401,144457,Wonderland,816,10
27402,144468,of,816,10
27403,144471,long,816,10
27404,144476,ago,816,10
27405,144481,and,816,10
27406,144485,how,816,10
27407,144489,she,816,10
27408,144493,would,816,10
27409,144499,feel,816,10
27410,144504,with,816,10
27411,144509,all,816,10
27412,144513,their,816,10
27413,144519,simple,816,10
27414,144526,sorrows,816,10
27415,144535,and,816,10
27416,144539,find,816,10
27417,144544,a,816,10
27418,144546,pleasure,816,10
27419,144555,in,816,10
27420,144558,all,816,10
27421,144562,their,816,10
27422,144568,simple,816,10
27423,144575,joys,816,10
27424,144581,remembering,816,10
27425,144593,her,816,10
27426,144597,own,816,10
27427,144601,child,816,10
27428,144607,life,816,10
27429,144613,and,816,10
27430,144617,the,816,10
27431,144621,happy,816,10
27432,144627,summer,816,10
27433,144634,days,816,10
27434,144641,THE,817,10
27435,144645,END,817,10
27436,144654,END,818,10
27437,144658,OF,818,10
27438,144661,THE,818,10
27439,144665,PROJECT,818,10
27440,144673,GUTENBERG,818,10
27441,144683,EBOOK,818,10
27442,144689,11,818,10
